[{"path":"src/main/java/Deadline.java","fileType":"java","lines":[{"lineNumber":1,"author":{"gitId":"CheahHaoYi"},"content":"public class Deadline extends Task {","lastModifiedDate":"2022-09-01"},{"lineNumber":2,"author":{"gitId":"CheahHaoYi"},"content":"","lastModifiedDate":"2022-09-01"},{"lineNumber":3,"author":{"gitId":"CheahHaoYi"},"content":"    protected String by;","lastModifiedDate":"2022-09-01"},{"lineNumber":4,"author":{"gitId":"CheahHaoYi"},"content":"","lastModifiedDate":"2022-09-01"},{"lineNumber":5,"author":{"gitId":"CheahHaoYi"},"content":"    public Deadline(String description, String by) {","lastModifiedDate":"2022-09-01"},{"lineNumber":6,"author":{"gitId":"CheahHaoYi"},"content":"        super(description);","lastModifiedDate":"2022-09-01"},{"lineNumber":7,"author":{"gitId":"CheahHaoYi"},"content":"        this.by \u003d by;","lastModifiedDate":"2022-09-01"},{"lineNumber":8,"author":{"gitId":"CheahHaoYi"},"content":"    }","lastModifiedDate":"2022-09-01"},{"lineNumber":9,"author":{"gitId":"CheahHaoYi"},"content":"","lastModifiedDate":"2022-09-01"},{"lineNumber":10,"author":{"gitId":"CheahHaoYi"},"content":"    @Override","lastModifiedDate":"2022-09-01"},{"lineNumber":11,"author":{"gitId":"CheahHaoYi"},"content":"    public String toString() {","lastModifiedDate":"2022-09-01"},{"lineNumber":12,"author":{"gitId":"CheahHaoYi"},"content":"        return \"[D]\" + super.toString() + \" (by: \" + by + \")\";","lastModifiedDate":"2022-09-01"},{"lineNumber":13,"author":{"gitId":"CheahHaoYi"},"content":"    }","lastModifiedDate":"2022-09-01"},{"lineNumber":14,"author":{"gitId":"CheahHaoYi"},"content":"}","lastModifiedDate":"2022-09-01"}],"authorContributionMap":{"CheahHaoYi":14}},{"path":"src/main/java/Duke.java","fileType":"java","lines":[{"lineNumber":1,"author":{"gitId":"CheahHaoYi"},"content":"import java.util.Scanner;","lastModifiedDate":"2022-08-26"},{"lineNumber":2,"author":{"gitId":"-"},"content":"public class Duke {","lastModifiedDate":"2019-07-29"},{"lineNumber":3,"author":{"gitId":"CheahHaoYi"},"content":"    private static int NUM_TASK \u003d 100;","lastModifiedDate":"2022-09-04"},{"lineNumber":4,"author":{"gitId":"CheahHaoYi"},"content":"    public static Task[] tasks \u003d new Task[NUM_TASK];","lastModifiedDate":"2022-09-04"},{"lineNumber":5,"author":{"gitId":"CheahHaoYi"},"content":"    public static int taskCount \u003d 0;","lastModifiedDate":"2022-09-04"},{"lineNumber":6,"author":{"gitId":"CheahHaoYi"},"content":"","lastModifiedDate":"2022-08-27"},{"lineNumber":7,"author":{"gitId":"CheahHaoYi"},"content":"    public static void listTasks() {","lastModifiedDate":"2022-08-26"},{"lineNumber":8,"author":{"gitId":"CheahHaoYi"},"content":"        System.out.println(\"Beep beep, listing out the tasks....Loading.....\");","lastModifiedDate":"2022-09-01"},{"lineNumber":9,"author":{"gitId":"CheahHaoYi"},"content":"        for(int i \u003d 0; i \u003c taskCount; i++){","lastModifiedDate":"2022-09-04"},{"lineNumber":10,"author":{"gitId":"CheahHaoYi"},"content":"            System.out.println((i + 1) + \".\" + tasks[i].toString());","lastModifiedDate":"2022-09-01"},{"lineNumber":11,"author":{"gitId":"CheahHaoYi"},"content":"        }","lastModifiedDate":"2022-08-26"},{"lineNumber":12,"author":{"gitId":"CheahHaoYi"},"content":"    }","lastModifiedDate":"2022-08-26"},{"lineNumber":13,"author":{"gitId":"CheahHaoYi"},"content":"","lastModifiedDate":"2022-08-26"},{"lineNumber":14,"author":{"gitId":"CheahHaoYi"},"content":"    public static void addTask(String newTask) {","lastModifiedDate":"2022-08-26"},{"lineNumber":15,"author":{"gitId":"CheahHaoYi"},"content":"        tasks[taskCount] \u003d new Task(newTask);","lastModifiedDate":"2022-09-04"},{"lineNumber":16,"author":{"gitId":"CheahHaoYi"},"content":"        System.out.println(\"added: \" + newTask);","lastModifiedDate":"2022-08-26"},{"lineNumber":17,"author":{"gitId":"CheahHaoYi"},"content":"        taskCount +\u003d 1;","lastModifiedDate":"2022-09-04"},{"lineNumber":18,"author":{"gitId":"CheahHaoYi"},"content":"        System.out.println(\"Beep boop, now you have \" + taskCount + \" tasks\");","lastModifiedDate":"2022-09-04"},{"lineNumber":19,"author":{"gitId":"CheahHaoYi"},"content":"","lastModifiedDate":"2022-09-01"},{"lineNumber":20,"author":{"gitId":"CheahHaoYi"},"content":"    }","lastModifiedDate":"2022-09-01"},{"lineNumber":21,"author":{"gitId":"CheahHaoYi"},"content":"","lastModifiedDate":"2022-09-01"},{"lineNumber":22,"author":{"gitId":"CheahHaoYi"},"content":"    public static void addTodo(String newToDo) {","lastModifiedDate":"2022-09-01"},{"lineNumber":23,"author":{"gitId":"CheahHaoYi"},"content":"        tasks[taskCount] \u003d new Todo(newToDo);","lastModifiedDate":"2022-09-04"},{"lineNumber":24,"author":{"gitId":"CheahHaoYi"},"content":"        System.out.println(\"HELLO BEEP, added a new ToDo: \");","lastModifiedDate":"2022-09-01"},{"lineNumber":25,"author":{"gitId":"CheahHaoYi"},"content":"        System.out.println(\"\\t\" + tasks[taskCount].toString());","lastModifiedDate":"2022-09-04"},{"lineNumber":26,"author":{"gitId":"CheahHaoYi"},"content":"        taskCount +\u003d 1;","lastModifiedDate":"2022-09-04"},{"lineNumber":27,"author":{"gitId":"CheahHaoYi"},"content":"        System.out.println(\"Beep boop, now you have \" + taskCount + \" tasks\");","lastModifiedDate":"2022-09-04"},{"lineNumber":28,"author":{"gitId":"CheahHaoYi"},"content":"    }","lastModifiedDate":"2022-09-01"},{"lineNumber":29,"author":{"gitId":"CheahHaoYi"},"content":"","lastModifiedDate":"2022-09-01"},{"lineNumber":30,"author":{"gitId":"CheahHaoYi"},"content":"    public static void addDeadline(String param) {","lastModifiedDate":"2022-09-01"},{"lineNumber":31,"author":{"gitId":"CheahHaoYi"},"content":"        final int COMMAND_LEN \u003d 4;","lastModifiedDate":"2022-09-04"},{"lineNumber":32,"author":{"gitId":"CheahHaoYi"},"content":"        int deadlineIndex \u003d param.indexOf(\"/by\");","lastModifiedDate":"2022-09-01"},{"lineNumber":33,"author":{"gitId":"CheahHaoYi"},"content":"        String description \u003d param.substring(0, deadlineIndex);","lastModifiedDate":"2022-09-01"},{"lineNumber":34,"author":{"gitId":"CheahHaoYi"},"content":"        String deadlineBy \u003d param.substring(deadlineIndex + COMMAND_LEN);","lastModifiedDate":"2022-09-04"},{"lineNumber":35,"author":{"gitId":"CheahHaoYi"},"content":"        ","lastModifiedDate":"2022-09-04"},{"lineNumber":36,"author":{"gitId":"CheahHaoYi"},"content":"        tasks[taskCount] \u003d new Deadline(description, deadlineBy);","lastModifiedDate":"2022-09-04"},{"lineNumber":37,"author":{"gitId":"CheahHaoYi"},"content":"        System.out.println(\"OH NO BEEP BEEP, a new Deadline: \" + description);","lastModifiedDate":"2022-09-01"},{"lineNumber":38,"author":{"gitId":"CheahHaoYi"},"content":"        System.out.println(\"\\t\" + tasks[taskCount].toString());","lastModifiedDate":"2022-09-04"},{"lineNumber":39,"author":{"gitId":"CheahHaoYi"},"content":"        taskCount +\u003d 1;","lastModifiedDate":"2022-09-04"},{"lineNumber":40,"author":{"gitId":"CheahHaoYi"},"content":"        System.out.println(\"Beep boop, now you have \" + taskCount + \" tasks\");","lastModifiedDate":"2022-09-04"},{"lineNumber":41,"author":{"gitId":"CheahHaoYi"},"content":"    }","lastModifiedDate":"2022-09-01"},{"lineNumber":42,"author":{"gitId":"CheahHaoYi"},"content":"","lastModifiedDate":"2022-09-01"},{"lineNumber":43,"author":{"gitId":"CheahHaoYi"},"content":"    public static void addEvent(String param) {","lastModifiedDate":"2022-09-01"},{"lineNumber":44,"author":{"gitId":"CheahHaoYi"},"content":"        final int COMMAND_LEN \u003d 4;","lastModifiedDate":"2022-09-04"},{"lineNumber":45,"author":{"gitId":"CheahHaoYi"},"content":"        int deadlineIndex \u003d param.indexOf(\"/at\");","lastModifiedDate":"2022-09-01"},{"lineNumber":46,"author":{"gitId":"CheahHaoYi"},"content":"        String description \u003d param.substring(0, deadlineIndex);","lastModifiedDate":"2022-09-01"},{"lineNumber":47,"author":{"gitId":"CheahHaoYi"},"content":"        String deadlineBy \u003d param.substring(deadlineIndex + COMMAND_LEN);","lastModifiedDate":"2022-09-04"},{"lineNumber":48,"author":{"gitId":"CheahHaoYi"},"content":"","lastModifiedDate":"2022-09-04"},{"lineNumber":49,"author":{"gitId":"CheahHaoYi"},"content":"        tasks[taskCount] \u003d new Event(description, deadlineBy);","lastModifiedDate":"2022-09-04"},{"lineNumber":50,"author":{"gitId":"CheahHaoYi"},"content":"        System.out.println(\"OH NO BEEP BEEP, a new Event: \");","lastModifiedDate":"2022-09-01"},{"lineNumber":51,"author":{"gitId":"CheahHaoYi"},"content":"        System.out.println(\"\\t\" + tasks[taskCount].toString());","lastModifiedDate":"2022-09-04"},{"lineNumber":52,"author":{"gitId":"CheahHaoYi"},"content":"        taskCount +\u003d 1;","lastModifiedDate":"2022-09-04"},{"lineNumber":53,"author":{"gitId":"CheahHaoYi"},"content":"        System.out.println(\"Beep boop, now you have \" + taskCount + \" tasks\");","lastModifiedDate":"2022-09-04"},{"lineNumber":54,"author":{"gitId":"CheahHaoYi"},"content":"    }","lastModifiedDate":"2022-08-26"},{"lineNumber":55,"author":{"gitId":"CheahHaoYi"},"content":"","lastModifiedDate":"2022-08-26"},{"lineNumber":56,"author":{"gitId":"CheahHaoYi"},"content":"    public static void setTask(int whichTask, boolean isDone) {","lastModifiedDate":"2022-09-04"},{"lineNumber":57,"author":{"gitId":"CheahHaoYi"},"content":"        final String MESSAGE_DONE \u003d \"Nice! I\u0027ve marked this task as done:\";","lastModifiedDate":"2022-08-27"},{"lineNumber":58,"author":{"gitId":"CheahHaoYi"},"content":"        final String MESSAGE_NOT_DONE \u003d \"OK, I\u0027ve marked this task as not done yet:\";","lastModifiedDate":"2022-08-27"},{"lineNumber":59,"author":{"gitId":"CheahHaoYi"},"content":"        final String ERROR_OUT_OF_BOUND \u003d \"Sorry, the task does not seem to exist :\u003c\";","lastModifiedDate":"2022-09-01"},{"lineNumber":60,"author":{"gitId":"CheahHaoYi"},"content":"        tasks[whichTask].setStatus(isDone);","lastModifiedDate":"2022-09-04"},{"lineNumber":61,"author":{"gitId":"CheahHaoYi"},"content":"","lastModifiedDate":"2022-08-26"},{"lineNumber":62,"author":{"gitId":"CheahHaoYi"},"content":"        if (whichTask \u003e taskCount) {","lastModifiedDate":"2022-09-04"},{"lineNumber":63,"author":{"gitId":"CheahHaoYi"},"content":"            System.out.println(ERROR_OUT_OF_BOUND);","lastModifiedDate":"2022-09-01"},{"lineNumber":64,"author":{"gitId":"CheahHaoYi"},"content":"        }","lastModifiedDate":"2022-09-01"},{"lineNumber":65,"author":{"gitId":"CheahHaoYi"},"content":"","lastModifiedDate":"2022-09-01"},{"lineNumber":66,"author":{"gitId":"CheahHaoYi"},"content":"        if (isDone) {","lastModifiedDate":"2022-09-04"},{"lineNumber":67,"author":{"gitId":"CheahHaoYi"},"content":"            System.out.println(MESSAGE_DONE);","lastModifiedDate":"2022-08-27"},{"lineNumber":68,"author":{"gitId":"CheahHaoYi"},"content":"            System.out.println(\"\\t\" + tasks[whichTask].toString());","lastModifiedDate":"2022-09-01"},{"lineNumber":69,"author":{"gitId":"CheahHaoYi"},"content":"        } else {","lastModifiedDate":"2022-08-26"},{"lineNumber":70,"author":{"gitId":"CheahHaoYi"},"content":"            System.out.println(MESSAGE_NOT_DONE);","lastModifiedDate":"2022-08-27"},{"lineNumber":71,"author":{"gitId":"CheahHaoYi"},"content":"            System.out.println(\"\\t\" + tasks[whichTask].toString());","lastModifiedDate":"2022-09-01"},{"lineNumber":72,"author":{"gitId":"CheahHaoYi"},"content":"        }","lastModifiedDate":"2022-08-26"},{"lineNumber":73,"author":{"gitId":"CheahHaoYi"},"content":"    }","lastModifiedDate":"2022-08-26"},{"lineNumber":74,"author":{"gitId":"CheahHaoYi"},"content":"","lastModifiedDate":"2022-08-26"},{"lineNumber":75,"author":{"gitId":"CheahHaoYi"},"content":"    public static void processUserInput(String userInput){","lastModifiedDate":"2022-08-26"},{"lineNumber":76,"author":{"gitId":"CheahHaoYi"},"content":"        String[] splitInput \u003d userInput.split(\" \", 2);","lastModifiedDate":"2022-09-01"},{"lineNumber":77,"author":{"gitId":"CheahHaoYi"},"content":"        String command \u003d splitInput[0];","lastModifiedDate":"2022-08-27"},{"lineNumber":78,"author":{"gitId":"CheahHaoYi"},"content":"        String parameters \u003d \"false input\";","lastModifiedDate":"2022-09-01"},{"lineNumber":79,"author":{"gitId":"CheahHaoYi"},"content":"","lastModifiedDate":"2022-09-04"},{"lineNumber":80,"author":{"gitId":"CheahHaoYi"},"content":"        if (splitInput.length \u003e 1) {","lastModifiedDate":"2022-09-01"},{"lineNumber":81,"author":{"gitId":"CheahHaoYi"},"content":"            parameters \u003d splitInput[1];","lastModifiedDate":"2022-09-01"},{"lineNumber":82,"author":{"gitId":"CheahHaoYi"},"content":"        }","lastModifiedDate":"2022-09-01"},{"lineNumber":83,"author":{"gitId":"CheahHaoYi"},"content":"","lastModifiedDate":"2022-08-26"},{"lineNumber":84,"author":{"gitId":"CheahHaoYi"},"content":"        switch (command) {","lastModifiedDate":"2022-08-26"},{"lineNumber":85,"author":{"gitId":"CheahHaoYi"},"content":"        case(\"list\"):","lastModifiedDate":"2022-08-26"},{"lineNumber":86,"author":{"gitId":"CheahHaoYi"},"content":"            listTasks();","lastModifiedDate":"2022-08-26"},{"lineNumber":87,"author":{"gitId":"CheahHaoYi"},"content":"            break;","lastModifiedDate":"2022-08-26"},{"lineNumber":88,"author":{"gitId":"CheahHaoYi"},"content":"        case(\"mark\"):","lastModifiedDate":"2022-08-26"},{"lineNumber":89,"author":{"gitId":"CheahHaoYi"},"content":"            //assume input of length 2","lastModifiedDate":"2022-08-26"},{"lineNumber":90,"author":{"gitId":"CheahHaoYi"},"content":"            setTask(Integer.parseInt(splitInput[1]) - 1,true);","lastModifiedDate":"2022-08-27"},{"lineNumber":91,"author":{"gitId":"CheahHaoYi"},"content":"            break;","lastModifiedDate":"2022-08-26"},{"lineNumber":92,"author":{"gitId":"CheahHaoYi"},"content":"        case(\"unmark\"):","lastModifiedDate":"2022-08-26"},{"lineNumber":93,"author":{"gitId":"CheahHaoYi"},"content":"            setTask(Integer.parseInt(splitInput[1]) - 1, false);","lastModifiedDate":"2022-08-27"},{"lineNumber":94,"author":{"gitId":"CheahHaoYi"},"content":"            break;","lastModifiedDate":"2022-08-26"},{"lineNumber":95,"author":{"gitId":"CheahHaoYi"},"content":"        case(\"todo\"):","lastModifiedDate":"2022-09-01"},{"lineNumber":96,"author":{"gitId":"CheahHaoYi"},"content":"            addTodo(parameters);","lastModifiedDate":"2022-09-01"},{"lineNumber":97,"author":{"gitId":"CheahHaoYi"},"content":"            break;","lastModifiedDate":"2022-09-01"},{"lineNumber":98,"author":{"gitId":"CheahHaoYi"},"content":"        case(\"deadline\"):","lastModifiedDate":"2022-09-01"},{"lineNumber":99,"author":{"gitId":"CheahHaoYi"},"content":"            addDeadline(parameters);","lastModifiedDate":"2022-09-01"},{"lineNumber":100,"author":{"gitId":"CheahHaoYi"},"content":"            break;","lastModifiedDate":"2022-09-01"},{"lineNumber":101,"author":{"gitId":"CheahHaoYi"},"content":"        case(\"event\"):","lastModifiedDate":"2022-09-01"},{"lineNumber":102,"author":{"gitId":"CheahHaoYi"},"content":"            addEvent(parameters);","lastModifiedDate":"2022-09-01"},{"lineNumber":103,"author":{"gitId":"CheahHaoYi"},"content":"            break;","lastModifiedDate":"2022-09-01"},{"lineNumber":104,"author":{"gitId":"CheahHaoYi"},"content":"        default:","lastModifiedDate":"2022-08-26"},{"lineNumber":105,"author":{"gitId":"CheahHaoYi"},"content":"            addTask(userInput);","lastModifiedDate":"2022-08-26"},{"lineNumber":106,"author":{"gitId":"CheahHaoYi"},"content":"            break;","lastModifiedDate":"2022-08-26"},{"lineNumber":107,"author":{"gitId":"CheahHaoYi"},"content":"        }","lastModifiedDate":"2022-08-26"},{"lineNumber":108,"author":{"gitId":"CheahHaoYi"},"content":"    }","lastModifiedDate":"2022-08-26"},{"lineNumber":109,"author":{"gitId":"CheahHaoYi"},"content":"","lastModifiedDate":"2022-09-04"},{"lineNumber":110,"author":{"gitId":"CheahHaoYi"},"content":"    public static void greetUser() {","lastModifiedDate":"2022-08-26"},{"lineNumber":111,"author":{"gitId":"CheahHaoYi"},"content":"        /*","lastModifiedDate":"2022-08-22"},{"lineNumber":112,"author":{"gitId":"-"},"content":"        String logo \u003d \" ____        _        \\n\"","lastModifiedDate":"2019-07-29"},{"lineNumber":113,"author":{"gitId":"-"},"content":"                + \"|  _ \\\\ _   _| | _____ \\n\"","lastModifiedDate":"2019-07-29"},{"lineNumber":114,"author":{"gitId":"-"},"content":"                + \"| | | | | | | |/ / _ \\\\\\n\"","lastModifiedDate":"2019-07-29"},{"lineNumber":115,"author":{"gitId":"-"},"content":"                + \"| |_| | |_| |   \u003c  __/\\n\"","lastModifiedDate":"2019-07-29"},{"lineNumber":116,"author":{"gitId":"-"},"content":"                + \"|____/ \\\\__,_|_|\\\\_\\\\___|\\n\";","lastModifiedDate":"2019-07-29"},{"lineNumber":117,"author":{"gitId":"-"},"content":"        System.out.println(\"Hello from\\n\" + logo);","lastModifiedDate":"2019-07-29"},{"lineNumber":118,"author":{"gitId":"CheahHaoYi"},"content":"        */","lastModifiedDate":"2022-08-22"},{"lineNumber":119,"author":{"gitId":"CheahHaoYi"},"content":"","lastModifiedDate":"2022-08-27"},{"lineNumber":120,"author":{"gitId":"CheahHaoYi"},"content":"        final String LOGO \u003d \"\\n\"","lastModifiedDate":"2022-09-04"},{"lineNumber":121,"author":{"gitId":"CheahHaoYi"},"content":"                + \"     _________________________________________\\n\"","lastModifiedDate":"2022-09-04"},{"lineNumber":122,"author":{"gitId":"CheahHaoYi"},"content":"                + \"   /  _____________________________________   \\\\ \\n\"","lastModifiedDate":"2022-09-04"},{"lineNumber":123,"author":{"gitId":"CheahHaoYi"},"content":"                + \"   | |                                     |  | \\n\"","lastModifiedDate":"2022-09-04"},{"lineNumber":124,"author":{"gitId":"CheahHaoYi"},"content":"                + \"   | |  C:\\\\\u003e Initiating programme. .  .    |  | \\n\"","lastModifiedDate":"2022-09-04"},{"lineNumber":125,"author":{"gitId":"CheahHaoYi"},"content":"                + \"   | |                                     |  | \\n\"","lastModifiedDate":"2022-09-04"},{"lineNumber":126,"author":{"gitId":"CheahHaoYi"},"content":"                + \"   | |  C:\\\\\u003e Creating Duke...              |  | \\n\"","lastModifiedDate":"2022-09-04"},{"lineNumber":127,"author":{"gitId":"CheahHaoYi"},"content":"                + \"   | |                                     |  | \\n\"","lastModifiedDate":"2022-09-04"},{"lineNumber":128,"author":{"gitId":"CheahHaoYi"},"content":"                + \"   | |                                     |  | \\n\"","lastModifiedDate":"2022-09-04"},{"lineNumber":129,"author":{"gitId":"CheahHaoYi"},"content":"                + \"   | |                                     |  | \\n\"","lastModifiedDate":"2022-09-04"},{"lineNumber":130,"author":{"gitId":"CheahHaoYi"},"content":"                + \"   | |_____________________________________|  | \\n\"","lastModifiedDate":"2022-09-04"},{"lineNumber":131,"author":{"gitId":"CheahHaoYi"},"content":"                + \"    \\\\_____________________________________/ \\n\"","lastModifiedDate":"2022-09-04"},{"lineNumber":132,"author":{"gitId":"CheahHaoYi"},"content":"                + \"       \\\\________________________________/ \\n\"","lastModifiedDate":"2022-09-04"},{"lineNumber":133,"author":{"gitId":"CheahHaoYi"},"content":"                + \"        _________________________________ \\n\"","lastModifiedDate":"2022-09-04"},{"lineNumber":134,"author":{"gitId":"CheahHaoYi"},"content":"                + \"   _-\u0027.-.-.-.-.-.-.-.-.-.-.-.-.-.-.-.-.--- `-_ \\n\"","lastModifiedDate":"2022-09-04"},{"lineNumber":135,"author":{"gitId":"CheahHaoYi"},"content":"                + \"_-\u0027.-.-. .---.-.-.-.-.-.-.-.-.-.-.-.-.-.-.--..-.-.`-_ \\n\";","lastModifiedDate":"2022-09-04"},{"lineNumber":136,"author":{"gitId":"CheahHaoYi"},"content":"","lastModifiedDate":"2022-08-27"},{"lineNumber":137,"author":{"gitId":"CheahHaoYi"},"content":"        System.out.println(LOGO);","lastModifiedDate":"2022-08-27"},{"lineNumber":138,"author":{"gitId":"CheahHaoYi"},"content":"        System.out.println(\"Hello! I\u0027m Duke\");","lastModifiedDate":"2022-08-22"},{"lineNumber":139,"author":{"gitId":"CheahHaoYi"},"content":"        System.out.println(\"What can I do for you?\");","lastModifiedDate":"2022-08-22"},{"lineNumber":140,"author":{"gitId":"CheahHaoYi"},"content":"    }","lastModifiedDate":"2022-08-26"},{"lineNumber":141,"author":{"gitId":"CheahHaoYi"},"content":"","lastModifiedDate":"2022-08-26"},{"lineNumber":142,"author":{"gitId":"CheahHaoYi"},"content":"    public static boolean isToExit(String userInput) {","lastModifiedDate":"2022-09-04"},{"lineNumber":143,"author":{"gitId":"CheahHaoYi"},"content":"        if (userInput.equals(\"bye\")) {","lastModifiedDate":"2022-08-26"},{"lineNumber":144,"author":{"gitId":"CheahHaoYi"},"content":"            System.out.println(\"BEEP BEEP \u003e\u003e\u003e\u003e SEE \u003e\u003e\u003e YOU \u003e\u003e\u003e\u003e AGAIN \u003e\u003e\u003e BEEP BEWWWWW \u003e\u003e\u003e\");","lastModifiedDate":"2022-09-04"},{"lineNumber":145,"author":{"gitId":"CheahHaoYi"},"content":"            return true;","lastModifiedDate":"2022-08-26"},{"lineNumber":146,"author":{"gitId":"CheahHaoYi"},"content":"        }","lastModifiedDate":"2022-08-26"},{"lineNumber":147,"author":{"gitId":"CheahHaoYi"},"content":"        return false;","lastModifiedDate":"2022-08-26"},{"lineNumber":148,"author":{"gitId":"CheahHaoYi"},"content":"    }","lastModifiedDate":"2022-08-26"},{"lineNumber":149,"author":{"gitId":"CheahHaoYi"},"content":"","lastModifiedDate":"2022-08-22"},{"lineNumber":150,"author":{"gitId":"CheahHaoYi"},"content":"    public static void main(String[] args) {","lastModifiedDate":"2022-08-26"},{"lineNumber":151,"author":{"gitId":"CheahHaoYi"},"content":"        greetUser();","lastModifiedDate":"2022-08-26"},{"lineNumber":152,"author":{"gitId":"CheahHaoYi"},"content":"        Scanner sc \u003d new Scanner(System.in);","lastModifiedDate":"2022-08-26"},{"lineNumber":153,"author":{"gitId":"CheahHaoYi"},"content":"        String userInput \u003d sc.nextLine();","lastModifiedDate":"2022-08-26"},{"lineNumber":154,"author":{"gitId":"CheahHaoYi"},"content":"","lastModifiedDate":"2022-08-26"},{"lineNumber":155,"author":{"gitId":"CheahHaoYi"},"content":"        while (!isToExit(userInput)) {","lastModifiedDate":"2022-09-04"},{"lineNumber":156,"author":{"gitId":"CheahHaoYi"},"content":"            processUserInput(userInput);","lastModifiedDate":"2022-08-26"},{"lineNumber":157,"author":{"gitId":"CheahHaoYi"},"content":"            userInput \u003d sc.nextLine();","lastModifiedDate":"2022-08-26"},{"lineNumber":158,"author":{"gitId":"CheahHaoYi"},"content":"        }","lastModifiedDate":"2022-08-26"},{"lineNumber":159,"author":{"gitId":"-"},"content":"    }","lastModifiedDate":"2019-07-29"},{"lineNumber":160,"author":{"gitId":"-"},"content":"}","lastModifiedDate":"2019-07-29"}],"authorContributionMap":{"CheahHaoYi":151,"-":9}},{"path":"src/main/java/Event.java","fileType":"java","lines":[{"lineNumber":1,"author":{"gitId":"CheahHaoYi"},"content":"public class Event extends Task {","lastModifiedDate":"2022-09-01"},{"lineNumber":2,"author":{"gitId":"CheahHaoYi"},"content":"","lastModifiedDate":"2022-09-01"},{"lineNumber":3,"author":{"gitId":"CheahHaoYi"},"content":"    protected String at;","lastModifiedDate":"2022-09-01"},{"lineNumber":4,"author":{"gitId":"CheahHaoYi"},"content":"","lastModifiedDate":"2022-09-01"},{"lineNumber":5,"author":{"gitId":"CheahHaoYi"},"content":"    public Event(String description, String at) {","lastModifiedDate":"2022-09-01"},{"lineNumber":6,"author":{"gitId":"CheahHaoYi"},"content":"        super(description);","lastModifiedDate":"2022-09-01"},{"lineNumber":7,"author":{"gitId":"CheahHaoYi"},"content":"        this.at \u003d at;","lastModifiedDate":"2022-09-01"},{"lineNumber":8,"author":{"gitId":"CheahHaoYi"},"content":"    }","lastModifiedDate":"2022-09-01"},{"lineNumber":9,"author":{"gitId":"CheahHaoYi"},"content":"","lastModifiedDate":"2022-09-01"},{"lineNumber":10,"author":{"gitId":"CheahHaoYi"},"content":"    @Override","lastModifiedDate":"2022-09-01"},{"lineNumber":11,"author":{"gitId":"CheahHaoYi"},"content":"    public String toString() {","lastModifiedDate":"2022-09-01"},{"lineNumber":12,"author":{"gitId":"CheahHaoYi"},"content":"        return \"[E]\" + super.toString() + \" (at: \" + at + \")\";","lastModifiedDate":"2022-09-01"},{"lineNumber":13,"author":{"gitId":"CheahHaoYi"},"content":"    }","lastModifiedDate":"2022-09-01"},{"lineNumber":14,"author":{"gitId":"CheahHaoYi"},"content":"}","lastModifiedDate":"2022-09-01"}],"authorContributionMap":{"CheahHaoYi":14}},{"path":"src/main/java/Task.java","fileType":"java","lines":[{"lineNumber":1,"author":{"gitId":"CheahHaoYi"},"content":"public class Task {","lastModifiedDate":"2022-08-26"},{"lineNumber":2,"author":{"gitId":"CheahHaoYi"},"content":"    private boolean isDone;","lastModifiedDate":"2022-08-27"},{"lineNumber":3,"author":{"gitId":"CheahHaoYi"},"content":"    private String taskDescription;","lastModifiedDate":"2022-08-26"},{"lineNumber":4,"author":{"gitId":"CheahHaoYi"},"content":"","lastModifiedDate":"2022-08-26"},{"lineNumber":5,"author":{"gitId":"CheahHaoYi"},"content":"    private final String STATUS_DONE_ICON \u003d \"X\";","lastModifiedDate":"2022-08-27"},{"lineNumber":6,"author":{"gitId":"CheahHaoYi"},"content":"    private final String STATUS_NOTDONE_ICON \u003d \" \";","lastModifiedDate":"2022-08-27"},{"lineNumber":7,"author":{"gitId":"CheahHaoYi"},"content":"","lastModifiedDate":"2022-09-04"},{"lineNumber":8,"author":{"gitId":"CheahHaoYi"},"content":"    public Task() {","lastModifiedDate":"2022-08-26"},{"lineNumber":9,"author":{"gitId":"CheahHaoYi"},"content":"        this(\"\");","lastModifiedDate":"2022-08-26"},{"lineNumber":10,"author":{"gitId":"CheahHaoYi"},"content":"    }","lastModifiedDate":"2022-08-26"},{"lineNumber":11,"author":{"gitId":"CheahHaoYi"},"content":"","lastModifiedDate":"2022-08-26"},{"lineNumber":12,"author":{"gitId":"CheahHaoYi"},"content":"    public Task(String description) {","lastModifiedDate":"2022-08-26"},{"lineNumber":13,"author":{"gitId":"CheahHaoYi"},"content":"        this.taskDescription \u003d description;","lastModifiedDate":"2022-08-26"},{"lineNumber":14,"author":{"gitId":"CheahHaoYi"},"content":"        this.isDone \u003d false;","lastModifiedDate":"2022-08-27"},{"lineNumber":15,"author":{"gitId":"CheahHaoYi"},"content":"    }","lastModifiedDate":"2022-08-26"},{"lineNumber":16,"author":{"gitId":"CheahHaoYi"},"content":"","lastModifiedDate":"2022-08-26"},{"lineNumber":17,"author":{"gitId":"CheahHaoYi"},"content":"    public String getTask() {","lastModifiedDate":"2022-08-26"},{"lineNumber":18,"author":{"gitId":"CheahHaoYi"},"content":"        return this.taskDescription;","lastModifiedDate":"2022-08-26"},{"lineNumber":19,"author":{"gitId":"CheahHaoYi"},"content":"    }","lastModifiedDate":"2022-08-26"},{"lineNumber":20,"author":{"gitId":"CheahHaoYi"},"content":"","lastModifiedDate":"2022-08-26"},{"lineNumber":21,"author":{"gitId":"CheahHaoYi"},"content":"    public void setStatus(boolean isDone) {","lastModifiedDate":"2022-08-27"},{"lineNumber":22,"author":{"gitId":"CheahHaoYi"},"content":"        this.isDone \u003d isDone;","lastModifiedDate":"2022-08-27"},{"lineNumber":23,"author":{"gitId":"CheahHaoYi"},"content":"    }","lastModifiedDate":"2022-08-26"},{"lineNumber":24,"author":{"gitId":"CheahHaoYi"},"content":"","lastModifiedDate":"2022-08-26"},{"lineNumber":25,"author":{"gitId":"CheahHaoYi"},"content":"    public boolean getStatus() {","lastModifiedDate":"2022-08-27"},{"lineNumber":26,"author":{"gitId":"CheahHaoYi"},"content":"        return this.isDone;","lastModifiedDate":"2022-08-27"},{"lineNumber":27,"author":{"gitId":"CheahHaoYi"},"content":"    }","lastModifiedDate":"2022-08-27"},{"lineNumber":28,"author":{"gitId":"CheahHaoYi"},"content":"","lastModifiedDate":"2022-08-27"},{"lineNumber":29,"author":{"gitId":"CheahHaoYi"},"content":"    public String getStatusIcon() {","lastModifiedDate":"2022-08-27"},{"lineNumber":30,"author":{"gitId":"CheahHaoYi"},"content":"","lastModifiedDate":"2022-09-04"},{"lineNumber":31,"author":{"gitId":"CheahHaoYi"},"content":"        if (this.isDone) {","lastModifiedDate":"2022-08-27"},{"lineNumber":32,"author":{"gitId":"CheahHaoYi"},"content":"            return STATUS_DONE_ICON;","lastModifiedDate":"2022-08-27"},{"lineNumber":33,"author":{"gitId":"CheahHaoYi"},"content":"        } else {","lastModifiedDate":"2022-08-27"},{"lineNumber":34,"author":{"gitId":"CheahHaoYi"},"content":"            return STATUS_NOTDONE_ICON;","lastModifiedDate":"2022-08-27"},{"lineNumber":35,"author":{"gitId":"CheahHaoYi"},"content":"        }","lastModifiedDate":"2022-08-27"},{"lineNumber":36,"author":{"gitId":"CheahHaoYi"},"content":"        ","lastModifiedDate":"2022-09-04"},{"lineNumber":37,"author":{"gitId":"CheahHaoYi"},"content":"    }","lastModifiedDate":"2022-08-26"},{"lineNumber":38,"author":{"gitId":"CheahHaoYi"},"content":"","lastModifiedDate":"2022-09-01"},{"lineNumber":39,"author":{"gitId":"CheahHaoYi"},"content":"    public String toString() {","lastModifiedDate":"2022-09-01"},{"lineNumber":40,"author":{"gitId":"CheahHaoYi"},"content":"        return \"[\" + getStatusIcon() + \"] \" + taskDescription;","lastModifiedDate":"2022-09-01"},{"lineNumber":41,"author":{"gitId":"CheahHaoYi"},"content":"    }","lastModifiedDate":"2022-09-01"},{"lineNumber":42,"author":{"gitId":"CheahHaoYi"},"content":"}","lastModifiedDate":"2022-08-26"},{"lineNumber":43,"author":{"gitId":"CheahHaoYi"},"content":"","lastModifiedDate":"2022-09-01"},{"lineNumber":44,"author":{"gitId":"CheahHaoYi"},"content":"","lastModifiedDate":"2022-09-01"}],"authorContributionMap":{"CheahHaoYi":44}},{"path":"src/main/java/Todo.java","fileType":"java","lines":[{"lineNumber":1,"author":{"gitId":"CheahHaoYi"},"content":"public class Todo extends Task {","lastModifiedDate":"2022-09-01"},{"lineNumber":2,"author":{"gitId":"CheahHaoYi"},"content":"","lastModifiedDate":"2022-09-01"},{"lineNumber":3,"author":{"gitId":"CheahHaoYi"},"content":"    protected String by;","lastModifiedDate":"2022-09-01"},{"lineNumber":4,"author":{"gitId":"CheahHaoYi"},"content":"","lastModifiedDate":"2022-09-01"},{"lineNumber":5,"author":{"gitId":"CheahHaoYi"},"content":"    public Todo(String description) {","lastModifiedDate":"2022-09-01"},{"lineNumber":6,"author":{"gitId":"CheahHaoYi"},"content":"        super(description);","lastModifiedDate":"2022-09-01"},{"lineNumber":7,"author":{"gitId":"CheahHaoYi"},"content":"    }","lastModifiedDate":"2022-09-01"},{"lineNumber":8,"author":{"gitId":"CheahHaoYi"},"content":"","lastModifiedDate":"2022-09-01"},{"lineNumber":9,"author":{"gitId":"CheahHaoYi"},"content":"    @Override","lastModifiedDate":"2022-09-01"},{"lineNumber":10,"author":{"gitId":"CheahHaoYi"},"content":"    public String toString() {","lastModifiedDate":"2022-09-01"},{"lineNumber":11,"author":{"gitId":"CheahHaoYi"},"content":"        return \"[T]\" + super.toString();","lastModifiedDate":"2022-09-01"},{"lineNumber":12,"author":{"gitId":"CheahHaoYi"},"content":"    }","lastModifiedDate":"2022-09-01"},{"lineNumber":13,"author":{"gitId":"CheahHaoYi"},"content":"}","lastModifiedDate":"2022-09-01"}],"authorContributionMap":{"CheahHaoYi":13}},{"path":"text-ui-test/input.txt","fileType":"txt","lines":[{"lineNumber":1,"author":{"gitId":"CheahHaoYi"},"content":"todo Hao Yi: Answer CS2113 Tutorial questions","lastModifiedDate":"2022-09-04"},{"lineNumber":2,"author":{"gitId":"CheahHaoYi"},"content":"deadline weekly CS2113 quiz /by Monday 9pm","lastModifiedDate":"2022-09-04"},{"lineNumber":3,"author":{"gitId":"CheahHaoYi"},"content":"list","lastModifiedDate":"2022-09-04"},{"lineNumber":4,"author":{"gitId":"CheahHaoYi"},"content":"event CS2113 Lecture /at Friday 4 to 6pm","lastModifiedDate":"2022-09-04"},{"lineNumber":5,"author":{"gitId":"CheahHaoYi"},"content":"mark 1","lastModifiedDate":"2022-09-04"},{"lineNumber":6,"author":{"gitId":"CheahHaoYi"},"content":"list","lastModifiedDate":"2022-09-04"},{"lineNumber":7,"author":{"gitId":"CheahHaoYi"},"content":"bye","lastModifiedDate":"2022-09-04"}],"authorContributionMap":{"CheahHaoYi":7}}]
