{"authorDailyContributionsMap":{"CheahHaoYi":[{"date":"2022-08-22","commitResults":[{"hash":"eaa2aaf1e6b78350b17406df2da6188ad9d896ad","messageTitle":"Add greet user functionality","messageBody":"","tags":["Level-0"],"fileTypesAndContributionMap":{"java":{"insertions":6,"deletions":0}}}]},{"date":"2022-08-26","commitResults":[{"hash":"433b453bb73693df5f163b2dbd21667d6b74f402","messageTitle":"Add Greet, Echo user and Exit functionality","messageBody":"","tags":["Level-1"],"fileTypesAndContributionMap":{"java":{"insertions":26,"deletions":2}}},{"hash":"eb827dcec6b59cac232b6034b75d0ea979d75720","messageTitle":"add adding-task and listing task functionality","messageBody":"","tags":["Level-2"],"fileTypesAndContributionMap":{"java":{"insertions":25,"deletions":6}}},{"hash":"f9fd1fbb521d68f976b00fa39777e81f360aa546","messageTitle":"created task class, add mark/unmark task functionality","messageBody":"","tags":["Level-3"],"fileTypesAndContributionMap":{"java":{"insertions":57,"deletions":6}}}]},{"date":"2022-08-27","commitResults":[{"hash":"fb9eaba3cc6a45d918e93af984292527bfba6dfd","messageTitle":"refactored Duke and Task class","messageBody":"","tags":["A-CodingStandard"],"fileTypesAndContributionMap":{"java":{"insertions":46,"deletions":18}}}]},{"date":"2022-09-01","commitResults":[{"hash":"aab7e9e1bfbe0d33bc54b2d4ab077bb9faf053b8","messageTitle":"Added ToDos, Events and Deadline classes","messageBody":"","tags":["Level-4"],"fileTypesAndContributionMap":{"java":{"insertions":103,"deletions":5}}}]},{"date":"2022-09-04","commitResults":[{"hash":"3742f1b0fe1fc56d75d5d1389208dee3555f035c","messageTitle":"Refactoring, adjusted spacing on methods and if-else clauses","messageBody":"","tags":["A-CodeQuality"],"fileTypesAndContributionMap":{"txt":{"insertions":7,"deletions":0},"java":{"insertions":70,"deletions":61}}}]},{"date":"2022-09-07","commitResults":[{"hash":"d2f255170e8aa1128e75b1bb60a7e47c376bfc21","messageTitle":"Add text UI test, expected.txt and edit the UI in Duke","messageBody":"","tags":["A-TextUiTesting"],"fileTypesAndContributionMap":{"java":{"insertions":2,"deletions":2}}}]},{"date":"2022-09-09","commitResults":[{"hash":"1f2180e243ee970895c9e1649fe09534004c6501","messageTitle":"Add InputParser, TaskManager Class, Exceptions and functionality to handle errors","messageBody":"","tags":["Level-5","A-Exceptions"],"fileTypesAndContributionMap":{"txt":{"insertions":2,"deletions":0},"java":{"insertions":239,"deletions":111}}},{"hash":"e0363c8983621e1d61599474c1f3bd7bfe5481f2","messageTitle":"Revert \"Add InputParser, TaskManager Class, Exceptions and functionality to handle errors\"","messageBody":"This reverts commit 1f2180e243ee970895c9e1649fe09534004c6501.\n","fileTypesAndContributionMap":{"txt":{"insertions":0,"deletions":2},"java":{"insertions":111,"deletions":239}}},{"hash":"6d7936663300364f4608e3c41535fd1a09f68aee","messageTitle":"Change programme exit string","messageBody":"","fileTypesAndContributionMap":{"java":{"insertions":1,"deletions":1}}},{"hash":"d9321d2fdea039d131a40bdede77d13e5281a9c5","messageTitle":"test merging","messageBody":"","fileTypesAndContributionMap":{"java":{"insertions":1,"deletions":0}}},{"hash":"8de836ea5169a24d43639b4501837401f8ffc8a7","messageTitle":"Re-add additional class and exception after merging","messageBody":"","fileTypesAndContributionMap":{"java":{"insertions":241,"deletions":114}}}]},{"date":"2022-09-13","commitResults":[{"hash":"96cd84e7e717ecabd7a50bc38c91b9670b483bbf","messageTitle":"Package all java files","messageBody":"","tags":["A-Packages"],"fileTypesAndContributionMap":{"java":{"insertions":18,"deletions":0}}}]},{"date":"2022-09-16","commitResults":[{"hash":"e8391eb4a3db30ca9e42c55fa412c19e587b324f","messageTitle":"Change implementation of Tasks from array to arrayList","messageBody":"","fileTypesAndContributionMap":{"java":{"insertions":15,"deletions":13}}},{"hash":"f69da6c544a9ef44f651da23288dc74ca8bdb8fe","messageTitle":"Add delete functionality","messageBody":"","tags":["Level-6"],"fileTypesAndContributionMap":{"java":{"insertions":25,"deletions":2}}},{"hash":"620ffda8dcb8e43a7e0a2c0f3aec614220c932f2","messageTitle":"Extra Commit for branch test","messageBody":"","fileTypesAndContributionMap":{"java":{"insertions":1,"deletions":1}}},{"hash":"7155402741768e4352c937b7a22da0982dc9c2ca","messageTitle":"Added save functionality","messageBody":"","tags":["Level-7"],"fileTypesAndContributionMap":{"java":{"insertions":147,"deletions":21}}}]},{"date":"2022-09-22","commitResults":[{"hash":"667eb9a14283f5b52bf015f2a244f0d815ea16b1","messageTitle":"Address CS2113 TA mid-term comment","messageBody":"","fileTypesAndContributionMap":{"java":{"insertions":42,"deletions":41}}},{"hash":"5ca178b951b7b19a28f097e4834b631ad9431045","messageTitle":"Reorganize Exception classes Add new exceptions Refactor Exception using Inheritance","messageBody":"","fileTypesAndContributionMap":{"java":{"insertions":86,"deletions":52}}},{"hash":"a81150f7b41d7d1d3da5c058af1ba41c27e4e02d","messageTitle":"Refactor packages Init class for Level 8","messageBody":"","fileTypesAndContributionMap":{"java":{"insertions":54,"deletions":20}}}]},{"date":"2022-09-24","commitResults":[{"hash":"a3d18d3d882a23601d486f9833412a0479fcd889","messageTitle":"Change utiliti classes to static references Refactor some functions from Duke class into utilities classes","messageBody":"","fileTypesAndContributionMap":{"java":{"insertions":227,"deletions":73}}}]},{"date":"2022-09-29","commitResults":[{"hash":"ff60b2d33ebe3cef0c6d6a2b0b32d898824626a7","messageTitle":"Fix the bug to remove redundant commands stored in data file","messageBody":"","fileTypesAndContributionMap":{"java":{"insertions":278,"deletions":182}}}]},{"date":"2022-09-30","commitResults":[{"hash":"b54fa9a37e51739f8dfaae38ff8143bd78f3664a","messageTitle":"Add Command class Refactor functionalities more clearly into the utility classes","messageBody":"","fileTypesAndContributionMap":{"java":{"insertions":447,"deletions":263}}},{"hash":"7666660c56b3c2096d9c4f6c1785ec73c07b048e","messageTitle":"Attempt to use hashset to implement find functionality","messageBody":"","fileTypesAndContributionMap":{"java":{"insertions":21,"deletions":1}}},{"hash":"c8811192bcf556e1a59e0005c5d5fc781c7f341f","messageTitle":"Rename parser and tasklist Add exception check for wrong option flag Add find functionality","messageBody":"","fileTypesAndContributionMap":{"java":{"insertions":12,"deletions":8}}},{"hash":"7f63388a69bb4fb65994f0bfdd4222f05d300dfa","messageTitle":"Add find functionality","messageBody":"","tags":["Level-9"],"fileTypesAndContributionMap":{"java":{"insertions":112,"deletions":96}}},{"hash":"bee95f8b43e3537dde0e2a19475c2445d001885c","messageTitle":"Add JavaDoc","messageBody":"","tags":["A-JavaDoc"],"fileTypesAndContributionMap":{"java":{"insertions":145,"deletions":2}}},{"hash":"12fbdeb5ece0d4e89c550b396ae08d07cc5f0f42","messageTitle":"Add help functionality, user guide draft","messageBody":"","fileTypesAndContributionMap":{"java":{"insertions":180,"deletions":61},"md":{"insertions":316,"deletions":0}}},{"hash":"7ece7bfb4a815610aed1acad69e08fe35826184d","messageTitle":"Polish up user guide, Fix ArrayOutOfBoudException for Delete","messageBody":"","tags":["A-UserGuide"],"fileTypesAndContributionMap":{"java":{"insertions":17,"deletions":10},"md":{"insertions":118,"deletions":138}}},{"hash":"6059848f0dacf3e3777c3fc7e53128d5840706c0","messageTitle":"Update test input and expected output","messageBody":"","tags":["A-Release"],"fileTypesAndContributionMap":{"txt":{"insertions":11,"deletions":0}}},{"hash":"be01be8c6d42f0407c1e57ceb95b3e7ed93d4364","messageTitle":"Minor Edits to JavaDoc To push A-MoreOOP tag onto github (missed out earlier)","messageBody":"","tags":["A-MoreOOP"],"fileTypesAndContributionMap":{"java":{"insertions":2,"deletions":2}}},{"hash":"ee9bc5db36f81ce0244bc4c9a83c89f51e8539d7","messageTitle":"Fix minor coding style violations To create branch for A-JavaDoc (missed out earlier)","messageBody":"","fileTypesAndContributionMap":{"java":{"insertions":34,"deletions":11}}}]},{"date":"2022-10-03","commitResults":[{"hash":"ba2c021c4de0697ddce69c72ad2941226f0ed2bc","messageTitle":"update readme.md","messageBody":"","fileTypesAndContributionMap":{"md":{"insertions":325,"deletions":26}}}]}]},"authorFileTypeContributionMap":{"CheahHaoYi":{"java":1372,"md":627,"fxml":0,"sh":0,"bat":0,"gradle":0,"txt":18}},"authorContributionVariance":{"CheahHaoYi":99359.19},"authorDisplayNameMap":{"CheahHaoYi":"CS2113-F11-3 CHEA..O YI"}}
