{"authorDailyContributionsMap":{"CheahHaoYi":[{"date":"2022-08-22","commitResults":[{"hash":"eaa2aaf1e6b78350b17406df2da6188ad9d896ad","messageTitle":"Add greet user functionality","messageBody":"","tags":["Level-0"],"fileTypesAndContributionMap":{"java":{"insertions":6,"deletions":0}}}]},{"date":"2022-08-26","commitResults":[{"hash":"433b453bb73693df5f163b2dbd21667d6b74f402","messageTitle":"Add Greet, Echo user and Exit functionality","messageBody":"","tags":["Level-1"],"fileTypesAndContributionMap":{"java":{"insertions":26,"deletions":2}}},{"hash":"eb827dcec6b59cac232b6034b75d0ea979d75720","messageTitle":"add adding-task and listing task functionality","messageBody":"","tags":["Level-2"],"fileTypesAndContributionMap":{"java":{"insertions":25,"deletions":6}}},{"hash":"f9fd1fbb521d68f976b00fa39777e81f360aa546","messageTitle":"created task class, add mark/unmark task functionality","messageBody":"","tags":["Level-3"],"fileTypesAndContributionMap":{"java":{"insertions":57,"deletions":6}}}]},{"date":"2022-08-27","commitResults":[{"hash":"fb9eaba3cc6a45d918e93af984292527bfba6dfd","messageTitle":"refactored Duke and Task class","messageBody":"","tags":["A-CodingStandard"],"fileTypesAndContributionMap":{"java":{"insertions":46,"deletions":18}}}]},{"date":"2022-09-01","commitResults":[{"hash":"aab7e9e1bfbe0d33bc54b2d4ab077bb9faf053b8","messageTitle":"Added ToDos, Events and Deadline classes","messageBody":"","tags":["Level-4"],"fileTypesAndContributionMap":{"java":{"insertions":103,"deletions":5}}}]},{"date":"2022-09-04","commitResults":[{"hash":"3742f1b0fe1fc56d75d5d1389208dee3555f035c","messageTitle":"Refactoring, adjusted spacing on methods and if-else clauses","messageBody":"","tags":["A-CodeQuality"],"fileTypesAndContributionMap":{"txt":{"insertions":7,"deletions":0},"java":{"insertions":70,"deletions":61}}}]},{"date":"2022-09-07","commitResults":[{"hash":"d2f255170e8aa1128e75b1bb60a7e47c376bfc21","messageTitle":"Add text UI test, expected.txt and edit the UI in Duke","messageBody":"","tags":["A-TextUiTesting"],"fileTypesAndContributionMap":{"java":{"insertions":2,"deletions":2}}}]}]},"authorFileTypeContributionMap":{"CheahHaoYi":{"java":236,"md":0,"fxml":0,"sh":0,"bat":0,"gradle":0,"txt":7}},"authorContributionVariance":{"CheahHaoYi":1574.233},"authorDisplayNameMap":{"CheahHaoYi":"CS2113-F11-3 CHEA..O YI"}}
