[{"path":"src/main/java/ConversationManager.java","fileType":"java","lines":[{"lineNumber":1,"author":{"gitId":"winston-lim"},"content":"import java.util.ArrayList;","lastModifiedDate":"2022-08-31"},{"lineNumber":2,"author":{"gitId":"winston-lim"},"content":"import java.util.Arrays;","lastModifiedDate":"2022-08-31"},{"lineNumber":3,"author":{"gitId":"winston-lim"},"content":"import java.util.List;","lastModifiedDate":"2022-08-31"},{"lineNumber":4,"author":{"gitId":"winston-lim"},"content":"import java.util.Scanner;","lastModifiedDate":"2022-08-31"},{"lineNumber":5,"author":{"gitId":"winston-lim"},"content":"","lastModifiedDate":"2022-08-31"},{"lineNumber":6,"author":{"gitId":"winston-lim"},"content":"public class ConversationManager {","lastModifiedDate":"2022-08-31"},{"lineNumber":7,"author":{"gitId":"winston-lim"},"content":"    private static final String LINE_SEPERATOR \u003d \"------------------------------\";","lastModifiedDate":"2022-08-31"},{"lineNumber":8,"author":{"gitId":"winston-lim"},"content":"    private static final String RESPONSE_INDENTATION \u003d \"    \";","lastModifiedDate":"2022-08-31"},{"lineNumber":9,"author":{"gitId":"winston-lim"},"content":"    private static final Scanner sc \u003d new Scanner(System.in);","lastModifiedDate":"2022-08-31"},{"lineNumber":10,"author":{"gitId":"winston-lim"},"content":"","lastModifiedDate":"2022-08-31"},{"lineNumber":11,"author":{"gitId":"winston-lim"},"content":"    public static final List\u003cString[]\u003e getUserInput() {","lastModifiedDate":"2022-08-31"},{"lineNumber":12,"author":{"gitId":"winston-lim"},"content":"        String[] inputs \u003d sc.nextLine().split(\" \");","lastModifiedDate":"2022-08-31"},{"lineNumber":13,"author":{"gitId":"winston-lim"},"content":"        String[] command \u003d Arrays.copyOfRange(inputs, 0, 1);","lastModifiedDate":"2022-08-31"},{"lineNumber":14,"author":{"gitId":"winston-lim"},"content":"        String[] args \u003d Arrays.copyOfRange(inputs, 1, inputs.length);","lastModifiedDate":"2022-08-31"},{"lineNumber":15,"author":{"gitId":"winston-lim"},"content":"        return List.of(command, args);","lastModifiedDate":"2022-08-31"},{"lineNumber":16,"author":{"gitId":"winston-lim"},"content":"    }","lastModifiedDate":"2022-08-31"},{"lineNumber":17,"author":{"gitId":"winston-lim"},"content":"","lastModifiedDate":"2022-08-31"},{"lineNumber":18,"author":{"gitId":"winston-lim"},"content":"    /**","lastModifiedDate":"2022-08-31"},{"lineNumber":19,"author":{"gitId":"winston-lim"},"content":"     * Prints an intial greeting.","lastModifiedDate":"2022-08-31"},{"lineNumber":20,"author":{"gitId":"winston-lim"},"content":"     */","lastModifiedDate":"2022-08-31"},{"lineNumber":21,"author":{"gitId":"winston-lim"},"content":"    public static final void intializeConversation() {","lastModifiedDate":"2022-08-31"},{"lineNumber":22,"author":{"gitId":"winston-lim"},"content":"        System.out.println(LINE_SEPERATOR);","lastModifiedDate":"2022-08-31"},{"lineNumber":23,"author":{"gitId":"winston-lim"},"content":"        System.out.println(\"Hello! I\u0027m Duke\");","lastModifiedDate":"2022-08-31"},{"lineNumber":24,"author":{"gitId":"winston-lim"},"content":"        System.out.println(\"What can I do for you?\");","lastModifiedDate":"2022-08-31"},{"lineNumber":25,"author":{"gitId":"winston-lim"},"content":"        System.out.println(LINE_SEPERATOR);","lastModifiedDate":"2022-08-31"},{"lineNumber":26,"author":{"gitId":"winston-lim"},"content":"    }","lastModifiedDate":"2022-08-31"},{"lineNumber":27,"author":{"gitId":"winston-lim"},"content":"","lastModifiedDate":"2022-08-31"},{"lineNumber":28,"author":{"gitId":"winston-lim"},"content":"    /**","lastModifiedDate":"2022-08-31"},{"lineNumber":29,"author":{"gitId":"winston-lim"},"content":"     * Prints a farewell greeting.","lastModifiedDate":"2022-08-31"},{"lineNumber":30,"author":{"gitId":"winston-lim"},"content":"     */","lastModifiedDate":"2022-08-31"},{"lineNumber":31,"author":{"gitId":"winston-lim"},"content":"    public static final void exitConversation() {","lastModifiedDate":"2022-08-31"},{"lineNumber":32,"author":{"gitId":"winston-lim"},"content":"        System.out.println(LINE_SEPERATOR);","lastModifiedDate":"2022-08-31"},{"lineNumber":33,"author":{"gitId":"winston-lim"},"content":"        System.out.println(\"Bye. Hope to see you again soon!\");","lastModifiedDate":"2022-08-31"},{"lineNumber":34,"author":{"gitId":"winston-lim"},"content":"        System.out.println(LINE_SEPERATOR);","lastModifiedDate":"2022-08-31"},{"lineNumber":35,"author":{"gitId":"winston-lim"},"content":"        sc.close();","lastModifiedDate":"2022-08-31"},{"lineNumber":36,"author":{"gitId":"winston-lim"},"content":"    }","lastModifiedDate":"2022-08-31"},{"lineNumber":37,"author":{"gitId":"winston-lim"},"content":"","lastModifiedDate":"2022-08-31"},{"lineNumber":38,"author":{"gitId":"winston-lim"},"content":"    /**","lastModifiedDate":"2022-08-31"},{"lineNumber":39,"author":{"gitId":"winston-lim"},"content":"     * Prints a response with proper indentation","lastModifiedDate":"2022-08-31"},{"lineNumber":40,"author":{"gitId":"winston-lim"},"content":"     * and separators between lines.","lastModifiedDate":"2022-08-31"},{"lineNumber":41,"author":{"gitId":"winston-lim"},"content":"     * Note that RESPONSE_INDENTATION and LINE_SEPARATOR are class-level constants","lastModifiedDate":"2022-08-31"},{"lineNumber":42,"author":{"gitId":"winston-lim"},"content":"     * defined above","lastModifiedDate":"2022-08-31"},{"lineNumber":43,"author":{"gitId":"winston-lim"},"content":"     * ","lastModifiedDate":"2022-08-31"},{"lineNumber":44,"author":{"gitId":"winston-lim"},"content":"     * @param messages a list of string","lastModifiedDate":"2022-08-31"},{"lineNumber":45,"author":{"gitId":"winston-lim"},"content":"     */","lastModifiedDate":"2022-08-31"},{"lineNumber":46,"author":{"gitId":"winston-lim"},"content":"    public static final void printNormalResponse(List\u003cString\u003e messages) {","lastModifiedDate":"2022-08-31"},{"lineNumber":47,"author":{"gitId":"winston-lim"},"content":"        if (messages.size() !\u003d 0) {","lastModifiedDate":"2022-08-31"},{"lineNumber":48,"author":{"gitId":"winston-lim"},"content":"            System.out.println(RESPONSE_INDENTATION + LINE_SEPERATOR);","lastModifiedDate":"2022-08-31"},{"lineNumber":49,"author":{"gitId":"winston-lim"},"content":"            for (int i \u003d 0; i \u003c messages.size(); ++i) {","lastModifiedDate":"2022-08-31"},{"lineNumber":50,"author":{"gitId":"winston-lim"},"content":"                System.out.println(RESPONSE_INDENTATION + messages.get(i));","lastModifiedDate":"2022-08-31"},{"lineNumber":51,"author":{"gitId":"winston-lim"},"content":"            }","lastModifiedDate":"2022-08-31"},{"lineNumber":52,"author":{"gitId":"winston-lim"},"content":"            System.out.println(RESPONSE_INDENTATION + LINE_SEPERATOR);","lastModifiedDate":"2022-08-31"},{"lineNumber":53,"author":{"gitId":"winston-lim"},"content":"        }","lastModifiedDate":"2022-08-31"},{"lineNumber":54,"author":{"gitId":"winston-lim"},"content":"    }","lastModifiedDate":"2022-08-31"},{"lineNumber":55,"author":{"gitId":"winston-lim"},"content":"","lastModifiedDate":"2022-08-31"},{"lineNumber":56,"author":{"gitId":"winston-lim"},"content":"    /**","lastModifiedDate":"2022-08-31"},{"lineNumber":57,"author":{"gitId":"winston-lim"},"content":"     * Prints a success response with proper indentation","lastModifiedDate":"2022-08-31"},{"lineNumber":58,"author":{"gitId":"winston-lim"},"content":"     * and separators between lines.","lastModifiedDate":"2022-08-31"},{"lineNumber":59,"author":{"gitId":"winston-lim"},"content":"     * Note that RESPONSE_INDENTATION and LINE_SEPARATOR are class-level constants","lastModifiedDate":"2022-08-31"},{"lineNumber":60,"author":{"gitId":"winston-lim"},"content":"     * defined above","lastModifiedDate":"2022-08-31"},{"lineNumber":61,"author":{"gitId":"winston-lim"},"content":"     * ","lastModifiedDate":"2022-08-31"},{"lineNumber":62,"author":{"gitId":"winston-lim"},"content":"     * @param successMessages a list of strings","lastModifiedDate":"2022-08-31"},{"lineNumber":63,"author":{"gitId":"winston-lim"},"content":"     */","lastModifiedDate":"2022-08-31"},{"lineNumber":64,"author":{"gitId":"winston-lim"},"content":"    public static final void printSuccessResponse(List\u003cString\u003e successMessages) {","lastModifiedDate":"2022-08-31"},{"lineNumber":65,"author":{"gitId":"winston-lim"},"content":"        if (successMessages.size() !\u003d 0) {","lastModifiedDate":"2022-08-31"},{"lineNumber":66,"author":{"gitId":"winston-lim"},"content":"            System.out.println(RESPONSE_INDENTATION + LINE_SEPERATOR);","lastModifiedDate":"2022-08-31"},{"lineNumber":67,"author":{"gitId":"winston-lim"},"content":"            for (int i \u003d 0; i \u003c successMessages.size(); ++i) {","lastModifiedDate":"2022-08-31"},{"lineNumber":68,"author":{"gitId":"winston-lim"},"content":"                System.out.println(RESPONSE_INDENTATION + \"Success: \" + successMessages.get(i));","lastModifiedDate":"2022-08-31"},{"lineNumber":69,"author":{"gitId":"winston-lim"},"content":"            }","lastModifiedDate":"2022-08-31"},{"lineNumber":70,"author":{"gitId":"winston-lim"},"content":"            System.out.println(RESPONSE_INDENTATION + LINE_SEPERATOR);","lastModifiedDate":"2022-08-31"},{"lineNumber":71,"author":{"gitId":"winston-lim"},"content":"        }","lastModifiedDate":"2022-08-31"},{"lineNumber":72,"author":{"gitId":"winston-lim"},"content":"    }","lastModifiedDate":"2022-08-31"},{"lineNumber":73,"author":{"gitId":"winston-lim"},"content":"","lastModifiedDate":"2022-08-31"},{"lineNumber":74,"author":{"gitId":"winston-lim"},"content":"    /**","lastModifiedDate":"2022-08-31"},{"lineNumber":75,"author":{"gitId":"winston-lim"},"content":"     * Prints a error response with proper indentation","lastModifiedDate":"2022-08-31"},{"lineNumber":76,"author":{"gitId":"winston-lim"},"content":"     * and separators between lines.","lastModifiedDate":"2022-08-31"},{"lineNumber":77,"author":{"gitId":"winston-lim"},"content":"     * Note that RESPONSE_INDENTATION and LINE_SEPARATOR are class-level constants","lastModifiedDate":"2022-08-31"},{"lineNumber":78,"author":{"gitId":"winston-lim"},"content":"     * defined above","lastModifiedDate":"2022-08-31"},{"lineNumber":79,"author":{"gitId":"winston-lim"},"content":"     * ","lastModifiedDate":"2022-08-31"},{"lineNumber":80,"author":{"gitId":"winston-lim"},"content":"     * @param errorMessages a list of string responses","lastModifiedDate":"2022-08-31"},{"lineNumber":81,"author":{"gitId":"winston-lim"},"content":"     */","lastModifiedDate":"2022-08-31"},{"lineNumber":82,"author":{"gitId":"winston-lim"},"content":"    public static final void printErrorResponse(List\u003cString\u003e errorMessages) {","lastModifiedDate":"2022-08-31"},{"lineNumber":83,"author":{"gitId":"winston-lim"},"content":"        if (errorMessages.size() !\u003d 0) {","lastModifiedDate":"2022-08-31"},{"lineNumber":84,"author":{"gitId":"winston-lim"},"content":"            System.out.println(RESPONSE_INDENTATION + LINE_SEPERATOR);","lastModifiedDate":"2022-08-31"},{"lineNumber":85,"author":{"gitId":"winston-lim"},"content":"            for (int i \u003d 0; i \u003c errorMessages.size(); ++i) {","lastModifiedDate":"2022-08-31"},{"lineNumber":86,"author":{"gitId":"winston-lim"},"content":"                System.out.println(RESPONSE_INDENTATION + \"Error: \" + errorMessages.get(i));","lastModifiedDate":"2022-08-31"},{"lineNumber":87,"author":{"gitId":"winston-lim"},"content":"            }","lastModifiedDate":"2022-08-31"},{"lineNumber":88,"author":{"gitId":"winston-lim"},"content":"            System.out.println(RESPONSE_INDENTATION + LINE_SEPERATOR);","lastModifiedDate":"2022-08-31"},{"lineNumber":89,"author":{"gitId":"winston-lim"},"content":"        }","lastModifiedDate":"2022-08-31"},{"lineNumber":90,"author":{"gitId":"winston-lim"},"content":"    }","lastModifiedDate":"2022-08-31"},{"lineNumber":91,"author":{"gitId":"winston-lim"},"content":"}","lastModifiedDate":"2022-08-31"}],"authorContributionMap":{"winston-lim":91}},{"path":"src/main/java/Deadline.java","fileType":"java","lines":[{"lineNumber":1,"author":{"gitId":"winston-lim"},"content":"public class Deadline extends Task {","lastModifiedDate":"2022-08-31"},{"lineNumber":2,"author":{"gitId":"winston-lim"},"content":"    private final String deadline;","lastModifiedDate":"2022-08-31"},{"lineNumber":3,"author":{"gitId":"winston-lim"},"content":"","lastModifiedDate":"2022-08-31"},{"lineNumber":4,"author":{"gitId":"winston-lim"},"content":"    Deadline(String description, int id, String deadline) {","lastModifiedDate":"2022-08-31"},{"lineNumber":5,"author":{"gitId":"winston-lim"},"content":"        super(description, id);","lastModifiedDate":"2022-08-31"},{"lineNumber":6,"author":{"gitId":"winston-lim"},"content":"        this.deadline \u003d deadline;","lastModifiedDate":"2022-08-31"},{"lineNumber":7,"author":{"gitId":"winston-lim"},"content":"    }","lastModifiedDate":"2022-08-31"},{"lineNumber":8,"author":{"gitId":"winston-lim"},"content":"","lastModifiedDate":"2022-08-31"},{"lineNumber":9,"author":{"gitId":"winston-lim"},"content":"    public String getDeadline() {","lastModifiedDate":"2022-08-31"},{"lineNumber":10,"author":{"gitId":"winston-lim"},"content":"        return deadline;","lastModifiedDate":"2022-08-31"},{"lineNumber":11,"author":{"gitId":"winston-lim"},"content":"    }","lastModifiedDate":"2022-08-31"},{"lineNumber":12,"author":{"gitId":"winston-lim"},"content":"","lastModifiedDate":"2022-08-31"},{"lineNumber":13,"author":{"gitId":"winston-lim"},"content":"    @Override","lastModifiedDate":"2022-08-31"},{"lineNumber":14,"author":{"gitId":"winston-lim"},"content":"    public String getDescription() {","lastModifiedDate":"2022-08-31"},{"lineNumber":15,"author":{"gitId":"winston-lim"},"content":"        return this.title + \" (by: \" + this.deadline + \")\";","lastModifiedDate":"2022-08-31"},{"lineNumber":16,"author":{"gitId":"winston-lim"},"content":"    }","lastModifiedDate":"2022-08-31"},{"lineNumber":17,"author":{"gitId":"winston-lim"},"content":"","lastModifiedDate":"2022-08-31"},{"lineNumber":18,"author":{"gitId":"winston-lim"},"content":"    @Override","lastModifiedDate":"2022-08-31"},{"lineNumber":19,"author":{"gitId":"winston-lim"},"content":"    public final String getStatusDescription() {","lastModifiedDate":"2022-08-31"},{"lineNumber":20,"author":{"gitId":"winston-lim"},"content":"        return \"[D] \" + this.getStatusIcon() + \" \" + this.getDescription();","lastModifiedDate":"2022-08-31"},{"lineNumber":21,"author":{"gitId":"winston-lim"},"content":"    }","lastModifiedDate":"2022-08-31"},{"lineNumber":22,"author":{"gitId":"winston-lim"},"content":"}","lastModifiedDate":"2022-08-31"}],"authorContributionMap":{"winston-lim":22}},{"path":"src/main/java/Duke.java","fileType":"java","lines":[{"lineNumber":1,"author":{"gitId":"winston-lim"},"content":"import java.util.List;","lastModifiedDate":"2022-08-24"},{"lineNumber":2,"author":{"gitId":"winston-lim"},"content":"","lastModifiedDate":"2022-08-24"},{"lineNumber":3,"author":{"gitId":"-"},"content":"public class Duke {","lastModifiedDate":"2019-07-29"},{"lineNumber":4,"author":{"gitId":"winston-lim"},"content":"    private static TaskManager taskManager;","lastModifiedDate":"2022-08-31"},{"lineNumber":5,"author":{"gitId":"winston-lim"},"content":"","lastModifiedDate":"2022-08-25"},{"lineNumber":6,"author":{"gitId":"winston-lim"},"content":"    /**","lastModifiedDate":"2022-08-29"},{"lineNumber":7,"author":{"gitId":"winston-lim"},"content":"     * This is the main method that runs on execution.","lastModifiedDate":"2022-08-29"},{"lineNumber":8,"author":{"gitId":"winston-lim"},"content":"     * ","lastModifiedDate":"2022-08-29"},{"lineNumber":9,"author":{"gitId":"winston-lim"},"content":"     * @param args an array of string inputs","lastModifiedDate":"2022-08-29"},{"lineNumber":10,"author":{"gitId":"winston-lim"},"content":"     */","lastModifiedDate":"2022-08-29"},{"lineNumber":11,"author":{"gitId":"-"},"content":"    public static void main(String[] args) {","lastModifiedDate":"2019-07-29"},{"lineNumber":12,"author":{"gitId":"winston-lim"},"content":"        // intialize variables","lastModifiedDate":"2022-08-24"},{"lineNumber":13,"author":{"gitId":"winston-lim"},"content":"        taskManager \u003d new TaskManager();","lastModifiedDate":"2022-08-31"},{"lineNumber":14,"author":{"gitId":"winston-lim"},"content":"","lastModifiedDate":"2022-08-24"},{"lineNumber":15,"author":{"gitId":"winston-lim"},"content":"        ConversationManager.intializeConversation();","lastModifiedDate":"2022-08-31"},{"lineNumber":16,"author":{"gitId":"winston-lim"},"content":"","lastModifiedDate":"2022-08-24"},{"lineNumber":17,"author":{"gitId":"winston-lim"},"content":"        // try to get user input","lastModifiedDate":"2022-08-31"},{"lineNumber":18,"author":{"gitId":"winston-lim"},"content":"        List\u003cString[]\u003e inputs \u003d ConversationManager.getUserInput();","lastModifiedDate":"2022-08-31"},{"lineNumber":19,"author":{"gitId":"winston-lim"},"content":"","lastModifiedDate":"2022-08-25"},{"lineNumber":20,"author":{"gitId":"winston-lim"},"content":"        // maintain conversation","lastModifiedDate":"2022-08-25"},{"lineNumber":21,"author":{"gitId":"winston-lim"},"content":"        while (!inputs.get(0)[0].equals(\"bye\")) {","lastModifiedDate":"2022-08-31"},{"lineNumber":22,"author":{"gitId":"winston-lim"},"content":"            String command \u003d inputs.get(0)[0];","lastModifiedDate":"2022-08-31"},{"lineNumber":23,"author":{"gitId":"winston-lim"},"content":"            String[] userArgs \u003d inputs.get(1);","lastModifiedDate":"2022-08-31"},{"lineNumber":24,"author":{"gitId":"winston-lim"},"content":"","lastModifiedDate":"2022-08-25"},{"lineNumber":25,"author":{"gitId":"winston-lim"},"content":"            handleCommand(command, userArgs);","lastModifiedDate":"2022-08-31"},{"lineNumber":26,"author":{"gitId":"winston-lim"},"content":"","lastModifiedDate":"2022-08-25"},{"lineNumber":27,"author":{"gitId":"winston-lim"},"content":"            inputs \u003d ConversationManager.getUserInput();","lastModifiedDate":"2022-08-31"},{"lineNumber":28,"author":{"gitId":"winston-lim"},"content":"        }","lastModifiedDate":"2022-08-24"},{"lineNumber":29,"author":{"gitId":"winston-lim"},"content":"","lastModifiedDate":"2022-08-24"},{"lineNumber":30,"author":{"gitId":"winston-lim"},"content":"        ConversationManager.exitConversation();","lastModifiedDate":"2022-08-31"},{"lineNumber":31,"author":{"gitId":"-"},"content":"    }","lastModifiedDate":"2022-08-25"},{"lineNumber":32,"author":{"gitId":"winston-lim"},"content":"","lastModifiedDate":"2022-08-25"},{"lineNumber":33,"author":{"gitId":"winston-lim"},"content":"","lastModifiedDate":"2022-08-25"},{"lineNumber":34,"author":{"gitId":"winston-lim"},"content":"    /**","lastModifiedDate":"2022-08-29"},{"lineNumber":35,"author":{"gitId":"winston-lim"},"content":"     * Handles a command given from user.","lastModifiedDate":"2022-08-31"},{"lineNumber":36,"author":{"gitId":"winston-lim"},"content":"     * ","lastModifiedDate":"2022-08-29"},{"lineNumber":37,"author":{"gitId":"winston-lim"},"content":"     * @param command any string","lastModifiedDate":"2022-08-31"},{"lineNumber":38,"author":{"gitId":"winston-lim"},"content":"     * @param args an array of strings of any length","lastModifiedDate":"2022-08-31"},{"lineNumber":39,"author":{"gitId":"winston-lim"},"content":"     */","lastModifiedDate":"2022-08-29"},{"lineNumber":40,"author":{"gitId":"winston-lim"},"content":"    public static void handleCommand(String command, String[] args) {","lastModifiedDate":"2022-08-31"},{"lineNumber":41,"author":{"gitId":"winston-lim"},"content":"        switch (command) {","lastModifiedDate":"2022-08-31"},{"lineNumber":42,"author":{"gitId":"winston-lim"},"content":"        case \"list\": {","lastModifiedDate":"2022-08-31"},{"lineNumber":43,"author":{"gitId":"winston-lim"},"content":"            taskManager.listTasks();","lastModifiedDate":"2022-08-31"},{"lineNumber":44,"author":{"gitId":"winston-lim"},"content":"            break;","lastModifiedDate":"2022-08-31"},{"lineNumber":45,"author":{"gitId":"winston-lim"},"content":"        }","lastModifiedDate":"2022-08-31"},{"lineNumber":46,"author":{"gitId":"winston-lim"},"content":"        case \"mark\": {","lastModifiedDate":"2022-08-31"},{"lineNumber":47,"author":{"gitId":"winston-lim"},"content":"            taskManager.markTask(args);","lastModifiedDate":"2022-08-31"},{"lineNumber":48,"author":{"gitId":"winston-lim"},"content":"            break;","lastModifiedDate":"2022-08-31"},{"lineNumber":49,"author":{"gitId":"winston-lim"},"content":"        }","lastModifiedDate":"2022-08-31"},{"lineNumber":50,"author":{"gitId":"winston-lim"},"content":"        case \"unmark\": {","lastModifiedDate":"2022-08-31"},{"lineNumber":51,"author":{"gitId":"winston-lim"},"content":"            taskManager.unmarkTask(args);","lastModifiedDate":"2022-08-31"},{"lineNumber":52,"author":{"gitId":"winston-lim"},"content":"            break;","lastModifiedDate":"2022-08-31"},{"lineNumber":53,"author":{"gitId":"winston-lim"},"content":"        }","lastModifiedDate":"2022-08-31"},{"lineNumber":54,"author":{"gitId":"winston-lim"},"content":"        default: {","lastModifiedDate":"2022-08-31"},{"lineNumber":55,"author":{"gitId":"winston-lim"},"content":"            // ConversationManager.printErrorResponse(List.of(\"command not found\"));","lastModifiedDate":"2022-08-31"},{"lineNumber":56,"author":{"gitId":"winston-lim"},"content":"            taskManager.addTask(command, args);","lastModifiedDate":"2022-08-31"},{"lineNumber":57,"author":{"gitId":"winston-lim"},"content":"        }","lastModifiedDate":"2022-08-25"},{"lineNumber":58,"author":{"gitId":"winston-lim"},"content":"        }","lastModifiedDate":"2022-08-25"},{"lineNumber":59,"author":{"gitId":"winston-lim"},"content":"    }","lastModifiedDate":"2022-08-25"},{"lineNumber":60,"author":{"gitId":"winston-lim"},"content":"","lastModifiedDate":"2022-08-25"},{"lineNumber":61,"author":{"gitId":"-"},"content":"}","lastModifiedDate":"2019-07-29"}],"authorContributionMap":{"winston-lim":57,"-":4}},{"path":"src/main/java/Event.java","fileType":"java","lines":[{"lineNumber":1,"author":{"gitId":"winston-lim"},"content":"public class Event extends Task {","lastModifiedDate":"2022-08-31"},{"lineNumber":2,"author":{"gitId":"winston-lim"},"content":"    private final String duration;","lastModifiedDate":"2022-08-31"},{"lineNumber":3,"author":{"gitId":"winston-lim"},"content":"","lastModifiedDate":"2022-08-31"},{"lineNumber":4,"author":{"gitId":"winston-lim"},"content":"    Event(String description, int id, String duration) {","lastModifiedDate":"2022-08-31"},{"lineNumber":5,"author":{"gitId":"winston-lim"},"content":"        super(description, id);","lastModifiedDate":"2022-08-31"},{"lineNumber":6,"author":{"gitId":"winston-lim"},"content":"        this.duration \u003d duration;","lastModifiedDate":"2022-08-31"},{"lineNumber":7,"author":{"gitId":"winston-lim"},"content":"    }","lastModifiedDate":"2022-08-31"},{"lineNumber":8,"author":{"gitId":"winston-lim"},"content":"","lastModifiedDate":"2022-08-31"},{"lineNumber":9,"author":{"gitId":"winston-lim"},"content":"    public String getDuration() {","lastModifiedDate":"2022-08-31"},{"lineNumber":10,"author":{"gitId":"winston-lim"},"content":"        return this.duration;","lastModifiedDate":"2022-08-31"},{"lineNumber":11,"author":{"gitId":"winston-lim"},"content":"    }","lastModifiedDate":"2022-08-31"},{"lineNumber":12,"author":{"gitId":"winston-lim"},"content":"","lastModifiedDate":"2022-08-31"},{"lineNumber":13,"author":{"gitId":"winston-lim"},"content":"    @Override","lastModifiedDate":"2022-08-31"},{"lineNumber":14,"author":{"gitId":"winston-lim"},"content":"    public String getDescription() {","lastModifiedDate":"2022-08-31"},{"lineNumber":15,"author":{"gitId":"winston-lim"},"content":"        return this.title + \" (at: \" + this.duration + \")\";","lastModifiedDate":"2022-08-31"},{"lineNumber":16,"author":{"gitId":"winston-lim"},"content":"    }","lastModifiedDate":"2022-08-31"},{"lineNumber":17,"author":{"gitId":"winston-lim"},"content":"","lastModifiedDate":"2022-08-31"},{"lineNumber":18,"author":{"gitId":"winston-lim"},"content":"    @Override","lastModifiedDate":"2022-08-31"},{"lineNumber":19,"author":{"gitId":"winston-lim"},"content":"    public final String getStatusDescription() {","lastModifiedDate":"2022-08-31"},{"lineNumber":20,"author":{"gitId":"winston-lim"},"content":"        return \"[E] \" + this.getStatusIcon() + \" \" + this.getDescription();","lastModifiedDate":"2022-08-31"},{"lineNumber":21,"author":{"gitId":"winston-lim"},"content":"    }","lastModifiedDate":"2022-08-31"},{"lineNumber":22,"author":{"gitId":"winston-lim"},"content":"}","lastModifiedDate":"2022-08-31"}],"authorContributionMap":{"winston-lim":22}},{"path":"src/main/java/Task.java","fileType":"java","lines":[{"lineNumber":1,"author":{"gitId":"winston-lim"},"content":"public class Task {","lastModifiedDate":"2022-08-25"},{"lineNumber":2,"author":{"gitId":"winston-lim"},"content":"    protected final String title;","lastModifiedDate":"2022-08-31"},{"lineNumber":3,"author":{"gitId":"winston-lim"},"content":"    protected final int id;","lastModifiedDate":"2022-08-31"},{"lineNumber":4,"author":{"gitId":"winston-lim"},"content":"    private boolean isDone;","lastModifiedDate":"2022-08-25"},{"lineNumber":5,"author":{"gitId":"winston-lim"},"content":"","lastModifiedDate":"2022-08-25"},{"lineNumber":6,"author":{"gitId":"winston-lim"},"content":"    /**","lastModifiedDate":"2022-08-31"},{"lineNumber":7,"author":{"gitId":"winston-lim"},"content":"     * Constructor method.","lastModifiedDate":"2022-08-31"},{"lineNumber":8,"author":{"gitId":"winston-lim"},"content":"     * ","lastModifiedDate":"2022-08-31"},{"lineNumber":9,"author":{"gitId":"winston-lim"},"content":"     * @param title a string of the title of the task","lastModifiedDate":"2022-08-31"},{"lineNumber":10,"author":{"gitId":"winston-lim"},"content":"     * @param id a integer representing a unique identifier of the task","lastModifiedDate":"2022-08-31"},{"lineNumber":11,"author":{"gitId":"winston-lim"},"content":"     */","lastModifiedDate":"2022-08-31"},{"lineNumber":12,"author":{"gitId":"winston-lim"},"content":"    public Task(String title, int id) {","lastModifiedDate":"2022-08-31"},{"lineNumber":13,"author":{"gitId":"winston-lim"},"content":"        this.title \u003d title;","lastModifiedDate":"2022-08-31"},{"lineNumber":14,"author":{"gitId":"winston-lim"},"content":"        this.isDone \u003d false;","lastModifiedDate":"2022-08-25"},{"lineNumber":15,"author":{"gitId":"winston-lim"},"content":"        this.id \u003d id;","lastModifiedDate":"2022-08-31"},{"lineNumber":16,"author":{"gitId":"winston-lim"},"content":"    }","lastModifiedDate":"2022-08-25"},{"lineNumber":17,"author":{"gitId":"winston-lim"},"content":"","lastModifiedDate":"2022-08-25"},{"lineNumber":18,"author":{"gitId":"winston-lim"},"content":"    public final boolean getStatus() {","lastModifiedDate":"2022-08-31"},{"lineNumber":19,"author":{"gitId":"winston-lim"},"content":"        return this.isDone;","lastModifiedDate":"2022-08-31"},{"lineNumber":20,"author":{"gitId":"winston-lim"},"content":"    }","lastModifiedDate":"2022-08-25"},{"lineNumber":21,"author":{"gitId":"winston-lim"},"content":"","lastModifiedDate":"2022-08-25"},{"lineNumber":22,"author":{"gitId":"winston-lim"},"content":"    public final void setStatus(boolean isDone) {","lastModifiedDate":"2022-08-31"},{"lineNumber":23,"author":{"gitId":"winston-lim"},"content":"        this.isDone \u003d isDone;","lastModifiedDate":"2022-08-31"},{"lineNumber":24,"author":{"gitId":"winston-lim"},"content":"    }","lastModifiedDate":"2022-08-25"},{"lineNumber":25,"author":{"gitId":"winston-lim"},"content":"","lastModifiedDate":"2022-08-25"},{"lineNumber":26,"author":{"gitId":"winston-lim"},"content":"    public final String getStatusIcon() {","lastModifiedDate":"2022-08-31"},{"lineNumber":27,"author":{"gitId":"winston-lim"},"content":"        return (this.isDone ? \"[X]\" : \"[ ]\"); // mark done task with X","lastModifiedDate":"2022-08-31"},{"lineNumber":28,"author":{"gitId":"winston-lim"},"content":"    }","lastModifiedDate":"2022-08-25"},{"lineNumber":29,"author":{"gitId":"winston-lim"},"content":"","lastModifiedDate":"2022-08-25"},{"lineNumber":30,"author":{"gitId":"winston-lim"},"content":"    public String getDescription() {","lastModifiedDate":"2022-08-31"},{"lineNumber":31,"author":{"gitId":"winston-lim"},"content":"        return this.title;","lastModifiedDate":"2022-08-31"},{"lineNumber":32,"author":{"gitId":"winston-lim"},"content":"    }","lastModifiedDate":"2022-08-25"},{"lineNumber":33,"author":{"gitId":"winston-lim"},"content":"","lastModifiedDate":"2022-08-25"},{"lineNumber":34,"author":{"gitId":"winston-lim"},"content":"    public String getStatusDescription() {","lastModifiedDate":"2022-08-31"},{"lineNumber":35,"author":{"gitId":"winston-lim"},"content":"        return getStatusIcon() + \" \" + getDescription();","lastModifiedDate":"2022-08-31"},{"lineNumber":36,"author":{"gitId":"winston-lim"},"content":"    }","lastModifiedDate":"2022-08-31"},{"lineNumber":37,"author":{"gitId":"winston-lim"},"content":"","lastModifiedDate":"2022-08-31"},{"lineNumber":38,"author":{"gitId":"winston-lim"},"content":"    public String getStatusDescriptionWithId() {","lastModifiedDate":"2022-08-31"},{"lineNumber":39,"author":{"gitId":"winston-lim"},"content":"        return this.id + \". \" + this.getStatusDescription();","lastModifiedDate":"2022-08-31"},{"lineNumber":40,"author":{"gitId":"winston-lim"},"content":"    }","lastModifiedDate":"2022-08-25"},{"lineNumber":41,"author":{"gitId":"winston-lim"},"content":"}","lastModifiedDate":"2022-08-25"}],"authorContributionMap":{"winston-lim":41}},{"path":"src/main/java/TaskManager.java","fileType":"java","lines":[{"lineNumber":1,"author":{"gitId":"winston-lim"},"content":"import java.util.ArrayList;","lastModifiedDate":"2022-08-25"},{"lineNumber":2,"author":{"gitId":"winston-lim"},"content":"import java.util.Arrays;","lastModifiedDate":"2022-08-31"},{"lineNumber":3,"author":{"gitId":"winston-lim"},"content":"import java.util.List;","lastModifiedDate":"2022-08-25"},{"lineNumber":4,"author":{"gitId":"winston-lim"},"content":"","lastModifiedDate":"2022-08-25"},{"lineNumber":5,"author":{"gitId":"winston-lim"},"content":"public class TaskManager {","lastModifiedDate":"2022-08-25"},{"lineNumber":6,"author":{"gitId":"winston-lim"},"content":"    private final List\u003cTask\u003e recordedTasks;","lastModifiedDate":"2022-08-31"},{"lineNumber":7,"author":{"gitId":"winston-lim"},"content":"    private int taskCount \u003d 0;","lastModifiedDate":"2022-08-25"},{"lineNumber":8,"author":{"gitId":"winston-lim"},"content":"","lastModifiedDate":"2022-08-25"},{"lineNumber":9,"author":{"gitId":"winston-lim"},"content":"    TaskManager() {","lastModifiedDate":"2022-08-31"},{"lineNumber":10,"author":{"gitId":"winston-lim"},"content":"        this.recordedTasks \u003d new ArrayList\u003cTask\u003e();","lastModifiedDate":"2022-08-31"},{"lineNumber":11,"author":{"gitId":"winston-lim"},"content":"    }","lastModifiedDate":"2022-08-31"},{"lineNumber":12,"author":{"gitId":"winston-lim"},"content":"","lastModifiedDate":"2022-08-31"},{"lineNumber":13,"author":{"gitId":"winston-lim"},"content":"    /**","lastModifiedDate":"2022-08-29"},{"lineNumber":14,"author":{"gitId":"winston-lim"},"content":"     * Creates a new task.","lastModifiedDate":"2022-08-29"},{"lineNumber":15,"author":{"gitId":"winston-lim"},"content":"     * ","lastModifiedDate":"2022-08-29"},{"lineNumber":16,"author":{"gitId":"winston-lim"},"content":"     * @param command a string from user input","lastModifiedDate":"2022-08-31"},{"lineNumber":17,"author":{"gitId":"winston-lim"},"content":"     * @param args an array of strings from user inputs","lastModifiedDate":"2022-08-31"},{"lineNumber":18,"author":{"gitId":"winston-lim"},"content":"     */","lastModifiedDate":"2022-08-29"},{"lineNumber":19,"author":{"gitId":"winston-lim"},"content":"    public final void addTask(String command, String[] args) {","lastModifiedDate":"2022-08-31"},{"lineNumber":20,"author":{"gitId":"winston-lim"},"content":"        if (args.length \u003d\u003d 0) {","lastModifiedDate":"2022-08-31"},{"lineNumber":21,"author":{"gitId":"winston-lim"},"content":"            ConversationManager","lastModifiedDate":"2022-08-31"},{"lineNumber":22,"author":{"gitId":"winston-lim"},"content":"                    .printErrorResponse(List.of(\"no such command or insufficient arguments\"));","lastModifiedDate":"2022-08-31"},{"lineNumber":23,"author":{"gitId":"winston-lim"},"content":"            return;","lastModifiedDate":"2022-08-31"},{"lineNumber":24,"author":{"gitId":"winston-lim"},"content":"        }","lastModifiedDate":"2022-08-31"},{"lineNumber":25,"author":{"gitId":"winston-lim"},"content":"        String title;","lastModifiedDate":"2022-08-31"},{"lineNumber":26,"author":{"gitId":"winston-lim"},"content":"        switch (command) {","lastModifiedDate":"2022-08-31"},{"lineNumber":27,"author":{"gitId":"winston-lim"},"content":"        case \"todo\": {","lastModifiedDate":"2022-08-31"},{"lineNumber":28,"author":{"gitId":"winston-lim"},"content":"            taskCount++;","lastModifiedDate":"2022-08-31"},{"lineNumber":29,"author":{"gitId":"winston-lim"},"content":"            title \u003d String.join(\" \", args);","lastModifiedDate":"2022-08-31"},{"lineNumber":30,"author":{"gitId":"winston-lim"},"content":"            recordedTasks.add(new Todo(title, taskCount));","lastModifiedDate":"2022-08-31"},{"lineNumber":31,"author":{"gitId":"winston-lim"},"content":"            break;","lastModifiedDate":"2022-08-31"},{"lineNumber":32,"author":{"gitId":"winston-lim"},"content":"        }","lastModifiedDate":"2022-08-31"},{"lineNumber":33,"author":{"gitId":"winston-lim"},"content":"        case \"deadline\": {","lastModifiedDate":"2022-08-31"},{"lineNumber":34,"author":{"gitId":"winston-lim"},"content":"            taskCount++;","lastModifiedDate":"2022-08-25"},{"lineNumber":35,"author":{"gitId":"winston-lim"},"content":"            int index \u003d Arrays.asList(args).indexOf(\"/by\");","lastModifiedDate":"2022-08-31"},{"lineNumber":36,"author":{"gitId":"winston-lim"},"content":"            title \u003d String.join(\" \", Arrays.copyOfRange(args, 0, index));","lastModifiedDate":"2022-08-31"},{"lineNumber":37,"author":{"gitId":"winston-lim"},"content":"            String deadline \u003d String.join(\" \", Arrays.copyOfRange(args, index + 1, args.length));","lastModifiedDate":"2022-08-31"},{"lineNumber":38,"author":{"gitId":"winston-lim"},"content":"            recordedTasks.add(new Deadline(title, taskCount, deadline));","lastModifiedDate":"2022-08-31"},{"lineNumber":39,"author":{"gitId":"winston-lim"},"content":"            break;","lastModifiedDate":"2022-08-31"},{"lineNumber":40,"author":{"gitId":"winston-lim"},"content":"        }","lastModifiedDate":"2022-08-31"},{"lineNumber":41,"author":{"gitId":"winston-lim"},"content":"        case \"event\": {","lastModifiedDate":"2022-08-31"},{"lineNumber":42,"author":{"gitId":"winston-lim"},"content":"            taskCount++;","lastModifiedDate":"2022-08-31"},{"lineNumber":43,"author":{"gitId":"winston-lim"},"content":"            int index \u003d Arrays.asList(args).indexOf(\"/at\");","lastModifiedDate":"2022-08-31"},{"lineNumber":44,"author":{"gitId":"winston-lim"},"content":"            title \u003d String.join(\" \", Arrays.copyOfRange(args, 0, index));","lastModifiedDate":"2022-08-31"},{"lineNumber":45,"author":{"gitId":"winston-lim"},"content":"            String duration \u003d String.join(\" \", Arrays.copyOfRange(args, index + 1, args.length));","lastModifiedDate":"2022-08-31"},{"lineNumber":46,"author":{"gitId":"winston-lim"},"content":"            recordedTasks.add(new Event(title, taskCount, duration));","lastModifiedDate":"2022-08-31"},{"lineNumber":47,"author":{"gitId":"winston-lim"},"content":"            break;","lastModifiedDate":"2022-08-31"},{"lineNumber":48,"author":{"gitId":"winston-lim"},"content":"        }","lastModifiedDate":"2022-08-31"},{"lineNumber":49,"author":{"gitId":"winston-lim"},"content":"        default: {","lastModifiedDate":"2022-08-31"},{"lineNumber":50,"author":{"gitId":"winston-lim"},"content":"            ConversationManager.printErrorResponse(List.of(\"no such command\"));","lastModifiedDate":"2022-08-31"},{"lineNumber":51,"author":{"gitId":"winston-lim"},"content":"            return;","lastModifiedDate":"2022-08-31"},{"lineNumber":52,"author":{"gitId":"winston-lim"},"content":"        }","lastModifiedDate":"2022-08-31"},{"lineNumber":53,"author":{"gitId":"winston-lim"},"content":"        }","lastModifiedDate":"2022-08-31"},{"lineNumber":54,"author":{"gitId":"winston-lim"},"content":"        List\u003cString\u003e messages \u003d new ArrayList\u003cString\u003e();","lastModifiedDate":"2022-08-31"},{"lineNumber":55,"author":{"gitId":"winston-lim"},"content":"        messages.add(\"Got it! Added this task: \");","lastModifiedDate":"2022-08-31"},{"lineNumber":56,"author":{"gitId":"winston-lim"},"content":"        messages.add(\"    \" + recordedTasks.get(taskCount - 1).getStatusDescription());","lastModifiedDate":"2022-08-31"},{"lineNumber":57,"author":{"gitId":"winston-lim"},"content":"        messages.add(\"You now have: \" + this.taskCount + \" tasks\");","lastModifiedDate":"2022-08-31"},{"lineNumber":58,"author":{"gitId":"winston-lim"},"content":"        ConversationManager.printNormalResponse(messages);","lastModifiedDate":"2022-08-31"},{"lineNumber":59,"author":{"gitId":"winston-lim"},"content":"    }","lastModifiedDate":"2022-08-31"},{"lineNumber":60,"author":{"gitId":"winston-lim"},"content":"","lastModifiedDate":"2022-08-31"},{"lineNumber":61,"author":{"gitId":"winston-lim"},"content":"    /**","lastModifiedDate":"2022-08-31"},{"lineNumber":62,"author":{"gitId":"winston-lim"},"content":"     * Lists all recorded tasks.","lastModifiedDate":"2022-08-31"},{"lineNumber":63,"author":{"gitId":"winston-lim"},"content":"     */","lastModifiedDate":"2022-08-31"},{"lineNumber":64,"author":{"gitId":"winston-lim"},"content":"    public final void listTasks() {","lastModifiedDate":"2022-08-31"},{"lineNumber":65,"author":{"gitId":"winston-lim"},"content":"        List\u003cString\u003e messages \u003d new ArrayList\u003cString\u003e();","lastModifiedDate":"2022-08-31"},{"lineNumber":66,"author":{"gitId":"winston-lim"},"content":"        messages.add(\"Here are the tasks in your list:\");","lastModifiedDate":"2022-08-31"},{"lineNumber":67,"author":{"gitId":"winston-lim"},"content":"        for (int i \u003d 0; i \u003c this.taskCount; ++i) {","lastModifiedDate":"2022-08-31"},{"lineNumber":68,"author":{"gitId":"winston-lim"},"content":"            messages.add(recordedTasks.get(i).getStatusDescriptionWithId());","lastModifiedDate":"2022-08-31"},{"lineNumber":69,"author":{"gitId":"winston-lim"},"content":"        }","lastModifiedDate":"2022-08-31"},{"lineNumber":70,"author":{"gitId":"winston-lim"},"content":"        messages.add(\"Total number of tasks is: \" + taskCount);","lastModifiedDate":"2022-08-31"},{"lineNumber":71,"author":{"gitId":"winston-lim"},"content":"        ConversationManager.printNormalResponse(messages);","lastModifiedDate":"2022-08-31"},{"lineNumber":72,"author":{"gitId":"winston-lim"},"content":"    }","lastModifiedDate":"2022-08-25"},{"lineNumber":73,"author":{"gitId":"winston-lim"},"content":"","lastModifiedDate":"2022-08-25"},{"lineNumber":74,"author":{"gitId":"winston-lim"},"content":"    /**","lastModifiedDate":"2022-08-29"},{"lineNumber":75,"author":{"gitId":"winston-lim"},"content":"     * Marks a task as done by calling Task.setIsDone.","lastModifiedDate":"2022-08-29"},{"lineNumber":76,"author":{"gitId":"winston-lim"},"content":"     * ","lastModifiedDate":"2022-08-29"},{"lineNumber":77,"author":{"gitId":"winston-lim"},"content":"     * @param args a list of string arguments provided by user","lastModifiedDate":"2022-08-31"},{"lineNumber":78,"author":{"gitId":"winston-lim"},"content":"     */","lastModifiedDate":"2022-08-29"},{"lineNumber":79,"author":{"gitId":"winston-lim"},"content":"    public final void markTask(String[] args) {","lastModifiedDate":"2022-08-31"},{"lineNumber":80,"author":{"gitId":"winston-lim"},"content":"        if (args.length \u003d\u003d 0) {","lastModifiedDate":"2022-08-31"},{"lineNumber":81,"author":{"gitId":"winston-lim"},"content":"            ConversationManager.printErrorResponse(List.of(\"insufficient arguments\"));","lastModifiedDate":"2022-08-31"},{"lineNumber":82,"author":{"gitId":"winston-lim"},"content":"            return;","lastModifiedDate":"2022-08-31"},{"lineNumber":83,"author":{"gitId":"winston-lim"},"content":"        }","lastModifiedDate":"2022-08-31"},{"lineNumber":84,"author":{"gitId":"winston-lim"},"content":"        int taskNum \u003d Integer.parseInt(args[0]);","lastModifiedDate":"2022-08-31"},{"lineNumber":85,"author":{"gitId":"winston-lim"},"content":"        if (taskNum \u003c 1 || taskNum \u003e recordedTasks.size()) { // task does not exist","lastModifiedDate":"2022-08-25"},{"lineNumber":86,"author":{"gitId":"winston-lim"},"content":"            ConversationManager.printErrorResponse(List.of(\"task does not exist\"));","lastModifiedDate":"2022-08-31"},{"lineNumber":87,"author":{"gitId":"winston-lim"},"content":"        } else if (recordedTasks.get(taskNum - 1).getStatus()) {","lastModifiedDate":"2022-08-25"},{"lineNumber":88,"author":{"gitId":"winston-lim"},"content":"            ConversationManager.printErrorResponse(List.of(\"task is already marked\"));","lastModifiedDate":"2022-08-31"},{"lineNumber":89,"author":{"gitId":"winston-lim"},"content":"        } else { // task exists","lastModifiedDate":"2022-08-25"},{"lineNumber":90,"author":{"gitId":"winston-lim"},"content":"            recordedTasks.get(taskNum - 1).setStatus(true);","lastModifiedDate":"2022-08-31"},{"lineNumber":91,"author":{"gitId":"winston-lim"},"content":"            List\u003cString\u003e messages \u003d new ArrayList\u003cString\u003e();","lastModifiedDate":"2022-08-31"},{"lineNumber":92,"author":{"gitId":"winston-lim"},"content":"            messages.add(\"I\u0027ve marked this task: \");","lastModifiedDate":"2022-08-31"},{"lineNumber":93,"author":{"gitId":"winston-lim"},"content":"            messages.add(recordedTasks.get(taskNum - 1).getStatusDescription());","lastModifiedDate":"2022-08-31"},{"lineNumber":94,"author":{"gitId":"winston-lim"},"content":"            ConversationManager.printNormalResponse(messages);","lastModifiedDate":"2022-08-31"},{"lineNumber":95,"author":{"gitId":"winston-lim"},"content":"        }","lastModifiedDate":"2022-08-25"},{"lineNumber":96,"author":{"gitId":"winston-lim"},"content":"    }","lastModifiedDate":"2022-08-25"},{"lineNumber":97,"author":{"gitId":"winston-lim"},"content":"","lastModifiedDate":"2022-08-25"},{"lineNumber":98,"author":{"gitId":"winston-lim"},"content":"    /**","lastModifiedDate":"2022-08-29"},{"lineNumber":99,"author":{"gitId":"winston-lim"},"content":"     * Marks a task as not done by calling Task.setIsDone.","lastModifiedDate":"2022-08-29"},{"lineNumber":100,"author":{"gitId":"winston-lim"},"content":"     * ","lastModifiedDate":"2022-08-29"},{"lineNumber":101,"author":{"gitId":"winston-lim"},"content":"     * @param args a list of string arguments provided by user","lastModifiedDate":"2022-08-31"},{"lineNumber":102,"author":{"gitId":"winston-lim"},"content":"     */","lastModifiedDate":"2022-08-29"},{"lineNumber":103,"author":{"gitId":"winston-lim"},"content":"    public final void unmarkTask(String[] args) {","lastModifiedDate":"2022-08-31"},{"lineNumber":104,"author":{"gitId":"winston-lim"},"content":"        if (args.length \u003d\u003d 0) {","lastModifiedDate":"2022-08-31"},{"lineNumber":105,"author":{"gitId":"winston-lim"},"content":"            ConversationManager.printErrorResponse(List.of(\"insufficient arguments\"));","lastModifiedDate":"2022-08-31"},{"lineNumber":106,"author":{"gitId":"winston-lim"},"content":"            return;","lastModifiedDate":"2022-08-31"},{"lineNumber":107,"author":{"gitId":"winston-lim"},"content":"        }","lastModifiedDate":"2022-08-31"},{"lineNumber":108,"author":{"gitId":"winston-lim"},"content":"        int taskNum \u003d Integer.parseInt(args[0]);","lastModifiedDate":"2022-08-31"},{"lineNumber":109,"author":{"gitId":"winston-lim"},"content":"        if (taskNum \u003c 1 || taskNum \u003e recordedTasks.size()) { // task does not exist","lastModifiedDate":"2022-08-25"},{"lineNumber":110,"author":{"gitId":"winston-lim"},"content":"            ConversationManager.printErrorResponse(List.of(\"task does not exist\"));","lastModifiedDate":"2022-08-31"},{"lineNumber":111,"author":{"gitId":"winston-lim"},"content":"        } else if (!recordedTasks.get(taskNum - 1).getStatus()) {","lastModifiedDate":"2022-08-25"},{"lineNumber":112,"author":{"gitId":"winston-lim"},"content":"            ConversationManager.printErrorResponse(List.of(\"task is not yet marked\"));","lastModifiedDate":"2022-08-31"},{"lineNumber":113,"author":{"gitId":"winston-lim"},"content":"        } else { // task exists","lastModifiedDate":"2022-08-25"},{"lineNumber":114,"author":{"gitId":"winston-lim"},"content":"            recordedTasks.get(taskNum - 1).setStatus(false);","lastModifiedDate":"2022-08-31"},{"lineNumber":115,"author":{"gitId":"winston-lim"},"content":"            List\u003cString\u003e messages \u003d new ArrayList\u003cString\u003e();","lastModifiedDate":"2022-08-31"},{"lineNumber":116,"author":{"gitId":"winston-lim"},"content":"            messages.add(\"I\u0027ve unmarked this task: \");","lastModifiedDate":"2022-08-31"},{"lineNumber":117,"author":{"gitId":"winston-lim"},"content":"            messages.add(recordedTasks.get(taskNum - 1).getStatusDescription());","lastModifiedDate":"2022-08-31"},{"lineNumber":118,"author":{"gitId":"winston-lim"},"content":"            ConversationManager.printNormalResponse(messages);","lastModifiedDate":"2022-08-31"},{"lineNumber":119,"author":{"gitId":"winston-lim"},"content":"        }","lastModifiedDate":"2022-08-25"},{"lineNumber":120,"author":{"gitId":"winston-lim"},"content":"    }","lastModifiedDate":"2022-08-25"},{"lineNumber":121,"author":{"gitId":"winston-lim"},"content":"}","lastModifiedDate":"2022-08-25"}],"authorContributionMap":{"winston-lim":121}},{"path":"src/main/java/Todo.java","fileType":"java","lines":[{"lineNumber":1,"author":{"gitId":"winston-lim"},"content":"public class Todo extends Task {","lastModifiedDate":"2022-08-31"},{"lineNumber":2,"author":{"gitId":"winston-lim"},"content":"    Todo(String description, int id) {","lastModifiedDate":"2022-08-31"},{"lineNumber":3,"author":{"gitId":"winston-lim"},"content":"        super(description, id);","lastModifiedDate":"2022-08-31"},{"lineNumber":4,"author":{"gitId":"winston-lim"},"content":"    }","lastModifiedDate":"2022-08-31"},{"lineNumber":5,"author":{"gitId":"winston-lim"},"content":"","lastModifiedDate":"2022-08-31"},{"lineNumber":6,"author":{"gitId":"winston-lim"},"content":"    @Override","lastModifiedDate":"2022-08-31"},{"lineNumber":7,"author":{"gitId":"winston-lim"},"content":"    public final String getStatusDescription() {","lastModifiedDate":"2022-08-31"},{"lineNumber":8,"author":{"gitId":"winston-lim"},"content":"        return \"[T] \" + this.getStatusIcon() + \" \" + this.getDescription();","lastModifiedDate":"2022-08-31"},{"lineNumber":9,"author":{"gitId":"winston-lim"},"content":"    }","lastModifiedDate":"2022-08-31"},{"lineNumber":10,"author":{"gitId":"winston-lim"},"content":"}","lastModifiedDate":"2022-08-31"}],"authorContributionMap":{"winston-lim":10}},{"path":"text-ui-test/input.txt","fileType":"txt","lines":[{"lineNumber":1,"author":{"gitId":"winston-lim"},"content":"list","lastModifiedDate":"2022-08-31"},{"lineNumber":2,"author":{"gitId":"winston-lim"},"content":"todo return cs2113 textbook","lastModifiedDate":"2022-08-31"},{"lineNumber":3,"author":{"gitId":"winston-lim"},"content":"list","lastModifiedDate":"2022-08-31"},{"lineNumber":4,"author":{"gitId":"winston-lim"},"content":"mark 0","lastModifiedDate":"2022-08-31"},{"lineNumber":5,"author":{"gitId":"winston-lim"},"content":"mark 1","lastModifiedDate":"2022-08-31"},{"lineNumber":6,"author":{"gitId":"winston-lim"},"content":"unmark 1","lastModifiedDate":"2022-08-31"},{"lineNumber":7,"author":{"gitId":"winston-lim"},"content":"deadline borrow cs2102 textbook /by 9 November 2022","lastModifiedDate":"2022-08-31"},{"lineNumber":8,"author":{"gitId":"winston-lim"},"content":"list","lastModifiedDate":"2022-08-31"},{"lineNumber":9,"author":{"gitId":"winston-lim"},"content":"mark 3","lastModifiedDate":"2022-08-31"},{"lineNumber":10,"author":{"gitId":"winston-lim"},"content":"unmark 2","lastModifiedDate":"2022-08-31"},{"lineNumber":11,"author":{"gitId":"winston-lim"},"content":"mark 2","lastModifiedDate":"2022-08-31"},{"lineNumber":12,"author":{"gitId":"winston-lim"},"content":"mark 2","lastModifiedDate":"2022-08-31"},{"lineNumber":13,"author":{"gitId":"winston-lim"},"content":"event attend TIPS closing ceremoney /at 25th November 2-4pm","lastModifiedDate":"2022-08-31"},{"lineNumber":14,"author":{"gitId":"winston-lim"},"content":"list","lastModifiedDate":"2022-08-31"},{"lineNumber":15,"author":{"gitId":"winston-lim"},"content":"mark 3","lastModifiedDate":"2022-08-31"},{"lineNumber":16,"author":{"gitId":"winston-lim"},"content":"unmark 3","lastModifiedDate":"2022-08-31"},{"lineNumber":17,"author":{"gitId":"winston-lim"},"content":"unmark 2","lastModifiedDate":"2022-08-31"},{"lineNumber":18,"author":{"gitId":"winston-lim"},"content":"list","lastModifiedDate":"2022-08-31"},{"lineNumber":19,"author":{"gitId":"winston-lim"},"content":"bye","lastModifiedDate":"2022-08-31"}],"authorContributionMap":{"winston-lim":19}}]
