{"authorDailyContributionsMap":{"bdthanh":[{"date":"2022-08-19","commitResults":[{"hash":"1b6d7a95ab15b72d0ca70fce8b7febf66a3b809e","messageTitle":"Add Increment: Level-0. Greet","messageBody":"","fileTypesAndContributionMap":{"java":{"insertions":12,"deletions":5}}},{"hash":"c7428f82bb008a89435bec66bfcea6a45bb11a63","messageTitle":"Add Increment Level-0. Greet","messageBody":"","tags":["Level-0"],"fileTypesAndContributionMap":{"java":{"insertions":27,"deletions":13}}}]},{"date":"2022-08-21","commitResults":[{"hash":"6128491f07095682cd8383722c525d7cf1ecf2b2","messageTitle":"Finish Level-1. Greet, Echo, Exit","messageBody":"","tags":["Level-1"],"fileTypesAndContributionMap":{"java":{"insertions":35,"deletions":19}}},{"hash":"8ed2a83864ed996b44c9215182c1d37b93ab85bf","messageTitle":"Finish Level-2. Add, List","messageBody":"","tags":["Level-2"],"fileTypesAndContributionMap":{"java":{"insertions":27,"deletions":5}}},{"hash":"92449c7a1b3ce15ec508a32bbd6ac3cab7f37249","messageTitle":"Finish Level-3. Mark as Done","messageBody":"","tags":["Level-3"],"fileTypesAndContributionMap":{"java":{"insertions":81,"deletions":9}}}]},{"date":"2022-08-26","commitResults":[{"hash":"4f90c63101ac1f58ce901ee6e18c2a12e41bebd4","messageTitle":"Follow coding standard","messageBody":"","tags":["A-CodingStandard"],"fileTypesAndContributionMap":{"java":{"insertions":13,"deletions":5}}}]},{"date":"2022-08-28","commitResults":[{"hash":"91f288716b012c6f9c9dcd5ef47271bdf5477f16","messageTitle":"Finish Level 4 and make code more OOP","messageBody":"","tags":["Level-4"],"fileTypesAndContributionMap":{"java":{"insertions":296,"deletions":115}}},{"hash":"282cf41c19bcf4a674249fc113fe22e4cc9a603f","messageTitle":"Try testing UI","messageBody":"","fileTypesAndContributionMap":{"txt":{"insertions":36,"deletions":0}}},{"hash":"19397098dfb6b3a1bdd632f60504ff846ed8c0a7","messageTitle":"Modify code to follow coding standard","messageBody":"","tags":["A-CodeQuality"],"fileTypesAndContributionMap":{"java":{"insertions":3,"deletions":3}}}]},{"date":"2022-08-31","commitResults":[{"hash":"99ac2131a38503c4cf36582bfc32fcf8c86e98bc","messageTitle":"Add new line at the end of each file","messageBody":"","fileTypesAndContributionMap":{"java":{"insertions":1,"deletions":2}}}]},{"date":"2022-09-03","commitResults":[{"hash":"ec5be33da388e9d75296f83c1b3351a2ba7aec17","messageTitle":"Divide classes into packages","messageBody":"","tags":["A-Packages"],"fileTypesAndContributionMap":{"java":{"insertions":69,"deletions":1}}},{"hash":"548f8c5710a8cfbc87893aca1d45722116b3b858","messageTitle":"Put all classes in one package duke","messageBody":"","fileTypesAndContributionMap":{"java":{"insertions":37,"deletions":1}}},{"hash":"18388dee85e75d50f0e7dc880a70887b36d13ee6","messageTitle":"Divide classes into packages","messageBody":"","fileTypesAndContributionMap":{"java":{"insertions":46,"deletions":16}}}]}]},"authorFileTypeContributionMap":{"bdthanh":{"java":401,"md":0,"fxml":0,"sh":0,"bat":0,"gradle":0,"txt":36}},"authorContributionVariance":{"bdthanh":10227.244},"authorDisplayNameMap":{"bdthanh":"CS2113-W12-1 BUI ..HANH"}}
