{"authorDailyContributionsMap":{"bdthanh":[{"date":"2022-08-19","commitResults":[{"hash":"1b6d7a95ab15b72d0ca70fce8b7febf66a3b809e","messageTitle":"Add Increment: Level-0. Greet","messageBody":"","fileTypesAndContributionMap":{"java":{"insertions":12,"deletions":5}}},{"hash":"c7428f82bb008a89435bec66bfcea6a45bb11a63","messageTitle":"Add Increment Level-0. Greet","messageBody":"","tags":["Level-0"],"fileTypesAndContributionMap":{"java":{"insertions":27,"deletions":13}}}]},{"date":"2022-08-21","commitResults":[{"hash":"6128491f07095682cd8383722c525d7cf1ecf2b2","messageTitle":"Finish Level-1. Greet, Echo, Exit","messageBody":"","tags":["Level-1"],"fileTypesAndContributionMap":{"java":{"insertions":35,"deletions":19}}},{"hash":"8ed2a83864ed996b44c9215182c1d37b93ab85bf","messageTitle":"Finish Level-2. Add, List","messageBody":"","tags":["Level-2"],"fileTypesAndContributionMap":{"java":{"insertions":27,"deletions":5}}},{"hash":"92449c7a1b3ce15ec508a32bbd6ac3cab7f37249","messageTitle":"Finish Level-3. Mark as Done","messageBody":"","tags":["Level-3"],"fileTypesAndContributionMap":{"java":{"insertions":81,"deletions":9}}}]},{"date":"2022-08-26","commitResults":[{"hash":"4f90c63101ac1f58ce901ee6e18c2a12e41bebd4","messageTitle":"Follow coding standard","messageBody":"","tags":["A-CodingStandard"],"fileTypesAndContributionMap":{"java":{"insertions":13,"deletions":5}}}]}]},"authorFileTypeContributionMap":{"bdthanh":{"java":145,"md":0,"fxml":0,"sh":0,"bat":0,"gradle":0,"txt":0}},"authorContributionVariance":{"bdthanh":2023.262},"authorDisplayNameMap":{"bdthanh":"CS2113-W12-1 BUI ..HANH"}}
