{"authorDailyContributionsMap":{"bdthanh":[{"date":"2022-08-19","commitResults":[{"hash":"1b6d7a95ab15b72d0ca70fce8b7febf66a3b809e","messageTitle":"Add Increment: Level-0. Greet","messageBody":"","fileTypesAndContributionMap":{"java":{"insertions":12,"deletions":5}}},{"hash":"c7428f82bb008a89435bec66bfcea6a45bb11a63","messageTitle":"Add Increment Level-0. Greet","messageBody":"","tags":["Level-0"],"fileTypesAndContributionMap":{"java":{"insertions":27,"deletions":13}}}]},{"date":"2022-08-21","commitResults":[{"hash":"6128491f07095682cd8383722c525d7cf1ecf2b2","messageTitle":"Finish Level-1. Greet, Echo, Exit","messageBody":"","tags":["Level-1"],"fileTypesAndContributionMap":{"java":{"insertions":35,"deletions":19}}},{"hash":"8ed2a83864ed996b44c9215182c1d37b93ab85bf","messageTitle":"Finish Level-2. Add, List","messageBody":"","tags":["Level-2"],"fileTypesAndContributionMap":{"java":{"insertions":27,"deletions":5}}},{"hash":"92449c7a1b3ce15ec508a32bbd6ac3cab7f37249","messageTitle":"Finish Level-3. Mark as Done","messageBody":"","tags":["Level-3"],"fileTypesAndContributionMap":{"java":{"insertions":81,"deletions":9}}}]},{"date":"2022-08-26","commitResults":[{"hash":"4f90c63101ac1f58ce901ee6e18c2a12e41bebd4","messageTitle":"Follow coding standard","messageBody":"","tags":["A-CodingStandard"],"fileTypesAndContributionMap":{"java":{"insertions":13,"deletions":5}}}]},{"date":"2022-08-28","commitResults":[{"hash":"91f288716b012c6f9c9dcd5ef47271bdf5477f16","messageTitle":"Finish Level 4 and make code more OOP","messageBody":"","tags":["Level-4"],"fileTypesAndContributionMap":{"java":{"insertions":296,"deletions":115}}},{"hash":"282cf41c19bcf4a674249fc113fe22e4cc9a603f","messageTitle":"Try testing UI","messageBody":"","fileTypesAndContributionMap":{"txt":{"insertions":36,"deletions":0}}},{"hash":"19397098dfb6b3a1bdd632f60504ff846ed8c0a7","messageTitle":"Modify code to follow coding standard","messageBody":"","tags":["A-CodeQuality"],"fileTypesAndContributionMap":{"java":{"insertions":3,"deletions":3}}}]},{"date":"2022-08-31","commitResults":[{"hash":"99ac2131a38503c4cf36582bfc32fcf8c86e98bc","messageTitle":"Add new line at the end of each file","messageBody":"","fileTypesAndContributionMap":{"java":{"insertions":1,"deletions":2}}}]},{"date":"2022-09-03","commitResults":[{"hash":"ec5be33da388e9d75296f83c1b3351a2ba7aec17","messageTitle":"Divide classes into packages","messageBody":"","tags":["A-Packages"],"fileTypesAndContributionMap":{"java":{"insertions":69,"deletions":1}}},{"hash":"548f8c5710a8cfbc87893aca1d45722116b3b858","messageTitle":"Put all classes in one package duke","messageBody":"","fileTypesAndContributionMap":{"java":{"insertions":37,"deletions":1}}},{"hash":"18388dee85e75d50f0e7dc880a70887b36d13ee6","messageTitle":"Divide classes into packages","messageBody":"","fileTypesAndContributionMap":{"java":{"insertions":46,"deletions":16}}},{"hash":"e8ff3035212799720cab2def42372bcc94043149","messageTitle":"Handle errors and exceptions for invalid input","messageBody":"","fileTypesAndContributionMap":{"java":{"insertions":107,"deletions":37}}},{"hash":"220e2486bdcdd7b591d7be9cc7232df43776b205","messageTitle":"Debug and clean code","messageBody":"","fileTypesAndContributionMap":{"java":{"insertions":9,"deletions":27}}},{"hash":"8c152c092bfca490b26d9fbd50ef6c1513451bf4","messageTitle":"Finish handle errors and clean code","messageBody":"","fileTypesAndContributionMap":{"java":{"insertions":8,"deletions":4}}}]},{"date":"2022-09-08","commitResults":[{"hash":"faabf08b13b2e3664089aa9d846f2673632115ff","messageTitle":"Add DeleteCommand class and implement delete feature","messageBody":"","fileTypesAndContributionMap":{"java":{"insertions":52,"deletions":10}}},{"hash":"d069642f42db3ebc9efd1b6b02c8c4e6d5540a14","messageTitle":"Remove import UI in CommandManager","messageBody":"","fileTypesAndContributionMap":{"java":{"insertions":0,"deletions":1}}}]},{"date":"2022-09-10","commitResults":[{"hash":"be2a2fe6aa94d9b4a2debab9e83ad5082f46a6c6","messageTitle":"Change variable name in DeleteCommand.java","messageBody":"","fileTypesAndContributionMap":{"java":{"insertions":2,"deletions":2}}},{"hash":"998af4c7ec5ed2c0635561182f4fbb2da45a3fe8","messageTitle":"Implement file load method and rename class List to TaskList due to confliction in java.util","messageBody":"","fileTypesAndContributionMap":{"txt":{"insertions":16,"deletions":16},"java":{"insertions":108,"deletions":31},"md":{"insertions":1,"deletions":1}}},{"hash":"446ef86484ac12b9eac0e23803ba5d112418d169","messageTitle":"Implement writeTask (have not try)","messageBody":"","fileTypesAndContributionMap":{"java":{"insertions":56,"deletions":15}}},{"hash":"5448a580c707d35299aabcde2448e42a3ac62717","messageTitle":"Rename class List to TaskList","messageBody":"","fileTypesAndContributionMap":{"java":{"insertions":31,"deletions":31}}},{"hash":"e99d6f1e4089237facfdd9a7b48fa5174dd26128","messageTitle":"Partially finish level 7 (can write, cannot load tasks)","messageBody":"","fileTypesAndContributionMap":{"txt":{"insertions":3,"deletions":0},"java":{"insertions":20,"deletions":8}}},{"hash":"cdd7f81504a83c04af1aae5ed255111f203132d4","messageTitle":"Fix a small bug in Storage that makes Duke cannot load tasks","messageBody":"","fileTypesAndContributionMap":{"java":{"insertions":1,"deletions":1}}},{"hash":"b1443e432ed0943ccbdef818e3ed62703b3c12f0","messageTitle":"Rename store file and clean code","messageBody":"","fileTypesAndContributionMap":{"txt":{"insertions":1,"deletions":3},"java":{"insertions":6,"deletions":2}}},{"hash":"0e4fc304e5e720d870c9bdbe2610973e772b5be6","messageTitle":"Remove store file","messageBody":"","fileTypesAndContributionMap":{"txt":{"insertions":0,"deletions":1}}},{"hash":"642e70e78066a8a11383e22a3cbc9585c5f0c363","messageTitle":"Rename class (List -\u003e TaskList, TaskList -\u003e Task)","messageBody":"","fileTypesAndContributionMap":{"txt":{"insertions":16,"deletions":16},"java":{"insertions":117,"deletions":117},"md":{"insertions":1,"deletions":1}}}]},{"date":"2022-09-15","commitResults":[{"hash":"386af25df8d5c3dc94f6d0aaf441dc8e32c3b04b","messageTitle":"Rename file CommandManager to Parser","messageBody":"","tags":["A-MoreOOP"],"fileTypesAndContributionMap":{"java":{"insertions":4,"deletions":4}}},{"hash":"ee51a45fc43e3678913186b5014a26b4f188a630","messageTitle":"Add DateParser class","messageBody":"","fileTypesAndContributionMap":{"java":{"insertions":27,"deletions":0}}}]},{"date":"2022-09-16","commitResults":[{"hash":"04d55ef90d7b60abd48760dc609d962a420ee3b4","messageTitle":"Modified manageCommand to parse date of deadline and event","messageBody":"","fileTypesAndContributionMap":{"java":{"insertions":15,"deletions":9}}},{"hash":"ce34443059eaa5d58bc9cf036269d46dcb93dd90","messageTitle":"Rename manageCommand to parseCommand","messageBody":"","fileTypesAndContributionMap":{"java":{"insertions":3,"deletions":4}}},{"hash":"302c3db62ec469fd283397e53d7f0e29a0218242","messageTitle":"Implement find feature (add FindCommand class)","messageBody":"","fileTypesAndContributionMap":{"java":{"insertions":61,"deletions":8}}},{"hash":"68f6e482f84914ce5c89cbec697b44139892ba02","messageTitle":"Clean code","messageBody":"","fileTypesAndContributionMap":{"java":{"insertions":3,"deletions":2}}}]},{"date":"2022-09-17","commitResults":[{"hash":"c2fd0c86d294c0632581782d015a1b496f95d00e","messageTitle":"Improve code quality","messageBody":"","fileTypesAndContributionMap":{"java":{"insertions":44,"deletions":17}}},{"hash":"2927d1dc7046f4a75fa80ec15e855f20e9cc64ea","messageTitle":"Add JavaDoc for all methods, constructors and classes","messageBody":"","fileTypesAndContributionMap":{"java":{"insertions":475,"deletions":54}}},{"hash":"9f3a3d55102bff2344b8028a070a02ef42b1617c","messageTitle":"Improve code quality","messageBody":"","fileTypesAndContributionMap":{"java":{"insertions":47,"deletions":12}}}]}]},"authorFileTypeContributionMap":{"bdthanh":{"java":1199,"md":1,"fxml":0,"sh":0,"bat":0,"gradle":0,"txt":36}},"authorContributionVariance":{"bdthanh":27636.543},"authorDisplayNameMap":{"bdthanh":"CS2113-W12-1 BUI ..HANH"}}
