[{"path":"Data/duke.txt","fileType":"txt","lines":[{"lineNumber":1,"author":{"gitId":"deenliong"},"content":"T | 0 | borrow book","lastModifiedDate":"2022-09-22"},{"lineNumber":2,"author":{"gitId":"deenliong"},"content":"D | 0 | return book  |  Sunday","lastModifiedDate":"2022-09-22"},{"lineNumber":3,"author":{"gitId":"deenliong"},"content":"E | 1 | project meeting  |  Mon 2-4pm","lastModifiedDate":"2022-09-22"},{"lineNumber":4,"author":{"gitId":"deenliong"},"content":"E | 0 | group work  |  CLB","lastModifiedDate":"2022-09-22"},{"lineNumber":5,"author":{"gitId":"deenliong"},"content":"T | 1 | eat medicine","lastModifiedDate":"2022-09-22"}],"authorContributionMap":{"deenliong":5}},{"path":"src/main/java/duke/Duke.java","fileType":"java","lines":[{"lineNumber":1,"author":{"gitId":"deenliong"},"content":"package duke;","lastModifiedDate":"2022-09-14"},{"lineNumber":2,"author":{"gitId":"deenliong"},"content":"","lastModifiedDate":"2022-09-15"},{"lineNumber":3,"author":{"gitId":"deenliong"},"content":"import duke.exception.DukeException;","lastModifiedDate":"2022-09-14"},{"lineNumber":4,"author":{"gitId":"deenliong"},"content":"import duke.task.Deadline;","lastModifiedDate":"2022-09-14"},{"lineNumber":5,"author":{"gitId":"deenliong"},"content":"import duke.task.Event;","lastModifiedDate":"2022-09-15"},{"lineNumber":6,"author":{"gitId":"deenliong"},"content":"import duke.task.Task;","lastModifiedDate":"2022-09-14"},{"lineNumber":7,"author":{"gitId":"deenliong"},"content":"import duke.task.Todo;","lastModifiedDate":"2022-09-14"},{"lineNumber":8,"author":{"gitId":"deenliong"},"content":"","lastModifiedDate":"2022-09-14"},{"lineNumber":9,"author":{"gitId":"deenliong"},"content":"import java.io.FileNotFoundException;","lastModifiedDate":"2022-09-22"},{"lineNumber":10,"author":{"gitId":"deenliong"},"content":"import java.util.ArrayList;","lastModifiedDate":"2022-09-15"},{"lineNumber":11,"author":{"gitId":"deenliong"},"content":"import java.util.Scanner;","lastModifiedDate":"2022-09-14"},{"lineNumber":12,"author":{"gitId":"deenliong"},"content":"","lastModifiedDate":"2022-09-14"},{"lineNumber":13,"author":{"gitId":"deenliong"},"content":"import static duke.FileManager.*;","lastModifiedDate":"2022-09-22"},{"lineNumber":14,"author":{"gitId":"deenliong"},"content":"","lastModifiedDate":"2022-09-22"},{"lineNumber":15,"author":{"gitId":"deenliong"},"content":"public class Duke {","lastModifiedDate":"2022-09-14"},{"lineNumber":16,"author":{"gitId":"deenliong"},"content":"","lastModifiedDate":"2022-09-14"},{"lineNumber":17,"author":{"gitId":"deenliong"},"content":"    public static void printIntroMessage(ArrayList\u003cTask\u003e tasks) {","lastModifiedDate":"2022-09-22"},{"lineNumber":18,"author":{"gitId":"deenliong"},"content":"        System.out.println(\"Hello! I\u0027m Duke, your personal task manager!\");","lastModifiedDate":"2022-09-22"},{"lineNumber":19,"author":{"gitId":"deenliong"},"content":"        if (tasks.size() \u003e 0) {","lastModifiedDate":"2022-09-22"},{"lineNumber":20,"author":{"gitId":"deenliong"},"content":"            System.out.println(\"Here are the current tasks in your list:\");","lastModifiedDate":"2022-09-22"},{"lineNumber":21,"author":{"gitId":"deenliong"},"content":"            for (int i \u003d 0; i \u003c tasks.size(); i++) {","lastModifiedDate":"2022-09-22"},{"lineNumber":22,"author":{"gitId":"deenliong"},"content":"                System.out.println((i + 1) + \".\" + tasks.get(i));","lastModifiedDate":"2022-09-22"},{"lineNumber":23,"author":{"gitId":"deenliong"},"content":"            }","lastModifiedDate":"2022-09-22"},{"lineNumber":24,"author":{"gitId":"deenliong"},"content":"        } else {","lastModifiedDate":"2022-09-22"},{"lineNumber":25,"author":{"gitId":"deenliong"},"content":"            System.out.println(\"You have no tasks in your list. Try adding some!\");","lastModifiedDate":"2022-09-22"},{"lineNumber":26,"author":{"gitId":"deenliong"},"content":"        }","lastModifiedDate":"2022-09-14"},{"lineNumber":27,"author":{"gitId":"deenliong"},"content":"    }","lastModifiedDate":"2022-09-22"},{"lineNumber":28,"author":{"gitId":"deenliong"},"content":"","lastModifiedDate":"2022-09-22"},{"lineNumber":29,"author":{"gitId":"deenliong"},"content":"    public static void main(String[] args) {","lastModifiedDate":"2022-09-15"},{"lineNumber":30,"author":{"gitId":"deenliong"},"content":"        String line;","lastModifiedDate":"2022-09-14"},{"lineNumber":31,"author":{"gitId":"deenliong"},"content":"        Scanner in \u003d new Scanner(System.in);","lastModifiedDate":"2022-09-14"},{"lineNumber":32,"author":{"gitId":"deenliong"},"content":"        ArrayList\u003cTask\u003e tasks \u003d new ArrayList\u003c\u003e();","lastModifiedDate":"2022-09-15"},{"lineNumber":33,"author":{"gitId":"deenliong"},"content":"","lastModifiedDate":"2022-09-15"},{"lineNumber":34,"author":{"gitId":"deenliong"},"content":"        // attempts to find file and add to list. if not found, creates a new file in a new directory","lastModifiedDate":"2022-09-22"},{"lineNumber":35,"author":{"gitId":"deenliong"},"content":"        try {","lastModifiedDate":"2022-09-22"},{"lineNumber":36,"author":{"gitId":"deenliong"},"content":"            loadInputFile(tasks);","lastModifiedDate":"2022-09-22"},{"lineNumber":37,"author":{"gitId":"deenliong"},"content":"        } catch (FileNotFoundException e) {","lastModifiedDate":"2022-09-22"},{"lineNumber":38,"author":{"gitId":"deenliong"},"content":"            createNewFile();","lastModifiedDate":"2022-09-22"},{"lineNumber":39,"author":{"gitId":"deenliong"},"content":"        }","lastModifiedDate":"2022-09-22"},{"lineNumber":40,"author":{"gitId":"deenliong"},"content":"","lastModifiedDate":"2022-09-14"},{"lineNumber":41,"author":{"gitId":"deenliong"},"content":"        printIntroMessage(tasks);","lastModifiedDate":"2022-09-22"},{"lineNumber":42,"author":{"gitId":"deenliong"},"content":"","lastModifiedDate":"2022-09-22"},{"lineNumber":43,"author":{"gitId":"deenliong"},"content":"        do {","lastModifiedDate":"2022-09-14"},{"lineNumber":44,"author":{"gitId":"deenliong"},"content":"            line \u003d in.nextLine();","lastModifiedDate":"2022-09-14"},{"lineNumber":45,"author":{"gitId":"deenliong"},"content":"            String type \u003d TaskManager.getTaskType(line);","lastModifiedDate":"2022-09-14"},{"lineNumber":46,"author":{"gitId":"deenliong"},"content":"","lastModifiedDate":"2022-09-14"},{"lineNumber":47,"author":{"gitId":"deenliong"},"content":"            if (type.equals(\"bye\")) {","lastModifiedDate":"2022-09-14"},{"lineNumber":48,"author":{"gitId":"deenliong"},"content":"                System.out.println(\"\\tBye. Hope to see you again soon!\");","lastModifiedDate":"2022-09-15"},{"lineNumber":49,"author":{"gitId":"deenliong"},"content":"                clearCurrentFile();","lastModifiedDate":"2022-09-22"},{"lineNumber":50,"author":{"gitId":"deenliong"},"content":"                saveNewList(tasks);","lastModifiedDate":"2022-09-22"},{"lineNumber":51,"author":{"gitId":"deenliong"},"content":"                return;","lastModifiedDate":"2022-09-22"},{"lineNumber":52,"author":{"gitId":"deenliong"},"content":"            }","lastModifiedDate":"2022-09-14"},{"lineNumber":53,"author":{"gitId":"deenliong"},"content":"            switch (type) {","lastModifiedDate":"2022-09-14"},{"lineNumber":54,"author":{"gitId":"deenliong"},"content":"            case \"list\":","lastModifiedDate":"2022-09-14"},{"lineNumber":55,"author":{"gitId":"deenliong"},"content":"                TaskManager.printTaskList(tasks);","lastModifiedDate":"2022-09-15"},{"lineNumber":56,"author":{"gitId":"deenliong"},"content":"                break;","lastModifiedDate":"2022-09-15"},{"lineNumber":57,"author":{"gitId":"deenliong"},"content":"            case \"delete\":","lastModifiedDate":"2022-09-15"},{"lineNumber":58,"author":{"gitId":"deenliong"},"content":"                try {","lastModifiedDate":"2022-09-15"},{"lineNumber":59,"author":{"gitId":"deenliong"},"content":"                    TaskManager.deleteTask(tasks, line);","lastModifiedDate":"2022-09-15"},{"lineNumber":60,"author":{"gitId":"deenliong"},"content":"                } catch (NumberFormatException e) {","lastModifiedDate":"2022-09-15"},{"lineNumber":61,"author":{"gitId":"deenliong"},"content":"                    System.out.println(\"\\tPlease input the task number that you want to delete.\");","lastModifiedDate":"2022-09-15"},{"lineNumber":62,"author":{"gitId":"deenliong"},"content":"                } catch (IndexOutOfBoundsException e) {","lastModifiedDate":"2022-09-15"},{"lineNumber":63,"author":{"gitId":"deenliong"},"content":"                    System.out.println(\"\\tThere is no such item in your Task List.\");","lastModifiedDate":"2022-09-15"},{"lineNumber":64,"author":{"gitId":"deenliong"},"content":"                }","lastModifiedDate":"2022-09-15"},{"lineNumber":65,"author":{"gitId":"deenliong"},"content":"                break;","lastModifiedDate":"2022-09-14"},{"lineNumber":66,"author":{"gitId":"deenliong"},"content":"            case \"mark\":","lastModifiedDate":"2022-09-14"},{"lineNumber":67,"author":{"gitId":"deenliong"},"content":"                try {","lastModifiedDate":"2022-09-14"},{"lineNumber":68,"author":{"gitId":"deenliong"},"content":"                    TaskManager.markTask(tasks, line);","lastModifiedDate":"2022-09-14"},{"lineNumber":69,"author":{"gitId":"deenliong"},"content":"                } catch (NumberFormatException e) {","lastModifiedDate":"2022-09-14"},{"lineNumber":70,"author":{"gitId":"deenliong"},"content":"                    System.out.println(\"\\tPlease input the task number that you want to mark.\");","lastModifiedDate":"2022-09-15"},{"lineNumber":71,"author":{"gitId":"deenliong"},"content":"                } catch (IndexOutOfBoundsException e) {","lastModifiedDate":"2022-09-15"},{"lineNumber":72,"author":{"gitId":"deenliong"},"content":"                    System.out.println(\"\\tThere is no such item in your Task List.\");","lastModifiedDate":"2022-09-15"},{"lineNumber":73,"author":{"gitId":"deenliong"},"content":"                }","lastModifiedDate":"2022-09-14"},{"lineNumber":74,"author":{"gitId":"deenliong"},"content":"                break;","lastModifiedDate":"2022-09-14"},{"lineNumber":75,"author":{"gitId":"deenliong"},"content":"            case \"unmark\":","lastModifiedDate":"2022-09-14"},{"lineNumber":76,"author":{"gitId":"deenliong"},"content":"                try {","lastModifiedDate":"2022-09-14"},{"lineNumber":77,"author":{"gitId":"deenliong"},"content":"                    TaskManager.unmarkTask(tasks, line);","lastModifiedDate":"2022-09-14"},{"lineNumber":78,"author":{"gitId":"deenliong"},"content":"                } catch (NumberFormatException e) {","lastModifiedDate":"2022-09-14"},{"lineNumber":79,"author":{"gitId":"deenliong"},"content":"                    System.out.println(\"\\tPlease input the task number that you want to mark.\");","lastModifiedDate":"2022-09-15"},{"lineNumber":80,"author":{"gitId":"deenliong"},"content":"                } catch (IndexOutOfBoundsException e) {","lastModifiedDate":"2022-09-15"},{"lineNumber":81,"author":{"gitId":"deenliong"},"content":"                    System.out.println(\"\\tThere is no such item in your Task List.\");","lastModifiedDate":"2022-09-15"},{"lineNumber":82,"author":{"gitId":"deenliong"},"content":"                }","lastModifiedDate":"2022-09-14"},{"lineNumber":83,"author":{"gitId":"deenliong"},"content":"                break;","lastModifiedDate":"2022-09-14"},{"lineNumber":84,"author":{"gitId":"deenliong"},"content":"            case \"total\":","lastModifiedDate":"2022-09-14"},{"lineNumber":85,"author":{"gitId":"deenliong"},"content":"                int total \u003d tasks.size();","lastModifiedDate":"2022-09-15"},{"lineNumber":86,"author":{"gitId":"deenliong"},"content":"                if (total \u003d\u003d 1) {","lastModifiedDate":"2022-09-15"},{"lineNumber":87,"author":{"gitId":"deenliong"},"content":"                    System.out.println(\"\\tYou have 1 task\");","lastModifiedDate":"2022-09-15"},{"lineNumber":88,"author":{"gitId":"deenliong"},"content":"                } else {","lastModifiedDate":"2022-09-15"},{"lineNumber":89,"author":{"gitId":"deenliong"},"content":"                    System.out.println(\"\\tYou have \" + total + \" tasks!!!\");","lastModifiedDate":"2022-09-15"},{"lineNumber":90,"author":{"gitId":"deenliong"},"content":"                }","lastModifiedDate":"2022-09-15"},{"lineNumber":91,"author":{"gitId":"deenliong"},"content":"                break;","lastModifiedDate":"2022-09-14"},{"lineNumber":92,"author":{"gitId":"deenliong"},"content":"            case \"todo\":","lastModifiedDate":"2022-09-14"},{"lineNumber":93,"author":{"gitId":"deenliong"},"content":"                try {","lastModifiedDate":"2022-09-14"},{"lineNumber":94,"author":{"gitId":"deenliong"},"content":"                    String details \u003d TaskManager.getTaskDetails(line);","lastModifiedDate":"2022-09-14"},{"lineNumber":95,"author":{"gitId":"deenliong"},"content":"                    Task t \u003d new Todo(details);","lastModifiedDate":"2022-09-14"},{"lineNumber":96,"author":{"gitId":"deenliong"},"content":"                    tasks.add(t);","lastModifiedDate":"2022-09-15"},{"lineNumber":97,"author":{"gitId":"deenliong"},"content":"                    TaskManager.printSuccessfulAdd(tasks);","lastModifiedDate":"2022-09-15"},{"lineNumber":98,"author":{"gitId":"deenliong"},"content":"                } catch (ArrayIndexOutOfBoundsException | DukeException e) {","lastModifiedDate":"2022-09-14"},{"lineNumber":99,"author":{"gitId":"deenliong"},"content":"                    System.out.println(\"\\t☹ OOPS!!! The description of a todo cannot be empty. Please tell me what you want to do\");","lastModifiedDate":"2022-09-15"},{"lineNumber":100,"author":{"gitId":"deenliong"},"content":"                    System.out.println(\"\\tExample: todo (return book)\");","lastModifiedDate":"2022-09-15"},{"lineNumber":101,"author":{"gitId":"deenliong"},"content":"                }","lastModifiedDate":"2022-09-14"},{"lineNumber":102,"author":{"gitId":"deenliong"},"content":"                break;","lastModifiedDate":"2022-09-14"},{"lineNumber":103,"author":{"gitId":"deenliong"},"content":"            case \"deadline\":","lastModifiedDate":"2022-09-14"},{"lineNumber":104,"author":{"gitId":"deenliong"},"content":"                try {","lastModifiedDate":"2022-09-14"},{"lineNumber":105,"author":{"gitId":"deenliong"},"content":"                    String details \u003d TaskManager.getTaskDetails(line);","lastModifiedDate":"2022-09-14"},{"lineNumber":106,"author":{"gitId":"deenliong"},"content":"                    String[] breakBy \u003d details.split(\"/by\", 2);","lastModifiedDate":"2022-09-14"},{"lineNumber":107,"author":{"gitId":"deenliong"},"content":"                    String detail \u003d breakBy[0];","lastModifiedDate":"2022-09-14"},{"lineNumber":108,"author":{"gitId":"deenliong"},"content":"                    String by \u003d breakBy[1];","lastModifiedDate":"2022-09-14"},{"lineNumber":109,"author":{"gitId":"deenliong"},"content":"                    Task d \u003d new Deadline(detail, by);","lastModifiedDate":"2022-09-14"},{"lineNumber":110,"author":{"gitId":"deenliong"},"content":"                    tasks.add(d);","lastModifiedDate":"2022-09-15"},{"lineNumber":111,"author":{"gitId":"deenliong"},"content":"                    TaskManager.printSuccessfulAdd(tasks);","lastModifiedDate":"2022-09-15"},{"lineNumber":112,"author":{"gitId":"deenliong"},"content":"                } catch (ArrayIndexOutOfBoundsException | DukeException e) {","lastModifiedDate":"2022-09-14"},{"lineNumber":113,"author":{"gitId":"deenliong"},"content":"                    System.out.println(\"\\tPlease tell me when is the deadline.\");","lastModifiedDate":"2022-09-15"},{"lineNumber":114,"author":{"gitId":"deenliong"},"content":"                    System.out.println(\"\\tExample: deadline (return book) /by (Sunday)\");","lastModifiedDate":"2022-09-15"},{"lineNumber":115,"author":{"gitId":"deenliong"},"content":"                }","lastModifiedDate":"2022-09-14"},{"lineNumber":116,"author":{"gitId":"deenliong"},"content":"                break;","lastModifiedDate":"2022-09-14"},{"lineNumber":117,"author":{"gitId":"deenliong"},"content":"            case \"event\":","lastModifiedDate":"2022-09-14"},{"lineNumber":118,"author":{"gitId":"deenliong"},"content":"                try {","lastModifiedDate":"2022-09-14"},{"lineNumber":119,"author":{"gitId":"deenliong"},"content":"                    String details \u003d TaskManager.getTaskDetails(line);","lastModifiedDate":"2022-09-14"},{"lineNumber":120,"author":{"gitId":"deenliong"},"content":"                    String[] breakAt \u003d details.split(\"/at\", 2);","lastModifiedDate":"2022-09-14"},{"lineNumber":121,"author":{"gitId":"deenliong"},"content":"                    String detail \u003d breakAt[0];","lastModifiedDate":"2022-09-14"},{"lineNumber":122,"author":{"gitId":"deenliong"},"content":"                    String at \u003d breakAt[1];","lastModifiedDate":"2022-09-14"},{"lineNumber":123,"author":{"gitId":"deenliong"},"content":"                    Task e \u003d new Event(detail, at);","lastModifiedDate":"2022-09-14"},{"lineNumber":124,"author":{"gitId":"deenliong"},"content":"                    tasks.add(e);","lastModifiedDate":"2022-09-15"},{"lineNumber":125,"author":{"gitId":"deenliong"},"content":"                    TaskManager.printSuccessfulAdd(tasks);","lastModifiedDate":"2022-09-15"},{"lineNumber":126,"author":{"gitId":"deenliong"},"content":"                } catch (ArrayIndexOutOfBoundsException | DukeException e) {","lastModifiedDate":"2022-09-14"},{"lineNumber":127,"author":{"gitId":"deenliong"},"content":"                    System.out.println(\"\\tPlease tell me when is the event.\");","lastModifiedDate":"2022-09-15"},{"lineNumber":128,"author":{"gitId":"deenliong"},"content":"                    System.out.println(\"\\tExample: event (borrow book) /at (library)\");","lastModifiedDate":"2022-09-15"},{"lineNumber":129,"author":{"gitId":"deenliong"},"content":"                }","lastModifiedDate":"2022-09-14"},{"lineNumber":130,"author":{"gitId":"deenliong"},"content":"                break;","lastModifiedDate":"2022-09-14"},{"lineNumber":131,"author":{"gitId":"deenliong"},"content":"            default:","lastModifiedDate":"2022-09-14"},{"lineNumber":132,"author":{"gitId":"deenliong"},"content":"                System.out.println(\"\\t☹ OOPS!!! I\u0027m sorry, but I don\u0027t know what that means :-(\");","lastModifiedDate":"2022-09-15"},{"lineNumber":133,"author":{"gitId":"deenliong"},"content":"            }","lastModifiedDate":"2022-09-14"},{"lineNumber":134,"author":{"gitId":"deenliong"},"content":"        } while (!line.equals(\"bye\"));","lastModifiedDate":"2022-09-14"},{"lineNumber":135,"author":{"gitId":"deenliong"},"content":"    }","lastModifiedDate":"2022-09-14"},{"lineNumber":136,"author":{"gitId":"deenliong"},"content":"}","lastModifiedDate":"2022-09-14"},{"lineNumber":137,"author":{"gitId":"deenliong"},"content":"","lastModifiedDate":"2022-09-14"},{"lineNumber":138,"author":{"gitId":"deenliong"},"content":"","lastModifiedDate":"2022-09-14"},{"lineNumber":139,"author":{"gitId":"deenliong"},"content":"","lastModifiedDate":"2022-09-22"}],"authorContributionMap":{"deenliong":139}},{"path":"src/main/java/duke/FileManager.java","fileType":"java","lines":[{"lineNumber":1,"author":{"gitId":"deenliong"},"content":"package duke;","lastModifiedDate":"2022-09-22"},{"lineNumber":2,"author":{"gitId":"deenliong"},"content":"","lastModifiedDate":"2022-09-22"},{"lineNumber":3,"author":{"gitId":"deenliong"},"content":"import duke.exception.DukeException;","lastModifiedDate":"2022-09-22"},{"lineNumber":4,"author":{"gitId":"deenliong"},"content":"import duke.task.Deadline;","lastModifiedDate":"2022-09-22"},{"lineNumber":5,"author":{"gitId":"deenliong"},"content":"import duke.task.Event;","lastModifiedDate":"2022-09-22"},{"lineNumber":6,"author":{"gitId":"deenliong"},"content":"import duke.task.Task;","lastModifiedDate":"2022-09-22"},{"lineNumber":7,"author":{"gitId":"deenliong"},"content":"import duke.task.Todo;","lastModifiedDate":"2022-09-22"},{"lineNumber":8,"author":{"gitId":"deenliong"},"content":"","lastModifiedDate":"2022-09-22"},{"lineNumber":9,"author":{"gitId":"deenliong"},"content":"import java.io.File;","lastModifiedDate":"2022-09-22"},{"lineNumber":10,"author":{"gitId":"deenliong"},"content":"import java.io.FileNotFoundException;","lastModifiedDate":"2022-09-22"},{"lineNumber":11,"author":{"gitId":"deenliong"},"content":"import java.io.FileWriter;","lastModifiedDate":"2022-09-22"},{"lineNumber":12,"author":{"gitId":"deenliong"},"content":"import java.io.IOException;","lastModifiedDate":"2022-09-22"},{"lineNumber":13,"author":{"gitId":"deenliong"},"content":"import java.util.ArrayList;","lastModifiedDate":"2022-09-22"},{"lineNumber":14,"author":{"gitId":"deenliong"},"content":"import java.util.Scanner;","lastModifiedDate":"2022-09-22"},{"lineNumber":15,"author":{"gitId":"deenliong"},"content":"","lastModifiedDate":"2022-09-22"},{"lineNumber":16,"author":{"gitId":"deenliong"},"content":"public class FileManager {","lastModifiedDate":"2022-09-22"},{"lineNumber":17,"author":{"gitId":"deenliong"},"content":"    public static void loadInputFile(ArrayList\u003cTask\u003e tasks) throws FileNotFoundException {","lastModifiedDate":"2022-09-22"},{"lineNumber":18,"author":{"gitId":"deenliong"},"content":"        File f \u003d new File(\"data/duke.txt\");","lastModifiedDate":"2022-09-22"},{"lineNumber":19,"author":{"gitId":"deenliong"},"content":"        Scanner s \u003d new Scanner(f);","lastModifiedDate":"2022-09-22"},{"lineNumber":20,"author":{"gitId":"deenliong"},"content":"        while (s.hasNext()) {","lastModifiedDate":"2022-09-22"},{"lineNumber":21,"author":{"gitId":"deenliong"},"content":"            String[] task \u003d s.nextLine().split(\" \\\\| \");","lastModifiedDate":"2022-09-22"},{"lineNumber":22,"author":{"gitId":"deenliong"},"content":"            switch (task[0]) {","lastModifiedDate":"2022-09-22"},{"lineNumber":23,"author":{"gitId":"deenliong"},"content":"            case \"T\":","lastModifiedDate":"2022-09-22"},{"lineNumber":24,"author":{"gitId":"deenliong"},"content":"                try {","lastModifiedDate":"2022-09-22"},{"lineNumber":25,"author":{"gitId":"deenliong"},"content":"                    FileManager.addInputFileTodo(tasks, task);","lastModifiedDate":"2022-09-22"},{"lineNumber":26,"author":{"gitId":"deenliong"},"content":"                } catch (DukeException e) {","lastModifiedDate":"2022-09-22"},{"lineNumber":27,"author":{"gitId":"deenliong"},"content":"                    System.out.println(\"Todo not added\");","lastModifiedDate":"2022-09-22"},{"lineNumber":28,"author":{"gitId":"deenliong"},"content":"                }","lastModifiedDate":"2022-09-22"},{"lineNumber":29,"author":{"gitId":"deenliong"},"content":"                break;","lastModifiedDate":"2022-09-22"},{"lineNumber":30,"author":{"gitId":"deenliong"},"content":"            case \"D\":","lastModifiedDate":"2022-09-22"},{"lineNumber":31,"author":{"gitId":"deenliong"},"content":"                try {","lastModifiedDate":"2022-09-22"},{"lineNumber":32,"author":{"gitId":"deenliong"},"content":"                    addInputFileDeadline(tasks, task);","lastModifiedDate":"2022-09-22"},{"lineNumber":33,"author":{"gitId":"deenliong"},"content":"                } catch (DukeException e) {","lastModifiedDate":"2022-09-22"},{"lineNumber":34,"author":{"gitId":"deenliong"},"content":"                    System.out.println(\"Deadline not added\");","lastModifiedDate":"2022-09-22"},{"lineNumber":35,"author":{"gitId":"deenliong"},"content":"                }","lastModifiedDate":"2022-09-22"},{"lineNumber":36,"author":{"gitId":"deenliong"},"content":"                break;","lastModifiedDate":"2022-09-22"},{"lineNumber":37,"author":{"gitId":"deenliong"},"content":"            case \"E\":","lastModifiedDate":"2022-09-22"},{"lineNumber":38,"author":{"gitId":"deenliong"},"content":"                try {","lastModifiedDate":"2022-09-22"},{"lineNumber":39,"author":{"gitId":"deenliong"},"content":"                    addInputFileEvent(tasks, task);","lastModifiedDate":"2022-09-22"},{"lineNumber":40,"author":{"gitId":"deenliong"},"content":"                } catch (DukeException e) {","lastModifiedDate":"2022-09-22"},{"lineNumber":41,"author":{"gitId":"deenliong"},"content":"                    System.out.println(\"Event not added\");","lastModifiedDate":"2022-09-22"},{"lineNumber":42,"author":{"gitId":"deenliong"},"content":"                }","lastModifiedDate":"2022-09-22"},{"lineNumber":43,"author":{"gitId":"deenliong"},"content":"                break;","lastModifiedDate":"2022-09-22"},{"lineNumber":44,"author":{"gitId":"deenliong"},"content":"            default:","lastModifiedDate":"2022-09-22"},{"lineNumber":45,"author":{"gitId":"deenliong"},"content":"                break;","lastModifiedDate":"2022-09-22"},{"lineNumber":46,"author":{"gitId":"deenliong"},"content":"            }","lastModifiedDate":"2022-09-22"},{"lineNumber":47,"author":{"gitId":"deenliong"},"content":"        }","lastModifiedDate":"2022-09-22"},{"lineNumber":48,"author":{"gitId":"deenliong"},"content":"    }","lastModifiedDate":"2022-09-22"},{"lineNumber":49,"author":{"gitId":"deenliong"},"content":"","lastModifiedDate":"2022-09-22"},{"lineNumber":50,"author":{"gitId":"deenliong"},"content":"    public static void createNewFile() {","lastModifiedDate":"2022-09-22"},{"lineNumber":51,"author":{"gitId":"deenliong"},"content":"        File dir \u003d new File(\"data\");","lastModifiedDate":"2022-09-22"},{"lineNumber":52,"author":{"gitId":"deenliong"},"content":"        dir.mkdir();","lastModifiedDate":"2022-09-22"},{"lineNumber":53,"author":{"gitId":"deenliong"},"content":"        File f \u003d new File(\"data/duke.txt\");","lastModifiedDate":"2022-09-22"},{"lineNumber":54,"author":{"gitId":"deenliong"},"content":"        try {","lastModifiedDate":"2022-09-22"},{"lineNumber":55,"author":{"gitId":"deenliong"},"content":"            f.createNewFile();","lastModifiedDate":"2022-09-22"},{"lineNumber":56,"author":{"gitId":"deenliong"},"content":"        } catch (IOException e1) {","lastModifiedDate":"2022-09-22"},{"lineNumber":57,"author":{"gitId":"deenliong"},"content":"            e1.printStackTrace();","lastModifiedDate":"2022-09-22"},{"lineNumber":58,"author":{"gitId":"deenliong"},"content":"        }","lastModifiedDate":"2022-09-22"},{"lineNumber":59,"author":{"gitId":"deenliong"},"content":"    }","lastModifiedDate":"2022-09-22"},{"lineNumber":60,"author":{"gitId":"deenliong"},"content":"","lastModifiedDate":"2022-09-22"},{"lineNumber":61,"author":{"gitId":"deenliong"},"content":"    public static void addInputFileEvent(ArrayList\u003cTask\u003e tasks, String[] task) throws DukeException {","lastModifiedDate":"2022-09-22"},{"lineNumber":62,"author":{"gitId":"deenliong"},"content":"        tasks.add(new Event(task[2], task[3]));","lastModifiedDate":"2022-09-22"},{"lineNumber":63,"author":{"gitId":"deenliong"},"content":"        if (task[1].equals(\"1\")) {","lastModifiedDate":"2022-09-22"},{"lineNumber":64,"author":{"gitId":"deenliong"},"content":"            tasks.get(tasks.size() - 1).setDone(tasks.get(tasks.size() - 1).isDone);","lastModifiedDate":"2022-09-22"},{"lineNumber":65,"author":{"gitId":"deenliong"},"content":"        }","lastModifiedDate":"2022-09-22"},{"lineNumber":66,"author":{"gitId":"deenliong"},"content":"    }","lastModifiedDate":"2022-09-22"},{"lineNumber":67,"author":{"gitId":"deenliong"},"content":"","lastModifiedDate":"2022-09-22"},{"lineNumber":68,"author":{"gitId":"deenliong"},"content":"    public static void addInputFileDeadline(ArrayList\u003cTask\u003e tasks, String[] task) throws DukeException {","lastModifiedDate":"2022-09-22"},{"lineNumber":69,"author":{"gitId":"deenliong"},"content":"        tasks.add(new Deadline(task[2], task[3]));","lastModifiedDate":"2022-09-22"},{"lineNumber":70,"author":{"gitId":"deenliong"},"content":"        if (task[1].equals(\"1\")) {","lastModifiedDate":"2022-09-22"},{"lineNumber":71,"author":{"gitId":"deenliong"},"content":"            tasks.get(tasks.size() - 1).setDone(tasks.get(tasks.size() - 1).isDone);","lastModifiedDate":"2022-09-22"},{"lineNumber":72,"author":{"gitId":"deenliong"},"content":"        }","lastModifiedDate":"2022-09-22"},{"lineNumber":73,"author":{"gitId":"deenliong"},"content":"    }","lastModifiedDate":"2022-09-22"},{"lineNumber":74,"author":{"gitId":"deenliong"},"content":"","lastModifiedDate":"2022-09-22"},{"lineNumber":75,"author":{"gitId":"deenliong"},"content":"    public static void addInputFileTodo(ArrayList\u003cTask\u003e tasks, String[] task) throws DukeException {","lastModifiedDate":"2022-09-22"},{"lineNumber":76,"author":{"gitId":"deenliong"},"content":"        tasks.add(new Todo(task[2]));","lastModifiedDate":"2022-09-22"},{"lineNumber":77,"author":{"gitId":"deenliong"},"content":"        if (task[1].equals(\"1\")) {","lastModifiedDate":"2022-09-22"},{"lineNumber":78,"author":{"gitId":"deenliong"},"content":"            tasks.get(tasks.size() - 1).setDone(tasks.get(tasks.size() - 1).isDone);","lastModifiedDate":"2022-09-22"},{"lineNumber":79,"author":{"gitId":"deenliong"},"content":"        }","lastModifiedDate":"2022-09-22"},{"lineNumber":80,"author":{"gitId":"deenliong"},"content":"    }","lastModifiedDate":"2022-09-22"},{"lineNumber":81,"author":{"gitId":"deenliong"},"content":"","lastModifiedDate":"2022-09-22"},{"lineNumber":82,"author":{"gitId":"deenliong"},"content":"    public static void appendToFile(String textToAppend) throws IOException {","lastModifiedDate":"2022-09-22"},{"lineNumber":83,"author":{"gitId":"deenliong"},"content":"        FileWriter fw \u003d new FileWriter(\"data/duke.txt\", true); // create a FileWriter in append mode","lastModifiedDate":"2022-09-22"},{"lineNumber":84,"author":{"gitId":"deenliong"},"content":"        fw.write(textToAppend);","lastModifiedDate":"2022-09-22"},{"lineNumber":85,"author":{"gitId":"deenliong"},"content":"        fw.close();","lastModifiedDate":"2022-09-22"},{"lineNumber":86,"author":{"gitId":"deenliong"},"content":"    }","lastModifiedDate":"2022-09-22"},{"lineNumber":87,"author":{"gitId":"deenliong"},"content":"","lastModifiedDate":"2022-09-22"},{"lineNumber":88,"author":{"gitId":"deenliong"},"content":"    public static void saveNewList(ArrayList\u003cTask\u003e tasks) {","lastModifiedDate":"2022-09-22"},{"lineNumber":89,"author":{"gitId":"deenliong"},"content":"        try {","lastModifiedDate":"2022-09-22"},{"lineNumber":90,"author":{"gitId":"deenliong"},"content":"            for (Task task : tasks) {","lastModifiedDate":"2022-09-22"},{"lineNumber":91,"author":{"gitId":"deenliong"},"content":"                // if task is Todo type, append to file T | 0/1 | task description","lastModifiedDate":"2022-09-22"},{"lineNumber":92,"author":{"gitId":"deenliong"},"content":"                String boolValue \u003d Task.getBoolValue(task);","lastModifiedDate":"2022-09-22"},{"lineNumber":93,"author":{"gitId":"deenliong"},"content":"                if (task instanceof Todo) {","lastModifiedDate":"2022-09-22"},{"lineNumber":94,"author":{"gitId":"deenliong"},"content":"                    appendToFile(\"T | \" + boolValue + \" | \" + task.description + System.lineSeparator());","lastModifiedDate":"2022-09-22"},{"lineNumber":95,"author":{"gitId":"deenliong"},"content":"                }","lastModifiedDate":"2022-09-22"},{"lineNumber":96,"author":{"gitId":"deenliong"},"content":"                // if task is Deadline type, append to file D | 0/1 | task description | by: deadline","lastModifiedDate":"2022-09-22"},{"lineNumber":97,"author":{"gitId":"deenliong"},"content":"                if (task instanceof Deadline) {","lastModifiedDate":"2022-09-22"},{"lineNumber":98,"author":{"gitId":"deenliong"},"content":"                    appendToFile(\"D | \" + boolValue + \" | \" + task.description + \" | \" + ((Deadline) task).by + System.lineSeparator());","lastModifiedDate":"2022-09-22"},{"lineNumber":99,"author":{"gitId":"deenliong"},"content":"                }","lastModifiedDate":"2022-09-22"},{"lineNumber":100,"author":{"gitId":"deenliong"},"content":"                // if task is Event type, append to file E | 0/1 | task description | at: event time","lastModifiedDate":"2022-09-22"},{"lineNumber":101,"author":{"gitId":"deenliong"},"content":"                if (task instanceof Event) {","lastModifiedDate":"2022-09-22"},{"lineNumber":102,"author":{"gitId":"deenliong"},"content":"                    appendToFile(\"E | \" + boolValue + \" | \" + task.description + \" | \" + ((Event) task).at + System.lineSeparator());","lastModifiedDate":"2022-09-22"},{"lineNumber":103,"author":{"gitId":"deenliong"},"content":"                }","lastModifiedDate":"2022-09-22"},{"lineNumber":104,"author":{"gitId":"deenliong"},"content":"            }","lastModifiedDate":"2022-09-22"},{"lineNumber":105,"author":{"gitId":"deenliong"},"content":"        } catch (IOException e) {","lastModifiedDate":"2022-09-22"},{"lineNumber":106,"author":{"gitId":"deenliong"},"content":"            throw new RuntimeException(e);","lastModifiedDate":"2022-09-22"},{"lineNumber":107,"author":{"gitId":"deenliong"},"content":"        }","lastModifiedDate":"2022-09-22"},{"lineNumber":108,"author":{"gitId":"deenliong"},"content":"    }","lastModifiedDate":"2022-09-22"},{"lineNumber":109,"author":{"gitId":"deenliong"},"content":"","lastModifiedDate":"2022-09-22"},{"lineNumber":110,"author":{"gitId":"deenliong"},"content":"    public static void clearCurrentFile() {","lastModifiedDate":"2022-09-22"},{"lineNumber":111,"author":{"gitId":"deenliong"},"content":"        try {","lastModifiedDate":"2022-09-22"},{"lineNumber":112,"author":{"gitId":"deenliong"},"content":"            FileWriter fw \u003d new FileWriter(\"data/duke.txt\");","lastModifiedDate":"2022-09-22"},{"lineNumber":113,"author":{"gitId":"deenliong"},"content":"            fw.write(\"\");","lastModifiedDate":"2022-09-22"},{"lineNumber":114,"author":{"gitId":"deenliong"},"content":"            fw.close();","lastModifiedDate":"2022-09-22"},{"lineNumber":115,"author":{"gitId":"deenliong"},"content":"        } catch (IOException e) {","lastModifiedDate":"2022-09-22"},{"lineNumber":116,"author":{"gitId":"deenliong"},"content":"            e.printStackTrace();","lastModifiedDate":"2022-09-22"},{"lineNumber":117,"author":{"gitId":"deenliong"},"content":"        }","lastModifiedDate":"2022-09-22"},{"lineNumber":118,"author":{"gitId":"deenliong"},"content":"    }","lastModifiedDate":"2022-09-22"},{"lineNumber":119,"author":{"gitId":"deenliong"},"content":"}","lastModifiedDate":"2022-09-22"}],"authorContributionMap":{"deenliong":119}},{"path":"src/main/java/duke/TaskManager.java","fileType":"java","lines":[{"lineNumber":1,"author":{"gitId":"deenliong"},"content":"package duke;","lastModifiedDate":"2022-09-14"},{"lineNumber":2,"author":{"gitId":"deenliong"},"content":"","lastModifiedDate":"2022-09-14"},{"lineNumber":3,"author":{"gitId":"deenliong"},"content":"import duke.exception.DukeException;","lastModifiedDate":"2022-09-14"},{"lineNumber":4,"author":{"gitId":"deenliong"},"content":"import duke.task.Task;","lastModifiedDate":"2022-09-14"},{"lineNumber":5,"author":{"gitId":"deenliong"},"content":"","lastModifiedDate":"2022-09-14"},{"lineNumber":6,"author":{"gitId":"deenliong"},"content":"import java.util.ArrayList;","lastModifiedDate":"2022-09-15"},{"lineNumber":7,"author":{"gitId":"deenliong"},"content":"","lastModifiedDate":"2022-09-15"},{"lineNumber":8,"author":{"gitId":"deenliong"},"content":"public class TaskManager {","lastModifiedDate":"2022-09-14"},{"lineNumber":9,"author":{"gitId":"deenliong"},"content":"","lastModifiedDate":"2022-09-14"},{"lineNumber":10,"author":{"gitId":"deenliong"},"content":"    public static void printSuccessfulAdd(ArrayList\u003cTask\u003e tasks) {","lastModifiedDate":"2022-09-15"},{"lineNumber":11,"author":{"gitId":"deenliong"},"content":"        System.out.println(\"\\t_____________________\");","lastModifiedDate":"2022-09-14"},{"lineNumber":12,"author":{"gitId":"deenliong"},"content":"        System.out.println(\"\\t\" + \"Got it. I\u0027ve added this task:\");","lastModifiedDate":"2022-09-14"},{"lineNumber":13,"author":{"gitId":"deenliong"},"content":"        System.out.println(\"\\t\" + \"added: \" + tasks.get(tasks.size() - 1));","lastModifiedDate":"2022-09-15"},{"lineNumber":14,"author":{"gitId":"deenliong"},"content":"        System.out.println(\"\\t_____________________\\n\");","lastModifiedDate":"2022-09-14"},{"lineNumber":15,"author":{"gitId":"deenliong"},"content":"    }","lastModifiedDate":"2022-09-14"},{"lineNumber":16,"author":{"gitId":"deenliong"},"content":"","lastModifiedDate":"2022-09-14"},{"lineNumber":17,"author":{"gitId":"deenliong"},"content":"    public static int getTaskId(String line) {","lastModifiedDate":"2022-09-14"},{"lineNumber":18,"author":{"gitId":"deenliong"},"content":"        int inputId \u003d Integer.parseInt(line.replaceAll(\"[^0-9]\", \"\"));    // gets the id","lastModifiedDate":"2022-09-15"},{"lineNumber":19,"author":{"gitId":"deenliong"},"content":"        return (inputId - 1);","lastModifiedDate":"2022-09-15"},{"lineNumber":20,"author":{"gitId":"deenliong"},"content":"    }","lastModifiedDate":"2022-09-14"},{"lineNumber":21,"author":{"gitId":"deenliong"},"content":"","lastModifiedDate":"2022-09-14"},{"lineNumber":22,"author":{"gitId":"deenliong"},"content":"    public static String getTaskType(String line) {","lastModifiedDate":"2022-09-14"},{"lineNumber":23,"author":{"gitId":"deenliong"},"content":"        String[] breakLine \u003d line.split(\" \", 2);","lastModifiedDate":"2022-09-14"},{"lineNumber":24,"author":{"gitId":"deenliong"},"content":"        return breakLine[0];","lastModifiedDate":"2022-09-14"},{"lineNumber":25,"author":{"gitId":"deenliong"},"content":"    }","lastModifiedDate":"2022-09-14"},{"lineNumber":26,"author":{"gitId":"deenliong"},"content":"","lastModifiedDate":"2022-09-14"},{"lineNumber":27,"author":{"gitId":"deenliong"},"content":"    public static String getTaskDetails(String line) throws DukeException {","lastModifiedDate":"2022-09-14"},{"lineNumber":28,"author":{"gitId":"deenliong"},"content":"        String[] breakLine \u003d line.split(\" \", 2);","lastModifiedDate":"2022-09-14"},{"lineNumber":29,"author":{"gitId":"deenliong"},"content":"        return breakLine[1];","lastModifiedDate":"2022-09-14"},{"lineNumber":30,"author":{"gitId":"deenliong"},"content":"    }","lastModifiedDate":"2022-09-14"},{"lineNumber":31,"author":{"gitId":"deenliong"},"content":"","lastModifiedDate":"2022-09-14"},{"lineNumber":32,"author":{"gitId":"deenliong"},"content":"    public static void deleteTask(ArrayList\u003cTask\u003e tasks, String line) {","lastModifiedDate":"2022-09-15"},{"lineNumber":33,"author":{"gitId":"deenliong"},"content":"        int taskId \u003d getTaskId(line);","lastModifiedDate":"2022-09-15"},{"lineNumber":34,"author":{"gitId":"deenliong"},"content":"        Task taskToBeDeleted \u003d tasks.get(taskId);","lastModifiedDate":"2022-09-15"},{"lineNumber":35,"author":{"gitId":"deenliong"},"content":"        int taskSize \u003d tasks.size() - 1;","lastModifiedDate":"2022-09-15"},{"lineNumber":36,"author":{"gitId":"deenliong"},"content":"        System.out.println(\"\\t_____________________\");","lastModifiedDate":"2022-09-15"},{"lineNumber":37,"author":{"gitId":"deenliong"},"content":"        System.out.println(\"\\tNoted. I\u0027ve removed this task:\");","lastModifiedDate":"2022-09-15"},{"lineNumber":38,"author":{"gitId":"deenliong"},"content":"        System.out.println(\"\\t  \" + taskToBeDeleted);","lastModifiedDate":"2022-09-15"},{"lineNumber":39,"author":{"gitId":"deenliong"},"content":"","lastModifiedDate":"2022-09-15"},{"lineNumber":40,"author":{"gitId":"deenliong"},"content":"        if (taskSize \u003d\u003d 1 || taskSize \u003d\u003d 0) {","lastModifiedDate":"2022-09-15"},{"lineNumber":41,"author":{"gitId":"deenliong"},"content":"            System.out.println(\"\\tNow you have \" + taskSize + \" task in the list.\");","lastModifiedDate":"2022-09-15"},{"lineNumber":42,"author":{"gitId":"deenliong"},"content":"        } else {","lastModifiedDate":"2022-09-14"},{"lineNumber":43,"author":{"gitId":"deenliong"},"content":"            System.out.println(\"\\tNow you have \" + taskSize + \" tasks in the list.\");","lastModifiedDate":"2022-09-15"},{"lineNumber":44,"author":{"gitId":"deenliong"},"content":"        }","lastModifiedDate":"2022-09-14"},{"lineNumber":45,"author":{"gitId":"deenliong"},"content":"","lastModifiedDate":"2022-09-14"},{"lineNumber":46,"author":{"gitId":"deenliong"},"content":"        System.out.println(\"\\t_____________________\");","lastModifiedDate":"2022-09-15"},{"lineNumber":47,"author":{"gitId":"deenliong"},"content":"        tasks.remove(taskId);","lastModifiedDate":"2022-09-15"},{"lineNumber":48,"author":{"gitId":"deenliong"},"content":"    }","lastModifiedDate":"2022-09-14"},{"lineNumber":49,"author":{"gitId":"deenliong"},"content":"","lastModifiedDate":"2022-09-14"},{"lineNumber":50,"author":{"gitId":"deenliong"},"content":"    public static void printMark(ArrayList\u003cTask\u003e tasks, int taskId) {","lastModifiedDate":"2022-09-15"},{"lineNumber":51,"author":{"gitId":"deenliong"},"content":"        if (tasks.get(taskId).isDone) {","lastModifiedDate":"2022-09-15"},{"lineNumber":52,"author":{"gitId":"deenliong"},"content":"            System.out.println(\"\\tThis task is already done!\");","lastModifiedDate":"2022-09-15"},{"lineNumber":53,"author":{"gitId":"deenliong"},"content":"        } else {","lastModifiedDate":"2022-09-14"},{"lineNumber":54,"author":{"gitId":"deenliong"},"content":"            System.out.println(\"\\tNice! I\u0027ve marked this task as done:\");","lastModifiedDate":"2022-09-14"},{"lineNumber":55,"author":{"gitId":"deenliong"},"content":"            tasks.get(taskId).setDone(tasks.get(taskId).isDone);","lastModifiedDate":"2022-09-15"},{"lineNumber":56,"author":{"gitId":"deenliong"},"content":"            System.out.println(\"\\t\" + tasks.get(taskId).getStatusIcon() + tasks.get(taskId).getDescription());","lastModifiedDate":"2022-09-15"},{"lineNumber":57,"author":{"gitId":"deenliong"},"content":"        }","lastModifiedDate":"2022-09-14"},{"lineNumber":58,"author":{"gitId":"deenliong"},"content":"    }","lastModifiedDate":"2022-09-14"},{"lineNumber":59,"author":{"gitId":"deenliong"},"content":"","lastModifiedDate":"2022-09-14"},{"lineNumber":60,"author":{"gitId":"deenliong"},"content":"    public static void markTask(ArrayList\u003cTask\u003e tasks, String line) {","lastModifiedDate":"2022-09-15"},{"lineNumber":61,"author":{"gitId":"deenliong"},"content":"        int taskId \u003d getTaskId(line);","lastModifiedDate":"2022-09-14"},{"lineNumber":62,"author":{"gitId":"deenliong"},"content":"        printMark(tasks, taskId);","lastModifiedDate":"2022-09-14"},{"lineNumber":63,"author":{"gitId":"deenliong"},"content":"    }","lastModifiedDate":"2022-09-14"},{"lineNumber":64,"author":{"gitId":"deenliong"},"content":"","lastModifiedDate":"2022-09-14"},{"lineNumber":65,"author":{"gitId":"deenliong"},"content":"    public static void printUnmark(ArrayList\u003cTask\u003e tasks, int taskId) {","lastModifiedDate":"2022-09-15"},{"lineNumber":66,"author":{"gitId":"deenliong"},"content":"        if (!tasks.get(taskId).isDone) {","lastModifiedDate":"2022-09-15"},{"lineNumber":67,"author":{"gitId":"deenliong"},"content":"            System.out.println(\"\\tThis task is already unmarked!\");","lastModifiedDate":"2022-09-15"},{"lineNumber":68,"author":{"gitId":"deenliong"},"content":"        } else {","lastModifiedDate":"2022-09-15"},{"lineNumber":69,"author":{"gitId":"deenliong"},"content":"            System.out.println(\"\\tOK, I\u0027ve marked this task as not done yet:\");","lastModifiedDate":"2022-09-15"},{"lineNumber":70,"author":{"gitId":"deenliong"},"content":"            tasks.get(taskId).setDone(tasks.get(taskId).isDone);","lastModifiedDate":"2022-09-15"},{"lineNumber":71,"author":{"gitId":"deenliong"},"content":"            System.out.println(\"\\t\" + tasks.get(taskId).getStatusIcon() + tasks.get(taskId).getDescription());","lastModifiedDate":"2022-09-15"},{"lineNumber":72,"author":{"gitId":"deenliong"},"content":"        }","lastModifiedDate":"2022-09-15"},{"lineNumber":73,"author":{"gitId":"deenliong"},"content":"    }","lastModifiedDate":"2022-09-15"},{"lineNumber":74,"author":{"gitId":"deenliong"},"content":"","lastModifiedDate":"2022-09-15"},{"lineNumber":75,"author":{"gitId":"deenliong"},"content":"    public static void unmarkTask(ArrayList\u003cTask\u003e tasks, String line) {","lastModifiedDate":"2022-09-15"},{"lineNumber":76,"author":{"gitId":"deenliong"},"content":"        int taskId \u003d getTaskId(line);","lastModifiedDate":"2022-09-15"},{"lineNumber":77,"author":{"gitId":"deenliong"},"content":"        printUnmark(tasks, taskId);","lastModifiedDate":"2022-09-15"},{"lineNumber":78,"author":{"gitId":"deenliong"},"content":"    }","lastModifiedDate":"2022-09-15"},{"lineNumber":79,"author":{"gitId":"deenliong"},"content":"","lastModifiedDate":"2022-09-15"},{"lineNumber":80,"author":{"gitId":"deenliong"},"content":"    public static void printTaskList(ArrayList\u003cTask\u003e tasks) {","lastModifiedDate":"2022-09-15"},{"lineNumber":81,"author":{"gitId":"deenliong"},"content":"        System.out.println(\"\\t_____________________\");","lastModifiedDate":"2022-09-14"},{"lineNumber":82,"author":{"gitId":"deenliong"},"content":"        if (tasks.size() \u003d\u003d 0) {","lastModifiedDate":"2022-09-15"},{"lineNumber":83,"author":{"gitId":"deenliong"},"content":"            System.out.println(\"\\tThere is no task!\");","lastModifiedDate":"2022-09-15"},{"lineNumber":84,"author":{"gitId":"deenliong"},"content":"        } else {","lastModifiedDate":"2022-09-14"},{"lineNumber":85,"author":{"gitId":"deenliong"},"content":"            int count \u003d 1;","lastModifiedDate":"2022-09-15"},{"lineNumber":86,"author":{"gitId":"deenliong"},"content":"            System.out.println(\"\\tHere are the tasks in your list:\");","lastModifiedDate":"2022-09-14"},{"lineNumber":87,"author":{"gitId":"deenliong"},"content":"            for (Task task : tasks) {","lastModifiedDate":"2022-09-15"},{"lineNumber":88,"author":{"gitId":"deenliong"},"content":"                System.out.println(\"\\t\" + count + \". \" + task);","lastModifiedDate":"2022-09-15"},{"lineNumber":89,"author":{"gitId":"deenliong"},"content":"                count +\u003d 1;","lastModifiedDate":"2022-09-15"},{"lineNumber":90,"author":{"gitId":"deenliong"},"content":"            }","lastModifiedDate":"2022-09-14"},{"lineNumber":91,"author":{"gitId":"deenliong"},"content":"        }","lastModifiedDate":"2022-09-14"},{"lineNumber":92,"author":{"gitId":"deenliong"},"content":"        System.out.println(\"\\t_____________________\");","lastModifiedDate":"2022-09-14"},{"lineNumber":93,"author":{"gitId":"deenliong"},"content":"    }","lastModifiedDate":"2022-09-14"},{"lineNumber":94,"author":{"gitId":"deenliong"},"content":"","lastModifiedDate":"2022-09-22"},{"lineNumber":95,"author":{"gitId":"deenliong"},"content":"","lastModifiedDate":"2022-09-22"},{"lineNumber":96,"author":{"gitId":"deenliong"},"content":"}","lastModifiedDate":"2022-09-14"}],"authorContributionMap":{"deenliong":96}},{"path":"src/main/java/duke/exception/DukeException.java","fileType":"java","lines":[{"lineNumber":1,"author":{"gitId":"deenliong"},"content":"package duke.exception;","lastModifiedDate":"2022-09-14"},{"lineNumber":2,"author":{"gitId":"deenliong"},"content":"","lastModifiedDate":"2022-09-14"},{"lineNumber":3,"author":{"gitId":"deenliong"},"content":"public abstract class DukeException extends Exception {","lastModifiedDate":"2022-09-14"},{"lineNumber":4,"author":{"gitId":"deenliong"},"content":"    //no other code needed","lastModifiedDate":"2022-09-14"},{"lineNumber":5,"author":{"gitId":"deenliong"},"content":"}","lastModifiedDate":"2022-09-14"}],"authorContributionMap":{"deenliong":5}},{"path":"src/main/java/duke/task/Deadline.java","fileType":"java","lines":[{"lineNumber":1,"author":{"gitId":"deenliong"},"content":"package duke.task;","lastModifiedDate":"2022-09-14"},{"lineNumber":2,"author":{"gitId":"deenliong"},"content":"","lastModifiedDate":"2022-09-14"},{"lineNumber":3,"author":{"gitId":"deenliong"},"content":"import duke.exception.DukeException;","lastModifiedDate":"2022-09-14"},{"lineNumber":4,"author":{"gitId":"deenliong"},"content":"","lastModifiedDate":"2022-09-14"},{"lineNumber":5,"author":{"gitId":"deenliong"},"content":"public class Deadline extends Task {","lastModifiedDate":"2022-09-14"},{"lineNumber":6,"author":{"gitId":"deenliong"},"content":"","lastModifiedDate":"2022-09-14"},{"lineNumber":7,"author":{"gitId":"deenliong"},"content":"    public String by;","lastModifiedDate":"2022-09-22"},{"lineNumber":8,"author":{"gitId":"deenliong"},"content":"","lastModifiedDate":"2022-09-14"},{"lineNumber":9,"author":{"gitId":"deenliong"},"content":"    public Deadline(String description, String by) throws DukeException {","lastModifiedDate":"2022-09-14"},{"lineNumber":10,"author":{"gitId":"deenliong"},"content":"        super(description);","lastModifiedDate":"2022-09-14"},{"lineNumber":11,"author":{"gitId":"deenliong"},"content":"        this.by \u003d by;","lastModifiedDate":"2022-09-14"},{"lineNumber":12,"author":{"gitId":"deenliong"},"content":"    }","lastModifiedDate":"2022-09-14"},{"lineNumber":13,"author":{"gitId":"deenliong"},"content":"","lastModifiedDate":"2022-09-14"},{"lineNumber":14,"author":{"gitId":"deenliong"},"content":"    @Override","lastModifiedDate":"2022-09-14"},{"lineNumber":15,"author":{"gitId":"deenliong"},"content":"    public String toString() {","lastModifiedDate":"2022-09-14"},{"lineNumber":16,"author":{"gitId":"deenliong"},"content":"        return \"[D]\" + super.toString() + \"(by:\" + by + \")\";","lastModifiedDate":"2022-09-14"},{"lineNumber":17,"author":{"gitId":"deenliong"},"content":"    }","lastModifiedDate":"2022-09-14"},{"lineNumber":18,"author":{"gitId":"deenliong"},"content":"}","lastModifiedDate":"2022-09-14"}],"authorContributionMap":{"deenliong":18}},{"path":"src/main/java/duke/task/Event.java","fileType":"java","lines":[{"lineNumber":1,"author":{"gitId":"deenliong"},"content":"package duke.task;","lastModifiedDate":"2022-09-14"},{"lineNumber":2,"author":{"gitId":"deenliong"},"content":"","lastModifiedDate":"2022-09-14"},{"lineNumber":3,"author":{"gitId":"deenliong"},"content":"import duke.exception.DukeException;","lastModifiedDate":"2022-09-14"},{"lineNumber":4,"author":{"gitId":"deenliong"},"content":"","lastModifiedDate":"2022-09-14"},{"lineNumber":5,"author":{"gitId":"deenliong"},"content":"public class Event extends Task {","lastModifiedDate":"2022-09-14"},{"lineNumber":6,"author":{"gitId":"deenliong"},"content":"","lastModifiedDate":"2022-09-14"},{"lineNumber":7,"author":{"gitId":"deenliong"},"content":"    public String at;","lastModifiedDate":"2022-09-22"},{"lineNumber":8,"author":{"gitId":"deenliong"},"content":"","lastModifiedDate":"2022-09-14"},{"lineNumber":9,"author":{"gitId":"deenliong"},"content":"    public Event(String description, String at) throws DukeException {","lastModifiedDate":"2022-09-14"},{"lineNumber":10,"author":{"gitId":"deenliong"},"content":"        super(description);","lastModifiedDate":"2022-09-14"},{"lineNumber":11,"author":{"gitId":"deenliong"},"content":"        this.at \u003d at;","lastModifiedDate":"2022-09-14"},{"lineNumber":12,"author":{"gitId":"deenliong"},"content":"    }","lastModifiedDate":"2022-09-14"},{"lineNumber":13,"author":{"gitId":"deenliong"},"content":"","lastModifiedDate":"2022-09-14"},{"lineNumber":14,"author":{"gitId":"deenliong"},"content":"    @Override","lastModifiedDate":"2022-09-14"},{"lineNumber":15,"author":{"gitId":"deenliong"},"content":"    public String toString() {","lastModifiedDate":"2022-09-14"},{"lineNumber":16,"author":{"gitId":"deenliong"},"content":"        return \"[E]\" + super.toString() + \"(at:\" + at + \")\";","lastModifiedDate":"2022-09-14"},{"lineNumber":17,"author":{"gitId":"deenliong"},"content":"    }","lastModifiedDate":"2022-09-14"},{"lineNumber":18,"author":{"gitId":"deenliong"},"content":"}","lastModifiedDate":"2022-09-14"}],"authorContributionMap":{"deenliong":18}},{"path":"src/main/java/duke/task/Task.java","fileType":"java","lines":[{"lineNumber":1,"author":{"gitId":"deenliong"},"content":"package duke.task;","lastModifiedDate":"2022-09-14"},{"lineNumber":2,"author":{"gitId":"deenliong"},"content":"","lastModifiedDate":"2022-09-14"},{"lineNumber":3,"author":{"gitId":"deenliong"},"content":"import duke.TaskManager;","lastModifiedDate":"2022-09-14"},{"lineNumber":4,"author":{"gitId":"deenliong"},"content":"","lastModifiedDate":"2022-09-14"},{"lineNumber":5,"author":{"gitId":"deenliong"},"content":"public class Task extends TaskManager {","lastModifiedDate":"2022-09-14"},{"lineNumber":6,"author":{"gitId":"deenliong"},"content":"    public String description;","lastModifiedDate":"2022-09-22"},{"lineNumber":7,"author":{"gitId":"deenliong"},"content":"    public boolean isDone;","lastModifiedDate":"2022-09-14"},{"lineNumber":8,"author":{"gitId":"deenliong"},"content":"    ","lastModifiedDate":"2022-09-14"},{"lineNumber":9,"author":{"gitId":"deenliong"},"content":"","lastModifiedDate":"2022-09-22"},{"lineNumber":10,"author":{"gitId":"deenliong"},"content":"    public Task(String description) {","lastModifiedDate":"2022-09-14"},{"lineNumber":11,"author":{"gitId":"deenliong"},"content":"        this.description \u003d description;","lastModifiedDate":"2022-09-14"},{"lineNumber":12,"author":{"gitId":"deenliong"},"content":"        this.isDone \u003d false;","lastModifiedDate":"2022-09-14"},{"lineNumber":13,"author":{"gitId":"deenliong"},"content":"    }","lastModifiedDate":"2022-09-14"},{"lineNumber":14,"author":{"gitId":"deenliong"},"content":"","lastModifiedDate":"2022-09-14"},{"lineNumber":15,"author":{"gitId":"deenliong"},"content":"    public String getStatusIcon() {","lastModifiedDate":"2022-09-14"},{"lineNumber":16,"author":{"gitId":"deenliong"},"content":"        if (isDone) { // mark done task with X","lastModifiedDate":"2022-09-14"},{"lineNumber":17,"author":{"gitId":"deenliong"},"content":"            return \"[X] \";","lastModifiedDate":"2022-09-14"},{"lineNumber":18,"author":{"gitId":"deenliong"},"content":"        } else {","lastModifiedDate":"2022-09-14"},{"lineNumber":19,"author":{"gitId":"deenliong"},"content":"            return \"[ ] \";","lastModifiedDate":"2022-09-14"},{"lineNumber":20,"author":{"gitId":"deenliong"},"content":"        }","lastModifiedDate":"2022-09-14"},{"lineNumber":21,"author":{"gitId":"deenliong"},"content":"    }","lastModifiedDate":"2022-09-14"},{"lineNumber":22,"author":{"gitId":"deenliong"},"content":"","lastModifiedDate":"2022-09-14"},{"lineNumber":23,"author":{"gitId":"deenliong"},"content":"","lastModifiedDate":"2022-09-14"},{"lineNumber":24,"author":{"gitId":"deenliong"},"content":"    public String getDescription() {","lastModifiedDate":"2022-09-14"},{"lineNumber":25,"author":{"gitId":"deenliong"},"content":"        return description;","lastModifiedDate":"2022-09-14"},{"lineNumber":26,"author":{"gitId":"deenliong"},"content":"    }","lastModifiedDate":"2022-09-14"},{"lineNumber":27,"author":{"gitId":"deenliong"},"content":"","lastModifiedDate":"2022-09-14"},{"lineNumber":28,"author":{"gitId":"deenliong"},"content":"    public void setDone(boolean done) {","lastModifiedDate":"2022-09-14"},{"lineNumber":29,"author":{"gitId":"deenliong"},"content":"        if (done \u003d\u003d false) {","lastModifiedDate":"2022-09-14"},{"lineNumber":30,"author":{"gitId":"deenliong"},"content":"            this.isDone \u003d true;","lastModifiedDate":"2022-09-14"},{"lineNumber":31,"author":{"gitId":"deenliong"},"content":"        } else {","lastModifiedDate":"2022-09-14"},{"lineNumber":32,"author":{"gitId":"deenliong"},"content":"            this.isDone \u003d false;","lastModifiedDate":"2022-09-14"},{"lineNumber":33,"author":{"gitId":"deenliong"},"content":"        }","lastModifiedDate":"2022-09-14"},{"lineNumber":34,"author":{"gitId":"deenliong"},"content":"    }","lastModifiedDate":"2022-09-14"},{"lineNumber":35,"author":{"gitId":"deenliong"},"content":"","lastModifiedDate":"2022-09-14"},{"lineNumber":36,"author":{"gitId":"deenliong"},"content":"    @Override","lastModifiedDate":"2022-09-14"},{"lineNumber":37,"author":{"gitId":"deenliong"},"content":"    public String toString() {","lastModifiedDate":"2022-09-14"},{"lineNumber":38,"author":{"gitId":"deenliong"},"content":"","lastModifiedDate":"2022-09-14"},{"lineNumber":39,"author":{"gitId":"deenliong"},"content":"        return getStatusIcon() + description;","lastModifiedDate":"2022-09-14"},{"lineNumber":40,"author":{"gitId":"deenliong"},"content":"//        return getStatusIcon() ;","lastModifiedDate":"2022-09-14"},{"lineNumber":41,"author":{"gitId":"deenliong"},"content":"    }","lastModifiedDate":"2022-09-14"},{"lineNumber":42,"author":{"gitId":"deenliong"},"content":"","lastModifiedDate":"2022-09-22"},{"lineNumber":43,"author":{"gitId":"deenliong"},"content":"    public boolean isDone() {","lastModifiedDate":"2022-09-22"},{"lineNumber":44,"author":{"gitId":"deenliong"},"content":"        return isDone;","lastModifiedDate":"2022-09-22"},{"lineNumber":45,"author":{"gitId":"deenliong"},"content":"    }","lastModifiedDate":"2022-09-22"},{"lineNumber":46,"author":{"gitId":"deenliong"},"content":"","lastModifiedDate":"2022-09-22"},{"lineNumber":47,"author":{"gitId":"deenliong"},"content":"    public static String getBoolValue(Task task) {","lastModifiedDate":"2022-09-22"},{"lineNumber":48,"author":{"gitId":"deenliong"},"content":"        String boolValue;","lastModifiedDate":"2022-09-22"},{"lineNumber":49,"author":{"gitId":"deenliong"},"content":"        if (task.isDone()) {","lastModifiedDate":"2022-09-22"},{"lineNumber":50,"author":{"gitId":"deenliong"},"content":"            boolValue \u003d \"1\";","lastModifiedDate":"2022-09-22"},{"lineNumber":51,"author":{"gitId":"deenliong"},"content":"        } else {","lastModifiedDate":"2022-09-22"},{"lineNumber":52,"author":{"gitId":"deenliong"},"content":"            boolValue \u003d \"0\";","lastModifiedDate":"2022-09-22"},{"lineNumber":53,"author":{"gitId":"deenliong"},"content":"        }","lastModifiedDate":"2022-09-22"},{"lineNumber":54,"author":{"gitId":"deenliong"},"content":"        return boolValue;","lastModifiedDate":"2022-09-22"},{"lineNumber":55,"author":{"gitId":"deenliong"},"content":"    }","lastModifiedDate":"2022-09-22"},{"lineNumber":56,"author":{"gitId":"deenliong"},"content":"}","lastModifiedDate":"2022-09-14"}],"authorContributionMap":{"deenliong":56}},{"path":"src/main/java/duke/task/Todo.java","fileType":"java","lines":[{"lineNumber":1,"author":{"gitId":"deenliong"},"content":"package duke.task;","lastModifiedDate":"2022-09-14"},{"lineNumber":2,"author":{"gitId":"deenliong"},"content":"","lastModifiedDate":"2022-09-14"},{"lineNumber":3,"author":{"gitId":"deenliong"},"content":"import duke.exception.DukeException;","lastModifiedDate":"2022-09-22"},{"lineNumber":4,"author":{"gitId":"deenliong"},"content":"","lastModifiedDate":"2022-09-22"},{"lineNumber":5,"author":{"gitId":"deenliong"},"content":"public class Todo extends Task {","lastModifiedDate":"2022-09-14"},{"lineNumber":6,"author":{"gitId":"deenliong"},"content":"","lastModifiedDate":"2022-09-14"},{"lineNumber":7,"author":{"gitId":"deenliong"},"content":"    public Todo(String description) throws DukeException {","lastModifiedDate":"2022-09-22"},{"lineNumber":8,"author":{"gitId":"deenliong"},"content":"        super(description);","lastModifiedDate":"2022-09-14"},{"lineNumber":9,"author":{"gitId":"deenliong"},"content":"    }","lastModifiedDate":"2022-09-14"},{"lineNumber":10,"author":{"gitId":"deenliong"},"content":"","lastModifiedDate":"2022-09-14"},{"lineNumber":11,"author":{"gitId":"deenliong"},"content":"    @Override","lastModifiedDate":"2022-09-14"},{"lineNumber":12,"author":{"gitId":"deenliong"},"content":"    public String toString() {","lastModifiedDate":"2022-09-14"},{"lineNumber":13,"author":{"gitId":"deenliong"},"content":"","lastModifiedDate":"2022-09-14"},{"lineNumber":14,"author":{"gitId":"deenliong"},"content":"        return \"[T]\" + super.toString();","lastModifiedDate":"2022-09-14"},{"lineNumber":15,"author":{"gitId":"deenliong"},"content":"    }","lastModifiedDate":"2022-09-14"},{"lineNumber":16,"author":{"gitId":"deenliong"},"content":"}","lastModifiedDate":"2022-09-14"}],"authorContributionMap":{"deenliong":16}},{"path":"text-ui-test/data/duke.txt","fileType":"txt","lines":[{"lineNumber":1,"author":{"gitId":"deenliong"},"content":"T | 0 | borrow book","lastModifiedDate":"2022-09-22"},{"lineNumber":2,"author":{"gitId":"deenliong"},"content":"D | 0 | return book  |  Sunday","lastModifiedDate":"2022-09-22"},{"lineNumber":3,"author":{"gitId":"deenliong"},"content":"E | 0 | project meeting  |  Mon 2-4pm","lastModifiedDate":"2022-09-22"},{"lineNumber":4,"author":{"gitId":"deenliong"},"content":"D | 0 | do homework  |  no idea :-p","lastModifiedDate":"2022-09-22"},{"lineNumber":5,"author":{"gitId":"deenliong"},"content":"T | 0 | borrow book","lastModifiedDate":"2022-09-22"},{"lineNumber":6,"author":{"gitId":"deenliong"},"content":"D | 0 | return book  |  Sunday","lastModifiedDate":"2022-09-22"},{"lineNumber":7,"author":{"gitId":"deenliong"},"content":"E | 0 | project meeting  |  Mon 2-4pm","lastModifiedDate":"2022-09-22"},{"lineNumber":8,"author":{"gitId":"deenliong"},"content":"D | 0 | do homework  |  no idea :-p","lastModifiedDate":"2022-09-22"}],"authorContributionMap":{"deenliong":8}},{"path":"text-ui-test/input.txt","fileType":"txt","lines":[{"lineNumber":1,"author":{"gitId":"deenliong"},"content":"list","lastModifiedDate":"2022-09-14"},{"lineNumber":2,"author":{"gitId":"deenliong"},"content":"todo borrow book","lastModifiedDate":"2022-09-14"},{"lineNumber":3,"author":{"gitId":"deenliong"},"content":"list","lastModifiedDate":"2022-09-14"},{"lineNumber":4,"author":{"gitId":"deenliong"},"content":"deadline return book /by Sunday","lastModifiedDate":"2022-09-14"},{"lineNumber":5,"author":{"gitId":"deenliong"},"content":"event project meeting /at Mon 2-4pm","lastModifiedDate":"2022-09-14"},{"lineNumber":6,"author":{"gitId":"deenliong"},"content":"list","lastModifiedDate":"2022-09-14"},{"lineNumber":7,"author":{"gitId":"deenliong"},"content":"mark 1","lastModifiedDate":"2022-09-14"},{"lineNumber":8,"author":{"gitId":"deenliong"},"content":"mark 2","lastModifiedDate":"2022-09-14"},{"lineNumber":9,"author":{"gitId":"deenliong"},"content":"mark 3","lastModifiedDate":"2022-09-14"},{"lineNumber":10,"author":{"gitId":"deenliong"},"content":"list","lastModifiedDate":"2022-09-14"},{"lineNumber":11,"author":{"gitId":"deenliong"},"content":"unmark 1","lastModifiedDate":"2022-09-14"},{"lineNumber":12,"author":{"gitId":"deenliong"},"content":"unmark 2","lastModifiedDate":"2022-09-14"},{"lineNumber":13,"author":{"gitId":"deenliong"},"content":"unmark 3","lastModifiedDate":"2022-09-14"},{"lineNumber":14,"author":{"gitId":"deenliong"},"content":"list","lastModifiedDate":"2022-09-14"},{"lineNumber":15,"author":{"gitId":"deenliong"},"content":"deadline do homework /by no idea :-p","lastModifiedDate":"2022-09-14"},{"lineNumber":16,"author":{"gitId":"deenliong"},"content":"list","lastModifiedDate":"2022-09-14"},{"lineNumber":17,"author":{"gitId":"deenliong"},"content":"bye","lastModifiedDate":"2022-09-14"}],"authorContributionMap":{"deenliong":17}},{"path":"text-ui-test/runtest.bat","fileType":"bat","lines":[{"lineNumber":1,"author":{"gitId":"-"},"content":"@ECHO OFF","lastModifiedDate":"2020-05-25"},{"lineNumber":2,"author":{"gitId":"-"},"content":"","lastModifiedDate":"2020-05-25"},{"lineNumber":3,"author":{"gitId":"-"},"content":"REM create bin directory if it doesn\u0027t exist","lastModifiedDate":"2020-05-25"},{"lineNumber":4,"author":{"gitId":"-"},"content":"if not exist ..\\bin mkdir ..\\bin","lastModifiedDate":"2020-05-25"},{"lineNumber":5,"author":{"gitId":"-"},"content":"","lastModifiedDate":"2020-05-25"},{"lineNumber":6,"author":{"gitId":"-"},"content":"REM delete output from previous run","lastModifiedDate":"2020-05-25"},{"lineNumber":7,"author":{"gitId":"-"},"content":"if exist ACTUAL.TXT del ACTUAL.TXT","lastModifiedDate":"2020-08-25"},{"lineNumber":8,"author":{"gitId":"-"},"content":"","lastModifiedDate":"2020-05-25"},{"lineNumber":9,"author":{"gitId":"-"},"content":"REM compile the code into the bin folder","lastModifiedDate":"2020-05-25"},{"lineNumber":10,"author":{"gitId":"deenliong"},"content":"javac  -cp ..\\src\\main\\java -Xlint:none -d ..\\bin ..\\src\\main\\java\\duke\\*.java ..\\src\\main\\java\\duke\\task\\*.java ..\\src\\main\\java\\duke\\exception\\*.java","lastModifiedDate":"2022-09-14"},{"lineNumber":11,"author":{"gitId":"-"},"content":"IF ERRORLEVEL 1 (","lastModifiedDate":"2020-05-25"},{"lineNumber":12,"author":{"gitId":"-"},"content":"    echo ********** BUILD FAILURE **********","lastModifiedDate":"2020-05-25"},{"lineNumber":13,"author":{"gitId":"-"},"content":"    exit /b 1","lastModifiedDate":"2020-05-25"},{"lineNumber":14,"author":{"gitId":"-"},"content":")","lastModifiedDate":"2020-05-25"},{"lineNumber":15,"author":{"gitId":"-"},"content":"REM no error here, errorlevel \u003d\u003d 0","lastModifiedDate":"2020-05-25"},{"lineNumber":16,"author":{"gitId":"-"},"content":"","lastModifiedDate":"2020-05-25"},{"lineNumber":17,"author":{"gitId":"-"},"content":"REM run the program, feed commands from input.txt file and redirect the output to the ACTUAL.TXT","lastModifiedDate":"2020-05-25"},{"lineNumber":18,"author":{"gitId":"deenliong"},"content":"java -classpath ..\\bin duke.Duke \u003c input.txt \u003e ACTUAL.TXT","lastModifiedDate":"2022-09-14"},{"lineNumber":19,"author":{"gitId":"-"},"content":"","lastModifiedDate":"2020-05-25"},{"lineNumber":20,"author":{"gitId":"-"},"content":"REM compare the output to the expected output","lastModifiedDate":"2020-05-25"},{"lineNumber":21,"author":{"gitId":"-"},"content":"FC ACTUAL.TXT EXPECTED.TXT","lastModifiedDate":"2020-05-25"}],"authorContributionMap":{"-":19,"deenliong":2}}]
