{"authorDailyContributionsMap":{"deenliong":[{"date":"2022-09-14","commitResults":[{"hash":"e95440447d4d44ae59160ef391f22c11785277ad","messageTitle":"First commit after accidental deletion.","messageBody":"","tags":["Level-5","Level-4","Level-3","Level-2","Level-1","A-TextUiTesting","A-Exceptions","A-CodingStandard","A-CodeQuality"],"fileTypesAndContributionMap":{"java":{"insertions":286,"deletions":10}}},{"hash":"6b07a4db1364acec2b6140dc2ceba6648474ef6c","messageTitle":"Added test","messageBody":"","fileTypesAndContributionMap":{"txt":{"insertions":17,"deletions":0},"bat":{"insertions":2,"deletions":2}}}]},{"date":"2022-09-15","commitResults":[{"hash":"c074a15059686708cfe9fbfc0e72a973c0240fec","messageTitle":"Refactor switch case.","messageBody":"","fileTypesAndContributionMap":{"java":{"insertions":50,"deletions":55}}},{"hash":"538254df69cb752b4126266e77297185b5268b2a","messageTitle":"Changed array to arraylist and formatted some sentence output","messageBody":"","fileTypesAndContributionMap":{"java":{"insertions":45,"deletions":37}}},{"hash":"aaec4bbb5b1b7e927d41d5182e913f282f17c932","messageTitle":"Added delete feature.","messageBody":"","tags":["Level-6","A-Collections"],"fileTypesAndContributionMap":{"java":{"insertions":58,"deletions":33}}},{"hash":"cf123f6abde929c17861faaf94779eabd28746aa","messageTitle":"Did some formatting for level 6.","messageBody":"","fileTypesAndContributionMap":{"java":{"insertions":0,"deletions":4}}},{"hash":"8a7ecd3977ee1e1a62208f925f25172d582ad6f0","messageTitle":"Add duke.txt file","messageBody":"","fileTypesAndContributionMap":{"txt":{"insertions":4,"deletions":0}}}]},{"date":"2022-09-22","commitResults":[{"hash":"c38b93c4c06ffd5c3cf6016b7b288f01caf881be","messageTitle":"Read in file and continue adding to list small bug - bye now prints error message","messageBody":"","fileTypesAndContributionMap":{"java":{"insertions":101,"deletions":2}}},{"hash":"9708a46dff31009296a88a0e447191c6513daeb7","messageTitle":"managed to save new list of items","messageBody":"","fileTypesAndContributionMap":{"txt":{"insertions":1,"deletions":4},"java":{"insertions":60,"deletions":14}}},{"hash":"c0569eabeaa010e14bd8ab59e443ed1cf3801e51","messageTitle":"refactor with bugs 1 - bye error message still show 2 - printing of number of items in inputFile at the start","messageBody":"","fileTypesAndContributionMap":{"txt":{"insertions":4,"deletions":0},"java":{"insertions":150,"deletions":137}}},{"hash":"151e208abe7e4e4dd1d4d5410aec294abafd0ac2","messageTitle":"solved all bugs","messageBody":"","tags":["Level-7"],"fileTypesAndContributionMap":{"java":{"insertions":2,"deletions":3}}},{"hash":"ff75ae911d55f49b91e2c053ee5535fa77a71ba5","messageTitle":"slight formatting","messageBody":"","fileTypesAndContributionMap":{"txt":{"insertions":13,"deletions":5}}}]},{"date":"2022-09-28","commitResults":[{"hash":"0b410a5e6db54f1bfa9b020abd1c73384cd48648","messageTitle":"simple edit","messageBody":"","fileTypesAndContributionMap":{"txt":{"insertions":2,"deletions":2},"java":{"insertions":1,"deletions":5}}}]}]},"authorFileTypeContributionMap":{"deenliong":{"java":463,"md":0,"fxml":0,"sh":0,"bat":2,"gradle":0,"txt":30}},"authorContributionVariance":{"deenliong":8391.219},"authorDisplayNameMap":{"deenliong":"CS2113-F11-3 LION..DEEN"}}
