{"authorDailyContributionsMap":{"deenliong":[{"date":"2022-08-24","commitResults":[{"hash":"3a35a0eb1bf3ee7d48790a37c7d6c29f58188919","messageTitle":"Completed Level 0.","messageBody":"","fileTypesAndContributionMap":{"java":{"insertions":3,"deletions":0}}},{"hash":"0500e26c9a6087930858b58ca2c752ec33548973","messageTitle":"Completed Level 1","messageBody":"","tags":["Level-1"],"fileTypesAndContributionMap":{"java":{"insertions":20,"deletions":7}}}]},{"date":"2022-08-25","commitResults":[{"hash":"e78b7585d72c0a93d410bb45186d3f74da1417cb","messageTitle":"Completed L2: Add, List","messageBody":"","tags":["Level-2"],"fileTypesAndContributionMap":{"java":{"insertions":18,"deletions":6}}},{"hash":"deda65f698b278ede05ef77d2957fcbd671f8e9f","messageTitle":"Completed adding checkbox and new Task class","messageBody":"","fileTypesAndContributionMap":{"java":{"insertions":31,"deletions":7}}},{"hash":"9ae819e567762a688c032b1457190ad8107a849f","messageTitle":"Completed skeletal structure of Level 3 with bugs","messageBody":"","tags":["Level-3","A-CodingStandard"],"fileTypesAndContributionMap":{"java":{"insertions":29,"deletions":1}}}]}]},"authorFileTypeContributionMap":{"deenliong":{"java":86,"md":0,"fxml":0,"sh":0,"bat":0,"gradle":0,"txt":0}},"authorContributionVariance":{"deenliong":592.9184},"authorDisplayNameMap":{"deenliong":"CS2113-F11-3 LION..DEEN"}}
