[{"path":"src/main/java/Duke.java","fileType":"java","lines":[{"lineNumber":1,"author":{"gitId":"ngdeqi"},"content":"import java.util.Scanner;","lastModifiedDate":"2022-08-19"},{"lineNumber":2,"author":{"gitId":"ngdeqi"},"content":"","lastModifiedDate":"2022-08-19"},{"lineNumber":3,"author":{"gitId":"-"},"content":"public class Duke {","lastModifiedDate":"2019-07-29"},{"lineNumber":4,"author":{"gitId":"ngdeqi"},"content":"","lastModifiedDate":"2022-08-19"},{"lineNumber":5,"author":{"gitId":"ngdeqi"},"content":"    /**","lastModifiedDate":"2022-08-20"},{"lineNumber":6,"author":{"gitId":"ngdeqi"},"content":"     * Formats messages to be printed on the terminal","lastModifiedDate":"2022-08-20"},{"lineNumber":7,"author":{"gitId":"ngdeqi"},"content":"     * @param input String Message to be formatted","lastModifiedDate":"2022-08-20"},{"lineNumber":8,"author":{"gitId":"ngdeqi"},"content":"     */","lastModifiedDate":"2022-08-20"},{"lineNumber":9,"author":{"gitId":"ngdeqi"},"content":"    public static void formatAndPrint(String input) {","lastModifiedDate":"2022-08-20"},{"lineNumber":10,"author":{"gitId":"ngdeqi"},"content":"        StringBuilder output \u003d new StringBuilder();","lastModifiedDate":"2022-08-20"},{"lineNumber":11,"author":{"gitId":"ngdeqi"},"content":"        String[] split \u003d input.split(\"\\n\");","lastModifiedDate":"2022-08-19"},{"lineNumber":12,"author":{"gitId":"ngdeqi"},"content":"","lastModifiedDate":"2022-08-20"},{"lineNumber":13,"author":{"gitId":"ngdeqi"},"content":"        System.out.println(\"    ____________________________________________________________\");","lastModifiedDate":"2022-08-20"},{"lineNumber":14,"author":{"gitId":"ngdeqi"},"content":"        for (String string: split) {","lastModifiedDate":"2022-08-19"},{"lineNumber":15,"author":{"gitId":"ngdeqi"},"content":"            output.append(String.format(\"     %s\\n\", string));","lastModifiedDate":"2022-08-20"},{"lineNumber":16,"author":{"gitId":"ngdeqi"},"content":"        }","lastModifiedDate":"2022-08-19"},{"lineNumber":17,"author":{"gitId":"ngdeqi"},"content":"        System.out.print(output);","lastModifiedDate":"2022-08-19"},{"lineNumber":18,"author":{"gitId":"ngdeqi"},"content":"        System.out.println(\"    ____________________________________________________________\");","lastModifiedDate":"2022-08-20"},{"lineNumber":19,"author":{"gitId":"ngdeqi"},"content":"    }","lastModifiedDate":"2022-08-19"},{"lineNumber":20,"author":{"gitId":"ngdeqi"},"content":"","lastModifiedDate":"2022-08-19"},{"lineNumber":21,"author":{"gitId":"ngdeqi"},"content":"","lastModifiedDate":"2022-08-19"},{"lineNumber":22,"author":{"gitId":"-"},"content":"    public static void main(String[] args) {","lastModifiedDate":"2019-07-29"},{"lineNumber":23,"author":{"gitId":"ngdeqi"},"content":"        String input, output;","lastModifiedDate":"2022-08-19"},{"lineNumber":24,"author":{"gitId":"ngdeqi"},"content":"        TaskManager taskManager \u003d new TaskManager();","lastModifiedDate":"2022-08-20"},{"lineNumber":25,"author":{"gitId":"ngdeqi"},"content":"        Scanner sc \u003d new Scanner(System.in);","lastModifiedDate":"2022-08-20"},{"lineNumber":26,"author":{"gitId":"ngdeqi"},"content":"","lastModifiedDate":"2022-08-20"},{"lineNumber":27,"author":{"gitId":"ngdeqi"},"content":"        output \u003d \"Hello! I\u0027m DuckyMoMo\\n\"","lastModifiedDate":"2022-08-19"},{"lineNumber":28,"author":{"gitId":"ngdeqi"},"content":"                + \"What can I do for you?\";","lastModifiedDate":"2022-08-19"},{"lineNumber":29,"author":{"gitId":"ngdeqi"},"content":"        formatAndPrint(output);","lastModifiedDate":"2022-08-20"},{"lineNumber":30,"author":{"gitId":"ngdeqi"},"content":"","lastModifiedDate":"2022-08-19"},{"lineNumber":31,"author":{"gitId":"ngdeqi"},"content":"        input \u003d sc.nextLine();","lastModifiedDate":"2022-08-19"},{"lineNumber":32,"author":{"gitId":"ngdeqi"},"content":"        while (true) {","lastModifiedDate":"2022-08-19"},{"lineNumber":33,"author":{"gitId":"ngdeqi"},"content":"            String[] arguments \u003d input.split(\"[ \\t]+\");","lastModifiedDate":"2022-08-20"},{"lineNumber":34,"author":{"gitId":"ngdeqi"},"content":"","lastModifiedDate":"2022-08-20"},{"lineNumber":35,"author":{"gitId":"ngdeqi"},"content":"            switch (arguments[0]) {","lastModifiedDate":"2022-08-20"},{"lineNumber":36,"author":{"gitId":"ngdeqi"},"content":"            case \"bye\":","lastModifiedDate":"2022-08-19"},{"lineNumber":37,"author":{"gitId":"ngdeqi"},"content":"                formatAndPrint(\"Byeeeeeeeeeeeeeeeeeeeeeeeeeeeeeeeeeeeeeeee\");","lastModifiedDate":"2022-08-20"},{"lineNumber":38,"author":{"gitId":"ngdeqi"},"content":"                return;","lastModifiedDate":"2022-08-19"},{"lineNumber":39,"author":{"gitId":"ngdeqi"},"content":"            case \"list\":","lastModifiedDate":"2022-08-19"},{"lineNumber":40,"author":{"gitId":"ngdeqi"},"content":"                output \u003d taskManager.getAllTasks();","lastModifiedDate":"2022-08-20"},{"lineNumber":41,"author":{"gitId":"ngdeqi"},"content":"                break;","lastModifiedDate":"2022-08-20"},{"lineNumber":42,"author":{"gitId":"ngdeqi"},"content":"            case \"mark\":","lastModifiedDate":"2022-08-20"},{"lineNumber":43,"author":{"gitId":"ngdeqi"},"content":"                output \u003d taskManager.markTask(Integer.parseInt(arguments[1]));","lastModifiedDate":"2022-08-20"},{"lineNumber":44,"author":{"gitId":"ngdeqi"},"content":"                break;","lastModifiedDate":"2022-08-20"},{"lineNumber":45,"author":{"gitId":"ngdeqi"},"content":"            case \"unmark\":","lastModifiedDate":"2022-08-20"},{"lineNumber":46,"author":{"gitId":"ngdeqi"},"content":"                output \u003d taskManager.unmarkTask(Integer.parseInt(arguments[1]));","lastModifiedDate":"2022-08-20"},{"lineNumber":47,"author":{"gitId":"ngdeqi"},"content":"                break;","lastModifiedDate":"2022-08-19"},{"lineNumber":48,"author":{"gitId":"ngdeqi"},"content":"            default:","lastModifiedDate":"2022-08-19"},{"lineNumber":49,"author":{"gitId":"ngdeqi"},"content":"                output \u003d taskManager.addTask(input);","lastModifiedDate":"2022-08-20"},{"lineNumber":50,"author":{"gitId":"ngdeqi"},"content":"                break;","lastModifiedDate":"2022-08-20"},{"lineNumber":51,"author":{"gitId":"ngdeqi"},"content":"            }","lastModifiedDate":"2022-08-19"},{"lineNumber":52,"author":{"gitId":"ngdeqi"},"content":"            formatAndPrint(output);","lastModifiedDate":"2022-08-20"},{"lineNumber":53,"author":{"gitId":"ngdeqi"},"content":"","lastModifiedDate":"2022-08-19"},{"lineNumber":54,"author":{"gitId":"ngdeqi"},"content":"            input \u003d sc.nextLine();","lastModifiedDate":"2022-08-19"},{"lineNumber":55,"author":{"gitId":"ngdeqi"},"content":"        }","lastModifiedDate":"2022-08-19"},{"lineNumber":56,"author":{"gitId":"ngdeqi"},"content":"","lastModifiedDate":"2022-08-13"},{"lineNumber":57,"author":{"gitId":"-"},"content":"    }","lastModifiedDate":"2019-07-29"},{"lineNumber":58,"author":{"gitId":"-"},"content":"}","lastModifiedDate":"2019-07-29"}],"authorContributionMap":{"ngdeqi":54,"-":4}},{"path":"src/main/java/Task.java","fileType":"java","lines":[{"lineNumber":1,"author":{"gitId":"ngdeqi"},"content":"/**","lastModifiedDate":"2022-08-20"},{"lineNumber":2,"author":{"gitId":"ngdeqi"},"content":" * Represents a Task","lastModifiedDate":"2022-08-20"},{"lineNumber":3,"author":{"gitId":"ngdeqi"},"content":" */","lastModifiedDate":"2022-08-20"},{"lineNumber":4,"author":{"gitId":"ngdeqi"},"content":"public class Task {","lastModifiedDate":"2022-08-20"},{"lineNumber":5,"author":{"gitId":"ngdeqi"},"content":"    private String description;","lastModifiedDate":"2022-08-20"},{"lineNumber":6,"author":{"gitId":"ngdeqi"},"content":"    private boolean isDone;","lastModifiedDate":"2022-08-20"},{"lineNumber":7,"author":{"gitId":"ngdeqi"},"content":"","lastModifiedDate":"2022-08-20"},{"lineNumber":8,"author":{"gitId":"ngdeqi"},"content":"    /**","lastModifiedDate":"2022-08-20"},{"lineNumber":9,"author":{"gitId":"ngdeqi"},"content":"     * Constructor for task","lastModifiedDate":"2022-08-20"},{"lineNumber":10,"author":{"gitId":"ngdeqi"},"content":"     * @param description Physical action the user wants to create the task for","lastModifiedDate":"2022-08-20"},{"lineNumber":11,"author":{"gitId":"ngdeqi"},"content":"     */","lastModifiedDate":"2022-08-20"},{"lineNumber":12,"author":{"gitId":"ngdeqi"},"content":"    public Task(String description) {","lastModifiedDate":"2022-08-20"},{"lineNumber":13,"author":{"gitId":"ngdeqi"},"content":"        this.description \u003d description;","lastModifiedDate":"2022-08-20"},{"lineNumber":14,"author":{"gitId":"ngdeqi"},"content":"        this.isDone \u003d false;","lastModifiedDate":"2022-08-20"},{"lineNumber":15,"author":{"gitId":"ngdeqi"},"content":"    }","lastModifiedDate":"2022-08-20"},{"lineNumber":16,"author":{"gitId":"ngdeqi"},"content":"","lastModifiedDate":"2022-08-20"},{"lineNumber":17,"author":{"gitId":"ngdeqi"},"content":"    public String getDescription() {","lastModifiedDate":"2022-08-20"},{"lineNumber":18,"author":{"gitId":"ngdeqi"},"content":"        return description;","lastModifiedDate":"2022-08-20"},{"lineNumber":19,"author":{"gitId":"ngdeqi"},"content":"    }","lastModifiedDate":"2022-08-20"},{"lineNumber":20,"author":{"gitId":"ngdeqi"},"content":"","lastModifiedDate":"2022-08-20"},{"lineNumber":21,"author":{"gitId":"ngdeqi"},"content":"    /**","lastModifiedDate":"2022-08-20"},{"lineNumber":22,"author":{"gitId":"ngdeqi"},"content":"     * Returns the status icon to be printed in the task status message","lastModifiedDate":"2022-08-20"},{"lineNumber":23,"author":{"gitId":"ngdeqi"},"content":"     * @return String Status icon","lastModifiedDate":"2022-08-20"},{"lineNumber":24,"author":{"gitId":"ngdeqi"},"content":"     */","lastModifiedDate":"2022-08-20"},{"lineNumber":25,"author":{"gitId":"ngdeqi"},"content":"    public String getStatusIcon() {","lastModifiedDate":"2022-08-20"},{"lineNumber":26,"author":{"gitId":"ngdeqi"},"content":"        return (isDone ? \"X\" : \" \");","lastModifiedDate":"2022-08-20"},{"lineNumber":27,"author":{"gitId":"ngdeqi"},"content":"    }","lastModifiedDate":"2022-08-20"},{"lineNumber":28,"author":{"gitId":"ngdeqi"},"content":"","lastModifiedDate":"2022-08-20"},{"lineNumber":29,"author":{"gitId":"ngdeqi"},"content":"    /**","lastModifiedDate":"2022-08-20"},{"lineNumber":30,"author":{"gitId":"ngdeqi"},"content":"     * Marks task as done","lastModifiedDate":"2022-08-20"},{"lineNumber":31,"author":{"gitId":"ngdeqi"},"content":"     */","lastModifiedDate":"2022-08-20"},{"lineNumber":32,"author":{"gitId":"ngdeqi"},"content":"    public void markAsDone() {","lastModifiedDate":"2022-08-20"},{"lineNumber":33,"author":{"gitId":"ngdeqi"},"content":"        isDone \u003d true;","lastModifiedDate":"2022-08-20"},{"lineNumber":34,"author":{"gitId":"ngdeqi"},"content":"    }","lastModifiedDate":"2022-08-20"},{"lineNumber":35,"author":{"gitId":"ngdeqi"},"content":"","lastModifiedDate":"2022-08-20"},{"lineNumber":36,"author":{"gitId":"ngdeqi"},"content":"    /**","lastModifiedDate":"2022-08-20"},{"lineNumber":37,"author":{"gitId":"ngdeqi"},"content":"     * Marks task as undone","lastModifiedDate":"2022-08-20"},{"lineNumber":38,"author":{"gitId":"ngdeqi"},"content":"     */","lastModifiedDate":"2022-08-20"},{"lineNumber":39,"author":{"gitId":"ngdeqi"},"content":"    public void markAsNotDone() {","lastModifiedDate":"2022-08-20"},{"lineNumber":40,"author":{"gitId":"ngdeqi"},"content":"        isDone \u003d false;","lastModifiedDate":"2022-08-20"},{"lineNumber":41,"author":{"gitId":"ngdeqi"},"content":"    }","lastModifiedDate":"2022-08-20"},{"lineNumber":42,"author":{"gitId":"ngdeqi"},"content":"}","lastModifiedDate":"2022-08-20"}],"authorContributionMap":{"ngdeqi":42}},{"path":"src/main/java/TaskManager.java","fileType":"java","lines":[{"lineNumber":1,"author":{"gitId":"ngdeqi"},"content":"import java.util.ArrayList;","lastModifiedDate":"2022-08-20"},{"lineNumber":2,"author":{"gitId":"ngdeqi"},"content":"","lastModifiedDate":"2022-08-20"},{"lineNumber":3,"author":{"gitId":"ngdeqi"},"content":"/**","lastModifiedDate":"2022-08-20"},{"lineNumber":4,"author":{"gitId":"ngdeqi"},"content":" * API to query and edit Task objects","lastModifiedDate":"2022-08-20"},{"lineNumber":5,"author":{"gitId":"ngdeqi"},"content":" */","lastModifiedDate":"2022-08-20"},{"lineNumber":6,"author":{"gitId":"ngdeqi"},"content":"public class TaskManager {","lastModifiedDate":"2022-08-20"},{"lineNumber":7,"author":{"gitId":"ngdeqi"},"content":"    ArrayList\u003cTask\u003e tasks \u003d new ArrayList\u003c\u003e();","lastModifiedDate":"2022-08-20"},{"lineNumber":8,"author":{"gitId":"ngdeqi"},"content":"","lastModifiedDate":"2022-08-20"},{"lineNumber":9,"author":{"gitId":"ngdeqi"},"content":"    /**","lastModifiedDate":"2022-08-20"},{"lineNumber":10,"author":{"gitId":"ngdeqi"},"content":"     * Default Constructor","lastModifiedDate":"2022-08-20"},{"lineNumber":11,"author":{"gitId":"ngdeqi"},"content":"     */","lastModifiedDate":"2022-08-20"},{"lineNumber":12,"author":{"gitId":"ngdeqi"},"content":"    public TaskManager() {","lastModifiedDate":"2022-08-20"},{"lineNumber":13,"author":{"gitId":"ngdeqi"},"content":"    }","lastModifiedDate":"2022-08-20"},{"lineNumber":14,"author":{"gitId":"ngdeqi"},"content":"","lastModifiedDate":"2022-08-20"},{"lineNumber":15,"author":{"gitId":"ngdeqi"},"content":"    /**","lastModifiedDate":"2022-08-20"},{"lineNumber":16,"author":{"gitId":"ngdeqi"},"content":"     * Adds task to the TaskManager","lastModifiedDate":"2022-08-20"},{"lineNumber":17,"author":{"gitId":"ngdeqi"},"content":"     * @param taskDescription String Task description","lastModifiedDate":"2022-08-20"},{"lineNumber":18,"author":{"gitId":"ngdeqi"},"content":"     * @return String Message for task status","lastModifiedDate":"2022-08-20"},{"lineNumber":19,"author":{"gitId":"ngdeqi"},"content":"     */","lastModifiedDate":"2022-08-20"},{"lineNumber":20,"author":{"gitId":"ngdeqi"},"content":"    public String addTask(String taskDescription) {","lastModifiedDate":"2022-08-20"},{"lineNumber":21,"author":{"gitId":"ngdeqi"},"content":"        tasks.add(new Task(taskDescription));","lastModifiedDate":"2022-08-20"},{"lineNumber":22,"author":{"gitId":"ngdeqi"},"content":"        return \"added: \" + taskDescription;","lastModifiedDate":"2022-08-20"},{"lineNumber":23,"author":{"gitId":"ngdeqi"},"content":"    }","lastModifiedDate":"2022-08-20"},{"lineNumber":24,"author":{"gitId":"ngdeqi"},"content":"","lastModifiedDate":"2022-08-20"},{"lineNumber":25,"author":{"gitId":"ngdeqi"},"content":"    /**","lastModifiedDate":"2022-08-20"},{"lineNumber":26,"author":{"gitId":"ngdeqi"},"content":"     * Marks Task as done","lastModifiedDate":"2022-08-20"},{"lineNumber":27,"author":{"gitId":"ngdeqi"},"content":"     * @param taskNum Task number","lastModifiedDate":"2022-08-20"},{"lineNumber":28,"author":{"gitId":"ngdeqi"},"content":"     * @return String output Message for task status","lastModifiedDate":"2022-08-20"},{"lineNumber":29,"author":{"gitId":"ngdeqi"},"content":"     */","lastModifiedDate":"2022-08-20"},{"lineNumber":30,"author":{"gitId":"ngdeqi"},"content":"","lastModifiedDate":"2022-08-20"},{"lineNumber":31,"author":{"gitId":"ngdeqi"},"content":"    public String markTask(int taskNum) {","lastModifiedDate":"2022-08-20"},{"lineNumber":32,"author":{"gitId":"ngdeqi"},"content":"        String output;","lastModifiedDate":"2022-08-20"},{"lineNumber":33,"author":{"gitId":"ngdeqi"},"content":"        if (taskNum \u003c\u003d 0 || taskNum-1 \u003e\u003d tasks.size()) {","lastModifiedDate":"2022-08-20"},{"lineNumber":34,"author":{"gitId":"ngdeqi"},"content":"            output \u003d \"Not a valid task number\\n\";","lastModifiedDate":"2022-08-20"},{"lineNumber":35,"author":{"gitId":"ngdeqi"},"content":"        } else {","lastModifiedDate":"2022-08-20"},{"lineNumber":36,"author":{"gitId":"ngdeqi"},"content":"            Task task \u003d  tasks.get(taskNum-1);","lastModifiedDate":"2022-08-20"},{"lineNumber":37,"author":{"gitId":"ngdeqi"},"content":"            task.markAsDone();","lastModifiedDate":"2022-08-20"},{"lineNumber":38,"author":{"gitId":"ngdeqi"},"content":"            output \u003d \"Nice! I\u0027ve marked this task as done:\\n\"","lastModifiedDate":"2022-08-20"},{"lineNumber":39,"author":{"gitId":"ngdeqi"},"content":"                    + \"  [X] \"","lastModifiedDate":"2022-08-20"},{"lineNumber":40,"author":{"gitId":"ngdeqi"},"content":"                    + task.getDescription() + \"\\n\";","lastModifiedDate":"2022-08-20"},{"lineNumber":41,"author":{"gitId":"ngdeqi"},"content":"        }","lastModifiedDate":"2022-08-20"},{"lineNumber":42,"author":{"gitId":"ngdeqi"},"content":"        return output;","lastModifiedDate":"2022-08-20"},{"lineNumber":43,"author":{"gitId":"ngdeqi"},"content":"    }","lastModifiedDate":"2022-08-20"},{"lineNumber":44,"author":{"gitId":"ngdeqi"},"content":"","lastModifiedDate":"2022-08-20"},{"lineNumber":45,"author":{"gitId":"ngdeqi"},"content":"    /**","lastModifiedDate":"2022-08-20"},{"lineNumber":46,"author":{"gitId":"ngdeqi"},"content":"     * Marks Task as undone","lastModifiedDate":"2022-08-20"},{"lineNumber":47,"author":{"gitId":"ngdeqi"},"content":"     * @param taskNum Task number","lastModifiedDate":"2022-08-20"},{"lineNumber":48,"author":{"gitId":"ngdeqi"},"content":"     * @return String output Message for task status","lastModifiedDate":"2022-08-20"},{"lineNumber":49,"author":{"gitId":"ngdeqi"},"content":"     */","lastModifiedDate":"2022-08-20"},{"lineNumber":50,"author":{"gitId":"ngdeqi"},"content":"","lastModifiedDate":"2022-08-20"},{"lineNumber":51,"author":{"gitId":"ngdeqi"},"content":"    public String unmarkTask(int taskNum) {","lastModifiedDate":"2022-08-20"},{"lineNumber":52,"author":{"gitId":"ngdeqi"},"content":"        String output;","lastModifiedDate":"2022-08-20"},{"lineNumber":53,"author":{"gitId":"ngdeqi"},"content":"        if (taskNum \u003c\u003d 0 || taskNum-1 \u003e\u003d tasks.size()) {","lastModifiedDate":"2022-08-20"},{"lineNumber":54,"author":{"gitId":"ngdeqi"},"content":"            output \u003d \"Not a valid task number\\n\";","lastModifiedDate":"2022-08-20"},{"lineNumber":55,"author":{"gitId":"ngdeqi"},"content":"        } else {","lastModifiedDate":"2022-08-20"},{"lineNumber":56,"author":{"gitId":"ngdeqi"},"content":"            Task task \u003d  tasks.get(taskNum-1);","lastModifiedDate":"2022-08-20"},{"lineNumber":57,"author":{"gitId":"ngdeqi"},"content":"            task.markAsNotDone();","lastModifiedDate":"2022-08-20"},{"lineNumber":58,"author":{"gitId":"ngdeqi"},"content":"            output \u003d \"OK, I\u0027ve marked this task as not done yet:\\n\"","lastModifiedDate":"2022-08-20"},{"lineNumber":59,"author":{"gitId":"ngdeqi"},"content":"                    + \"  [ ] \"","lastModifiedDate":"2022-08-20"},{"lineNumber":60,"author":{"gitId":"ngdeqi"},"content":"                    + task.getDescription() + \"\\n\";","lastModifiedDate":"2022-08-20"},{"lineNumber":61,"author":{"gitId":"ngdeqi"},"content":"        }","lastModifiedDate":"2022-08-20"},{"lineNumber":62,"author":{"gitId":"ngdeqi"},"content":"        return output;","lastModifiedDate":"2022-08-20"},{"lineNumber":63,"author":{"gitId":"ngdeqi"},"content":"    }","lastModifiedDate":"2022-08-20"},{"lineNumber":64,"author":{"gitId":"ngdeqi"},"content":"","lastModifiedDate":"2022-08-20"},{"lineNumber":65,"author":{"gitId":"ngdeqi"},"content":"    /**","lastModifiedDate":"2022-08-20"},{"lineNumber":66,"author":{"gitId":"ngdeqi"},"content":"     * Returns all completed and uncompleted tasks as a numbered list","lastModifiedDate":"2022-08-20"},{"lineNumber":67,"author":{"gitId":"ngdeqi"},"content":"     * @return String output Numbered tasks and their completion statuses","lastModifiedDate":"2022-08-20"},{"lineNumber":68,"author":{"gitId":"ngdeqi"},"content":"     */","lastModifiedDate":"2022-08-20"},{"lineNumber":69,"author":{"gitId":"ngdeqi"},"content":"    public String getAllTasks() {","lastModifiedDate":"2022-08-20"},{"lineNumber":70,"author":{"gitId":"ngdeqi"},"content":"        int counter \u003d 1;","lastModifiedDate":"2022-08-20"},{"lineNumber":71,"author":{"gitId":"ngdeqi"},"content":"        StringBuilder output \u003d new StringBuilder( \"Here are the tasks in your list:\\n\");","lastModifiedDate":"2022-08-20"},{"lineNumber":72,"author":{"gitId":"ngdeqi"},"content":"        for (Task task: tasks) {","lastModifiedDate":"2022-08-20"},{"lineNumber":73,"author":{"gitId":"ngdeqi"},"content":"            output.append(String.format(\"%d. [%s] %s\\n\", counter++, task.getStatusIcon(), task.getDescription()));","lastModifiedDate":"2022-08-20"},{"lineNumber":74,"author":{"gitId":"ngdeqi"},"content":"        }","lastModifiedDate":"2022-08-20"},{"lineNumber":75,"author":{"gitId":"ngdeqi"},"content":"        return output.toString();","lastModifiedDate":"2022-08-20"},{"lineNumber":76,"author":{"gitId":"ngdeqi"},"content":"    }","lastModifiedDate":"2022-08-20"},{"lineNumber":77,"author":{"gitId":"ngdeqi"},"content":"","lastModifiedDate":"2022-08-20"},{"lineNumber":78,"author":{"gitId":"ngdeqi"},"content":"}","lastModifiedDate":"2022-08-20"}],"authorContributionMap":{"ngdeqi":78}}]
