{"authorDailyContributionsMap":{"Brandon-OS":[{"date":"2022-08-19","commitResults":[{"hash":"78dc4b44d1ecba7ff7dbd8dd5b664896bba1a03d","messageTitle":"Added Level 0 Greet","messageBody":"","tags":["Level-0"],"fileTypesAndContributionMap":{"java":{"insertions":15,"deletions":6}}}]},{"date":"2022-08-25","commitResults":[{"hash":"9109512d93d1f964ee6b8bc160cecebfde100409","messageTitle":"Level 1 - echo method added","messageBody":"","tags":["Level-1"],"fileTypesAndContributionMap":{"java":{"insertions":16,"deletions":1}}},{"hash":"75cbd563282c9eb0e96b79bb5154230d0862d003","messageTitle":"Level 2 - Added addTask and listTask methods","messageBody":"","tags":["Level-2"],"fileTypesAndContributionMap":{"java":{"insertions":37,"deletions":7}}}]},{"date":"2022-08-26","commitResults":[{"hash":"4e6a7a057bc85922f6c10ae2489da29df885945b","messageTitle":"Level 3 - Added task class and markTask and unmarkTask methods","messageBody":"","tags":["Level-3","A-CodingStandard"],"fileTypesAndContributionMap":{"java":{"insertions":54,"deletions":7}}},{"hash":"18c9f006cb277b5c6ca8e241e43edea0916683ee","messageTitle":"Moved Task class to its own file","messageBody":"","fileTypesAndContributionMap":{"java":{"insertions":17,"deletions":18}}}]}]},"authorFileTypeContributionMap":{"Brandon-OS":{"java":107,"md":0,"fxml":0,"sh":0,"bat":0,"gradle":0,"txt":0}},"authorContributionVariance":{"Brandon-OS":751.0488},"authorDisplayNameMap":{"Brandon-OS":"CS2113-T17-2 BRAN..ARIF"}}
