[{"path":"src/main/java/Duke.java","fileType":"java","lines":[{"lineNumber":1,"author":{"gitId":"chydarren"},"content":"import java.util.ArrayList;","lastModifiedDate":"2022-08-20"},{"lineNumber":2,"author":{"gitId":"chydarren"},"content":"import java.util.Scanner;","lastModifiedDate":"2022-08-20"},{"lineNumber":3,"author":{"gitId":"chydarren"},"content":"","lastModifiedDate":"2022-08-20"},{"lineNumber":4,"author":{"gitId":"-"},"content":"public class Duke {","lastModifiedDate":"2019-07-29"},{"lineNumber":5,"author":{"gitId":"chydarren"},"content":"    public static void printGreeting() {","lastModifiedDate":"2022-08-20"},{"lineNumber":6,"author":{"gitId":"chydarren"},"content":"        String logo \u003d \"⠀⠀⠀⠀⠀⠀⠀⠀⠀⠀⢀⣠⣤⣴⣶⣶⣶⣶⣶⠶⣶⣤⣤⣀⠀⠀⠀⠀⠀⠀ \\n\"","lastModifiedDate":"2022-08-16"},{"lineNumber":7,"author":{"gitId":"chydarren"},"content":"                + \"⠀⠀⠀⠀⠀⠀⠀⢀⣤⣾⣿⣿⣿⠁⠀⢀⠈⢿⢀⣀⠀⠹⣿⣿⣿⣦⣄⠀\\n\"","lastModifiedDate":"2022-08-16"},{"lineNumber":8,"author":{"gitId":"chydarren"},"content":"                + \"⠀⠀⠀⠀⠀⠀⣴⣿⣿⣿⣿⣿⠿⠀⠀⣟⡇⢘⣾⣽⠀⠀⡏⠉⠙⢛⣿⣷⡖⠀\\n\"","lastModifiedDate":"2022-08-16"},{"lineNumber":9,"author":{"gitId":"chydarren"},"content":"                + \"⠀⠀⠀⠀⠀⣾⣿⣿⡿⠿⠷⠶⠤⠙⠒⠀⠒⢻⣿⣿⡷⠋⠀⠴⠞⠋⠁⢙⣿⣄ \\n\"","lastModifiedDate":"2022-08-16"},{"lineNumber":10,"author":{"gitId":"chydarren"},"content":"                + \"⠀⠀⠀⠀⢸⣿⣿⣯⣤⣤⣤⣤⣤⡄⠀⠀⠀⠀⠉⢹⡄⠀⠀⠀⠛⠛⠋⠉⠹⡇ \\n\"","lastModifiedDate":"2022-08-16"},{"lineNumber":11,"author":{"gitId":"chydarren"},"content":"                + \"⠀⠀⠀⠀⢸⣿⣿⠀⠀⠀⣀⣠⣤⣤⣤⣤⣤⣤⣤⣼⣇⣀⣀⣀⣛⣛⣒⣲⢾⡷ \\n\"","lastModifiedDate":"2022-08-16"},{"lineNumber":12,"author":{"gitId":"chydarren"},"content":"                + \"⢀⠤⠒⠒⢼⣿⣿⠶⠞⢻⣿⣿;i⣿⣿⣿⣿⣿⣿⣿⣿⣿⣿⣿⣿⣿⡿⠁⠀⣼⠃\\n\"","lastModifiedDate":"2022-08-20"},{"lineNumber":13,"author":{"gitId":"chydarren"},"content":"                + \"⢮⠀⠀⠀⠀⣿⣿⣆⠀⠀⠻⣿⡿⠛⠉⠉⠁⠀⠉⠉⠛⠿⣿⣿⠟⠁⠀⣼⠃\\n\"","lastModifiedDate":"2022-08-16"},{"lineNumber":14,"author":{"gitId":"chydarren"},"content":"                + \"⠈⠓⠶⣶⣾⣿⣿⣿⣧⡀⠀⠈⠒⢤⣀⣀⡀⠀⠀⣀⣀⡠⠚⠁⠀⢀⡼⠃\\n\"","lastModifiedDate":"2022-08-16"},{"lineNumber":15,"author":{"gitId":"chydarren"},"content":"                + \"⠀⠀⠀⠈⢿⣿⣿⣿⣿⣿⣷⣤⣤⣤⣤⣭⣭⣭⣭⣭⣥⣤⣤⣤⣴⣟⠁\\n\";","lastModifiedDate":"2022-08-16"},{"lineNumber":16,"author":{"gitId":"chydarren"},"content":"","lastModifiedDate":"2022-08-16"},{"lineNumber":17,"author":{"gitId":"chydarren"},"content":"        System.out.println(\"    ____________________________________________________________\");","lastModifiedDate":"2022-08-16"},{"lineNumber":18,"author":{"gitId":"chydarren"},"content":"        System.out.println(logo + \"\\n    Kon\u0027nichiwa! Doraemon desu ≧◉◡◉≦\\n    What can I do for you?\");","lastModifiedDate":"2022-08-16"},{"lineNumber":19,"author":{"gitId":"chydarren"},"content":"        System.out.println(\"    ____________________________________________________________\");","lastModifiedDate":"2022-08-16"},{"lineNumber":20,"author":{"gitId":"chydarren"},"content":"    }","lastModifiedDate":"2022-08-20"},{"lineNumber":21,"author":{"gitId":"chydarren"},"content":"","lastModifiedDate":"2022-08-20"},{"lineNumber":22,"author":{"gitId":"-"},"content":"    public static void main(String[] args) {","lastModifiedDate":"2022-08-20"},{"lineNumber":23,"author":{"gitId":"chydarren"},"content":"        printGreeting();","lastModifiedDate":"2022-08-20"},{"lineNumber":24,"author":{"gitId":"chydarren"},"content":"        Scanner in \u003d new Scanner(System.in);","lastModifiedDate":"2022-08-20"},{"lineNumber":25,"author":{"gitId":"chydarren"},"content":"        String command;","lastModifiedDate":"2022-08-20"},{"lineNumber":26,"author":{"gitId":"chydarren"},"content":"        ArrayList\u003cTask\u003e tasks \u003d new ArrayList\u003cTask\u003e();","lastModifiedDate":"2022-08-20"},{"lineNumber":27,"author":{"gitId":"chydarren"},"content":"","lastModifiedDate":"2022-08-20"},{"lineNumber":28,"author":{"gitId":"chydarren"},"content":"        while (true) {","lastModifiedDate":"2022-08-20"},{"lineNumber":29,"author":{"gitId":"chydarren"},"content":"            command \u003d in.nextLine();","lastModifiedDate":"2022-08-20"},{"lineNumber":30,"author":{"gitId":"chydarren"},"content":"            if (command.equals(\"list\")) {","lastModifiedDate":"2022-08-20"},{"lineNumber":31,"author":{"gitId":"chydarren"},"content":"                System.out.println(\"    ____________________________________________________________\");","lastModifiedDate":"2022-08-20"},{"lineNumber":32,"author":{"gitId":"chydarren"},"content":"                for (int i \u003d 0; i \u003c tasks.size(); i++) {","lastModifiedDate":"2022-08-20"},{"lineNumber":33,"author":{"gitId":"chydarren"},"content":"                    System.out.println(\"    \\uD83D\\uDC49 \" + (i+1) + \".[\" + tasks.get(i).getStatusIcon() + \"] \" +tasks.get(i).getDescription());","lastModifiedDate":"2022-08-20"},{"lineNumber":34,"author":{"gitId":"chydarren"},"content":"                }","lastModifiedDate":"2022-08-20"},{"lineNumber":35,"author":{"gitId":"chydarren"},"content":"                System.out.println(\"    ____________________________________________________________\");","lastModifiedDate":"2022-08-20"},{"lineNumber":36,"author":{"gitId":"chydarren"},"content":"            }","lastModifiedDate":"2022-08-20"},{"lineNumber":37,"author":{"gitId":"chydarren"},"content":"            else if (command.equals(\"bye\")) {","lastModifiedDate":"2022-08-20"},{"lineNumber":38,"author":{"gitId":"chydarren"},"content":"                System.out.println(\"    ____________________________________________________________\");","lastModifiedDate":"2022-08-20"},{"lineNumber":39,"author":{"gitId":"chydarren"},"content":"                System.out.println(\"    Sayonara. Hope to see you again soon! ✪\");","lastModifiedDate":"2022-08-20"},{"lineNumber":40,"author":{"gitId":"chydarren"},"content":"                System.out.println(\"    ____________________________________________________________\");","lastModifiedDate":"2022-08-16"},{"lineNumber":41,"author":{"gitId":"chydarren"},"content":"                break;","lastModifiedDate":"2022-08-20"},{"lineNumber":42,"author":{"gitId":"chydarren"},"content":"            }","lastModifiedDate":"2022-08-20"},{"lineNumber":43,"author":{"gitId":"chydarren"},"content":"            else if (command.startsWith(\"unmark \")) {","lastModifiedDate":"2022-08-20"},{"lineNumber":44,"author":{"gitId":"chydarren"},"content":"                System.out.println(\"    ____________________________________________________________\");","lastModifiedDate":"2022-08-20"},{"lineNumber":45,"author":{"gitId":"chydarren"},"content":"                System.out.println(\"    Gambate Nobita, complete it soon! Don\u0027t procrastinate:\");","lastModifiedDate":"2022-08-20"},{"lineNumber":46,"author":{"gitId":"chydarren"},"content":"                command \u003d command.replaceAll(\"[^0-9]\", \"\");","lastModifiedDate":"2022-08-20"},{"lineNumber":47,"author":{"gitId":"chydarren"},"content":"                int taskNumber \u003d Integer.parseInt(command) - 1;","lastModifiedDate":"2022-08-20"},{"lineNumber":48,"author":{"gitId":"chydarren"},"content":"                tasks.get(taskNumber).setDone(false);","lastModifiedDate":"2022-08-20"},{"lineNumber":49,"author":{"gitId":"chydarren"},"content":"                System.out.println(\"    \\uD83D\\uDC49 [\" + tasks.get(taskNumber).getStatusIcon() + \"] \" + tasks.get(taskNumber).getDescription());","lastModifiedDate":"2022-08-20"},{"lineNumber":50,"author":{"gitId":"chydarren"},"content":"                System.out.println(\"    ____________________________________________________________\");","lastModifiedDate":"2022-08-20"},{"lineNumber":51,"author":{"gitId":"chydarren"},"content":"            }","lastModifiedDate":"2022-08-20"},{"lineNumber":52,"author":{"gitId":"chydarren"},"content":"            else if (command.startsWith(\"mark \")) {","lastModifiedDate":"2022-08-20"},{"lineNumber":53,"author":{"gitId":"chydarren"},"content":"                System.out.println(\"    ____________________________________________________________\");","lastModifiedDate":"2022-08-20"},{"lineNumber":54,"author":{"gitId":"chydarren"},"content":"                System.out.println(\"    Subarashi! Good job in completing your task, Nobita:\");","lastModifiedDate":"2022-08-20"},{"lineNumber":55,"author":{"gitId":"chydarren"},"content":"                command \u003d command.replaceAll(\"[^0-9]\", \"\");","lastModifiedDate":"2022-08-20"},{"lineNumber":56,"author":{"gitId":"chydarren"},"content":"                int taskNumber \u003d Integer.parseInt(command) - 1;","lastModifiedDate":"2022-08-20"},{"lineNumber":57,"author":{"gitId":"chydarren"},"content":"                tasks.get(taskNumber).setDone(true);","lastModifiedDate":"2022-08-20"},{"lineNumber":58,"author":{"gitId":"chydarren"},"content":"                System.out.println(\"    \\uD83D\\uDC49 [\" + tasks.get(taskNumber).getStatusIcon() + \"] \" + tasks.get(taskNumber).getDescription());","lastModifiedDate":"2022-08-20"},{"lineNumber":59,"author":{"gitId":"chydarren"},"content":"                System.out.println(\"    ____________________________________________________________\");","lastModifiedDate":"2022-08-20"},{"lineNumber":60,"author":{"gitId":"chydarren"},"content":"            }","lastModifiedDate":"2022-08-20"},{"lineNumber":61,"author":{"gitId":"chydarren"},"content":"            else {","lastModifiedDate":"2022-08-20"},{"lineNumber":62,"author":{"gitId":"chydarren"},"content":"                System.out.println(\"    ____________________________________________________________\");","lastModifiedDate":"2022-08-20"},{"lineNumber":63,"author":{"gitId":"chydarren"},"content":"                Task t \u003d new Task(command);","lastModifiedDate":"2022-08-20"},{"lineNumber":64,"author":{"gitId":"chydarren"},"content":"                tasks.add(t);","lastModifiedDate":"2022-08-20"},{"lineNumber":65,"author":{"gitId":"chydarren"},"content":"                System.out.println(\"    Added task: \" + command);","lastModifiedDate":"2022-08-20"},{"lineNumber":66,"author":{"gitId":"chydarren"},"content":"                System.out.println(\"    ____________________________________________________________\");","lastModifiedDate":"2022-08-20"},{"lineNumber":67,"author":{"gitId":"chydarren"},"content":"            }","lastModifiedDate":"2022-08-20"},{"lineNumber":68,"author":{"gitId":"chydarren"},"content":"        }","lastModifiedDate":"2022-08-20"},{"lineNumber":69,"author":{"gitId":"-"},"content":"    }","lastModifiedDate":"2019-07-29"},{"lineNumber":70,"author":{"gitId":"-"},"content":"}","lastModifiedDate":"2019-07-29"}],"authorContributionMap":{"-":4,"chydarren":66}},{"path":"src/main/java/Task.java","fileType":"java","lines":[{"lineNumber":1,"author":{"gitId":"chydarren"},"content":"public class Task {","lastModifiedDate":"2022-08-20"},{"lineNumber":2,"author":{"gitId":"chydarren"},"content":"    protected String description;","lastModifiedDate":"2022-08-20"},{"lineNumber":3,"author":{"gitId":"chydarren"},"content":"    protected Boolean isDone;","lastModifiedDate":"2022-08-20"},{"lineNumber":4,"author":{"gitId":"chydarren"},"content":"","lastModifiedDate":"2022-08-20"},{"lineNumber":5,"author":{"gitId":"chydarren"},"content":"    public Task(String description) {","lastModifiedDate":"2022-08-20"},{"lineNumber":6,"author":{"gitId":"chydarren"},"content":"        this.description \u003d description;","lastModifiedDate":"2022-08-20"},{"lineNumber":7,"author":{"gitId":"chydarren"},"content":"        this.isDone \u003d false;","lastModifiedDate":"2022-08-20"},{"lineNumber":8,"author":{"gitId":"chydarren"},"content":"    }","lastModifiedDate":"2022-08-20"},{"lineNumber":9,"author":{"gitId":"chydarren"},"content":"","lastModifiedDate":"2022-08-20"},{"lineNumber":10,"author":{"gitId":"chydarren"},"content":"    public String getStatusIcon() {","lastModifiedDate":"2022-08-20"},{"lineNumber":11,"author":{"gitId":"chydarren"},"content":"        return (isDone? \"X\" : \" \");","lastModifiedDate":"2022-08-20"},{"lineNumber":12,"author":{"gitId":"chydarren"},"content":"    }","lastModifiedDate":"2022-08-20"},{"lineNumber":13,"author":{"gitId":"chydarren"},"content":"","lastModifiedDate":"2022-08-20"},{"lineNumber":14,"author":{"gitId":"chydarren"},"content":"    public String getDescription() {","lastModifiedDate":"2022-08-20"},{"lineNumber":15,"author":{"gitId":"chydarren"},"content":"        return description;","lastModifiedDate":"2022-08-20"},{"lineNumber":16,"author":{"gitId":"chydarren"},"content":"    }","lastModifiedDate":"2022-08-20"},{"lineNumber":17,"author":{"gitId":"chydarren"},"content":"","lastModifiedDate":"2022-08-20"},{"lineNumber":18,"author":{"gitId":"chydarren"},"content":"    public void setDone(Boolean status) {","lastModifiedDate":"2022-08-20"},{"lineNumber":19,"author":{"gitId":"chydarren"},"content":"        isDone \u003d status;","lastModifiedDate":"2022-08-20"},{"lineNumber":20,"author":{"gitId":"chydarren"},"content":"    }","lastModifiedDate":"2022-08-20"},{"lineNumber":21,"author":{"gitId":"chydarren"},"content":"}","lastModifiedDate":"2022-08-20"}],"authorContributionMap":{"chydarren":21}}]
