[{"path":"src/main/java/duke/Duke.java","fileType":"java","lines":[{"lineNumber":1,"author":{"gitId":"chydarren"},"content":"package duke;","lastModifiedDate":"2022-09-04"},{"lineNumber":2,"author":{"gitId":"chydarren"},"content":"","lastModifiedDate":"2022-09-04"},{"lineNumber":3,"author":{"gitId":"chydarren"},"content":"import duke.chatbot.ChatBot;","lastModifiedDate":"2022-09-11"},{"lineNumber":4,"author":{"gitId":"chydarren"},"content":"import duke.exception.InvalidCommandException;","lastModifiedDate":"2022-09-11"},{"lineNumber":5,"author":{"gitId":"chydarren"},"content":"","lastModifiedDate":"2022-09-04"},{"lineNumber":6,"author":{"gitId":"chydarren"},"content":"import java.io.IOException;","lastModifiedDate":"2022-09-10"},{"lineNumber":7,"author":{"gitId":"chydarren"},"content":"import java.util.Scanner;","lastModifiedDate":"2022-08-20"},{"lineNumber":8,"author":{"gitId":"chydarren"},"content":"","lastModifiedDate":"2022-08-20"},{"lineNumber":9,"author":{"gitId":"-"},"content":"public class Duke {","lastModifiedDate":"2019-07-29"},{"lineNumber":10,"author":{"gitId":"chydarren"},"content":"    public static void runCommand(ChatBot chatbot, String command, String description) throws InvalidCommandException {","lastModifiedDate":"2022-09-11"},{"lineNumber":11,"author":{"gitId":"chydarren"},"content":"        switch(command) {","lastModifiedDate":"2022-09-10"},{"lineNumber":12,"author":{"gitId":"chydarren"},"content":"        case \"bye\":","lastModifiedDate":"2022-09-10"},{"lineNumber":13,"author":{"gitId":"chydarren"},"content":"            chatbot.bye();","lastModifiedDate":"2022-09-10"},{"lineNumber":14,"author":{"gitId":"chydarren"},"content":"            break;","lastModifiedDate":"2022-09-10"},{"lineNumber":15,"author":{"gitId":"chydarren"},"content":"        case \"list\":","lastModifiedDate":"2022-09-10"},{"lineNumber":16,"author":{"gitId":"chydarren"},"content":"            chatbot.listTasks();","lastModifiedDate":"2022-09-10"},{"lineNumber":17,"author":{"gitId":"chydarren"},"content":"            break;","lastModifiedDate":"2022-09-10"},{"lineNumber":18,"author":{"gitId":"chydarren"},"content":"        case \"mark\":","lastModifiedDate":"2022-09-10"},{"lineNumber":19,"author":{"gitId":"chydarren"},"content":"        case \"unmark\":","lastModifiedDate":"2022-09-10"},{"lineNumber":20,"author":{"gitId":"chydarren"},"content":"            chatbot.markTask(command, description);","lastModifiedDate":"2022-09-11"},{"lineNumber":21,"author":{"gitId":"chydarren"},"content":"            break;","lastModifiedDate":"2022-09-10"},{"lineNumber":22,"author":{"gitId":"chydarren"},"content":"        case \"todo\":","lastModifiedDate":"2022-09-10"},{"lineNumber":23,"author":{"gitId":"chydarren"},"content":"        case \"deadline\":","lastModifiedDate":"2022-09-10"},{"lineNumber":24,"author":{"gitId":"chydarren"},"content":"        case \"event\":","lastModifiedDate":"2022-09-10"},{"lineNumber":25,"author":{"gitId":"chydarren"},"content":"            chatbot.addTask(command, description, false, true);","lastModifiedDate":"2022-09-11"},{"lineNumber":26,"author":{"gitId":"chydarren"},"content":"            break;","lastModifiedDate":"2022-09-10"},{"lineNumber":27,"author":{"gitId":"chydarren"},"content":"        case \"delete\":","lastModifiedDate":"2022-09-10"},{"lineNumber":28,"author":{"gitId":"chydarren"},"content":"            chatbot.deleteTask(description);","lastModifiedDate":"2022-09-10"},{"lineNumber":29,"author":{"gitId":"chydarren"},"content":"            break;","lastModifiedDate":"2022-09-10"},{"lineNumber":30,"author":{"gitId":"chydarren"},"content":"        default:","lastModifiedDate":"2022-09-10"},{"lineNumber":31,"author":{"gitId":"chydarren"},"content":"            throw new InvalidCommandException();","lastModifiedDate":"2022-09-11"},{"lineNumber":32,"author":{"gitId":"chydarren"},"content":"        }","lastModifiedDate":"2022-09-04"},{"lineNumber":33,"author":{"gitId":"chydarren"},"content":"    }","lastModifiedDate":"2022-09-04"},{"lineNumber":34,"author":{"gitId":"chydarren"},"content":"","lastModifiedDate":"2022-09-04"},{"lineNumber":35,"author":{"gitId":"chydarren"},"content":"    public static void main(String[] args) throws IOException {","lastModifiedDate":"2022-09-10"},{"lineNumber":36,"author":{"gitId":"chydarren"},"content":"        ChatBot chatbot \u003d new ChatBot();","lastModifiedDate":"2022-09-11"},{"lineNumber":37,"author":{"gitId":"chydarren"},"content":"        chatbot.greet();","lastModifiedDate":"2022-09-10"},{"lineNumber":38,"author":{"gitId":"chydarren"},"content":"        Scanner in \u003d new Scanner(System.in);","lastModifiedDate":"2022-09-04"},{"lineNumber":39,"author":{"gitId":"chydarren"},"content":"","lastModifiedDate":"2022-08-20"},{"lineNumber":40,"author":{"gitId":"chydarren"},"content":"        String input, command, description;","lastModifiedDate":"2022-09-10"},{"lineNumber":41,"author":{"gitId":"chydarren"},"content":"        do {","lastModifiedDate":"2022-09-10"},{"lineNumber":42,"author":{"gitId":"chydarren"},"content":"            input \u003d in.nextLine();","lastModifiedDate":"2022-09-03"},{"lineNumber":43,"author":{"gitId":"chydarren"},"content":"            if (input.contains(\" \")) {","lastModifiedDate":"2022-09-03"},{"lineNumber":44,"author":{"gitId":"chydarren"},"content":"                command \u003d input.split(\" \")[0];","lastModifiedDate":"2022-09-03"},{"lineNumber":45,"author":{"gitId":"chydarren"},"content":"                description \u003d input.substring(input.indexOf(\u0027 \u0027) + 1);","lastModifiedDate":"2022-09-10"},{"lineNumber":46,"author":{"gitId":"chydarren"},"content":"            } else {","lastModifiedDate":"2022-09-03"},{"lineNumber":47,"author":{"gitId":"chydarren"},"content":"                command \u003d input;","lastModifiedDate":"2022-09-03"},{"lineNumber":48,"author":{"gitId":"chydarren"},"content":"                description \u003d \"\";","lastModifiedDate":"2022-09-10"},{"lineNumber":49,"author":{"gitId":"chydarren"},"content":"            }","lastModifiedDate":"2022-09-03"},{"lineNumber":50,"author":{"gitId":"chydarren"},"content":"            try {","lastModifiedDate":"2022-09-11"},{"lineNumber":51,"author":{"gitId":"chydarren"},"content":"                runCommand(chatbot, command, description);","lastModifiedDate":"2022-09-10"},{"lineNumber":52,"author":{"gitId":"chydarren"},"content":"            } catch (InvalidCommandException e) {","lastModifiedDate":"2022-09-11"},{"lineNumber":53,"author":{"gitId":"chydarren"},"content":"                chatbot.alertInvalidCommand();","lastModifiedDate":"2022-09-11"},{"lineNumber":54,"author":{"gitId":"chydarren"},"content":"            }","lastModifiedDate":"2022-09-11"},{"lineNumber":55,"author":{"gitId":"chydarren"},"content":"        } while (!input.equals(\"bye\"));","lastModifiedDate":"2022-09-10"},{"lineNumber":56,"author":{"gitId":"-"},"content":"    }","lastModifiedDate":"2019-07-29"},{"lineNumber":57,"author":{"gitId":"-"},"content":"}","lastModifiedDate":"2019-07-29"}],"authorContributionMap":{"-":3,"chydarren":54}},{"path":"src/main/java/duke/chatbot/ChatBot.java","fileType":"java","lines":[{"lineNumber":1,"author":{"gitId":"chydarren"},"content":"package duke.chatbot;","lastModifiedDate":"2022-09-10"},{"lineNumber":2,"author":{"gitId":"chydarren"},"content":"","lastModifiedDate":"2022-09-10"},{"lineNumber":3,"author":{"gitId":"chydarren"},"content":"import duke.exception.TodoNoDescriptionException;","lastModifiedDate":"2022-09-10"},{"lineNumber":4,"author":{"gitId":"chydarren"},"content":"import duke.task.Deadline;","lastModifiedDate":"2022-09-10"},{"lineNumber":5,"author":{"gitId":"chydarren"},"content":"import duke.task.Event;","lastModifiedDate":"2022-09-10"},{"lineNumber":6,"author":{"gitId":"chydarren"},"content":"import duke.task.Task;","lastModifiedDate":"2022-09-10"},{"lineNumber":7,"author":{"gitId":"chydarren"},"content":"import duke.task.Todo;","lastModifiedDate":"2022-09-10"},{"lineNumber":8,"author":{"gitId":"chydarren"},"content":"import duke.text.ErrorText;","lastModifiedDate":"2022-09-10"},{"lineNumber":9,"author":{"gitId":"chydarren"},"content":"import duke.text.InfoText;","lastModifiedDate":"2022-09-10"},{"lineNumber":10,"author":{"gitId":"chydarren"},"content":"","lastModifiedDate":"2022-09-10"},{"lineNumber":11,"author":{"gitId":"chydarren"},"content":"import java.util.ArrayList;","lastModifiedDate":"2022-09-10"},{"lineNumber":12,"author":{"gitId":"chydarren"},"content":"","lastModifiedDate":"2022-09-10"},{"lineNumber":13,"author":{"gitId":"chydarren"},"content":"public class ChatBot {","lastModifiedDate":"2022-09-11"},{"lineNumber":14,"author":{"gitId":"chydarren"},"content":"    private ArrayList\u003cTask\u003e tasks \u003d new ArrayList\u003c\u003e();","lastModifiedDate":"2022-09-10"},{"lineNumber":15,"author":{"gitId":"chydarren"},"content":"    private String output;","lastModifiedDate":"2022-09-10"},{"lineNumber":16,"author":{"gitId":"chydarren"},"content":"","lastModifiedDate":"2022-09-10"},{"lineNumber":17,"author":{"gitId":"chydarren"},"content":"    public void printOutput(String output) {","lastModifiedDate":"2022-09-10"},{"lineNumber":18,"author":{"gitId":"chydarren"},"content":"        System.out.println(InfoText.INFO_DASH + System.lineSeparator()","lastModifiedDate":"2022-09-10"},{"lineNumber":19,"author":{"gitId":"chydarren"},"content":"                + output + System.lineSeparator()","lastModifiedDate":"2022-09-10"},{"lineNumber":20,"author":{"gitId":"chydarren"},"content":"                + InfoText.INFO_DASH);","lastModifiedDate":"2022-09-10"},{"lineNumber":21,"author":{"gitId":"chydarren"},"content":"    }","lastModifiedDate":"2022-09-10"},{"lineNumber":22,"author":{"gitId":"chydarren"},"content":"","lastModifiedDate":"2022-09-10"},{"lineNumber":23,"author":{"gitId":"chydarren"},"content":"    public String constructTaskActionInfo(Enum taskActionInfo, String taskDetails) {","lastModifiedDate":"2022-09-11"},{"lineNumber":24,"author":{"gitId":"chydarren"},"content":"        return taskActionInfo + System.lineSeparator()","lastModifiedDate":"2022-09-10"},{"lineNumber":25,"author":{"gitId":"chydarren"},"content":"                + \"    * \" + taskDetails + System.lineSeparator()","lastModifiedDate":"2022-09-11"},{"lineNumber":26,"author":{"gitId":"chydarren"},"content":"                + String.format(\"%s\", String.format(String.valueOf(InfoText.INFO_TASK_COUNT), tasks.size()));","lastModifiedDate":"2022-09-10"},{"lineNumber":27,"author":{"gitId":"chydarren"},"content":"    }","lastModifiedDate":"2022-09-10"},{"lineNumber":28,"author":{"gitId":"chydarren"},"content":"","lastModifiedDate":"2022-09-10"},{"lineNumber":29,"author":{"gitId":"chydarren"},"content":"    public void greet() {","lastModifiedDate":"2022-09-10"},{"lineNumber":30,"author":{"gitId":"chydarren"},"content":"        FileOperation.readFromFile(this);","lastModifiedDate":"2022-09-11"},{"lineNumber":31,"author":{"gitId":"chydarren"},"content":"        output \u003d \"    *******     *******   *******       **\" + System.lineSeparator()","lastModifiedDate":"2022-09-10"},{"lineNumber":32,"author":{"gitId":"chydarren"},"content":"                + \"    /**////**   **/////** /**////**     ****\" + System.lineSeparator()","lastModifiedDate":"2022-09-10"},{"lineNumber":33,"author":{"gitId":"chydarren"},"content":"                + \"    /**    /** **     //**/**   /**    **//**\" + System.lineSeparator()","lastModifiedDate":"2022-09-10"},{"lineNumber":34,"author":{"gitId":"chydarren"},"content":"                + \"    /**    /**/**      /**/*******    **  //**\" + System.lineSeparator()","lastModifiedDate":"2022-09-10"},{"lineNumber":35,"author":{"gitId":"chydarren"},"content":"                + \"    /**    /**/**      /**/**///**   **********\" + System.lineSeparator()","lastModifiedDate":"2022-09-10"},{"lineNumber":36,"author":{"gitId":"chydarren"},"content":"                + \"    /**    ** //**     ** /**  //** /**//////**\" + System.lineSeparator()","lastModifiedDate":"2022-09-10"},{"lineNumber":37,"author":{"gitId":"chydarren"},"content":"                + \"    /*******   //*******  /**   //**/**     /**\" + System.lineSeparator()","lastModifiedDate":"2022-09-10"},{"lineNumber":38,"author":{"gitId":"chydarren"},"content":"                + \"    ///////     ///////   //     // //      //\" +  System.lineSeparator()","lastModifiedDate":"2022-09-10"},{"lineNumber":39,"author":{"gitId":"chydarren"},"content":"                + System.lineSeparator() + InfoText.INFO_GREET;","lastModifiedDate":"2022-09-11"},{"lineNumber":40,"author":{"gitId":"chydarren"},"content":"        printOutput(output);","lastModifiedDate":"2022-09-10"},{"lineNumber":41,"author":{"gitId":"chydarren"},"content":"    }","lastModifiedDate":"2022-09-10"},{"lineNumber":42,"author":{"gitId":"chydarren"},"content":"","lastModifiedDate":"2022-09-10"},{"lineNumber":43,"author":{"gitId":"chydarren"},"content":"    public void bye() {","lastModifiedDate":"2022-09-10"},{"lineNumber":44,"author":{"gitId":"chydarren"},"content":"        output \u003d String.valueOf(InfoText.INFO_BYE);","lastModifiedDate":"2022-09-10"},{"lineNumber":45,"author":{"gitId":"chydarren"},"content":"        printOutput(output);","lastModifiedDate":"2022-09-10"},{"lineNumber":46,"author":{"gitId":"chydarren"},"content":"    }","lastModifiedDate":"2022-09-10"},{"lineNumber":47,"author":{"gitId":"chydarren"},"content":"","lastModifiedDate":"2022-09-10"},{"lineNumber":48,"author":{"gitId":"chydarren"},"content":"    public void listTasks() {","lastModifiedDate":"2022-09-10"},{"lineNumber":49,"author":{"gitId":"chydarren"},"content":"        output \u003d String.valueOf(InfoText.INFO_LIST) + System.lineSeparator();","lastModifiedDate":"2022-09-10"},{"lineNumber":50,"author":{"gitId":"chydarren"},"content":"        for (Task task : tasks) {","lastModifiedDate":"2022-09-11"},{"lineNumber":51,"author":{"gitId":"chydarren"},"content":"            output +\u003d \"    \" + task.getTaskDetails() + System.lineSeparator();","lastModifiedDate":"2022-09-11"},{"lineNumber":52,"author":{"gitId":"chydarren"},"content":"        }","lastModifiedDate":"2022-09-10"},{"lineNumber":53,"author":{"gitId":"chydarren"},"content":"        output \u003d output.substring(0, output.length()-1);","lastModifiedDate":"2022-09-10"},{"lineNumber":54,"author":{"gitId":"chydarren"},"content":"        printOutput(output);","lastModifiedDate":"2022-09-10"},{"lineNumber":55,"author":{"gitId":"chydarren"},"content":"    }","lastModifiedDate":"2022-09-10"},{"lineNumber":56,"author":{"gitId":"chydarren"},"content":"","lastModifiedDate":"2022-09-10"},{"lineNumber":57,"author":{"gitId":"chydarren"},"content":"    public Integer validateIndex(String description, Enum invalidFormatType) {","lastModifiedDate":"2022-09-10"},{"lineNumber":58,"author":{"gitId":"chydarren"},"content":"        try {","lastModifiedDate":"2022-09-10"},{"lineNumber":59,"author":{"gitId":"chydarren"},"content":"            int taskIndex \u003d Integer.parseInt(description) - 1;","lastModifiedDate":"2022-09-10"},{"lineNumber":60,"author":{"gitId":"chydarren"},"content":"            tasks.get(taskIndex);","lastModifiedDate":"2022-09-10"},{"lineNumber":61,"author":{"gitId":"chydarren"},"content":"            return taskIndex;","lastModifiedDate":"2022-09-10"},{"lineNumber":62,"author":{"gitId":"chydarren"},"content":"        } catch (NumberFormatException e) {","lastModifiedDate":"2022-09-10"},{"lineNumber":63,"author":{"gitId":"chydarren"},"content":"            output \u003d String.valueOf(invalidFormatType);","lastModifiedDate":"2022-09-10"},{"lineNumber":64,"author":{"gitId":"chydarren"},"content":"        } catch (IndexOutOfBoundsException e) {","lastModifiedDate":"2022-09-10"},{"lineNumber":65,"author":{"gitId":"chydarren"},"content":"            output \u003d String.valueOf(ErrorText.ERROR_INVALID_TASK_INDEX);","lastModifiedDate":"2022-09-10"},{"lineNumber":66,"author":{"gitId":"chydarren"},"content":"        }","lastModifiedDate":"2022-09-10"},{"lineNumber":67,"author":{"gitId":"chydarren"},"content":"        printOutput(output);","lastModifiedDate":"2022-09-10"},{"lineNumber":68,"author":{"gitId":"chydarren"},"content":"        return -1;","lastModifiedDate":"2022-09-10"},{"lineNumber":69,"author":{"gitId":"chydarren"},"content":"    }","lastModifiedDate":"2022-09-10"},{"lineNumber":70,"author":{"gitId":"chydarren"},"content":"","lastModifiedDate":"2022-09-10"},{"lineNumber":71,"author":{"gitId":"chydarren"},"content":"    public void markTask(String command, String description) {","lastModifiedDate":"2022-09-11"},{"lineNumber":72,"author":{"gitId":"chydarren"},"content":"        int taskIndex \u003d validateIndex(description, ErrorText.ERROR_INVALID_STATUS_FORMAT);","lastModifiedDate":"2022-09-10"},{"lineNumber":73,"author":{"gitId":"chydarren"},"content":"        if (taskIndex \u003d\u003d -1) {","lastModifiedDate":"2022-09-10"},{"lineNumber":74,"author":{"gitId":"chydarren"},"content":"            return;","lastModifiedDate":"2022-09-10"},{"lineNumber":75,"author":{"gitId":"chydarren"},"content":"        }","lastModifiedDate":"2022-09-10"},{"lineNumber":76,"author":{"gitId":"chydarren"},"content":"        boolean isDone \u003d command.equals(\"mark\") ? true : false;","lastModifiedDate":"2022-09-11"},{"lineNumber":77,"author":{"gitId":"chydarren"},"content":"        tasks.get(taskIndex).setStatus(isDone);","lastModifiedDate":"2022-09-10"},{"lineNumber":78,"author":{"gitId":"chydarren"},"content":"        output \u003d String.valueOf(isDone ? InfoText.INFO_TASK_MARKED : InfoText.INFO_TASK_UNMARKED);","lastModifiedDate":"2022-09-10"},{"lineNumber":79,"author":{"gitId":"chydarren"},"content":"        output +\u003d System.lineSeparator() + \"    * \" + tasks.get(taskIndex).getTaskDetails();","lastModifiedDate":"2022-09-10"},{"lineNumber":80,"author":{"gitId":"chydarren"},"content":"        printOutput(output);","lastModifiedDate":"2022-09-10"},{"lineNumber":81,"author":{"gitId":"chydarren"},"content":"        FileOperation.writeToFile(this, tasks);","lastModifiedDate":"2022-09-11"},{"lineNumber":82,"author":{"gitId":"chydarren"},"content":"    }","lastModifiedDate":"2022-09-10"},{"lineNumber":83,"author":{"gitId":"chydarren"},"content":"","lastModifiedDate":"2022-09-10"},{"lineNumber":84,"author":{"gitId":"chydarren"},"content":"    public void checkTodoFormat(String description) throws TodoNoDescriptionException {","lastModifiedDate":"2022-09-10"},{"lineNumber":85,"author":{"gitId":"chydarren"},"content":"        if (description.isBlank()) {","lastModifiedDate":"2022-09-10"},{"lineNumber":86,"author":{"gitId":"chydarren"},"content":"            throw new TodoNoDescriptionException();","lastModifiedDate":"2022-09-10"},{"lineNumber":87,"author":{"gitId":"chydarren"},"content":"        }","lastModifiedDate":"2022-09-10"},{"lineNumber":88,"author":{"gitId":"chydarren"},"content":"    }","lastModifiedDate":"2022-09-10"},{"lineNumber":89,"author":{"gitId":"chydarren"},"content":"","lastModifiedDate":"2022-09-10"},{"lineNumber":90,"author":{"gitId":"chydarren"},"content":"    public void addTask(String command, String description, boolean isDone, boolean isPrint) {","lastModifiedDate":"2022-09-11"},{"lineNumber":91,"author":{"gitId":"chydarren"},"content":"        Enum invalidFormatType \u003d ErrorText.ERROR_INVALID_TODO_FORMAT;","lastModifiedDate":"2022-09-10"},{"lineNumber":92,"author":{"gitId":"chydarren"},"content":"        String[] descriptionSplits;","lastModifiedDate":"2022-09-10"},{"lineNumber":93,"author":{"gitId":"chydarren"},"content":"        try {","lastModifiedDate":"2022-09-10"},{"lineNumber":94,"author":{"gitId":"chydarren"},"content":"            switch (command) {","lastModifiedDate":"2022-09-10"},{"lineNumber":95,"author":{"gitId":"chydarren"},"content":"            case \"todo\":","lastModifiedDate":"2022-09-10"},{"lineNumber":96,"author":{"gitId":"chydarren"},"content":"                checkTodoFormat(description);","lastModifiedDate":"2022-09-10"},{"lineNumber":97,"author":{"gitId":"chydarren"},"content":"                Todo todo \u003d new Todo(description, isDone);","lastModifiedDate":"2022-09-11"},{"lineNumber":98,"author":{"gitId":"chydarren"},"content":"                tasks.add(todo);","lastModifiedDate":"2022-09-10"},{"lineNumber":99,"author":{"gitId":"chydarren"},"content":"                break;","lastModifiedDate":"2022-09-10"},{"lineNumber":100,"author":{"gitId":"chydarren"},"content":"            case \"deadline\":","lastModifiedDate":"2022-09-10"},{"lineNumber":101,"author":{"gitId":"chydarren"},"content":"                invalidFormatType \u003d ErrorText.ERROR_INVALID_DEADLINE_FORMAT;","lastModifiedDate":"2022-09-10"},{"lineNumber":102,"author":{"gitId":"chydarren"},"content":"                descriptionSplits \u003d description.split(\" /by \");","lastModifiedDate":"2022-09-10"},{"lineNumber":103,"author":{"gitId":"chydarren"},"content":"                Deadline deadline \u003d new Deadline(descriptionSplits[0], descriptionSplits[1], isDone);","lastModifiedDate":"2022-09-11"},{"lineNumber":104,"author":{"gitId":"chydarren"},"content":"                tasks.add(deadline);","lastModifiedDate":"2022-09-10"},{"lineNumber":105,"author":{"gitId":"chydarren"},"content":"                break;","lastModifiedDate":"2022-09-10"},{"lineNumber":106,"author":{"gitId":"chydarren"},"content":"            case \"event\":","lastModifiedDate":"2022-09-10"},{"lineNumber":107,"author":{"gitId":"chydarren"},"content":"                invalidFormatType \u003d ErrorText.ERROR_INVALID_EVENT_FORMAT;","lastModifiedDate":"2022-09-10"},{"lineNumber":108,"author":{"gitId":"chydarren"},"content":"                descriptionSplits \u003d description.split(\" /at \");","lastModifiedDate":"2022-09-10"},{"lineNumber":109,"author":{"gitId":"chydarren"},"content":"                Event event \u003d new Event(descriptionSplits[0], descriptionSplits[1], isDone);","lastModifiedDate":"2022-09-11"},{"lineNumber":110,"author":{"gitId":"chydarren"},"content":"                tasks.add(event);","lastModifiedDate":"2022-09-10"},{"lineNumber":111,"author":{"gitId":"chydarren"},"content":"                break;","lastModifiedDate":"2022-09-10"},{"lineNumber":112,"author":{"gitId":"chydarren"},"content":"            default:","lastModifiedDate":"2022-09-11"},{"lineNumber":113,"author":{"gitId":"chydarren"},"content":"                break;","lastModifiedDate":"2022-09-11"},{"lineNumber":114,"author":{"gitId":"chydarren"},"content":"            }","lastModifiedDate":"2022-09-10"},{"lineNumber":115,"author":{"gitId":"chydarren"},"content":"            output \u003d constructTaskActionInfo(InfoText.INFO_TASK_ADDED,","lastModifiedDate":"2022-09-11"},{"lineNumber":116,"author":{"gitId":"chydarren"},"content":"                    tasks.get(tasks.size()-1).getTaskDetails());","lastModifiedDate":"2022-09-11"},{"lineNumber":117,"author":{"gitId":"chydarren"},"content":"        } catch (TodoNoDescriptionException | ArrayIndexOutOfBoundsException e) {","lastModifiedDate":"2022-09-10"},{"lineNumber":118,"author":{"gitId":"chydarren"},"content":"            output \u003d String.valueOf(invalidFormatType);","lastModifiedDate":"2022-09-10"},{"lineNumber":119,"author":{"gitId":"chydarren"},"content":"        }","lastModifiedDate":"2022-09-10"},{"lineNumber":120,"author":{"gitId":"chydarren"},"content":"        if (isPrint) {","lastModifiedDate":"2022-09-11"},{"lineNumber":121,"author":{"gitId":"chydarren"},"content":"            printOutput(output);","lastModifiedDate":"2022-09-10"},{"lineNumber":122,"author":{"gitId":"chydarren"},"content":"            FileOperation.writeToFile(this, tasks);","lastModifiedDate":"2022-09-11"},{"lineNumber":123,"author":{"gitId":"chydarren"},"content":"        }","lastModifiedDate":"2022-09-11"},{"lineNumber":124,"author":{"gitId":"chydarren"},"content":"    }","lastModifiedDate":"2022-09-10"},{"lineNumber":125,"author":{"gitId":"chydarren"},"content":"","lastModifiedDate":"2022-09-10"},{"lineNumber":126,"author":{"gitId":"chydarren"},"content":"    public void deleteTask(String description) {","lastModifiedDate":"2022-09-10"},{"lineNumber":127,"author":{"gitId":"chydarren"},"content":"        int taskIndex \u003d validateIndex(description, ErrorText.ERROR_INVALID_DELETE_FORMAT);","lastModifiedDate":"2022-09-10"},{"lineNumber":128,"author":{"gitId":"chydarren"},"content":"        if (taskIndex \u003d\u003d -1) {","lastModifiedDate":"2022-09-10"},{"lineNumber":129,"author":{"gitId":"chydarren"},"content":"            return;","lastModifiedDate":"2022-09-10"},{"lineNumber":130,"author":{"gitId":"chydarren"},"content":"        }","lastModifiedDate":"2022-09-10"},{"lineNumber":131,"author":{"gitId":"chydarren"},"content":"        String taskDetails \u003d tasks.get(taskIndex).getTaskDetails();","lastModifiedDate":"2022-09-11"},{"lineNumber":132,"author":{"gitId":"chydarren"},"content":"        tasks.remove(taskIndex);","lastModifiedDate":"2022-09-10"},{"lineNumber":133,"author":{"gitId":"chydarren"},"content":"        output \u003d constructTaskActionInfo(InfoText.INFO_TASK_DELETED, taskDetails);","lastModifiedDate":"2022-09-11"},{"lineNumber":134,"author":{"gitId":"chydarren"},"content":"        printOutput(output);","lastModifiedDate":"2022-09-10"},{"lineNumber":135,"author":{"gitId":"chydarren"},"content":"        FileOperation.writeToFile(this, tasks);","lastModifiedDate":"2022-09-11"},{"lineNumber":136,"author":{"gitId":"chydarren"},"content":"    }","lastModifiedDate":"2022-09-10"},{"lineNumber":137,"author":{"gitId":"chydarren"},"content":"","lastModifiedDate":"2022-09-10"},{"lineNumber":138,"author":{"gitId":"chydarren"},"content":"    public void alertInvalidCommand() {","lastModifiedDate":"2022-09-10"},{"lineNumber":139,"author":{"gitId":"chydarren"},"content":"        output \u003d String.valueOf(ErrorText.ERROR_INVALID_COMMAND);","lastModifiedDate":"2022-09-10"},{"lineNumber":140,"author":{"gitId":"chydarren"},"content":"        printOutput(output);","lastModifiedDate":"2022-09-10"},{"lineNumber":141,"author":{"gitId":"chydarren"},"content":"    }","lastModifiedDate":"2022-09-10"},{"lineNumber":142,"author":{"gitId":"chydarren"},"content":"}","lastModifiedDate":"2022-09-10"},{"lineNumber":143,"author":{"gitId":"chydarren"},"content":"","lastModifiedDate":"2022-09-10"}],"authorContributionMap":{"chydarren":143}},{"path":"src/main/java/duke/chatbot/FileOperation.java","fileType":"java","lines":[{"lineNumber":1,"author":{"gitId":"chydarren"},"content":"package duke.chatbot;","lastModifiedDate":"2022-09-11"},{"lineNumber":2,"author":{"gitId":"chydarren"},"content":"","lastModifiedDate":"2022-09-11"},{"lineNumber":3,"author":{"gitId":"chydarren"},"content":"import duke.task.Task;","lastModifiedDate":"2022-09-11"},{"lineNumber":4,"author":{"gitId":"chydarren"},"content":"import duke.text.ErrorText;","lastModifiedDate":"2022-09-11"},{"lineNumber":5,"author":{"gitId":"chydarren"},"content":"import duke.text.InfoText;","lastModifiedDate":"2022-09-11"},{"lineNumber":6,"author":{"gitId":"chydarren"},"content":"","lastModifiedDate":"2022-09-11"},{"lineNumber":7,"author":{"gitId":"chydarren"},"content":"import java.io.File;","lastModifiedDate":"2022-09-11"},{"lineNumber":8,"author":{"gitId":"chydarren"},"content":"import java.io.FileNotFoundException;","lastModifiedDate":"2022-09-11"},{"lineNumber":9,"author":{"gitId":"chydarren"},"content":"import java.io.FileWriter;","lastModifiedDate":"2022-09-11"},{"lineNumber":10,"author":{"gitId":"chydarren"},"content":"import java.io.IOException;","lastModifiedDate":"2022-09-11"},{"lineNumber":11,"author":{"gitId":"chydarren"},"content":"import java.util.ArrayList;","lastModifiedDate":"2022-09-11"},{"lineNumber":12,"author":{"gitId":"chydarren"},"content":"import java.util.Scanner;","lastModifiedDate":"2022-09-11"},{"lineNumber":13,"author":{"gitId":"chydarren"},"content":"","lastModifiedDate":"2022-09-11"},{"lineNumber":14,"author":{"gitId":"chydarren"},"content":"public class FileOperation {","lastModifiedDate":"2022-09-11"},{"lineNumber":15,"author":{"gitId":"chydarren"},"content":"    protected static final String DIRECTORY_PATH \u003d \"data\";","lastModifiedDate":"2022-09-11"},{"lineNumber":16,"author":{"gitId":"chydarren"},"content":"    protected static final String FILE_PATH \u003d \"data/duke.txt\";","lastModifiedDate":"2022-09-11"},{"lineNumber":17,"author":{"gitId":"chydarren"},"content":"    protected static final String DONE \u003d \"X\";","lastModifiedDate":"2022-09-11"},{"lineNumber":18,"author":{"gitId":"chydarren"},"content":"    protected static final String NUMERIC_DONE \u003d \"1\";","lastModifiedDate":"2022-09-11"},{"lineNumber":19,"author":{"gitId":"chydarren"},"content":"    protected static final String NUMERIC_NOT_DONE \u003d \"0\";","lastModifiedDate":"2022-09-11"},{"lineNumber":20,"author":{"gitId":"chydarren"},"content":"    protected static final String DELIMITER \u003d \" | \";","lastModifiedDate":"2022-09-11"},{"lineNumber":21,"author":{"gitId":"chydarren"},"content":"    protected static final String DELIMITER_WITH_BACKSLASH \u003d \" \\\\| \";","lastModifiedDate":"2022-09-11"},{"lineNumber":22,"author":{"gitId":"chydarren"},"content":"","lastModifiedDate":"2022-09-11"},{"lineNumber":23,"author":{"gitId":"chydarren"},"content":"    public static File prepareFile(ChatBot chatbot) throws IOException {","lastModifiedDate":"2022-09-11"},{"lineNumber":24,"author":{"gitId":"-"},"content":"        //@@author chydarren-reused","lastModifiedDate":"2022-09-11"},{"lineNumber":25,"author":{"gitId":"-"},"content":"        // Reused from https://stackoverflow.com/a/38985883","lastModifiedDate":"2022-09-11"},{"lineNumber":26,"author":{"gitId":"-"},"content":"        // with minor modifications","lastModifiedDate":"2022-09-11"},{"lineNumber":27,"author":{"gitId":"-"},"content":"        File directory \u003d new File(DIRECTORY_PATH);","lastModifiedDate":"2022-09-11"},{"lineNumber":28,"author":{"gitId":"-"},"content":"        if(!directory.exists()) {","lastModifiedDate":"2022-09-11"},{"lineNumber":29,"author":{"gitId":"-"},"content":"            directory.mkdir();","lastModifiedDate":"2022-09-11"},{"lineNumber":30,"author":{"gitId":"-"},"content":"        }","lastModifiedDate":"2022-09-11"},{"lineNumber":31,"author":{"gitId":"-"},"content":"","lastModifiedDate":"2022-09-11"},{"lineNumber":32,"author":{"gitId":"-"},"content":"        File file \u003d new File(FILE_PATH);","lastModifiedDate":"2022-09-11"},{"lineNumber":33,"author":{"gitId":"-"},"content":"        if(!file.exists()) {","lastModifiedDate":"2022-09-11"},{"lineNumber":34,"author":{"gitId":"-"},"content":"            file.createNewFile();","lastModifiedDate":"2022-09-11"},{"lineNumber":35,"author":{"gitId":"-"},"content":"        }","lastModifiedDate":"2022-09-11"},{"lineNumber":36,"author":{"gitId":"-"},"content":"        chatbot.printOutput(String.format(String.valueOf(InfoText.INFO_FILE), FILE_PATH));","lastModifiedDate":"2022-09-11"},{"lineNumber":37,"author":{"gitId":"-"},"content":"        return file;","lastModifiedDate":"2022-09-11"},{"lineNumber":38,"author":{"gitId":"-"},"content":"        //@@author","lastModifiedDate":"2022-09-11"},{"lineNumber":39,"author":{"gitId":"chydarren"},"content":"    }","lastModifiedDate":"2022-09-11"},{"lineNumber":40,"author":{"gitId":"chydarren"},"content":"","lastModifiedDate":"2022-09-11"},{"lineNumber":41,"author":{"gitId":"chydarren"},"content":"    public static void readFromFile(ChatBot chatbot) {","lastModifiedDate":"2022-09-11"},{"lineNumber":42,"author":{"gitId":"chydarren"},"content":"        try {","lastModifiedDate":"2022-09-11"},{"lineNumber":43,"author":{"gitId":"chydarren"},"content":"            File file \u003d prepareFile(chatbot);","lastModifiedDate":"2022-09-11"},{"lineNumber":44,"author":{"gitId":"chydarren"},"content":"            Scanner in \u003d new Scanner(file);","lastModifiedDate":"2022-09-11"},{"lineNumber":45,"author":{"gitId":"chydarren"},"content":"","lastModifiedDate":"2022-09-11"},{"lineNumber":46,"author":{"gitId":"chydarren"},"content":"            while (in.hasNext()) {","lastModifiedDate":"2022-09-11"},{"lineNumber":47,"author":{"gitId":"chydarren"},"content":"                String[] inputSplits \u003d in.nextLine().split(DELIMITER_WITH_BACKSLASH);","lastModifiedDate":"2022-09-11"},{"lineNumber":48,"author":{"gitId":"chydarren"},"content":"                boolean isDone \u003d inputSplits[1].equals(NUMERIC_DONE);","lastModifiedDate":"2022-09-11"},{"lineNumber":49,"author":{"gitId":"chydarren"},"content":"                switch (inputSplits[0]) {","lastModifiedDate":"2022-09-11"},{"lineNumber":50,"author":{"gitId":"chydarren"},"content":"                case \"T\":","lastModifiedDate":"2022-09-11"},{"lineNumber":51,"author":{"gitId":"chydarren"},"content":"                    chatbot.addTask(\"todo\", inputSplits[2], isDone, false);","lastModifiedDate":"2022-09-11"},{"lineNumber":52,"author":{"gitId":"chydarren"},"content":"                    break;","lastModifiedDate":"2022-09-11"},{"lineNumber":53,"author":{"gitId":"chydarren"},"content":"                case \"D\":","lastModifiedDate":"2022-09-11"},{"lineNumber":54,"author":{"gitId":"chydarren"},"content":"                    chatbot.addTask(\"deadline\", String.format(\"%s /by %s\", inputSplits[2],","lastModifiedDate":"2022-09-11"},{"lineNumber":55,"author":{"gitId":"chydarren"},"content":"                            inputSplits[3]), isDone, false);","lastModifiedDate":"2022-09-11"},{"lineNumber":56,"author":{"gitId":"chydarren"},"content":"                    break;","lastModifiedDate":"2022-09-11"},{"lineNumber":57,"author":{"gitId":"chydarren"},"content":"                case \"E\":","lastModifiedDate":"2022-09-11"},{"lineNumber":58,"author":{"gitId":"chydarren"},"content":"                    chatbot.addTask(\"event\", String.format(\"%s /at %s\", inputSplits[2],","lastModifiedDate":"2022-09-11"},{"lineNumber":59,"author":{"gitId":"chydarren"},"content":"                            inputSplits[3]), isDone, false);","lastModifiedDate":"2022-09-11"},{"lineNumber":60,"author":{"gitId":"chydarren"},"content":"                    break;","lastModifiedDate":"2022-09-11"},{"lineNumber":61,"author":{"gitId":"chydarren"},"content":"                default:","lastModifiedDate":"2022-09-11"},{"lineNumber":62,"author":{"gitId":"chydarren"},"content":"                    break;","lastModifiedDate":"2022-09-11"},{"lineNumber":63,"author":{"gitId":"chydarren"},"content":"                }","lastModifiedDate":"2022-09-11"},{"lineNumber":64,"author":{"gitId":"chydarren"},"content":"            }","lastModifiedDate":"2022-09-11"},{"lineNumber":65,"author":{"gitId":"chydarren"},"content":"        } catch (FileNotFoundException e) {","lastModifiedDate":"2022-09-11"},{"lineNumber":66,"author":{"gitId":"chydarren"},"content":"            chatbot.printOutput(String.valueOf(ErrorText.ERROR_FILE_NOT_FOUND));","lastModifiedDate":"2022-09-11"},{"lineNumber":67,"author":{"gitId":"chydarren"},"content":"        } catch (IOException e) {","lastModifiedDate":"2022-09-11"},{"lineNumber":68,"author":{"gitId":"chydarren"},"content":"            chatbot.printOutput(String.valueOf(ErrorText.ERROR_FILE_IO));","lastModifiedDate":"2022-09-11"},{"lineNumber":69,"author":{"gitId":"chydarren"},"content":"        }","lastModifiedDate":"2022-09-11"},{"lineNumber":70,"author":{"gitId":"chydarren"},"content":"    }","lastModifiedDate":"2022-09-11"},{"lineNumber":71,"author":{"gitId":"chydarren"},"content":"","lastModifiedDate":"2022-09-11"},{"lineNumber":72,"author":{"gitId":"chydarren"},"content":"    public static void writeToFile(ChatBot chatbot, ArrayList\u003cTask\u003e tasks) {","lastModifiedDate":"2022-09-11"},{"lineNumber":73,"author":{"gitId":"chydarren"},"content":"        try {","lastModifiedDate":"2022-09-11"},{"lineNumber":74,"author":{"gitId":"chydarren"},"content":"            FileWriter fw \u003d new FileWriter(FILE_PATH);","lastModifiedDate":"2022-09-11"},{"lineNumber":75,"author":{"gitId":"chydarren"},"content":"            for (Task task : tasks) {","lastModifiedDate":"2022-09-11"},{"lineNumber":76,"author":{"gitId":"chydarren"},"content":"                String taskType \u003d Character.toString(task.getTaskDetails().charAt(1));","lastModifiedDate":"2022-09-11"},{"lineNumber":77,"author":{"gitId":"chydarren"},"content":"                String taskStatus \u003d task.getStatusIcon().equals(DONE) ? NUMERIC_DONE : NUMERIC_NOT_DONE;","lastModifiedDate":"2022-09-11"},{"lineNumber":78,"author":{"gitId":"chydarren"},"content":"                String taskTitle \u003d task.getTitle();","lastModifiedDate":"2022-09-11"},{"lineNumber":79,"author":{"gitId":"chydarren"},"content":"                String textToWrite \u003d String.format(\"%s%s%s%s%s\", taskType, DELIMITER,","lastModifiedDate":"2022-09-11"},{"lineNumber":80,"author":{"gitId":"chydarren"},"content":"                        taskStatus, DELIMITER, taskTitle);","lastModifiedDate":"2022-09-11"},{"lineNumber":81,"author":{"gitId":"chydarren"},"content":"                switch (taskType) {","lastModifiedDate":"2022-09-11"},{"lineNumber":82,"author":{"gitId":"chydarren"},"content":"                case \"D\":","lastModifiedDate":"2022-09-11"},{"lineNumber":83,"author":{"gitId":"chydarren"},"content":"                    textToWrite +\u003d String.format(\"%s%s\", DELIMITER, task.getDueBy());","lastModifiedDate":"2022-09-11"},{"lineNumber":84,"author":{"gitId":"chydarren"},"content":"                    break;","lastModifiedDate":"2022-09-11"},{"lineNumber":85,"author":{"gitId":"chydarren"},"content":"                case \"E\":","lastModifiedDate":"2022-09-11"},{"lineNumber":86,"author":{"gitId":"chydarren"},"content":"                    textToWrite +\u003d String.format(\"%s%s\", DELIMITER, task.getTime());","lastModifiedDate":"2022-09-11"},{"lineNumber":87,"author":{"gitId":"chydarren"},"content":"                    break;","lastModifiedDate":"2022-09-11"},{"lineNumber":88,"author":{"gitId":"chydarren"},"content":"                default:","lastModifiedDate":"2022-09-11"},{"lineNumber":89,"author":{"gitId":"chydarren"},"content":"                    break;","lastModifiedDate":"2022-09-11"},{"lineNumber":90,"author":{"gitId":"chydarren"},"content":"                }","lastModifiedDate":"2022-09-11"},{"lineNumber":91,"author":{"gitId":"chydarren"},"content":"                fw.write(textToWrite + System.lineSeparator());","lastModifiedDate":"2022-09-11"},{"lineNumber":92,"author":{"gitId":"chydarren"},"content":"            }","lastModifiedDate":"2022-09-11"},{"lineNumber":93,"author":{"gitId":"chydarren"},"content":"            fw.close();","lastModifiedDate":"2022-09-11"},{"lineNumber":94,"author":{"gitId":"chydarren"},"content":"        } catch (IOException e) {","lastModifiedDate":"2022-09-11"},{"lineNumber":95,"author":{"gitId":"chydarren"},"content":"            chatbot.printOutput(String.valueOf(ErrorText.ERROR_FILE_IO));","lastModifiedDate":"2022-09-11"},{"lineNumber":96,"author":{"gitId":"chydarren"},"content":"        }","lastModifiedDate":"2022-09-11"},{"lineNumber":97,"author":{"gitId":"chydarren"},"content":"    }","lastModifiedDate":"2022-09-11"},{"lineNumber":98,"author":{"gitId":"chydarren"},"content":"}","lastModifiedDate":"2022-09-11"}],"authorContributionMap":{"-":15,"chydarren":83}},{"path":"src/main/java/duke/exception/InvalidCommandException.java","fileType":"java","lines":[{"lineNumber":1,"author":{"gitId":"chydarren"},"content":"package duke.exception;","lastModifiedDate":"2022-09-11"},{"lineNumber":2,"author":{"gitId":"chydarren"},"content":"","lastModifiedDate":"2022-09-11"},{"lineNumber":3,"author":{"gitId":"chydarren"},"content":"public class InvalidCommandException extends Throwable {","lastModifiedDate":"2022-09-11"},{"lineNumber":4,"author":{"gitId":"chydarren"},"content":"}","lastModifiedDate":"2022-09-11"}],"authorContributionMap":{"chydarren":4}},{"path":"src/main/java/duke/exception/TodoNoDescriptionException.java","fileType":"java","lines":[{"lineNumber":1,"author":{"gitId":"chydarren"},"content":"package duke.exception;","lastModifiedDate":"2022-09-04"},{"lineNumber":2,"author":{"gitId":"chydarren"},"content":"","lastModifiedDate":"2022-09-04"},{"lineNumber":3,"author":{"gitId":"chydarren"},"content":"public class TodoNoDescriptionException extends Throwable {","lastModifiedDate":"2022-09-04"},{"lineNumber":4,"author":{"gitId":"chydarren"},"content":"}","lastModifiedDate":"2022-09-04"}],"authorContributionMap":{"chydarren":4}},{"path":"src/main/java/duke/task/Deadline.java","fileType":"java","lines":[{"lineNumber":1,"author":{"gitId":"chydarren"},"content":"package duke.task;","lastModifiedDate":"2022-09-04"},{"lineNumber":2,"author":{"gitId":"chydarren"},"content":"","lastModifiedDate":"2022-09-04"},{"lineNumber":3,"author":{"gitId":"chydarren"},"content":"public class Deadline extends Task {","lastModifiedDate":"2022-08-27"},{"lineNumber":4,"author":{"gitId":"chydarren"},"content":"    private String dueBy;","lastModifiedDate":"2022-09-03"},{"lineNumber":5,"author":{"gitId":"chydarren"},"content":"","lastModifiedDate":"2022-08-27"},{"lineNumber":6,"author":{"gitId":"chydarren"},"content":"    public Deadline(String title, String dueBy, boolean isDone) {","lastModifiedDate":"2022-09-11"},{"lineNumber":7,"author":{"gitId":"chydarren"},"content":"        super(title, isDone);","lastModifiedDate":"2022-09-11"},{"lineNumber":8,"author":{"gitId":"chydarren"},"content":"        this.dueBy \u003d dueBy;","lastModifiedDate":"2022-08-27"},{"lineNumber":9,"author":{"gitId":"chydarren"},"content":"    }","lastModifiedDate":"2022-08-27"},{"lineNumber":10,"author":{"gitId":"chydarren"},"content":"","lastModifiedDate":"2022-08-27"},{"lineNumber":11,"author":{"gitId":"chydarren"},"content":"    public String getDueBy() {","lastModifiedDate":"2022-09-10"},{"lineNumber":12,"author":{"gitId":"chydarren"},"content":"        return dueBy;","lastModifiedDate":"2022-09-10"},{"lineNumber":13,"author":{"gitId":"chydarren"},"content":"    }","lastModifiedDate":"2022-09-10"},{"lineNumber":14,"author":{"gitId":"chydarren"},"content":"","lastModifiedDate":"2022-09-10"},{"lineNumber":15,"author":{"gitId":"chydarren"},"content":"    @Override","lastModifiedDate":"2022-08-27"},{"lineNumber":16,"author":{"gitId":"chydarren"},"content":"    public String getTaskDetails() {","lastModifiedDate":"2022-08-27"},{"lineNumber":17,"author":{"gitId":"chydarren"},"content":"        return \"[D]\" + super.getTaskDetails() + \" (by: \" + getDueBy() + \")\";","lastModifiedDate":"2022-09-10"},{"lineNumber":18,"author":{"gitId":"chydarren"},"content":"    }","lastModifiedDate":"2022-08-27"},{"lineNumber":19,"author":{"gitId":"chydarren"},"content":"}","lastModifiedDate":"2022-08-27"}],"authorContributionMap":{"chydarren":19}},{"path":"src/main/java/duke/task/Event.java","fileType":"java","lines":[{"lineNumber":1,"author":{"gitId":"chydarren"},"content":"package duke.task;","lastModifiedDate":"2022-09-04"},{"lineNumber":2,"author":{"gitId":"chydarren"},"content":"","lastModifiedDate":"2022-09-04"},{"lineNumber":3,"author":{"gitId":"chydarren"},"content":"public class Event extends Task {","lastModifiedDate":"2022-08-27"},{"lineNumber":4,"author":{"gitId":"chydarren"},"content":"    private String time;","lastModifiedDate":"2022-09-10"},{"lineNumber":5,"author":{"gitId":"chydarren"},"content":"","lastModifiedDate":"2022-08-27"},{"lineNumber":6,"author":{"gitId":"chydarren"},"content":"    public Event(String description, String time, boolean isDone) {","lastModifiedDate":"2022-09-11"},{"lineNumber":7,"author":{"gitId":"chydarren"},"content":"        super(description, isDone);","lastModifiedDate":"2022-09-11"},{"lineNumber":8,"author":{"gitId":"chydarren"},"content":"        this.time \u003d time;","lastModifiedDate":"2022-09-10"},{"lineNumber":9,"author":{"gitId":"chydarren"},"content":"    }","lastModifiedDate":"2022-08-27"},{"lineNumber":10,"author":{"gitId":"chydarren"},"content":"","lastModifiedDate":"2022-08-27"},{"lineNumber":11,"author":{"gitId":"chydarren"},"content":"    public String getTime() {","lastModifiedDate":"2022-09-10"},{"lineNumber":12,"author":{"gitId":"chydarren"},"content":"        return time;","lastModifiedDate":"2022-09-10"},{"lineNumber":13,"author":{"gitId":"chydarren"},"content":"    }","lastModifiedDate":"2022-09-10"},{"lineNumber":14,"author":{"gitId":"chydarren"},"content":"","lastModifiedDate":"2022-09-10"},{"lineNumber":15,"author":{"gitId":"chydarren"},"content":"    @Override","lastModifiedDate":"2022-08-27"},{"lineNumber":16,"author":{"gitId":"chydarren"},"content":"    public String getTaskDetails() {","lastModifiedDate":"2022-08-27"},{"lineNumber":17,"author":{"gitId":"chydarren"},"content":"        return \"[E]\" + super.getTaskDetails() + \" (at: \" + getTime() + \")\";","lastModifiedDate":"2022-09-10"},{"lineNumber":18,"author":{"gitId":"chydarren"},"content":"    }","lastModifiedDate":"2022-08-27"},{"lineNumber":19,"author":{"gitId":"chydarren"},"content":"}","lastModifiedDate":"2022-08-27"}],"authorContributionMap":{"chydarren":19}},{"path":"src/main/java/duke/task/Task.java","fileType":"java","lines":[{"lineNumber":1,"author":{"gitId":"chydarren"},"content":"package duke.task;","lastModifiedDate":"2022-09-04"},{"lineNumber":2,"author":{"gitId":"chydarren"},"content":"","lastModifiedDate":"2022-09-04"},{"lineNumber":3,"author":{"gitId":"chydarren"},"content":"public class Task {","lastModifiedDate":"2022-08-20"},{"lineNumber":4,"author":{"gitId":"chydarren"},"content":"    private String title;","lastModifiedDate":"2022-09-10"},{"lineNumber":5,"author":{"gitId":"chydarren"},"content":"    private Boolean isDone;","lastModifiedDate":"2022-09-03"},{"lineNumber":6,"author":{"gitId":"chydarren"},"content":"    protected static final String DONE \u003d \"X\";","lastModifiedDate":"2022-09-10"},{"lineNumber":7,"author":{"gitId":"chydarren"},"content":"    protected static final String NOT_DONE\u003d \" \";","lastModifiedDate":"2022-09-10"},{"lineNumber":8,"author":{"gitId":"chydarren"},"content":"","lastModifiedDate":"2022-08-20"},{"lineNumber":9,"author":{"gitId":"chydarren"},"content":"    public Task(String title, boolean isDone) {","lastModifiedDate":"2022-09-11"},{"lineNumber":10,"author":{"gitId":"chydarren"},"content":"        this.title \u003d title;","lastModifiedDate":"2022-09-10"},{"lineNumber":11,"author":{"gitId":"chydarren"},"content":"        this.isDone \u003d isDone;","lastModifiedDate":"2022-09-11"},{"lineNumber":12,"author":{"gitId":"chydarren"},"content":"    }","lastModifiedDate":"2022-08-20"},{"lineNumber":13,"author":{"gitId":"chydarren"},"content":"","lastModifiedDate":"2022-08-20"},{"lineNumber":14,"author":{"gitId":"chydarren"},"content":"    public String getDueBy() {","lastModifiedDate":"2022-09-10"},{"lineNumber":15,"author":{"gitId":"chydarren"},"content":"        return getDueBy();","lastModifiedDate":"2022-09-10"},{"lineNumber":16,"author":{"gitId":"chydarren"},"content":"    }","lastModifiedDate":"2022-08-20"},{"lineNumber":17,"author":{"gitId":"chydarren"},"content":"","lastModifiedDate":"2022-08-20"},{"lineNumber":18,"author":{"gitId":"chydarren"},"content":"    public String getTime() {","lastModifiedDate":"2022-09-10"},{"lineNumber":19,"author":{"gitId":"chydarren"},"content":"        return getTime();","lastModifiedDate":"2022-09-10"},{"lineNumber":20,"author":{"gitId":"chydarren"},"content":"    }","lastModifiedDate":"2022-08-20"},{"lineNumber":21,"author":{"gitId":"chydarren"},"content":"","lastModifiedDate":"2022-08-20"},{"lineNumber":22,"author":{"gitId":"chydarren"},"content":"    public String getTitle() {","lastModifiedDate":"2022-09-10"},{"lineNumber":23,"author":{"gitId":"chydarren"},"content":"        return title;","lastModifiedDate":"2022-09-10"},{"lineNumber":24,"author":{"gitId":"chydarren"},"content":"    }","lastModifiedDate":"2022-08-20"},{"lineNumber":25,"author":{"gitId":"chydarren"},"content":"","lastModifiedDate":"2022-08-27"},{"lineNumber":26,"author":{"gitId":"chydarren"},"content":"    public String getStatusIcon() {","lastModifiedDate":"2022-09-10"},{"lineNumber":27,"author":{"gitId":"chydarren"},"content":"        return (isDone ? DONE : NOT_DONE);","lastModifiedDate":"2022-09-10"},{"lineNumber":28,"author":{"gitId":"chydarren"},"content":"    }","lastModifiedDate":"2022-08-27"},{"lineNumber":29,"author":{"gitId":"chydarren"},"content":"","lastModifiedDate":"2022-09-10"},{"lineNumber":30,"author":{"gitId":"chydarren"},"content":"    public String getTaskDetails() {","lastModifiedDate":"2022-09-10"},{"lineNumber":31,"author":{"gitId":"chydarren"},"content":"        return \"[\" + getStatusIcon() + \"] \" + title;","lastModifiedDate":"2022-09-10"},{"lineNumber":32,"author":{"gitId":"chydarren"},"content":"    }","lastModifiedDate":"2022-09-10"},{"lineNumber":33,"author":{"gitId":"chydarren"},"content":"","lastModifiedDate":"2022-09-10"},{"lineNumber":34,"author":{"gitId":"chydarren"},"content":"    public void setStatus(Boolean isDone) {","lastModifiedDate":"2022-09-10"},{"lineNumber":35,"author":{"gitId":"chydarren"},"content":"        this.isDone \u003d isDone;","lastModifiedDate":"2022-09-10"},{"lineNumber":36,"author":{"gitId":"chydarren"},"content":"    }","lastModifiedDate":"2022-09-10"},{"lineNumber":37,"author":{"gitId":"chydarren"},"content":"}","lastModifiedDate":"2022-08-20"}],"authorContributionMap":{"chydarren":37}},{"path":"src/main/java/duke/task/Todo.java","fileType":"java","lines":[{"lineNumber":1,"author":{"gitId":"chydarren"},"content":"package duke.task;","lastModifiedDate":"2022-09-04"},{"lineNumber":2,"author":{"gitId":"chydarren"},"content":"","lastModifiedDate":"2022-09-04"},{"lineNumber":3,"author":{"gitId":"chydarren"},"content":"public class Todo extends Task {","lastModifiedDate":"2022-08-27"},{"lineNumber":4,"author":{"gitId":"chydarren"},"content":"    public Todo(String title, boolean isDone) {","lastModifiedDate":"2022-09-11"},{"lineNumber":5,"author":{"gitId":"chydarren"},"content":"        super(title, isDone);","lastModifiedDate":"2022-09-11"},{"lineNumber":6,"author":{"gitId":"chydarren"},"content":"    }","lastModifiedDate":"2022-08-27"},{"lineNumber":7,"author":{"gitId":"chydarren"},"content":"","lastModifiedDate":"2022-08-27"},{"lineNumber":8,"author":{"gitId":"chydarren"},"content":"    @Override","lastModifiedDate":"2022-08-27"},{"lineNumber":9,"author":{"gitId":"chydarren"},"content":"    public String getTaskDetails() {","lastModifiedDate":"2022-08-27"},{"lineNumber":10,"author":{"gitId":"chydarren"},"content":"        return \"[T]\" + super.getTaskDetails();","lastModifiedDate":"2022-08-27"},{"lineNumber":11,"author":{"gitId":"chydarren"},"content":"    }","lastModifiedDate":"2022-08-27"},{"lineNumber":12,"author":{"gitId":"chydarren"},"content":"}","lastModifiedDate":"2022-08-27"}],"authorContributionMap":{"chydarren":12}},{"path":"src/main/java/duke/text/ErrorText.java","fileType":"java","lines":[{"lineNumber":1,"author":{"gitId":"chydarren"},"content":"package duke.text;","lastModifiedDate":"2022-09-04"},{"lineNumber":2,"author":{"gitId":"chydarren"},"content":"","lastModifiedDate":"2022-09-04"},{"lineNumber":3,"author":{"gitId":"chydarren"},"content":"public enum ErrorText {","lastModifiedDate":"2022-09-04"},{"lineNumber":4,"author":{"gitId":"chydarren"},"content":"    ERROR_INVALID_COMMAND(\"    Oh no, Doraemon didn\u0027t understand your command.\"),","lastModifiedDate":"2022-09-04"},{"lineNumber":5,"author":{"gitId":"chydarren"},"content":"    ERROR_INVALID_TASK_INDEX(\"    Nobita, the specified task does not exist in Doramon\u0027s 4D pocket.\"),","lastModifiedDate":"2022-09-10"},{"lineNumber":6,"author":{"gitId":"chydarren"},"content":"    ERROR_INVALID_STATUS_FORMAT(\"    Nobita, the format is: mark \u003ctaskIndex\u003e or unmark \u003ctaskIndex\u003e, e.g. mark 1.\"),","lastModifiedDate":"2022-09-04"},{"lineNumber":7,"author":{"gitId":"chydarren"},"content":"    ERROR_INVALID_TODO_FORMAT(\"    Nobita, the format is todo \u003cdescription\u003e, e.g. todo read books.\"),","lastModifiedDate":"2022-09-04"},{"lineNumber":8,"author":{"gitId":"chydarren"},"content":"    ERROR_INVALID_DEADLINE_FORMAT(\"    Nobita, the format is: deadline \u003cdescription\u003e /by \u003cdueBy\u003e, e.g. deadline marry Shizuka /by September 3rd.\"),","lastModifiedDate":"2022-09-04"},{"lineNumber":9,"author":{"gitId":"chydarren"},"content":"    ERROR_INVALID_EVENT_FORMAT(\"    Nobita, the format is: event \u003cdescription\u003e /at \u003ceventTime\u003e, e.g. event marry Shizuka /at September 3rd 10-12pm.\"),","lastModifiedDate":"2022-09-10"},{"lineNumber":10,"author":{"gitId":"chydarren"},"content":"    ERROR_INVALID_DELETE_FORMAT(\"    Nobita, the format is: delete \u003ctaskIndex\u003e, e.g. delete 1.\"),","lastModifiedDate":"2022-09-10"},{"lineNumber":11,"author":{"gitId":"chydarren"},"content":"    ERROR_FILE_IO(\"    Doraemon encountered an issue when writing to Nobita\u0027s file:\"),","lastModifiedDate":"2022-09-11"},{"lineNumber":12,"author":{"gitId":"chydarren"},"content":"    ERROR_FILE_NOT_FOUND(\"    Doraemon could not find Nobita\u0027s file. Could it have been trapped in the 22nd century?\");","lastModifiedDate":"2022-09-11"},{"lineNumber":13,"author":{"gitId":"chydarren"},"content":"","lastModifiedDate":"2022-09-04"},{"lineNumber":14,"author":{"gitId":"chydarren"},"content":"    public final String text;","lastModifiedDate":"2022-09-10"},{"lineNumber":15,"author":{"gitId":"chydarren"},"content":"","lastModifiedDate":"2022-09-04"},{"lineNumber":16,"author":{"gitId":"chydarren"},"content":"    ErrorText(String text) {","lastModifiedDate":"2022-09-04"},{"lineNumber":17,"author":{"gitId":"chydarren"},"content":"        this.text \u003d text;","lastModifiedDate":"2022-09-04"},{"lineNumber":18,"author":{"gitId":"chydarren"},"content":"    }","lastModifiedDate":"2022-09-04"},{"lineNumber":19,"author":{"gitId":"chydarren"},"content":"","lastModifiedDate":"2022-09-04"},{"lineNumber":20,"author":{"gitId":"chydarren"},"content":"    public String toString() {","lastModifiedDate":"2022-09-04"},{"lineNumber":21,"author":{"gitId":"chydarren"},"content":"        return text;","lastModifiedDate":"2022-09-04"},{"lineNumber":22,"author":{"gitId":"chydarren"},"content":"    }","lastModifiedDate":"2022-09-04"},{"lineNumber":23,"author":{"gitId":"chydarren"},"content":"}","lastModifiedDate":"2022-09-04"}],"authorContributionMap":{"chydarren":23}},{"path":"src/main/java/duke/text/InfoText.java","fileType":"java","lines":[{"lineNumber":1,"author":{"gitId":"chydarren"},"content":"package duke.text;","lastModifiedDate":"2022-09-04"},{"lineNumber":2,"author":{"gitId":"chydarren"},"content":"","lastModifiedDate":"2022-09-04"},{"lineNumber":3,"author":{"gitId":"chydarren"},"content":"public enum InfoText {","lastModifiedDate":"2022-09-04"},{"lineNumber":4,"author":{"gitId":"chydarren"},"content":"    INFO_DASH(\"    ____________________________________________________________\"),","lastModifiedDate":"2022-09-10"},{"lineNumber":5,"author":{"gitId":"chydarren"},"content":"    INFO_GREET(\"    Kon\u0027nichiwa! Doraemon desu. What can I do for you?\"),","lastModifiedDate":"2022-09-11"},{"lineNumber":6,"author":{"gitId":"chydarren"},"content":"    INFO_FILE(\"    Nobita, take note that all entries will be read from and written into %s.\"),","lastModifiedDate":"2022-09-11"},{"lineNumber":7,"author":{"gitId":"chydarren"},"content":"    INFO_LIST(\"    Here are the tasks stored in Doraemon\u0027s 4D pocket:\"),","lastModifiedDate":"2022-09-04"},{"lineNumber":8,"author":{"gitId":"chydarren"},"content":"    INFO_TASK_ADDED(\"    Nobita, wake up. Here\u0027s your new task:\"),","lastModifiedDate":"2022-09-04"},{"lineNumber":9,"author":{"gitId":"chydarren"},"content":"    INFO_TASK_MARKED(\"    Subarashi! Good job in completing your task, Nobita:\"),","lastModifiedDate":"2022-09-04"},{"lineNumber":10,"author":{"gitId":"chydarren"},"content":"    INFO_TASK_UNMARKED(\"    Gambate Nobita, complete it soon! Don\u0027t procrastinate:\"),","lastModifiedDate":"2022-09-04"},{"lineNumber":11,"author":{"gitId":"chydarren"},"content":"    INFO_TASK_COUNT(\"    Now you have %d tasks in Doraemon\u0027s 4D pocket.\"),","lastModifiedDate":"2022-09-04"},{"lineNumber":12,"author":{"gitId":"chydarren"},"content":"    INFO_TASK_DELETED(\"    Nobita, sugoi! One task has been deleted from Doraemon\u0027s 4D pocket.\"),","lastModifiedDate":"2022-09-10"},{"lineNumber":13,"author":{"gitId":"chydarren"},"content":"    INFO_BYE(\"    Sayonara. Hope to see you again soon!\");","lastModifiedDate":"2022-09-04"},{"lineNumber":14,"author":{"gitId":"chydarren"},"content":"","lastModifiedDate":"2022-09-04"},{"lineNumber":15,"author":{"gitId":"chydarren"},"content":"    public final String text;","lastModifiedDate":"2022-09-10"},{"lineNumber":16,"author":{"gitId":"chydarren"},"content":"","lastModifiedDate":"2022-09-04"},{"lineNumber":17,"author":{"gitId":"chydarren"},"content":"    InfoText(String text) {","lastModifiedDate":"2022-09-04"},{"lineNumber":18,"author":{"gitId":"chydarren"},"content":"        this.text \u003d text;","lastModifiedDate":"2022-09-04"},{"lineNumber":19,"author":{"gitId":"chydarren"},"content":"    }","lastModifiedDate":"2022-09-04"},{"lineNumber":20,"author":{"gitId":"chydarren"},"content":"","lastModifiedDate":"2022-09-04"},{"lineNumber":21,"author":{"gitId":"chydarren"},"content":"    public String toString() {","lastModifiedDate":"2022-09-04"},{"lineNumber":22,"author":{"gitId":"chydarren"},"content":"        return text;","lastModifiedDate":"2022-09-04"},{"lineNumber":23,"author":{"gitId":"chydarren"},"content":"    }","lastModifiedDate":"2022-09-04"},{"lineNumber":24,"author":{"gitId":"chydarren"},"content":"}","lastModifiedDate":"2022-09-04"}],"authorContributionMap":{"chydarren":24}},{"path":"text-ui-test/input.txt","fileType":"txt","lines":[{"lineNumber":1,"author":{"gitId":"chydarren"},"content":"todo read book","lastModifiedDate":"2022-08-27"},{"lineNumber":2,"author":{"gitId":"chydarren"},"content":"deadline return book /by June 6th","lastModifiedDate":"2022-08-27"},{"lineNumber":3,"author":{"gitId":"chydarren"},"content":"event project meeting /at Aug 6th 2-4pm","lastModifiedDate":"2022-08-27"},{"lineNumber":4,"author":{"gitId":"chydarren"},"content":"todo join sports club","lastModifiedDate":"2022-08-27"},{"lineNumber":5,"author":{"gitId":"chydarren"},"content":"todo borrow book","lastModifiedDate":"2022-08-27"},{"lineNumber":6,"author":{"gitId":"chydarren"},"content":"list","lastModifiedDate":"2022-08-27"},{"lineNumber":7,"author":{"gitId":"chydarren"},"content":"deadline return book /by Sunday","lastModifiedDate":"2022-08-27"},{"lineNumber":8,"author":{"gitId":"chydarren"},"content":"event project meeting /at Mon 2-4pm","lastModifiedDate":"2022-08-27"},{"lineNumber":9,"author":{"gitId":"chydarren"},"content":"mark 4","lastModifiedDate":"2022-08-27"},{"lineNumber":10,"author":{"gitId":"chydarren"},"content":"mark 1","lastModifiedDate":"2022-08-27"},{"lineNumber":11,"author":{"gitId":"chydarren"},"content":"list","lastModifiedDate":"2022-08-27"},{"lineNumber":12,"author":{"gitId":"chydarren"},"content":"unmark 1","lastModifiedDate":"2022-08-27"},{"lineNumber":13,"author":{"gitId":"chydarren"},"content":"list","lastModifiedDate":"2022-08-27"},{"lineNumber":14,"author":{"gitId":"chydarren"},"content":"bye","lastModifiedDate":"2022-08-27"}],"authorContributionMap":{"chydarren":14}}]
