{"authorDailyContributionsMap":{"chydarren":[{"date":"2022-08-16","commitResults":[{"hash":"ca95a437538e552e93b50e28b82e5ccad6089dee","messageTitle":"Add skeletal version of Duke that greets the user","messageBody":"","tags":["Level-0"],"fileTypesAndContributionMap":{"java":{"insertions":16,"deletions":6}}}]},{"date":"2022-08-20","commitResults":[{"hash":"f8bfe34b7ece30fe2637106527c7be78dd46627e","messageTitle":"Add ability to echo commands entered by the user and exits","messageBody":"","tags":["Level-1"],"fileTypesAndContributionMap":{"java":{"insertions":28,"deletions":7}}},{"hash":"e7d8d0cf1762b3aa3a7ff99f9f19e896ce4ae722","messageTitle":"Add ability to store commands entered by the user and display when required","messageBody":"","tags":["Level-2"],"fileTypesAndContributionMap":{"java":{"insertions":13,"deletions":3}}},{"hash":"882347de31b9bab53914a8daf3c8acd90fe11670","messageTitle":"Add ability to mark tasks as done","messageBody":"","tags":["Level-3"],"fileTypesAndContributionMap":{"java":{"insertions":47,"deletions":7}}},{"hash":"f1e1a4107bd15d722b0e6bf8d568b20ea8137f1c","messageTitle":"Tweak the code to comply with a coding standard","messageBody":"","tags":["A-CodingStandard"],"fileTypesAndContributionMap":{"java":{"insertions":33,"deletions":32}}},{"hash":"ec0ae710ae2aafb1a2a4432c0293427d20929f90","messageTitle":"Delete redundant boolean comparator","messageBody":"","fileTypesAndContributionMap":{"java":{"insertions":2,"deletions":2}}}]},{"date":"2022-08-27","commitResults":[{"hash":"1632272a9d59b44e847563ed96b546b698ae9662","messageTitle":"Add support for tracking basic tasks, deadlines and events","messageBody":"","tags":["Level-4"],"fileTypesAndContributionMap":{"java":{"insertions":127,"deletions":19}}},{"hash":"cf0687a764bdd1ab91cb9d8b942a6bb5711019bf","messageTitle":"Automated text UI testing on Duke and remove incompatible emojis","messageBody":"","tags":["A-TextUiTesting"],"fileTypesAndContributionMap":{"txt":{"insertions":14,"deletions":0},"java":{"insertions":17,"deletions":19}}},{"hash":"59c663e63b9f5d8e5887a2de53c9e3ddaed7ac0a","messageTitle":"Improve code quality","messageBody":"","tags":["A-CodeQuality"],"fileTypesAndContributionMap":{"java":{"insertions":42,"deletions":49}}}]},{"date":"2022-09-03","commitResults":[{"hash":"22190a2b54127100df862f2af754a91cdbb2c81d","messageTitle":"Change access for modifiers and fix bug with event creation","messageBody":"","fileTypesAndContributionMap":{"java":{"insertions":9,"deletions":12}}},{"hash":"9172aef25f7b3129b9aefd221519a4bf0696c70c","messageTitle":"Rectify the management of initial input","messageBody":"","fileTypesAndContributionMap":{"java":{"insertions":25,"deletions":48}}}]},{"date":"2022-09-04","commitResults":[{"hash":"ae99b44c5b3cd243fde0ef4e41416263e0e2ba99","messageTitle":"Introduce constants for repeated output and add exception handlers for mark and unmark tasks","messageBody":"","fileTypesAndContributionMap":{"java":{"insertions":36,"deletions":27}}},{"hash":"3efa0020075a97cd74b6d1ad113567d9384a610b","messageTitle":"Add exception handlers for todo, deadline and event tasks","messageBody":"","fileTypesAndContributionMap":{"java":{"insertions":28,"deletions":9}}},{"hash":"a3e3af18bf620d171ef1a93d59934d877e4157de","messageTitle":"Introduce enum variables for dynamic information and error text output","messageBody":"","fileTypesAndContributionMap":{"java":{"insertions":51,"deletions":29}}},{"hash":"8c6a38c2e5d13ab7df6be7604b90a7152e85fb2d","messageTitle":"Add custom class to handle Duke-specific exception","messageBody":"","tags":["A-Exceptions"],"fileTypesAndContributionMap":{"java":{"insertions":18,"deletions":8}}},{"hash":"a5a1e9f268cb0a1acf2c39324f82d4a8591783d5","messageTitle":"Organize classes into suitable Java packages","messageBody":"","tags":["A-Packages"],"fileTypesAndContributionMap":{"java":{"insertions":31,"deletions":1}}}]},{"date":"2022-09-10","commitResults":[{"hash":"7ab3f6eb415619bf338620e4503395bd7fd4dbe2","messageTitle":"Add ability to delete tasks","messageBody":"","fileTypesAndContributionMap":{"java":{"insertions":21,"deletions":3}}},{"hash":"67ef649c6fc72e86a60520087377ccddccd80729","messageTitle":"Add ability to save the tasks into hard disk","messageBody":"","fileTypesAndContributionMap":{"txt":{"insertions":0,"deletions":0},"java":{"insertions":62,"deletions":3}}},{"hash":"46fa9cfcc08f94a5fd2366c81adb4cee777553f2","messageTitle":"Organize and improve code readability across all classes","messageBody":"","fileTypesAndContributionMap":{"java":{"insertions":225,"deletions":192}}}]},{"date":"2022-09-11","commitResults":[{"hash":"82a38a67996c59283e1eb235737b0a5af172dd6e","messageTitle":"Fix errors with reading from file and package the application","messageBody":"","fileTypesAndContributionMap":{"txt":{"insertions":0,"deletions":0},"java":{"insertions":145,"deletions":74}}},{"hash":"57e4d29851a633828d94c728afe826130b0db721","messageTitle":"Rename Chatbot.java to ChatBot.java","messageBody":"","fileTypesAndContributionMap":{"java":{"insertions":0,"deletions":0}}},{"hash":"a73e4746205fed067f6d4b71c1f917058e2867af","messageTitle":"Fix errors with output from deleting a task","messageBody":"","tags":["A-Jar"],"fileTypesAndContributionMap":{"java":{"insertions":6,"deletions":4}}}]},{"date":"2022-09-20","commitResults":[{"hash":"d3a697d08f4da685beefa421892095ca49903963","messageTitle":"Refractor entire code and extract out related classes","messageBody":"","tags":["A-MoreOOP"],"fileTypesAndContributionMap":{"java":{"insertions":749,"deletions":425}}},{"hash":"cd70ec45ebe8fafa24e4e03a75567a347f601e3a","messageTitle":"Add ability to find a task via keyword search","messageBody":"","fileTypesAndContributionMap":{"java":{"insertions":63,"deletions":5}}}]}]},"authorFileTypeContributionMap":{"chydarren":{"java":705,"md":0,"fxml":0,"sh":0,"bat":0,"gradle":0,"txt":14}},"authorContributionVariance":{"chydarren":45869.207},"authorDisplayNameMap":{"chydarren":"CS2113-W12-2 CHUA..RREN"}}
