[{"path":"src/main/java/Command.java","fileType":"java","lines":[{"lineNumber":1,"author":{"gitId":"yongjicode"},"content":"public class Command {","lastModifiedDate":"2022-09-23"},{"lineNumber":2,"author":{"gitId":"yongjicode"},"content":"","lastModifiedDate":"2022-09-23"},{"lineNumber":3,"author":{"gitId":"yongjicode"},"content":"    String commandAction;","lastModifiedDate":"2022-09-23"},{"lineNumber":4,"author":{"gitId":"yongjicode"},"content":"","lastModifiedDate":"2022-09-23"},{"lineNumber":5,"author":{"gitId":"yongjicode"},"content":"    public Command(String commandAction) {","lastModifiedDate":"2022-09-23"},{"lineNumber":6,"author":{"gitId":"yongjicode"},"content":"        this.commandAction \u003d commandAction;","lastModifiedDate":"2022-09-23"},{"lineNumber":7,"author":{"gitId":"yongjicode"},"content":"    }","lastModifiedDate":"2022-09-23"},{"lineNumber":8,"author":{"gitId":"yongjicode"},"content":"","lastModifiedDate":"2022-09-23"},{"lineNumber":9,"author":{"gitId":"yongjicode"},"content":"    public boolean executeCommand(TaskList tasks, String fullCommand) throws Exception {","lastModifiedDate":"2022-09-29"},{"lineNumber":10,"author":{"gitId":"yongjicode"},"content":"        switch (commandAction.toLowerCase()) {","lastModifiedDate":"2022-09-23"},{"lineNumber":11,"author":{"gitId":"yongjicode"},"content":"            case \"bye\":","lastModifiedDate":"2022-09-23"},{"lineNumber":12,"author":{"gitId":"yongjicode"},"content":"                return true;","lastModifiedDate":"2022-09-23"},{"lineNumber":13,"author":{"gitId":"yongjicode"},"content":"            case \"list\":","lastModifiedDate":"2022-09-23"},{"lineNumber":14,"author":{"gitId":"yongjicode"},"content":"                //print the task list","lastModifiedDate":"2022-09-23"},{"lineNumber":15,"author":{"gitId":"yongjicode"},"content":"                tasks.printList();","lastModifiedDate":"2022-09-23"},{"lineNumber":16,"author":{"gitId":"yongjicode"},"content":"                break;","lastModifiedDate":"2022-09-23"},{"lineNumber":17,"author":{"gitId":"yongjicode"},"content":"            case \"find\":","lastModifiedDate":"2022-09-29"},{"lineNumber":18,"author":{"gitId":"yongjicode"},"content":"                if(commandAction.matches(fullCommand)){","lastModifiedDate":"2022-09-29"},{"lineNumber":19,"author":{"gitId":"yongjicode"},"content":"                    System.out.println(\"OOPS! The description of todo cannot be empty\");","lastModifiedDate":"2022-09-29"},{"lineNumber":20,"author":{"gitId":"yongjicode"},"content":"                } else {","lastModifiedDate":"2022-09-29"},{"lineNumber":21,"author":{"gitId":"yongjicode"},"content":"                    tasks.findMatching(commandAction, fullCommand);","lastModifiedDate":"2022-09-29"},{"lineNumber":22,"author":{"gitId":"yongjicode"},"content":"                }","lastModifiedDate":"2022-09-29"},{"lineNumber":23,"author":{"gitId":"yongjicode"},"content":"                break;","lastModifiedDate":"2022-09-29"},{"lineNumber":24,"author":{"gitId":"yongjicode"},"content":"            case \"todo\":","lastModifiedDate":"2022-09-23"},{"lineNumber":25,"author":{"gitId":"yongjicode"},"content":"                //add todo to task list, no date","lastModifiedDate":"2022-09-23"},{"lineNumber":26,"author":{"gitId":"yongjicode"},"content":"                if(commandAction.matches(fullCommand)){","lastModifiedDate":"2022-09-23"},{"lineNumber":27,"author":{"gitId":"yongjicode"},"content":"//                    throw new DukeException();","lastModifiedDate":"2022-09-23"},{"lineNumber":28,"author":{"gitId":"yongjicode"},"content":"                    System.out.println(\"OOPS! The description of todo cannot be empty\");","lastModifiedDate":"2022-09-23"},{"lineNumber":29,"author":{"gitId":"yongjicode"},"content":"                } else {","lastModifiedDate":"2022-09-23"},{"lineNumber":30,"author":{"gitId":"yongjicode"},"content":"                    tasks.addTodo(commandAction, fullCommand);","lastModifiedDate":"2022-09-23"},{"lineNumber":31,"author":{"gitId":"yongjicode"},"content":"                }","lastModifiedDate":"2022-09-23"},{"lineNumber":32,"author":{"gitId":"yongjicode"},"content":"                break;","lastModifiedDate":"2022-09-23"},{"lineNumber":33,"author":{"gitId":"yongjicode"},"content":"            case \"deadline\":","lastModifiedDate":"2022-09-23"},{"lineNumber":34,"author":{"gitId":"yongjicode"},"content":"                //add deadline to task list, got date","lastModifiedDate":"2022-09-23"},{"lineNumber":35,"author":{"gitId":"yongjicode"},"content":"                if(commandAction.matches(fullCommand)){","lastModifiedDate":"2022-09-23"},{"lineNumber":36,"author":{"gitId":"yongjicode"},"content":"//                    throw new DukeException();","lastModifiedDate":"2022-09-23"},{"lineNumber":37,"author":{"gitId":"yongjicode"},"content":"                    System.out.println(\"OOPS! The description of deadline cannot be empty\");","lastModifiedDate":"2022-09-23"},{"lineNumber":38,"author":{"gitId":"yongjicode"},"content":"                } else {","lastModifiedDate":"2022-09-23"},{"lineNumber":39,"author":{"gitId":"yongjicode"},"content":"                    tasks.addDeadline(commandAction, fullCommand);","lastModifiedDate":"2022-09-23"},{"lineNumber":40,"author":{"gitId":"yongjicode"},"content":"                }","lastModifiedDate":"2022-09-23"},{"lineNumber":41,"author":{"gitId":"yongjicode"},"content":"                break;","lastModifiedDate":"2022-09-23"},{"lineNumber":42,"author":{"gitId":"yongjicode"},"content":"            case \"event\":","lastModifiedDate":"2022-09-23"},{"lineNumber":43,"author":{"gitId":"yongjicode"},"content":"                //add event to task list, got date","lastModifiedDate":"2022-09-23"},{"lineNumber":44,"author":{"gitId":"yongjicode"},"content":"                if(commandAction.matches(fullCommand)){","lastModifiedDate":"2022-09-23"},{"lineNumber":45,"author":{"gitId":"yongjicode"},"content":"//                    throw new DukeException();","lastModifiedDate":"2022-09-23"},{"lineNumber":46,"author":{"gitId":"yongjicode"},"content":"                    System.out.println(\"OOPS! The description of event cannot be empty\");","lastModifiedDate":"2022-09-23"},{"lineNumber":47,"author":{"gitId":"yongjicode"},"content":"                } else {","lastModifiedDate":"2022-09-23"},{"lineNumber":48,"author":{"gitId":"yongjicode"},"content":"                    tasks.addEvent(commandAction, fullCommand);","lastModifiedDate":"2022-09-23"},{"lineNumber":49,"author":{"gitId":"yongjicode"},"content":"                }","lastModifiedDate":"2022-09-23"},{"lineNumber":50,"author":{"gitId":"yongjicode"},"content":"                break;","lastModifiedDate":"2022-09-23"},{"lineNumber":51,"author":{"gitId":"yongjicode"},"content":"            case \"mark\":","lastModifiedDate":"2022-09-23"},{"lineNumber":52,"author":{"gitId":"yongjicode"},"content":"                tasks.markDone(fullCommand);","lastModifiedDate":"2022-09-23"},{"lineNumber":53,"author":{"gitId":"yongjicode"},"content":"                break;","lastModifiedDate":"2022-09-23"},{"lineNumber":54,"author":{"gitId":"yongjicode"},"content":"            case \"unmark\":","lastModifiedDate":"2022-09-23"},{"lineNumber":55,"author":{"gitId":"yongjicode"},"content":"                tasks.markUndone(fullCommand);","lastModifiedDate":"2022-09-23"},{"lineNumber":56,"author":{"gitId":"yongjicode"},"content":"                break;","lastModifiedDate":"2022-09-23"},{"lineNumber":57,"author":{"gitId":"yongjicode"},"content":"            case \"delete\":","lastModifiedDate":"2022-09-23"},{"lineNumber":58,"author":{"gitId":"yongjicode"},"content":"                tasks.deleteTask(fullCommand);","lastModifiedDate":"2022-09-23"},{"lineNumber":59,"author":{"gitId":"yongjicode"},"content":"                break;","lastModifiedDate":"2022-09-23"},{"lineNumber":60,"author":{"gitId":"yongjicode"},"content":"            default:","lastModifiedDate":"2022-09-23"},{"lineNumber":61,"author":{"gitId":"yongjicode"},"content":"                System.out.println(\"OOPS! I\u0027m sorry, I don\u0027t know what that means :(\");","lastModifiedDate":"2022-09-23"},{"lineNumber":62,"author":{"gitId":"yongjicode"},"content":"        }","lastModifiedDate":"2022-09-23"},{"lineNumber":63,"author":{"gitId":"yongjicode"},"content":"        return false;","lastModifiedDate":"2022-09-23"},{"lineNumber":64,"author":{"gitId":"yongjicode"},"content":"    }","lastModifiedDate":"2022-09-23"},{"lineNumber":65,"author":{"gitId":"yongjicode"},"content":"}","lastModifiedDate":"2022-09-23"}],"authorContributionMap":{"yongjicode":65}},{"path":"src/main/java/Duke.java","fileType":"java","lines":[{"lineNumber":1,"author":{"gitId":"yongjicode"},"content":"import java.io.FileNotFoundException;","lastModifiedDate":"2022-09-29"},{"lineNumber":2,"author":{"gitId":"yongjicode"},"content":"","lastModifiedDate":"2022-08-30"},{"lineNumber":3,"author":{"gitId":"-"},"content":"public class Duke {","lastModifiedDate":"2019-07-29"},{"lineNumber":4,"author":{"gitId":"yongjicode"},"content":"    public static final int MAX \u003d 100;","lastModifiedDate":"2022-09-23"},{"lineNumber":5,"author":{"gitId":"yongjicode"},"content":"    private Storage storage;","lastModifiedDate":"2022-09-29"},{"lineNumber":6,"author":{"gitId":"yongjicode"},"content":"    private TaskList tasks;","lastModifiedDate":"2022-09-29"},{"lineNumber":7,"author":{"gitId":"yongjicode"},"content":"    private Ui ui;","lastModifiedDate":"2022-09-29"},{"lineNumber":8,"author":{"gitId":"yongjicode"},"content":"","lastModifiedDate":"2022-08-30"},{"lineNumber":9,"author":{"gitId":"yongjicode"},"content":"    public Duke(String filePath) {","lastModifiedDate":"2022-09-29"},{"lineNumber":10,"author":{"gitId":"yongjicode"},"content":"        ui \u003d new Ui();","lastModifiedDate":"2022-09-29"},{"lineNumber":11,"author":{"gitId":"yongjicode"},"content":"        storage \u003d new Storage(filePath);","lastModifiedDate":"2022-09-29"},{"lineNumber":12,"author":{"gitId":"yongjicode"},"content":"        try {","lastModifiedDate":"2022-09-29"},{"lineNumber":13,"author":{"gitId":"yongjicode"},"content":"            tasks \u003d new TaskList();","lastModifiedDate":"2022-09-29"},{"lineNumber":14,"author":{"gitId":"yongjicode"},"content":"            Storage.getFileContents(filePath, tasks);","lastModifiedDate":"2022-09-29"},{"lineNumber":15,"author":{"gitId":"yongjicode"},"content":"        } catch (FileNotFoundException e) {","lastModifiedDate":"2022-09-29"},{"lineNumber":16,"author":{"gitId":"yongjicode"},"content":"            Ui.showFileWriteError();","lastModifiedDate":"2022-09-29"},{"lineNumber":17,"author":{"gitId":"yongjicode"},"content":"            tasks \u003d new TaskList();","lastModifiedDate":"2022-09-29"},{"lineNumber":18,"author":{"gitId":"yongjicode"},"content":"        }","lastModifiedDate":"2022-09-29"},{"lineNumber":19,"author":{"gitId":"yongjicode"},"content":"    }","lastModifiedDate":"2022-09-29"},{"lineNumber":20,"author":{"gitId":"yongjicode"},"content":"","lastModifiedDate":"2022-09-29"},{"lineNumber":21,"author":{"gitId":"yongjicode"},"content":"    private void run() {","lastModifiedDate":"2022-09-29"},{"lineNumber":22,"author":{"gitId":"yongjicode"},"content":"        ui.welcomeMessage();","lastModifiedDate":"2022-09-29"},{"lineNumber":23,"author":{"gitId":"yongjicode"},"content":"        boolean isExit \u003d false;","lastModifiedDate":"2022-09-23"},{"lineNumber":24,"author":{"gitId":"yongjicode"},"content":"        while (!isExit) {","lastModifiedDate":"2022-09-23"},{"lineNumber":25,"author":{"gitId":"yongjicode"},"content":"            try {","lastModifiedDate":"2022-09-23"},{"lineNumber":26,"author":{"gitId":"yongjicode"},"content":"                String commandInput \u003d ui.readCommand();","lastModifiedDate":"2022-09-29"},{"lineNumber":27,"author":{"gitId":"yongjicode"},"content":"                ui.showDivider();","lastModifiedDate":"2022-09-29"},{"lineNumber":28,"author":{"gitId":"yongjicode"},"content":"                Command command \u003d new Command(Parser.parse(commandInput));","lastModifiedDate":"2022-09-23"},{"lineNumber":29,"author":{"gitId":"yongjicode"},"content":"                isExit \u003d command.executeCommand(tasks, commandInput);","lastModifiedDate":"2022-09-23"},{"lineNumber":30,"author":{"gitId":"yongjicode"},"content":"            } catch (Exception e) {","lastModifiedDate":"2022-09-23"},{"lineNumber":31,"author":{"gitId":"yongjicode"},"content":"                ui.showError(\"Invalid command! Try again :)\");","lastModifiedDate":"2022-09-29"},{"lineNumber":32,"author":{"gitId":"yongjicode"},"content":"            } finally {","lastModifiedDate":"2022-09-29"},{"lineNumber":33,"author":{"gitId":"yongjicode"},"content":"                System.out.println();","lastModifiedDate":"2022-09-29"},{"lineNumber":34,"author":{"gitId":"yongjicode"},"content":"            }","lastModifiedDate":"2022-08-30"},{"lineNumber":35,"author":{"gitId":"yongjicode"},"content":"        }","lastModifiedDate":"2022-09-23"},{"lineNumber":36,"author":{"gitId":"yongjicode"},"content":"    }","lastModifiedDate":"2022-09-29"},{"lineNumber":37,"author":{"gitId":"yongjicode"},"content":"","lastModifiedDate":"2022-09-29"},{"lineNumber":38,"author":{"gitId":"-"},"content":"    public static void main(String[] args) {","lastModifiedDate":"2022-09-29"},{"lineNumber":39,"author":{"gitId":"yongjicode"},"content":"        new Duke(\"data/tasks.txt\").run();","lastModifiedDate":"2022-09-29"},{"lineNumber":40,"author":{"gitId":"-"},"content":"    }","lastModifiedDate":"2022-09-29"},{"lineNumber":41,"author":{"gitId":"yongjicode"},"content":"","lastModifiedDate":"2022-09-29"},{"lineNumber":42,"author":{"gitId":"yongjicode"},"content":"","lastModifiedDate":"2022-09-29"},{"lineNumber":43,"author":{"gitId":"yongjicode"},"content":"","lastModifiedDate":"2022-08-31"},{"lineNumber":44,"author":{"gitId":"yongjicode"},"content":"","lastModifiedDate":"2022-09-23"},{"lineNumber":45,"author":{"gitId":"-"},"content":"}","lastModifiedDate":"2019-07-29"}],"authorContributionMap":{"yongjicode":41,"-":4}},{"path":"src/main/java/DukeException.java","fileType":"java","lines":[{"lineNumber":1,"author":{"gitId":"yongjicode"},"content":"public class DukeException extends Throwable {","lastModifiedDate":"2022-09-23"},{"lineNumber":2,"author":{"gitId":"yongjicode"},"content":"}","lastModifiedDate":"2022-09-23"}],"authorContributionMap":{"yongjicode":2}},{"path":"src/main/java/Parser.java","fileType":"java","lines":[{"lineNumber":1,"author":{"gitId":"yongjicode"},"content":"public class Parser {","lastModifiedDate":"2022-09-23"},{"lineNumber":2,"author":{"gitId":"yongjicode"},"content":"","lastModifiedDate":"2022-09-23"},{"lineNumber":3,"author":{"gitId":"yongjicode"},"content":"    public static String parse(String command) throws Exception{","lastModifiedDate":"2022-09-29"},{"lineNumber":4,"author":{"gitId":"yongjicode"},"content":"        String[] items \u003d command.split(\" \");","lastModifiedDate":"2022-09-23"},{"lineNumber":5,"author":{"gitId":"yongjicode"},"content":"        return items[0];","lastModifiedDate":"2022-09-23"},{"lineNumber":6,"author":{"gitId":"yongjicode"},"content":"    }","lastModifiedDate":"2022-09-23"},{"lineNumber":7,"author":{"gitId":"yongjicode"},"content":"","lastModifiedDate":"2022-09-23"},{"lineNumber":8,"author":{"gitId":"yongjicode"},"content":"    public static String parseDescription(String command) throws Exception{","lastModifiedDate":"2022-09-29"},{"lineNumber":9,"author":{"gitId":"yongjicode"},"content":"        return command.substring(command.indexOf(\u0027 \u0027) + 1);","lastModifiedDate":"2022-09-23"},{"lineNumber":10,"author":{"gitId":"yongjicode"},"content":"    }","lastModifiedDate":"2022-09-23"},{"lineNumber":11,"author":{"gitId":"yongjicode"},"content":"","lastModifiedDate":"2022-09-23"},{"lineNumber":12,"author":{"gitId":"yongjicode"},"content":"    public static String parseDeadline(String command) throws Exception{","lastModifiedDate":"2022-09-29"},{"lineNumber":13,"author":{"gitId":"yongjicode"},"content":"        return command.substring(0, command.indexOf(\u0027/\u0027)) + \"(by: \" +command.substring(command.indexOf(\u0027/\u0027) + 1) + \"）\";","lastModifiedDate":"2022-09-29"},{"lineNumber":14,"author":{"gitId":"yongjicode"},"content":"    }","lastModifiedDate":"2022-09-29"},{"lineNumber":15,"author":{"gitId":"yongjicode"},"content":"","lastModifiedDate":"2022-09-29"},{"lineNumber":16,"author":{"gitId":"yongjicode"},"content":"    public static String parseEvent(String command) throws Exception{","lastModifiedDate":"2022-09-29"},{"lineNumber":17,"author":{"gitId":"yongjicode"},"content":"        return command.substring(0, command.indexOf(\u0027/\u0027)) + \"（at: \" +command.substring(command.indexOf(\u0027/\u0027) + 1) + \"）\";","lastModifiedDate":"2022-09-29"},{"lineNumber":18,"author":{"gitId":"yongjicode"},"content":"    }","lastModifiedDate":"2022-09-29"},{"lineNumber":19,"author":{"gitId":"yongjicode"},"content":"","lastModifiedDate":"2022-09-23"},{"lineNumber":20,"author":{"gitId":"yongjicode"},"content":"}","lastModifiedDate":"2022-09-23"}],"authorContributionMap":{"yongjicode":20}},{"path":"src/main/java/Storage.java","fileType":"java","lines":[{"lineNumber":1,"author":{"gitId":"yongjicode"},"content":"","lastModifiedDate":"2022-09-29"},{"lineNumber":2,"author":{"gitId":"yongjicode"},"content":"import java.io.*;","lastModifiedDate":"2022-09-29"},{"lineNumber":3,"author":{"gitId":"yongjicode"},"content":"import java.util.ArrayList;","lastModifiedDate":"2022-09-29"},{"lineNumber":4,"author":{"gitId":"yongjicode"},"content":"import java.util.Scanner;","lastModifiedDate":"2022-09-29"},{"lineNumber":5,"author":{"gitId":"yongjicode"},"content":"","lastModifiedDate":"2022-09-29"},{"lineNumber":6,"author":{"gitId":"yongjicode"},"content":"/**","lastModifiedDate":"2022-09-29"},{"lineNumber":7,"author":{"gitId":"yongjicode"},"content":" * Storage deals with loading tasks from the file and saving tasks in the file.","lastModifiedDate":"2022-09-29"},{"lineNumber":8,"author":{"gitId":"yongjicode"},"content":" */","lastModifiedDate":"2022-09-29"},{"lineNumber":9,"author":{"gitId":"yongjicode"},"content":"public class Storage {","lastModifiedDate":"2022-09-29"},{"lineNumber":10,"author":{"gitId":"yongjicode"},"content":"    private static String filePath;","lastModifiedDate":"2022-09-29"},{"lineNumber":11,"author":{"gitId":"yongjicode"},"content":"    public Storage(String filePath) {","lastModifiedDate":"2022-09-29"},{"lineNumber":12,"author":{"gitId":"yongjicode"},"content":"        this.filePath \u003d filePath;","lastModifiedDate":"2022-09-29"},{"lineNumber":13,"author":{"gitId":"yongjicode"},"content":"    }","lastModifiedDate":"2022-09-29"},{"lineNumber":14,"author":{"gitId":"yongjicode"},"content":"","lastModifiedDate":"2022-09-29"},{"lineNumber":15,"author":{"gitId":"yongjicode"},"content":"    /**","lastModifiedDate":"2022-09-29"},{"lineNumber":16,"author":{"gitId":"yongjicode"},"content":"     * Saves the given task list to a specified local file","lastModifiedDate":"2022-09-29"},{"lineNumber":17,"author":{"gitId":"yongjicode"},"content":"     * @param filePath Location of file for task list to be saved to","lastModifiedDate":"2022-09-29"},{"lineNumber":18,"author":{"gitId":"yongjicode"},"content":"     * @param list Task list to be saved","lastModifiedDate":"2022-09-29"},{"lineNumber":19,"author":{"gitId":"yongjicode"},"content":"     * @throws IOException Error","lastModifiedDate":"2022-09-29"},{"lineNumber":20,"author":{"gitId":"yongjicode"},"content":"     */","lastModifiedDate":"2022-09-29"},{"lineNumber":21,"author":{"gitId":"yongjicode"},"content":"    public static void writeToFile(String filePath, ArrayList\u003cTask\u003e list) {","lastModifiedDate":"2022-09-29"},{"lineNumber":22,"author":{"gitId":"yongjicode"},"content":"        try {","lastModifiedDate":"2022-09-29"},{"lineNumber":23,"author":{"gitId":"yongjicode"},"content":"            File storedFile \u003d new File(filePath);","lastModifiedDate":"2022-09-29"},{"lineNumber":24,"author":{"gitId":"yongjicode"},"content":"            FileWriter writeFile \u003d new FileWriter(storedFile);","lastModifiedDate":"2022-09-29"},{"lineNumber":25,"author":{"gitId":"yongjicode"},"content":"            for (Task task : list) {","lastModifiedDate":"2022-09-29"},{"lineNumber":26,"author":{"gitId":"yongjicode"},"content":"                Boolean isDone \u003d task.isDone;","lastModifiedDate":"2022-09-29"},{"lineNumber":27,"author":{"gitId":"yongjicode"},"content":"                writeFile.write(task.type + \"|\" + isDone + \"|\" + task.description + System.lineSeparator());","lastModifiedDate":"2022-09-29"},{"lineNumber":28,"author":{"gitId":"yongjicode"},"content":"            }","lastModifiedDate":"2022-09-29"},{"lineNumber":29,"author":{"gitId":"yongjicode"},"content":"            writeFile.close();","lastModifiedDate":"2022-09-29"},{"lineNumber":30,"author":{"gitId":"yongjicode"},"content":"        } catch (IOException e) {","lastModifiedDate":"2022-09-29"},{"lineNumber":31,"author":{"gitId":"yongjicode"},"content":"            Ui.showFileWriteError();","lastModifiedDate":"2022-09-29"},{"lineNumber":32,"author":{"gitId":"yongjicode"},"content":"        }","lastModifiedDate":"2022-09-29"},{"lineNumber":33,"author":{"gitId":"yongjicode"},"content":"    }","lastModifiedDate":"2022-09-29"},{"lineNumber":34,"author":{"gitId":"yongjicode"},"content":"","lastModifiedDate":"2022-09-29"},{"lineNumber":35,"author":{"gitId":"yongjicode"},"content":"    public static void getFileContents(String filePath, TaskList tasks) throws FileNotFoundException {","lastModifiedDate":"2022-09-29"},{"lineNumber":36,"author":{"gitId":"yongjicode"},"content":"        File storedFile \u003d new File(filePath);","lastModifiedDate":"2022-09-29"},{"lineNumber":37,"author":{"gitId":"yongjicode"},"content":"        if (!storedFile.getParentFile().exists()) {","lastModifiedDate":"2022-09-29"},{"lineNumber":38,"author":{"gitId":"yongjicode"},"content":"            storedFile.getParentFile().mkdirs();","lastModifiedDate":"2022-09-29"},{"lineNumber":39,"author":{"gitId":"yongjicode"},"content":"        }","lastModifiedDate":"2022-09-29"},{"lineNumber":40,"author":{"gitId":"yongjicode"},"content":"        try {","lastModifiedDate":"2022-09-29"},{"lineNumber":41,"author":{"gitId":"yongjicode"},"content":"            if (!storedFile.exists()) {","lastModifiedDate":"2022-09-29"},{"lineNumber":42,"author":{"gitId":"yongjicode"},"content":"                storedFile.createNewFile();","lastModifiedDate":"2022-09-29"},{"lineNumber":43,"author":{"gitId":"yongjicode"},"content":"            }","lastModifiedDate":"2022-09-29"},{"lineNumber":44,"author":{"gitId":"yongjicode"},"content":"        } catch (IOException e) {","lastModifiedDate":"2022-09-29"},{"lineNumber":45,"author":{"gitId":"yongjicode"},"content":"            Ui.showFileWriteError();","lastModifiedDate":"2022-09-29"},{"lineNumber":46,"author":{"gitId":"yongjicode"},"content":"        }","lastModifiedDate":"2022-09-29"},{"lineNumber":47,"author":{"gitId":"yongjicode"},"content":"        Scanner s \u003d new Scanner(new FileInputStream((filePath)));","lastModifiedDate":"2022-09-29"},{"lineNumber":48,"author":{"gitId":"yongjicode"},"content":"        while (s.hasNext()) {","lastModifiedDate":"2022-09-29"},{"lineNumber":49,"author":{"gitId":"yongjicode"},"content":"            String command \u003d s.nextLine();","lastModifiedDate":"2022-09-29"},{"lineNumber":50,"author":{"gitId":"yongjicode"},"content":"            String inputCommands[] \u003d command.split(\"\\\\|\", 3);","lastModifiedDate":"2022-09-29"},{"lineNumber":51,"author":{"gitId":"yongjicode"},"content":"            switch (inputCommands[0]) {","lastModifiedDate":"2022-09-29"},{"lineNumber":52,"author":{"gitId":"yongjicode"},"content":"                case \"todo\":","lastModifiedDate":"2022-09-29"},{"lineNumber":53,"author":{"gitId":"yongjicode"},"content":"                    Task todo \u003d new Task(\"todo\", inputCommands[2]);","lastModifiedDate":"2022-09-29"},{"lineNumber":54,"author":{"gitId":"yongjicode"},"content":"                    TaskList.checkMarked(todo,inputCommands[1]);","lastModifiedDate":"2022-09-29"},{"lineNumber":55,"author":{"gitId":"yongjicode"},"content":"                    tasks.add(todo);","lastModifiedDate":"2022-09-29"},{"lineNumber":56,"author":{"gitId":"yongjicode"},"content":"                    break;","lastModifiedDate":"2022-09-29"},{"lineNumber":57,"author":{"gitId":"yongjicode"},"content":"                case \"deadline\":","lastModifiedDate":"2022-09-29"},{"lineNumber":58,"author":{"gitId":"yongjicode"},"content":"                    Task deadline \u003d new Task(\"deadline\", inputCommands[2]);","lastModifiedDate":"2022-09-29"},{"lineNumber":59,"author":{"gitId":"yongjicode"},"content":"                    TaskList.checkMarked(deadline,inputCommands[1]);","lastModifiedDate":"2022-09-29"},{"lineNumber":60,"author":{"gitId":"yongjicode"},"content":"                    tasks.add(deadline);","lastModifiedDate":"2022-09-29"},{"lineNumber":61,"author":{"gitId":"yongjicode"},"content":"                    break;","lastModifiedDate":"2022-09-29"},{"lineNumber":62,"author":{"gitId":"yongjicode"},"content":"                case \"event\":","lastModifiedDate":"2022-09-29"},{"lineNumber":63,"author":{"gitId":"yongjicode"},"content":"                    Task event \u003d new Task(\"event\", inputCommands[2]);","lastModifiedDate":"2022-09-29"},{"lineNumber":64,"author":{"gitId":"yongjicode"},"content":"                    TaskList.checkMarked(event,inputCommands[1]);","lastModifiedDate":"2022-09-29"},{"lineNumber":65,"author":{"gitId":"yongjicode"},"content":"                    tasks.add(event);","lastModifiedDate":"2022-09-29"},{"lineNumber":66,"author":{"gitId":"yongjicode"},"content":"                    break;","lastModifiedDate":"2022-09-29"},{"lineNumber":67,"author":{"gitId":"yongjicode"},"content":"                default:","lastModifiedDate":"2022-09-29"},{"lineNumber":68,"author":{"gitId":"yongjicode"},"content":"                    throw new FileNotFoundException();","lastModifiedDate":"2022-09-29"},{"lineNumber":69,"author":{"gitId":"yongjicode"},"content":"            }","lastModifiedDate":"2022-09-29"},{"lineNumber":70,"author":{"gitId":"yongjicode"},"content":"        }","lastModifiedDate":"2022-09-29"},{"lineNumber":71,"author":{"gitId":"yongjicode"},"content":"    }","lastModifiedDate":"2022-09-29"},{"lineNumber":72,"author":{"gitId":"yongjicode"},"content":"}","lastModifiedDate":"2022-09-29"}],"authorContributionMap":{"yongjicode":72}},{"path":"src/main/java/Task.java","fileType":"java","lines":[{"lineNumber":1,"author":{"gitId":"yongjicode"},"content":"public class Task {","lastModifiedDate":"2022-09-23"},{"lineNumber":2,"author":{"gitId":"yongjicode"},"content":"","lastModifiedDate":"2022-09-23"},{"lineNumber":3,"author":{"gitId":"yongjicode"},"content":"    // can be todo, deadline, event","lastModifiedDate":"2022-09-23"},{"lineNumber":4,"author":{"gitId":"yongjicode"},"content":"    protected String type;","lastModifiedDate":"2022-09-23"},{"lineNumber":5,"author":{"gitId":"yongjicode"},"content":"","lastModifiedDate":"2022-09-29"},{"lineNumber":6,"author":{"gitId":"yongjicode"},"content":"    public String getDescription() {","lastModifiedDate":"2022-09-29"},{"lineNumber":7,"author":{"gitId":"yongjicode"},"content":"        return description;","lastModifiedDate":"2022-09-29"},{"lineNumber":8,"author":{"gitId":"yongjicode"},"content":"    }","lastModifiedDate":"2022-09-29"},{"lineNumber":9,"author":{"gitId":"yongjicode"},"content":"","lastModifiedDate":"2022-09-29"},{"lineNumber":10,"author":{"gitId":"yongjicode"},"content":"    protected String description;","lastModifiedDate":"2022-09-23"},{"lineNumber":11,"author":{"gitId":"yongjicode"},"content":"    protected boolean isDone;","lastModifiedDate":"2022-09-23"},{"lineNumber":12,"author":{"gitId":"yongjicode"},"content":"","lastModifiedDate":"2022-09-23"},{"lineNumber":13,"author":{"gitId":"yongjicode"},"content":"    public Task(String type, String description) {","lastModifiedDate":"2022-09-23"},{"lineNumber":14,"author":{"gitId":"yongjicode"},"content":"        this.type \u003d type;","lastModifiedDate":"2022-09-23"},{"lineNumber":15,"author":{"gitId":"yongjicode"},"content":"        this.description \u003d description;","lastModifiedDate":"2022-09-23"},{"lineNumber":16,"author":{"gitId":"yongjicode"},"content":"        this.isDone \u003d false;","lastModifiedDate":"2022-09-23"},{"lineNumber":17,"author":{"gitId":"yongjicode"},"content":"    }","lastModifiedDate":"2022-09-23"},{"lineNumber":18,"author":{"gitId":"yongjicode"},"content":"","lastModifiedDate":"2022-09-23"},{"lineNumber":19,"author":{"gitId":"yongjicode"},"content":"    public String getStatusIcon() {","lastModifiedDate":"2022-09-23"},{"lineNumber":20,"author":{"gitId":"yongjicode"},"content":"        return (isDone ? \"X\" : \" \"); // mark done task with X","lastModifiedDate":"2022-09-23"},{"lineNumber":21,"author":{"gitId":"yongjicode"},"content":"    }","lastModifiedDate":"2022-09-23"},{"lineNumber":22,"author":{"gitId":"yongjicode"},"content":"    public String getTypeLetter() {","lastModifiedDate":"2022-09-23"},{"lineNumber":23,"author":{"gitId":"yongjicode"},"content":"        switch (type){","lastModifiedDate":"2022-09-23"},{"lineNumber":24,"author":{"gitId":"yongjicode"},"content":"            case \"todo\":","lastModifiedDate":"2022-09-23"},{"lineNumber":25,"author":{"gitId":"yongjicode"},"content":"                return \"T\";","lastModifiedDate":"2022-09-23"},{"lineNumber":26,"author":{"gitId":"yongjicode"},"content":"            case \"deadline\":","lastModifiedDate":"2022-09-23"},{"lineNumber":27,"author":{"gitId":"yongjicode"},"content":"                return \"D\";","lastModifiedDate":"2022-09-23"},{"lineNumber":28,"author":{"gitId":"yongjicode"},"content":"            case \"event\":","lastModifiedDate":"2022-09-23"},{"lineNumber":29,"author":{"gitId":"yongjicode"},"content":"                return \"E\";","lastModifiedDate":"2022-09-23"},{"lineNumber":30,"author":{"gitId":"yongjicode"},"content":"        }","lastModifiedDate":"2022-09-23"},{"lineNumber":31,"author":{"gitId":"yongjicode"},"content":"        return \"Invalid\";","lastModifiedDate":"2022-09-23"},{"lineNumber":32,"author":{"gitId":"yongjicode"},"content":"    }","lastModifiedDate":"2022-09-23"},{"lineNumber":33,"author":{"gitId":"yongjicode"},"content":"    public void markAsDone(boolean done) {","lastModifiedDate":"2022-09-23"},{"lineNumber":34,"author":{"gitId":"yongjicode"},"content":"        this.isDone \u003d done;","lastModifiedDate":"2022-09-23"},{"lineNumber":35,"author":{"gitId":"yongjicode"},"content":"    }","lastModifiedDate":"2022-09-23"},{"lineNumber":36,"author":{"gitId":"yongjicode"},"content":"","lastModifiedDate":"2022-09-23"},{"lineNumber":37,"author":{"gitId":"yongjicode"},"content":"    public void printTask(){","lastModifiedDate":"2022-09-23"},{"lineNumber":38,"author":{"gitId":"yongjicode"},"content":"        System.out.println(\"[\"+getTypeLetter()+\"][\"+getStatusIcon()+\"] \" + description);","lastModifiedDate":"2022-09-23"},{"lineNumber":39,"author":{"gitId":"yongjicode"},"content":"    }","lastModifiedDate":"2022-09-23"},{"lineNumber":40,"author":{"gitId":"yongjicode"},"content":"","lastModifiedDate":"2022-09-23"},{"lineNumber":41,"author":{"gitId":"yongjicode"},"content":"","lastModifiedDate":"2022-09-23"},{"lineNumber":42,"author":{"gitId":"yongjicode"},"content":"}","lastModifiedDate":"2022-09-23"}],"authorContributionMap":{"yongjicode":42}},{"path":"src/main/java/TaskList.java","fileType":"java","lines":[{"lineNumber":1,"author":{"gitId":"yongjicode"},"content":"import java.util.ArrayList;","lastModifiedDate":"2022-09-23"},{"lineNumber":2,"author":{"gitId":"yongjicode"},"content":"","lastModifiedDate":"2022-09-23"},{"lineNumber":3,"author":{"gitId":"yongjicode"},"content":"public class TaskList{","lastModifiedDate":"2022-09-23"},{"lineNumber":4,"author":{"gitId":"yongjicode"},"content":"    public static final int MAX \u003d 100;","lastModifiedDate":"2022-09-23"},{"lineNumber":5,"author":{"gitId":"yongjicode"},"content":"    protected ArrayList\u003cTask\u003e tasks;","lastModifiedDate":"2022-09-23"},{"lineNumber":6,"author":{"gitId":"yongjicode"},"content":"    protected int taskCounter \u003d 0;","lastModifiedDate":"2022-09-23"},{"lineNumber":7,"author":{"gitId":"yongjicode"},"content":"    public static String fileLocation \u003d \"data/tasks.txt\";","lastModifiedDate":"2022-09-29"},{"lineNumber":8,"author":{"gitId":"yongjicode"},"content":"","lastModifiedDate":"2022-09-23"},{"lineNumber":9,"author":{"gitId":"yongjicode"},"content":"    public static void checkMarked (Task task, String isDone) {","lastModifiedDate":"2022-09-29"},{"lineNumber":10,"author":{"gitId":"yongjicode"},"content":"        if (isDone \u003d\u003d \"true\") {","lastModifiedDate":"2022-09-29"},{"lineNumber":11,"author":{"gitId":"yongjicode"},"content":"            task.isDone \u003d true;","lastModifiedDate":"2022-09-29"},{"lineNumber":12,"author":{"gitId":"yongjicode"},"content":"        }","lastModifiedDate":"2022-09-23"},{"lineNumber":13,"author":{"gitId":"yongjicode"},"content":"    }","lastModifiedDate":"2022-09-29"},{"lineNumber":14,"author":{"gitId":"yongjicode"},"content":"","lastModifiedDate":"2022-09-29"},{"lineNumber":15,"author":{"gitId":"yongjicode"},"content":"    public TaskList(){","lastModifiedDate":"2022-09-29"},{"lineNumber":16,"author":{"gitId":"yongjicode"},"content":"        tasks \u003d new ArrayList\u003c\u003e(MAX);","lastModifiedDate":"2022-09-29"},{"lineNumber":17,"author":{"gitId":"yongjicode"},"content":"    }","lastModifiedDate":"2022-09-29"},{"lineNumber":18,"author":{"gitId":"yongjicode"},"content":"","lastModifiedDate":"2022-09-29"},{"lineNumber":19,"author":{"gitId":"yongjicode"},"content":"    public void findMatching(String commandAction, String fullCommand) throws Exception {","lastModifiedDate":"2022-09-29"},{"lineNumber":20,"author":{"gitId":"yongjicode"},"content":"        String description \u003d Parser.parseDescription(fullCommand);","lastModifiedDate":"2022-09-29"},{"lineNumber":21,"author":{"gitId":"yongjicode"},"content":"        int counter \u003d 1;","lastModifiedDate":"2022-09-29"},{"lineNumber":22,"author":{"gitId":"yongjicode"},"content":"        for(int i\u003d0; i\u003ctaskCounter; i++){","lastModifiedDate":"2022-09-29"},{"lineNumber":23,"author":{"gitId":"yongjicode"},"content":"            if (tasks.get(i).getDescription().contains(description)){","lastModifiedDate":"2022-09-29"},{"lineNumber":24,"author":{"gitId":"yongjicode"},"content":"                if (counter\u003d\u003d1){","lastModifiedDate":"2022-09-29"},{"lineNumber":25,"author":{"gitId":"yongjicode"},"content":"                    System.out.println(\"Here are the matching tasks in your list:\");","lastModifiedDate":"2022-09-29"},{"lineNumber":26,"author":{"gitId":"yongjicode"},"content":"                }","lastModifiedDate":"2022-09-29"},{"lineNumber":27,"author":{"gitId":"yongjicode"},"content":"                System.out.print((counter) + \".\");","lastModifiedDate":"2022-09-29"},{"lineNumber":28,"author":{"gitId":"yongjicode"},"content":"                tasks.get(i).printTask();","lastModifiedDate":"2022-09-29"},{"lineNumber":29,"author":{"gitId":"yongjicode"},"content":"                counter++;","lastModifiedDate":"2022-09-29"},{"lineNumber":30,"author":{"gitId":"yongjicode"},"content":"            }","lastModifiedDate":"2022-09-29"},{"lineNumber":31,"author":{"gitId":"yongjicode"},"content":"        }","lastModifiedDate":"2022-09-29"},{"lineNumber":32,"author":{"gitId":"yongjicode"},"content":"        if (counter\u003d\u003d1){","lastModifiedDate":"2022-09-29"},{"lineNumber":33,"author":{"gitId":"yongjicode"},"content":"            System.out.println(\"There are no matching tasks with \" + description);","lastModifiedDate":"2022-09-29"},{"lineNumber":34,"author":{"gitId":"yongjicode"},"content":"        }","lastModifiedDate":"2022-09-29"},{"lineNumber":35,"author":{"gitId":"yongjicode"},"content":"    }","lastModifiedDate":"2022-09-29"},{"lineNumber":36,"author":{"gitId":"yongjicode"},"content":"    public void addTodo(String commandAction, String fullCommand) throws Exception {","lastModifiedDate":"2022-09-29"},{"lineNumber":37,"author":{"gitId":"yongjicode"},"content":"        String description \u003d Parser.parseDescription(fullCommand);","lastModifiedDate":"2022-09-29"},{"lineNumber":38,"author":{"gitId":"yongjicode"},"content":"        tasks.add(taskCounter, new Task(commandAction, description));","lastModifiedDate":"2022-09-23"},{"lineNumber":39,"author":{"gitId":"yongjicode"},"content":"        System.out.println(\"Got it. I\u0027ve added this task:\");","lastModifiedDate":"2022-09-23"},{"lineNumber":40,"author":{"gitId":"yongjicode"},"content":"        tasks.get(taskCounter).printTask();","lastModifiedDate":"2022-09-23"},{"lineNumber":41,"author":{"gitId":"yongjicode"},"content":"        System.out.println(\"Now there are \"+(taskCounter+1)+\" tasks in the list.\");","lastModifiedDate":"2022-09-23"},{"lineNumber":42,"author":{"gitId":"yongjicode"},"content":"        taskCounter++;","lastModifiedDate":"2022-09-23"},{"lineNumber":43,"author":{"gitId":"yongjicode"},"content":"        Storage.writeToFile(fileLocation, tasks);","lastModifiedDate":"2022-09-29"},{"lineNumber":44,"author":{"gitId":"yongjicode"},"content":"    }","lastModifiedDate":"2022-09-23"},{"lineNumber":45,"author":{"gitId":"yongjicode"},"content":"","lastModifiedDate":"2022-09-23"},{"lineNumber":46,"author":{"gitId":"yongjicode"},"content":"    public void addDeadline(String commandAction, String fullCommand) throws Exception{","lastModifiedDate":"2022-09-29"},{"lineNumber":47,"author":{"gitId":"yongjicode"},"content":"        String description \u003d Parser.parseDescription(fullCommand);","lastModifiedDate":"2022-09-29"},{"lineNumber":48,"author":{"gitId":"yongjicode"},"content":"        tasks.add(taskCounter, new Task(commandAction, Parser.parseDeadline(description)));","lastModifiedDate":"2022-09-29"},{"lineNumber":49,"author":{"gitId":"yongjicode"},"content":"        System.out.println(\"Got it. I\u0027ve added this task:\");","lastModifiedDate":"2022-09-23"},{"lineNumber":50,"author":{"gitId":"yongjicode"},"content":"        tasks.get(taskCounter).printTask();","lastModifiedDate":"2022-09-23"},{"lineNumber":51,"author":{"gitId":"yongjicode"},"content":"        System.out.println(\"Now there are \"+(taskCounter+1)+\" tasks in the list.\");","lastModifiedDate":"2022-09-23"},{"lineNumber":52,"author":{"gitId":"yongjicode"},"content":"        taskCounter++;","lastModifiedDate":"2022-09-23"},{"lineNumber":53,"author":{"gitId":"yongjicode"},"content":"        Storage.writeToFile(fileLocation, tasks);","lastModifiedDate":"2022-09-29"},{"lineNumber":54,"author":{"gitId":"yongjicode"},"content":"    }","lastModifiedDate":"2022-09-23"},{"lineNumber":55,"author":{"gitId":"yongjicode"},"content":"","lastModifiedDate":"2022-09-23"},{"lineNumber":56,"author":{"gitId":"yongjicode"},"content":"    public void addEvent(String commandAction, String fullCommand) throws Exception{","lastModifiedDate":"2022-09-29"},{"lineNumber":57,"author":{"gitId":"yongjicode"},"content":"        String description \u003d Parser.parseDescription(fullCommand);","lastModifiedDate":"2022-09-29"},{"lineNumber":58,"author":{"gitId":"yongjicode"},"content":"        tasks.add(taskCounter, new Task(commandAction, Parser.parseEvent(description)));","lastModifiedDate":"2022-09-29"},{"lineNumber":59,"author":{"gitId":"yongjicode"},"content":"        System.out.println(\"Got it. I\u0027ve added this task:\");","lastModifiedDate":"2022-09-23"},{"lineNumber":60,"author":{"gitId":"yongjicode"},"content":"        tasks.get(taskCounter).printTask();","lastModifiedDate":"2022-09-23"},{"lineNumber":61,"author":{"gitId":"yongjicode"},"content":"        System.out.println(\"Now there are \"+(taskCounter+1)+\" tasks in the list.\");","lastModifiedDate":"2022-09-23"},{"lineNumber":62,"author":{"gitId":"yongjicode"},"content":"        taskCounter++;","lastModifiedDate":"2022-09-23"},{"lineNumber":63,"author":{"gitId":"yongjicode"},"content":"        Storage.writeToFile(fileLocation, tasks);","lastModifiedDate":"2022-09-29"},{"lineNumber":64,"author":{"gitId":"yongjicode"},"content":"    }","lastModifiedDate":"2022-09-23"},{"lineNumber":65,"author":{"gitId":"yongjicode"},"content":"","lastModifiedDate":"2022-09-23"},{"lineNumber":66,"author":{"gitId":"yongjicode"},"content":"    public void printList() {","lastModifiedDate":"2022-09-23"},{"lineNumber":67,"author":{"gitId":"yongjicode"},"content":"        if(taskCounter\u003d\u003d0){","lastModifiedDate":"2022-09-29"},{"lineNumber":68,"author":{"gitId":"yongjicode"},"content":"            System.out.println(\"There are 0 tasks in your list!\");","lastModifiedDate":"2022-09-29"},{"lineNumber":69,"author":{"gitId":"yongjicode"},"content":"        } else {","lastModifiedDate":"2022-09-29"},{"lineNumber":70,"author":{"gitId":"yongjicode"},"content":"            System.out.println(\"Here are the tasks in your list:\");","lastModifiedDate":"2022-09-23"},{"lineNumber":71,"author":{"gitId":"yongjicode"},"content":"            for(int i\u003d0; i\u003ctaskCounter; i++){","lastModifiedDate":"2022-09-23"},{"lineNumber":72,"author":{"gitId":"yongjicode"},"content":"                System.out.print((i+1) + \".\");","lastModifiedDate":"2022-09-23"},{"lineNumber":73,"author":{"gitId":"yongjicode"},"content":"                tasks.get(i).printTask();","lastModifiedDate":"2022-09-23"},{"lineNumber":74,"author":{"gitId":"yongjicode"},"content":"            }","lastModifiedDate":"2022-09-23"},{"lineNumber":75,"author":{"gitId":"yongjicode"},"content":"        }","lastModifiedDate":"2022-09-23"},{"lineNumber":76,"author":{"gitId":"yongjicode"},"content":"    }","lastModifiedDate":"2022-09-29"},{"lineNumber":77,"author":{"gitId":"yongjicode"},"content":"","lastModifiedDate":"2022-09-23"},{"lineNumber":78,"author":{"gitId":"yongjicode"},"content":"    public void markDone(String fullCommand) throws Exception {","lastModifiedDate":"2022-09-29"},{"lineNumber":79,"author":{"gitId":"yongjicode"},"content":"        String itemNumber \u003d Parser.parseDescription(fullCommand);","lastModifiedDate":"2022-09-23"},{"lineNumber":80,"author":{"gitId":"yongjicode"},"content":"        if (Integer.parseInt(itemNumber) \u003c\u003d taskCounter){","lastModifiedDate":"2022-09-29"},{"lineNumber":81,"author":{"gitId":"yongjicode"},"content":"            tasks.get(Integer.parseInt(itemNumber) - 1).markAsDone(true);","lastModifiedDate":"2022-09-23"},{"lineNumber":82,"author":{"gitId":"yongjicode"},"content":"            System.out.println(\"Nice! I\u0027ve marked this task as done:\");","lastModifiedDate":"2022-09-23"},{"lineNumber":83,"author":{"gitId":"yongjicode"},"content":"            tasks.get(Integer.parseInt(itemNumber) - 1).printTask();","lastModifiedDate":"2022-09-23"},{"lineNumber":84,"author":{"gitId":"yongjicode"},"content":"            Storage.writeToFile(fileLocation, tasks);","lastModifiedDate":"2022-09-29"},{"lineNumber":85,"author":{"gitId":"yongjicode"},"content":"        } else {","lastModifiedDate":"2022-09-29"},{"lineNumber":86,"author":{"gitId":"yongjicode"},"content":"            System.out.println(\"There is no task \" + itemNumber + \" in your list\");","lastModifiedDate":"2022-09-29"},{"lineNumber":87,"author":{"gitId":"yongjicode"},"content":"        }","lastModifiedDate":"2022-09-29"},{"lineNumber":88,"author":{"gitId":"yongjicode"},"content":"    }","lastModifiedDate":"2022-09-23"},{"lineNumber":89,"author":{"gitId":"yongjicode"},"content":"","lastModifiedDate":"2022-09-23"},{"lineNumber":90,"author":{"gitId":"yongjicode"},"content":"    public void markUndone(String fullCommand) throws Exception {","lastModifiedDate":"2022-09-29"},{"lineNumber":91,"author":{"gitId":"yongjicode"},"content":"        String itemNumber \u003d Parser.parseDescription(fullCommand);","lastModifiedDate":"2022-09-23"},{"lineNumber":92,"author":{"gitId":"yongjicode"},"content":"        if (Integer.parseInt(itemNumber) \u003c\u003d taskCounter){","lastModifiedDate":"2022-09-29"},{"lineNumber":93,"author":{"gitId":"yongjicode"},"content":"            tasks.get(Integer.parseInt(itemNumber) - 1).markAsDone(false);","lastModifiedDate":"2022-09-23"},{"lineNumber":94,"author":{"gitId":"yongjicode"},"content":"            System.out.println(\"OK, I\u0027ve marked this task as not done yet:\");","lastModifiedDate":"2022-09-23"},{"lineNumber":95,"author":{"gitId":"yongjicode"},"content":"            tasks.get(Integer.parseInt(itemNumber) - 1).printTask();","lastModifiedDate":"2022-09-23"},{"lineNumber":96,"author":{"gitId":"yongjicode"},"content":"            Storage.writeToFile(fileLocation, tasks);","lastModifiedDate":"2022-09-29"},{"lineNumber":97,"author":{"gitId":"yongjicode"},"content":"        } else {","lastModifiedDate":"2022-09-29"},{"lineNumber":98,"author":{"gitId":"yongjicode"},"content":"            System.out.println(\"There is no task \" + itemNumber + \" in your list\");","lastModifiedDate":"2022-09-29"},{"lineNumber":99,"author":{"gitId":"yongjicode"},"content":"        }","lastModifiedDate":"2022-09-29"},{"lineNumber":100,"author":{"gitId":"yongjicode"},"content":"    }","lastModifiedDate":"2022-09-23"},{"lineNumber":101,"author":{"gitId":"yongjicode"},"content":"","lastModifiedDate":"2022-09-23"},{"lineNumber":102,"author":{"gitId":"yongjicode"},"content":"    public void deleteTask(String fullCommand) throws Exception {","lastModifiedDate":"2022-09-29"},{"lineNumber":103,"author":{"gitId":"yongjicode"},"content":"        String itemNumber \u003d Parser.parseDescription(fullCommand);","lastModifiedDate":"2022-09-23"},{"lineNumber":104,"author":{"gitId":"yongjicode"},"content":"        if (Integer.parseInt(itemNumber) \u003c\u003d taskCounter){","lastModifiedDate":"2022-09-29"},{"lineNumber":105,"author":{"gitId":"yongjicode"},"content":"            System.out.println(\"Noted. I\u0027ve removed this task:\");","lastModifiedDate":"2022-09-23"},{"lineNumber":106,"author":{"gitId":"yongjicode"},"content":"            tasks.get(Integer.parseInt(itemNumber) - 1).printTask();","lastModifiedDate":"2022-09-23"},{"lineNumber":107,"author":{"gitId":"yongjicode"},"content":"            tasks.remove(Integer.parseInt(itemNumber) - 1);","lastModifiedDate":"2022-09-23"},{"lineNumber":108,"author":{"gitId":"yongjicode"},"content":"            taskCounter--;","lastModifiedDate":"2022-09-23"},{"lineNumber":109,"author":{"gitId":"yongjicode"},"content":"            Storage.writeToFile(fileLocation, tasks);","lastModifiedDate":"2022-09-29"},{"lineNumber":110,"author":{"gitId":"yongjicode"},"content":"        } else {","lastModifiedDate":"2022-09-29"},{"lineNumber":111,"author":{"gitId":"yongjicode"},"content":"            System.out.println(\"There is no task \" + itemNumber + \" in your list\");","lastModifiedDate":"2022-09-29"},{"lineNumber":112,"author":{"gitId":"yongjicode"},"content":"        }","lastModifiedDate":"2022-09-29"},{"lineNumber":113,"author":{"gitId":"yongjicode"},"content":"","lastModifiedDate":"2022-09-29"},{"lineNumber":114,"author":{"gitId":"yongjicode"},"content":"    }","lastModifiedDate":"2022-09-23"},{"lineNumber":115,"author":{"gitId":"yongjicode"},"content":"","lastModifiedDate":"2022-09-29"},{"lineNumber":116,"author":{"gitId":"yongjicode"},"content":"    public void add(Task item) {","lastModifiedDate":"2022-09-29"},{"lineNumber":117,"author":{"gitId":"yongjicode"},"content":"        this.tasks.add(item);","lastModifiedDate":"2022-09-29"},{"lineNumber":118,"author":{"gitId":"yongjicode"},"content":"        taskCounter++;","lastModifiedDate":"2022-09-29"},{"lineNumber":119,"author":{"gitId":"yongjicode"},"content":"    }","lastModifiedDate":"2022-09-29"},{"lineNumber":120,"author":{"gitId":"yongjicode"},"content":"","lastModifiedDate":"2022-09-29"},{"lineNumber":121,"author":{"gitId":"yongjicode"},"content":"","lastModifiedDate":"2022-09-29"},{"lineNumber":122,"author":{"gitId":"yongjicode"},"content":"}","lastModifiedDate":"2022-09-23"}],"authorContributionMap":{"yongjicode":122}},{"path":"src/main/java/Ui.java","fileType":"java","lines":[{"lineNumber":1,"author":{"gitId":"yongjicode"},"content":"import java.util.Scanner;","lastModifiedDate":"2022-09-29"},{"lineNumber":2,"author":{"gitId":"yongjicode"},"content":"","lastModifiedDate":"2022-09-29"},{"lineNumber":3,"author":{"gitId":"yongjicode"},"content":"public class Ui {","lastModifiedDate":"2022-09-29"},{"lineNumber":4,"author":{"gitId":"yongjicode"},"content":"","lastModifiedDate":"2022-09-29"},{"lineNumber":5,"author":{"gitId":"yongjicode"},"content":"    public static void showFileWriteError() {","lastModifiedDate":"2022-09-29"},{"lineNumber":6,"author":{"gitId":"yongjicode"},"content":"        System.out.println(\"Unable to write file :(\");","lastModifiedDate":"2022-09-29"},{"lineNumber":7,"author":{"gitId":"yongjicode"},"content":"    }","lastModifiedDate":"2022-09-29"},{"lineNumber":8,"author":{"gitId":"yongjicode"},"content":"","lastModifiedDate":"2022-09-29"},{"lineNumber":9,"author":{"gitId":"yongjicode"},"content":"    public void welcomeMessage(){","lastModifiedDate":"2022-09-29"},{"lineNumber":10,"author":{"gitId":"yongjicode"},"content":"        String logo \u003d \" ____        _        \\n\"","lastModifiedDate":"2022-09-29"},{"lineNumber":11,"author":{"gitId":"yongjicode"},"content":"                + \"|  _ \\\\ _   _| | _____ \\n\"","lastModifiedDate":"2022-09-29"},{"lineNumber":12,"author":{"gitId":"yongjicode"},"content":"                + \"| | | | | | | |/ / _ \\\\\\n\"","lastModifiedDate":"2022-09-29"},{"lineNumber":13,"author":{"gitId":"yongjicode"},"content":"                + \"| |_| | |_| |   \u003c  __/\\n\"","lastModifiedDate":"2022-09-29"},{"lineNumber":14,"author":{"gitId":"yongjicode"},"content":"                + \"|____/ \\\\__,_|_|\\\\_\\\\___|\\n\";","lastModifiedDate":"2022-09-29"},{"lineNumber":15,"author":{"gitId":"yongjicode"},"content":"        System.out.println(\"Hello from\\n\" + logo);","lastModifiedDate":"2022-09-29"},{"lineNumber":16,"author":{"gitId":"yongjicode"},"content":"        System.out.println(\"Hello! I\u0027m Duke\");","lastModifiedDate":"2022-09-29"},{"lineNumber":17,"author":{"gitId":"yongjicode"},"content":"        System.out.println(\"What can I do for you?\");","lastModifiedDate":"2022-09-29"},{"lineNumber":18,"author":{"gitId":"yongjicode"},"content":"    }","lastModifiedDate":"2022-09-29"},{"lineNumber":19,"author":{"gitId":"yongjicode"},"content":"    public void goodbyeMessage(){","lastModifiedDate":"2022-09-29"},{"lineNumber":20,"author":{"gitId":"yongjicode"},"content":"        System.out.println(\"Bye! See you :)\");","lastModifiedDate":"2022-09-29"},{"lineNumber":21,"author":{"gitId":"yongjicode"},"content":"    }","lastModifiedDate":"2022-09-29"},{"lineNumber":22,"author":{"gitId":"yongjicode"},"content":"","lastModifiedDate":"2022-09-29"},{"lineNumber":23,"author":{"gitId":"yongjicode"},"content":"    public String readCommand() {","lastModifiedDate":"2022-09-29"},{"lineNumber":24,"author":{"gitId":"yongjicode"},"content":"        Scanner sc \u003d new Scanner(System.in);","lastModifiedDate":"2022-09-29"},{"lineNumber":25,"author":{"gitId":"yongjicode"},"content":"        return sc.nextLine();","lastModifiedDate":"2022-09-29"},{"lineNumber":26,"author":{"gitId":"yongjicode"},"content":"    }","lastModifiedDate":"2022-09-29"},{"lineNumber":27,"author":{"gitId":"yongjicode"},"content":"","lastModifiedDate":"2022-09-29"},{"lineNumber":28,"author":{"gitId":"yongjicode"},"content":"    public void showDivider() {","lastModifiedDate":"2022-09-29"},{"lineNumber":29,"author":{"gitId":"yongjicode"},"content":"        System.out.println(\"_____________________________________________\");","lastModifiedDate":"2022-09-29"},{"lineNumber":30,"author":{"gitId":"yongjicode"},"content":"    }","lastModifiedDate":"2022-09-29"},{"lineNumber":31,"author":{"gitId":"yongjicode"},"content":"","lastModifiedDate":"2022-09-29"},{"lineNumber":32,"author":{"gitId":"yongjicode"},"content":"    public void showError(String message) {","lastModifiedDate":"2022-09-29"},{"lineNumber":33,"author":{"gitId":"yongjicode"},"content":"        System.out.println(\"Error: \" + message);","lastModifiedDate":"2022-09-29"},{"lineNumber":34,"author":{"gitId":"yongjicode"},"content":"    }","lastModifiedDate":"2022-09-29"},{"lineNumber":35,"author":{"gitId":"yongjicode"},"content":"}","lastModifiedDate":"2022-09-29"}],"authorContributionMap":{"yongjicode":35}}]
