[{"path":"src/main/java/Command.java","fileType":"java","lines":[{"lineNumber":1,"author":{"gitId":"yongjicode"},"content":"public class Command {","lastModifiedDate":"2022-09-23"},{"lineNumber":2,"author":{"gitId":"yongjicode"},"content":"","lastModifiedDate":"2022-09-23"},{"lineNumber":3,"author":{"gitId":"yongjicode"},"content":"    String commandAction;","lastModifiedDate":"2022-09-23"},{"lineNumber":4,"author":{"gitId":"yongjicode"},"content":"","lastModifiedDate":"2022-09-23"},{"lineNumber":5,"author":{"gitId":"yongjicode"},"content":"    public Command(String commandAction) {","lastModifiedDate":"2022-09-23"},{"lineNumber":6,"author":{"gitId":"yongjicode"},"content":"        this.commandAction \u003d commandAction;","lastModifiedDate":"2022-09-23"},{"lineNumber":7,"author":{"gitId":"yongjicode"},"content":"    }","lastModifiedDate":"2022-09-23"},{"lineNumber":8,"author":{"gitId":"yongjicode"},"content":"","lastModifiedDate":"2022-09-23"},{"lineNumber":9,"author":{"gitId":"yongjicode"},"content":"    public boolean executeCommand(TaskList tasks, String fullCommand) {","lastModifiedDate":"2022-09-23"},{"lineNumber":10,"author":{"gitId":"yongjicode"},"content":"        switch (commandAction.toLowerCase()) {","lastModifiedDate":"2022-09-23"},{"lineNumber":11,"author":{"gitId":"yongjicode"},"content":"            case \"bye\":","lastModifiedDate":"2022-09-23"},{"lineNumber":12,"author":{"gitId":"yongjicode"},"content":"                return true;","lastModifiedDate":"2022-09-23"},{"lineNumber":13,"author":{"gitId":"yongjicode"},"content":"            case \"list\":","lastModifiedDate":"2022-09-23"},{"lineNumber":14,"author":{"gitId":"yongjicode"},"content":"                //print the task list","lastModifiedDate":"2022-09-23"},{"lineNumber":15,"author":{"gitId":"yongjicode"},"content":"                tasks.printList();","lastModifiedDate":"2022-09-23"},{"lineNumber":16,"author":{"gitId":"yongjicode"},"content":"                break;","lastModifiedDate":"2022-09-23"},{"lineNumber":17,"author":{"gitId":"yongjicode"},"content":"            case \"todo\":","lastModifiedDate":"2022-09-23"},{"lineNumber":18,"author":{"gitId":"yongjicode"},"content":"                //add todo to task list, no date","lastModifiedDate":"2022-09-23"},{"lineNumber":19,"author":{"gitId":"yongjicode"},"content":"                if(commandAction.matches(fullCommand)){","lastModifiedDate":"2022-09-23"},{"lineNumber":20,"author":{"gitId":"yongjicode"},"content":"//                    throw new DukeException();","lastModifiedDate":"2022-09-23"},{"lineNumber":21,"author":{"gitId":"yongjicode"},"content":"                    System.out.println(\"OOPS! The description of todo cannot be empty\");","lastModifiedDate":"2022-09-23"},{"lineNumber":22,"author":{"gitId":"yongjicode"},"content":"                } else {","lastModifiedDate":"2022-09-23"},{"lineNumber":23,"author":{"gitId":"yongjicode"},"content":"                    tasks.addTodo(commandAction, fullCommand);","lastModifiedDate":"2022-09-23"},{"lineNumber":24,"author":{"gitId":"yongjicode"},"content":"                }","lastModifiedDate":"2022-09-23"},{"lineNumber":25,"author":{"gitId":"yongjicode"},"content":"                break;","lastModifiedDate":"2022-09-23"},{"lineNumber":26,"author":{"gitId":"yongjicode"},"content":"            case \"deadline\":","lastModifiedDate":"2022-09-23"},{"lineNumber":27,"author":{"gitId":"yongjicode"},"content":"                //add deadline to task list, got date","lastModifiedDate":"2022-09-23"},{"lineNumber":28,"author":{"gitId":"yongjicode"},"content":"                if(commandAction.matches(fullCommand)){","lastModifiedDate":"2022-09-23"},{"lineNumber":29,"author":{"gitId":"yongjicode"},"content":"//                    throw new DukeException();","lastModifiedDate":"2022-09-23"},{"lineNumber":30,"author":{"gitId":"yongjicode"},"content":"                    System.out.println(\"OOPS! The description of deadline cannot be empty\");","lastModifiedDate":"2022-09-23"},{"lineNumber":31,"author":{"gitId":"yongjicode"},"content":"                } else {","lastModifiedDate":"2022-09-23"},{"lineNumber":32,"author":{"gitId":"yongjicode"},"content":"                    tasks.addDeadline(commandAction, fullCommand);","lastModifiedDate":"2022-09-23"},{"lineNumber":33,"author":{"gitId":"yongjicode"},"content":"                }","lastModifiedDate":"2022-09-23"},{"lineNumber":34,"author":{"gitId":"yongjicode"},"content":"                break;","lastModifiedDate":"2022-09-23"},{"lineNumber":35,"author":{"gitId":"yongjicode"},"content":"            case \"event\":","lastModifiedDate":"2022-09-23"},{"lineNumber":36,"author":{"gitId":"yongjicode"},"content":"                //add event to task list, got date","lastModifiedDate":"2022-09-23"},{"lineNumber":37,"author":{"gitId":"yongjicode"},"content":"                if(commandAction.matches(fullCommand)){","lastModifiedDate":"2022-09-23"},{"lineNumber":38,"author":{"gitId":"yongjicode"},"content":"//                    throw new DukeException();","lastModifiedDate":"2022-09-23"},{"lineNumber":39,"author":{"gitId":"yongjicode"},"content":"                    System.out.println(\"OOPS! The description of event cannot be empty\");","lastModifiedDate":"2022-09-23"},{"lineNumber":40,"author":{"gitId":"yongjicode"},"content":"                } else {","lastModifiedDate":"2022-09-23"},{"lineNumber":41,"author":{"gitId":"yongjicode"},"content":"                    tasks.addEvent(commandAction, fullCommand);","lastModifiedDate":"2022-09-23"},{"lineNumber":42,"author":{"gitId":"yongjicode"},"content":"                }","lastModifiedDate":"2022-09-23"},{"lineNumber":43,"author":{"gitId":"yongjicode"},"content":"                break;","lastModifiedDate":"2022-09-23"},{"lineNumber":44,"author":{"gitId":"yongjicode"},"content":"            case \"mark\":","lastModifiedDate":"2022-09-23"},{"lineNumber":45,"author":{"gitId":"yongjicode"},"content":"                tasks.markDone(fullCommand);","lastModifiedDate":"2022-09-23"},{"lineNumber":46,"author":{"gitId":"yongjicode"},"content":"                break;","lastModifiedDate":"2022-09-23"},{"lineNumber":47,"author":{"gitId":"yongjicode"},"content":"            case \"unmark\":","lastModifiedDate":"2022-09-23"},{"lineNumber":48,"author":{"gitId":"yongjicode"},"content":"                tasks.markUndone(fullCommand);","lastModifiedDate":"2022-09-23"},{"lineNumber":49,"author":{"gitId":"yongjicode"},"content":"                break;","lastModifiedDate":"2022-09-23"},{"lineNumber":50,"author":{"gitId":"yongjicode"},"content":"            case \"delete\":","lastModifiedDate":"2022-09-23"},{"lineNumber":51,"author":{"gitId":"yongjicode"},"content":"                tasks.deleteTask(fullCommand);","lastModifiedDate":"2022-09-23"},{"lineNumber":52,"author":{"gitId":"yongjicode"},"content":"                break;","lastModifiedDate":"2022-09-23"},{"lineNumber":53,"author":{"gitId":"yongjicode"},"content":"            default:","lastModifiedDate":"2022-09-23"},{"lineNumber":54,"author":{"gitId":"yongjicode"},"content":"                System.out.println(\"OOPS! I\u0027m sorry, I don\u0027t know what that means :(\");","lastModifiedDate":"2022-09-23"},{"lineNumber":55,"author":{"gitId":"yongjicode"},"content":"        }","lastModifiedDate":"2022-09-23"},{"lineNumber":56,"author":{"gitId":"yongjicode"},"content":"        return false;","lastModifiedDate":"2022-09-23"},{"lineNumber":57,"author":{"gitId":"yongjicode"},"content":"    }","lastModifiedDate":"2022-09-23"},{"lineNumber":58,"author":{"gitId":"yongjicode"},"content":"}","lastModifiedDate":"2022-09-23"}],"authorContributionMap":{"yongjicode":58}},{"path":"src/main/java/Duke.java","fileType":"java","lines":[{"lineNumber":1,"author":{"gitId":"yongjicode"},"content":"import java.util.ArrayList;","lastModifiedDate":"2022-09-23"},{"lineNumber":2,"author":{"gitId":"yongjicode"},"content":"import java.util.Objects;","lastModifiedDate":"2022-08-30"},{"lineNumber":3,"author":{"gitId":"yongjicode"},"content":"import java.util.Scanner;","lastModifiedDate":"2022-08-30"},{"lineNumber":4,"author":{"gitId":"yongjicode"},"content":"","lastModifiedDate":"2022-08-30"},{"lineNumber":5,"author":{"gitId":"-"},"content":"public class Duke {","lastModifiedDate":"2019-07-29"},{"lineNumber":6,"author":{"gitId":"yongjicode"},"content":"    public static final int MAX \u003d 100;","lastModifiedDate":"2022-09-23"},{"lineNumber":7,"author":{"gitId":"yongjicode"},"content":"","lastModifiedDate":"2022-08-30"},{"lineNumber":8,"author":{"gitId":"-"},"content":"    public static void main(String[] args) {","lastModifiedDate":"2022-09-23"},{"lineNumber":9,"author":{"gitId":"yongjicode"},"content":"        boolean isExit \u003d false;","lastModifiedDate":"2022-09-23"},{"lineNumber":10,"author":{"gitId":"yongjicode"},"content":"        welcomeMessage();","lastModifiedDate":"2022-09-23"},{"lineNumber":11,"author":{"gitId":"yongjicode"},"content":"        TaskList tasks \u003d new TaskList(MAX);","lastModifiedDate":"2022-09-23"},{"lineNumber":12,"author":{"gitId":"yongjicode"},"content":"        while(!isExit){","lastModifiedDate":"2022-09-23"},{"lineNumber":13,"author":{"gitId":"yongjicode"},"content":"            try{","lastModifiedDate":"2022-09-23"},{"lineNumber":14,"author":{"gitId":"yongjicode"},"content":"                String commandInput \u003d readCommand();","lastModifiedDate":"2022-09-23"},{"lineNumber":15,"author":{"gitId":"yongjicode"},"content":"                Command command \u003d new Command(Parser.parse(commandInput));","lastModifiedDate":"2022-09-23"},{"lineNumber":16,"author":{"gitId":"yongjicode"},"content":"                isExit \u003d command.executeCommand(tasks, commandInput);","lastModifiedDate":"2022-09-23"},{"lineNumber":17,"author":{"gitId":"yongjicode"},"content":"            } catch (Exception e) {","lastModifiedDate":"2022-09-23"},{"lineNumber":18,"author":{"gitId":"yongjicode"},"content":"                // to catch errors later","lastModifiedDate":"2022-09-23"},{"lineNumber":19,"author":{"gitId":"yongjicode"},"content":"            }","lastModifiedDate":"2022-08-30"},{"lineNumber":20,"author":{"gitId":"yongjicode"},"content":"        }","lastModifiedDate":"2022-09-23"},{"lineNumber":21,"author":{"gitId":"yongjicode"},"content":"        goodbyeMessage();","lastModifiedDate":"2022-09-23"},{"lineNumber":22,"author":{"gitId":"yongjicode"},"content":"//        while(true) {","lastModifiedDate":"2022-08-31"},{"lineNumber":23,"author":{"gitId":"yongjicode"},"content":"//            Scanner ScannerObject4 \u003d new Scanner(System.in);","lastModifiedDate":"2022-09-23"},{"lineNumber":24,"author":{"gitId":"yongjicode"},"content":"//            String input \u003d ScannerObject4.nextLine();","lastModifiedDate":"2022-09-23"},{"lineNumber":25,"author":{"gitId":"yongjicode"},"content":"//","lastModifiedDate":"2022-09-23"},{"lineNumber":26,"author":{"gitId":"yongjicode"},"content":"//            if(Objects.equals(input, \"bye\")){","lastModifiedDate":"2022-09-23"},{"lineNumber":27,"author":{"gitId":"yongjicode"},"content":"//                System.out.println(\"Bye! See you :)\");","lastModifiedDate":"2022-09-23"},{"lineNumber":28,"author":{"gitId":"yongjicode"},"content":"//                break;","lastModifiedDate":"2022-09-23"},{"lineNumber":29,"author":{"gitId":"yongjicode"},"content":"//            } else if (Objects.equals(input, \"list\")) {","lastModifiedDate":"2022-09-23"},{"lineNumber":30,"author":{"gitId":"yongjicode"},"content":"//                //show list","lastModifiedDate":"2022-09-23"},{"lineNumber":31,"author":{"gitId":"yongjicode"},"content":"//                System.out.println(\"Here are the tasks in your list:\");","lastModifiedDate":"2022-08-31"},{"lineNumber":32,"author":{"gitId":"yongjicode"},"content":"//                for(int task\u003d0; task\u003cListCounter; task++){","lastModifiedDate":"2022-09-23"},{"lineNumber":33,"author":{"gitId":"yongjicode"},"content":"//                    System.out.println((task+1) + \".[\" + TaskList[task][0]+\"][\" + TaskList[task][1]+\"] \" + TaskList[task][2]);","lastModifiedDate":"2022-09-23"},{"lineNumber":34,"author":{"gitId":"yongjicode"},"content":"//                }","lastModifiedDate":"2022-08-31"},{"lineNumber":35,"author":{"gitId":"yongjicode"},"content":"//                continue;","lastModifiedDate":"2022-08-31"},{"lineNumber":36,"author":{"gitId":"yongjicode"},"content":"//            }","lastModifiedDate":"2022-08-31"},{"lineNumber":37,"author":{"gitId":"yongjicode"},"content":"//            try {","lastModifiedDate":"2022-09-23"},{"lineNumber":38,"author":{"gitId":"yongjicode"},"content":"//                String command \u003d input.substring(0, input.indexOf(\u0027 \u0027));","lastModifiedDate":"2022-09-23"},{"lineNumber":39,"author":{"gitId":"yongjicode"},"content":"//                String content \u003d input.substring(input.indexOf(\u0027 \u0027) + 1);","lastModifiedDate":"2022-09-23"},{"lineNumber":40,"author":{"gitId":"yongjicode"},"content":"//            } catch (Exception e){","lastModifiedDate":"2022-09-23"},{"lineNumber":41,"author":{"gitId":"yongjicode"},"content":"//                System.out.println(\"Oops I don\u0027t know what that means\");","lastModifiedDate":"2022-09-23"},{"lineNumber":42,"author":{"gitId":"yongjicode"},"content":"//                continue;","lastModifiedDate":"2022-09-23"},{"lineNumber":43,"author":{"gitId":"yongjicode"},"content":"//            }","lastModifiedDate":"2022-09-23"},{"lineNumber":44,"author":{"gitId":"yongjicode"},"content":"//            String command \u003d input.substring(0, input.indexOf(\u0027 \u0027));","lastModifiedDate":"2022-09-23"},{"lineNumber":45,"author":{"gitId":"yongjicode"},"content":"//            String content \u003d input.substring(input.indexOf(\u0027 \u0027) + 1);","lastModifiedDate":"2022-09-23"},{"lineNumber":46,"author":{"gitId":"yongjicode"},"content":"//","lastModifiedDate":"2022-09-23"},{"lineNumber":47,"author":{"gitId":"yongjicode"},"content":"//            boolean isToDo \u003d Objects.equals(command, \"todo\");","lastModifiedDate":"2022-09-23"},{"lineNumber":48,"author":{"gitId":"yongjicode"},"content":"//            boolean isDeadline \u003d Objects.equals(command, \"deadline\");","lastModifiedDate":"2022-09-23"},{"lineNumber":49,"author":{"gitId":"yongjicode"},"content":"//            boolean isEvent \u003d Objects.equals(command, \"event\");","lastModifiedDate":"2022-09-23"},{"lineNumber":50,"author":{"gitId":"yongjicode"},"content":"//            boolean isMark \u003d Objects.equals(command, \"mark\");","lastModifiedDate":"2022-09-23"},{"lineNumber":51,"author":{"gitId":"yongjicode"},"content":"//            boolean isUnmark \u003d Objects.equals(command, \"unmark\");","lastModifiedDate":"2022-09-23"},{"lineNumber":52,"author":{"gitId":"yongjicode"},"content":"//","lastModifiedDate":"2022-09-23"},{"lineNumber":53,"author":{"gitId":"yongjicode"},"content":"//            if(isToDo){ //add task to list","lastModifiedDate":"2022-09-23"},{"lineNumber":54,"author":{"gitId":"yongjicode"},"content":"//                TaskList[ListCounter][0] \u003d \"T\";","lastModifiedDate":"2022-09-23"},{"lineNumber":55,"author":{"gitId":"yongjicode"},"content":"//                TaskList[ListCounter][2] \u003d content;","lastModifiedDate":"2022-09-23"},{"lineNumber":56,"author":{"gitId":"yongjicode"},"content":"//                System.out.println(\"Got it. I\u0027ve added this task:\");","lastModifiedDate":"2022-09-23"},{"lineNumber":57,"author":{"gitId":"yongjicode"},"content":"//                System.out.println(\"[\" + TaskList[ListCounter][0]+\"][\" + TaskList[ListCounter][1]+\"] \" + TaskList[ListCounter][2]);","lastModifiedDate":"2022-09-23"},{"lineNumber":58,"author":{"gitId":"yongjicode"},"content":"//                System.out.println(\"Now you have \"+ (ListCounter+1) +\" tasks in your list.\");","lastModifiedDate":"2022-09-23"},{"lineNumber":59,"author":{"gitId":"yongjicode"},"content":"//            } else if (isDeadline) { // add deadline to list","lastModifiedDate":"2022-09-23"},{"lineNumber":60,"author":{"gitId":"yongjicode"},"content":"//                TaskList[ListCounter][0] \u003d \"D\";","lastModifiedDate":"2022-09-23"},{"lineNumber":61,"author":{"gitId":"yongjicode"},"content":"//                String task \u003d content.substring(0, content.indexOf(\u0027/\u0027));","lastModifiedDate":"2022-09-23"},{"lineNumber":62,"author":{"gitId":"yongjicode"},"content":"//                String timing \u003d content.substring(content.indexOf(\u0027/\u0027) + 1);","lastModifiedDate":"2022-09-23"},{"lineNumber":63,"author":{"gitId":"yongjicode"},"content":"//                TaskList[ListCounter][2] \u003d task + \"(by: \" + timing + \")\";","lastModifiedDate":"2022-09-23"},{"lineNumber":64,"author":{"gitId":"yongjicode"},"content":"//                System.out.println(\"Got it. I\u0027ve added this task:\");","lastModifiedDate":"2022-09-23"},{"lineNumber":65,"author":{"gitId":"yongjicode"},"content":"//                System.out.println(\"[\" + TaskList[ListCounter][0]+\"][\" + TaskList[ListCounter][1]+\"] \" + TaskList[ListCounter][2]);","lastModifiedDate":"2022-09-23"},{"lineNumber":66,"author":{"gitId":"yongjicode"},"content":"//                System.out.println(\"Now you have \"+ (ListCounter+1) +\" tasks in your list.\");","lastModifiedDate":"2022-09-23"},{"lineNumber":67,"author":{"gitId":"yongjicode"},"content":"//            } else if (isEvent) { // add to event to list","lastModifiedDate":"2022-09-23"},{"lineNumber":68,"author":{"gitId":"yongjicode"},"content":"//                TaskList[ListCounter][0] \u003d \"E\";","lastModifiedDate":"2022-09-23"},{"lineNumber":69,"author":{"gitId":"yongjicode"},"content":"//                String task \u003d content.substring(0, content.indexOf(\u0027/\u0027));","lastModifiedDate":"2022-09-23"},{"lineNumber":70,"author":{"gitId":"yongjicode"},"content":"//                String timing \u003d content.substring(content.indexOf(\u0027/\u0027) + 1);","lastModifiedDate":"2022-09-23"},{"lineNumber":71,"author":{"gitId":"yongjicode"},"content":"//                TaskList[ListCounter][2] \u003d task + \"(at: \" + timing + \")\";","lastModifiedDate":"2022-09-23"},{"lineNumber":72,"author":{"gitId":"yongjicode"},"content":"//                System.out.println(\"Got it. I\u0027ve added this task:\");","lastModifiedDate":"2022-09-23"},{"lineNumber":73,"author":{"gitId":"yongjicode"},"content":"//                System.out.println(\"[\" + TaskList[ListCounter][0]+\"][\" + TaskList[ListCounter][1]+\"] \" + TaskList[ListCounter][2]);","lastModifiedDate":"2022-09-23"},{"lineNumber":74,"author":{"gitId":"yongjicode"},"content":"//                System.out.println(\"Now you have \"+ (ListCounter+1) +\" tasks in your list.\");","lastModifiedDate":"2022-09-23"},{"lineNumber":75,"author":{"gitId":"yongjicode"},"content":"//            } else if (isMark) { //mark task","lastModifiedDate":"2022-09-23"},{"lineNumber":76,"author":{"gitId":"yongjicode"},"content":"//                int TaskNumber \u003d Integer.parseInt(content);","lastModifiedDate":"2022-09-23"},{"lineNumber":77,"author":{"gitId":"yongjicode"},"content":"//                TaskList[TaskNumber-1][1] \u003d \"X\";","lastModifiedDate":"2022-09-23"},{"lineNumber":78,"author":{"gitId":"yongjicode"},"content":"//                System.out.println(\"Alright. Marked task \" + TaskNumber);","lastModifiedDate":"2022-09-23"},{"lineNumber":79,"author":{"gitId":"yongjicode"},"content":"//                continue;","lastModifiedDate":"2022-09-23"},{"lineNumber":80,"author":{"gitId":"yongjicode"},"content":"//            } else if (isUnmark) { //unmark task","lastModifiedDate":"2022-09-23"},{"lineNumber":81,"author":{"gitId":"yongjicode"},"content":"//                int TaskNumber \u003d Integer.parseInt(content);","lastModifiedDate":"2022-09-23"},{"lineNumber":82,"author":{"gitId":"yongjicode"},"content":"//                TaskList[TaskNumber-1][1] \u003d \" \";","lastModifiedDate":"2022-09-23"},{"lineNumber":83,"author":{"gitId":"yongjicode"},"content":"//                System.out.println(\"Alright. Unmarked task \" + TaskNumber);","lastModifiedDate":"2022-09-23"},{"lineNumber":84,"author":{"gitId":"yongjicode"},"content":"//                continue;","lastModifiedDate":"2022-08-31"},{"lineNumber":85,"author":{"gitId":"yongjicode"},"content":"//            } else {","lastModifiedDate":"2022-08-31"},{"lineNumber":86,"author":{"gitId":"yongjicode"},"content":"//                System.out.println(\"Invalid command. Please try again!\");","lastModifiedDate":"2022-09-23"},{"lineNumber":87,"author":{"gitId":"yongjicode"},"content":"//                continue;","lastModifiedDate":"2022-09-23"},{"lineNumber":88,"author":{"gitId":"yongjicode"},"content":"//            }","lastModifiedDate":"2022-08-31"},{"lineNumber":89,"author":{"gitId":"yongjicode"},"content":"//            ListCounter++;","lastModifiedDate":"2022-09-23"},{"lineNumber":90,"author":{"gitId":"yongjicode"},"content":"//        }","lastModifiedDate":"2022-08-31"},{"lineNumber":91,"author":{"gitId":"yongjicode"},"content":"","lastModifiedDate":"2022-08-30"},{"lineNumber":92,"author":{"gitId":"yongjicode"},"content":"    }","lastModifiedDate":"2022-08-31"},{"lineNumber":93,"author":{"gitId":"yongjicode"},"content":"    public static void welcomeMessage(){","lastModifiedDate":"2022-09-23"},{"lineNumber":94,"author":{"gitId":"-"},"content":"        String logo \u003d \" ____        _        \\n\"","lastModifiedDate":"2022-09-23"},{"lineNumber":95,"author":{"gitId":"-"},"content":"                + \"|  _ \\\\ _   _| | _____ \\n\"","lastModifiedDate":"2022-09-23"},{"lineNumber":96,"author":{"gitId":"-"},"content":"                + \"| | | | | | | |/ / _ \\\\\\n\"","lastModifiedDate":"2022-09-23"},{"lineNumber":97,"author":{"gitId":"-"},"content":"                + \"| |_| | |_| |   \u003c  __/\\n\"","lastModifiedDate":"2022-09-23"},{"lineNumber":98,"author":{"gitId":"-"},"content":"                + \"|____/ \\\\__,_|_|\\\\_\\\\___|\\n\";","lastModifiedDate":"2022-09-23"},{"lineNumber":99,"author":{"gitId":"-"},"content":"        System.out.println(\"Hello from\\n\" + logo);","lastModifiedDate":"2022-09-23"},{"lineNumber":100,"author":{"gitId":"yongjicode"},"content":"        System.out.println(\"Hello! I\u0027m Duke\");","lastModifiedDate":"2022-09-23"},{"lineNumber":101,"author":{"gitId":"yongjicode"},"content":"        System.out.println(\"What can I do for you?\");","lastModifiedDate":"2022-09-23"},{"lineNumber":102,"author":{"gitId":"yongjicode"},"content":"    }","lastModifiedDate":"2022-08-31"},{"lineNumber":103,"author":{"gitId":"yongjicode"},"content":"    public static void goodbyeMessage(){","lastModifiedDate":"2022-09-23"},{"lineNumber":104,"author":{"gitId":"yongjicode"},"content":"        System.out.println(\"Bye! See you :)\");","lastModifiedDate":"2022-08-31"},{"lineNumber":105,"author":{"gitId":"yongjicode"},"content":"    }","lastModifiedDate":"2022-08-31"},{"lineNumber":106,"author":{"gitId":"yongjicode"},"content":"","lastModifiedDate":"2022-08-31"},{"lineNumber":107,"author":{"gitId":"yongjicode"},"content":"    private static String readCommand() {","lastModifiedDate":"2022-09-23"},{"lineNumber":108,"author":{"gitId":"yongjicode"},"content":"        Scanner sc \u003d new Scanner(System.in);","lastModifiedDate":"2022-09-23"},{"lineNumber":109,"author":{"gitId":"yongjicode"},"content":"        return sc.nextLine();","lastModifiedDate":"2022-09-23"},{"lineNumber":110,"author":{"gitId":"-"},"content":"    }","lastModifiedDate":"2022-08-31"},{"lineNumber":111,"author":{"gitId":"yongjicode"},"content":"","lastModifiedDate":"2022-08-31"},{"lineNumber":112,"author":{"gitId":"yongjicode"},"content":"","lastModifiedDate":"2022-09-23"},{"lineNumber":113,"author":{"gitId":"-"},"content":"}","lastModifiedDate":"2019-07-29"}],"authorContributionMap":{"yongjicode":103,"-":10}},{"path":"src/main/java/DukeException.java","fileType":"java","lines":[{"lineNumber":1,"author":{"gitId":"yongjicode"},"content":"public class DukeException extends Throwable {","lastModifiedDate":"2022-09-23"},{"lineNumber":2,"author":{"gitId":"yongjicode"},"content":"}","lastModifiedDate":"2022-09-23"}],"authorContributionMap":{"yongjicode":2}},{"path":"src/main/java/Parser.java","fileType":"java","lines":[{"lineNumber":1,"author":{"gitId":"yongjicode"},"content":"public class Parser {","lastModifiedDate":"2022-09-23"},{"lineNumber":2,"author":{"gitId":"yongjicode"},"content":"","lastModifiedDate":"2022-09-23"},{"lineNumber":3,"author":{"gitId":"yongjicode"},"content":"    public static String parse(String command) {","lastModifiedDate":"2022-09-23"},{"lineNumber":4,"author":{"gitId":"yongjicode"},"content":"        String[] items \u003d command.split(\" \");","lastModifiedDate":"2022-09-23"},{"lineNumber":5,"author":{"gitId":"yongjicode"},"content":"        return items[0];","lastModifiedDate":"2022-09-23"},{"lineNumber":6,"author":{"gitId":"yongjicode"},"content":"    }","lastModifiedDate":"2022-09-23"},{"lineNumber":7,"author":{"gitId":"yongjicode"},"content":"","lastModifiedDate":"2022-09-23"},{"lineNumber":8,"author":{"gitId":"yongjicode"},"content":"    public static String parseDescription(String command) {","lastModifiedDate":"2022-09-23"},{"lineNumber":9,"author":{"gitId":"yongjicode"},"content":"        return command.substring(command.indexOf(\u0027 \u0027) + 1);","lastModifiedDate":"2022-09-23"},{"lineNumber":10,"author":{"gitId":"yongjicode"},"content":"    }","lastModifiedDate":"2022-09-23"},{"lineNumber":11,"author":{"gitId":"yongjicode"},"content":"","lastModifiedDate":"2022-09-23"},{"lineNumber":12,"author":{"gitId":"yongjicode"},"content":"","lastModifiedDate":"2022-09-23"},{"lineNumber":13,"author":{"gitId":"yongjicode"},"content":"}","lastModifiedDate":"2022-09-23"}],"authorContributionMap":{"yongjicode":13}},{"path":"src/main/java/Task.java","fileType":"java","lines":[{"lineNumber":1,"author":{"gitId":"yongjicode"},"content":"public class Task {","lastModifiedDate":"2022-09-23"},{"lineNumber":2,"author":{"gitId":"yongjicode"},"content":"","lastModifiedDate":"2022-09-23"},{"lineNumber":3,"author":{"gitId":"yongjicode"},"content":"    // can be todo, deadline, event","lastModifiedDate":"2022-09-23"},{"lineNumber":4,"author":{"gitId":"yongjicode"},"content":"    protected String type;","lastModifiedDate":"2022-09-23"},{"lineNumber":5,"author":{"gitId":"yongjicode"},"content":"    protected String description;","lastModifiedDate":"2022-09-23"},{"lineNumber":6,"author":{"gitId":"yongjicode"},"content":"    protected boolean isDone;","lastModifiedDate":"2022-09-23"},{"lineNumber":7,"author":{"gitId":"yongjicode"},"content":"","lastModifiedDate":"2022-09-23"},{"lineNumber":8,"author":{"gitId":"yongjicode"},"content":"    public Task(String type, String description) {","lastModifiedDate":"2022-09-23"},{"lineNumber":9,"author":{"gitId":"yongjicode"},"content":"        this.type \u003d type;","lastModifiedDate":"2022-09-23"},{"lineNumber":10,"author":{"gitId":"yongjicode"},"content":"        this.description \u003d description;","lastModifiedDate":"2022-09-23"},{"lineNumber":11,"author":{"gitId":"yongjicode"},"content":"        this.isDone \u003d false;","lastModifiedDate":"2022-09-23"},{"lineNumber":12,"author":{"gitId":"yongjicode"},"content":"    }","lastModifiedDate":"2022-09-23"},{"lineNumber":13,"author":{"gitId":"yongjicode"},"content":"","lastModifiedDate":"2022-09-23"},{"lineNumber":14,"author":{"gitId":"yongjicode"},"content":"    public String getStatusIcon() {","lastModifiedDate":"2022-09-23"},{"lineNumber":15,"author":{"gitId":"yongjicode"},"content":"        return (isDone ? \"X\" : \" \"); // mark done task with X","lastModifiedDate":"2022-09-23"},{"lineNumber":16,"author":{"gitId":"yongjicode"},"content":"    }","lastModifiedDate":"2022-09-23"},{"lineNumber":17,"author":{"gitId":"yongjicode"},"content":"    public String getTypeLetter() {","lastModifiedDate":"2022-09-23"},{"lineNumber":18,"author":{"gitId":"yongjicode"},"content":"        switch (type){","lastModifiedDate":"2022-09-23"},{"lineNumber":19,"author":{"gitId":"yongjicode"},"content":"            case \"todo\":","lastModifiedDate":"2022-09-23"},{"lineNumber":20,"author":{"gitId":"yongjicode"},"content":"                return \"T\";","lastModifiedDate":"2022-09-23"},{"lineNumber":21,"author":{"gitId":"yongjicode"},"content":"            case \"deadline\":","lastModifiedDate":"2022-09-23"},{"lineNumber":22,"author":{"gitId":"yongjicode"},"content":"                return \"D\";","lastModifiedDate":"2022-09-23"},{"lineNumber":23,"author":{"gitId":"yongjicode"},"content":"            case \"event\":","lastModifiedDate":"2022-09-23"},{"lineNumber":24,"author":{"gitId":"yongjicode"},"content":"                return \"E\";","lastModifiedDate":"2022-09-23"},{"lineNumber":25,"author":{"gitId":"yongjicode"},"content":"        }","lastModifiedDate":"2022-09-23"},{"lineNumber":26,"author":{"gitId":"yongjicode"},"content":"        return \"Invalid\";","lastModifiedDate":"2022-09-23"},{"lineNumber":27,"author":{"gitId":"yongjicode"},"content":"    }","lastModifiedDate":"2022-09-23"},{"lineNumber":28,"author":{"gitId":"yongjicode"},"content":"    public void markAsDone(boolean done) {","lastModifiedDate":"2022-09-23"},{"lineNumber":29,"author":{"gitId":"yongjicode"},"content":"        this.isDone \u003d done;","lastModifiedDate":"2022-09-23"},{"lineNumber":30,"author":{"gitId":"yongjicode"},"content":"    }","lastModifiedDate":"2022-09-23"},{"lineNumber":31,"author":{"gitId":"yongjicode"},"content":"","lastModifiedDate":"2022-09-23"},{"lineNumber":32,"author":{"gitId":"yongjicode"},"content":"    public void printTask(){","lastModifiedDate":"2022-09-23"},{"lineNumber":33,"author":{"gitId":"yongjicode"},"content":"        System.out.println(\"[\"+getTypeLetter()+\"][\"+getStatusIcon()+\"] \" + description);","lastModifiedDate":"2022-09-23"},{"lineNumber":34,"author":{"gitId":"yongjicode"},"content":"    }","lastModifiedDate":"2022-09-23"},{"lineNumber":35,"author":{"gitId":"yongjicode"},"content":"","lastModifiedDate":"2022-09-23"},{"lineNumber":36,"author":{"gitId":"yongjicode"},"content":"","lastModifiedDate":"2022-09-23"},{"lineNumber":37,"author":{"gitId":"yongjicode"},"content":"}","lastModifiedDate":"2022-09-23"}],"authorContributionMap":{"yongjicode":37}},{"path":"src/main/java/TaskList.java","fileType":"java","lines":[{"lineNumber":1,"author":{"gitId":"yongjicode"},"content":"import java.util.ArrayList;","lastModifiedDate":"2022-09-23"},{"lineNumber":2,"author":{"gitId":"yongjicode"},"content":"","lastModifiedDate":"2022-09-23"},{"lineNumber":3,"author":{"gitId":"yongjicode"},"content":"public class TaskList{","lastModifiedDate":"2022-09-23"},{"lineNumber":4,"author":{"gitId":"yongjicode"},"content":"    public static final int MAX \u003d 100;","lastModifiedDate":"2022-09-23"},{"lineNumber":5,"author":{"gitId":"yongjicode"},"content":"    protected ArrayList\u003cTask\u003e tasks;","lastModifiedDate":"2022-09-23"},{"lineNumber":6,"author":{"gitId":"yongjicode"},"content":"    protected int taskCounter \u003d 0;","lastModifiedDate":"2022-09-23"},{"lineNumber":7,"author":{"gitId":"yongjicode"},"content":"","lastModifiedDate":"2022-09-23"},{"lineNumber":8,"author":{"gitId":"yongjicode"},"content":"    public TaskList(int max){","lastModifiedDate":"2022-09-23"},{"lineNumber":9,"author":{"gitId":"yongjicode"},"content":"        tasks \u003d new ArrayList\u003c\u003e(max);","lastModifiedDate":"2022-09-23"},{"lineNumber":10,"author":{"gitId":"yongjicode"},"content":"    }","lastModifiedDate":"2022-09-23"},{"lineNumber":11,"author":{"gitId":"yongjicode"},"content":"    public void addTodo(String commandAction, String fullCommand) {","lastModifiedDate":"2022-09-23"},{"lineNumber":12,"author":{"gitId":"yongjicode"},"content":"        String description \u003d Parser.parseDescription(fullCommand); //throw error when todo is empty","lastModifiedDate":"2022-09-23"},{"lineNumber":13,"author":{"gitId":"yongjicode"},"content":"        tasks.add(taskCounter, new Task(commandAction, description));","lastModifiedDate":"2022-09-23"},{"lineNumber":14,"author":{"gitId":"yongjicode"},"content":"        System.out.println(\"Got it. I\u0027ve added this task:\");","lastModifiedDate":"2022-09-23"},{"lineNumber":15,"author":{"gitId":"yongjicode"},"content":"        tasks.get(taskCounter).printTask();","lastModifiedDate":"2022-09-23"},{"lineNumber":16,"author":{"gitId":"yongjicode"},"content":"        System.out.println(\"Now there are \"+(taskCounter+1)+\" tasks in the list.\");","lastModifiedDate":"2022-09-23"},{"lineNumber":17,"author":{"gitId":"yongjicode"},"content":"        taskCounter++;","lastModifiedDate":"2022-09-23"},{"lineNumber":18,"author":{"gitId":"yongjicode"},"content":"    }","lastModifiedDate":"2022-09-23"},{"lineNumber":19,"author":{"gitId":"yongjicode"},"content":"","lastModifiedDate":"2022-09-23"},{"lineNumber":20,"author":{"gitId":"yongjicode"},"content":"    public void addDeadline(String commandAction, String fullCommand) {","lastModifiedDate":"2022-09-23"},{"lineNumber":21,"author":{"gitId":"yongjicode"},"content":"        String description \u003d Parser.parseDescription(fullCommand); //throw error when deadline is empty, or no time attached","lastModifiedDate":"2022-09-23"},{"lineNumber":22,"author":{"gitId":"yongjicode"},"content":"        tasks.add(taskCounter, new Task(commandAction, description));","lastModifiedDate":"2022-09-23"},{"lineNumber":23,"author":{"gitId":"yongjicode"},"content":"        System.out.println(\"Got it. I\u0027ve added this task:\");","lastModifiedDate":"2022-09-23"},{"lineNumber":24,"author":{"gitId":"yongjicode"},"content":"        tasks.get(taskCounter).printTask();","lastModifiedDate":"2022-09-23"},{"lineNumber":25,"author":{"gitId":"yongjicode"},"content":"        System.out.println(\"Now there are \"+(taskCounter+1)+\" tasks in the list.\");","lastModifiedDate":"2022-09-23"},{"lineNumber":26,"author":{"gitId":"yongjicode"},"content":"        taskCounter++;","lastModifiedDate":"2022-09-23"},{"lineNumber":27,"author":{"gitId":"yongjicode"},"content":"    }","lastModifiedDate":"2022-09-23"},{"lineNumber":28,"author":{"gitId":"yongjicode"},"content":"","lastModifiedDate":"2022-09-23"},{"lineNumber":29,"author":{"gitId":"yongjicode"},"content":"    public void addEvent(String commandAction, String fullCommand) {","lastModifiedDate":"2022-09-23"},{"lineNumber":30,"author":{"gitId":"yongjicode"},"content":"        String description \u003d Parser.parseDescription(fullCommand); //throw error when event is empty, or no time attached","lastModifiedDate":"2022-09-23"},{"lineNumber":31,"author":{"gitId":"yongjicode"},"content":"        tasks.add(taskCounter, new Task(commandAction, description));","lastModifiedDate":"2022-09-23"},{"lineNumber":32,"author":{"gitId":"yongjicode"},"content":"        System.out.println(\"Got it. I\u0027ve added this task:\");","lastModifiedDate":"2022-09-23"},{"lineNumber":33,"author":{"gitId":"yongjicode"},"content":"        tasks.get(taskCounter).printTask();","lastModifiedDate":"2022-09-23"},{"lineNumber":34,"author":{"gitId":"yongjicode"},"content":"        System.out.println(\"Now there are \"+(taskCounter+1)+\" tasks in the list.\");","lastModifiedDate":"2022-09-23"},{"lineNumber":35,"author":{"gitId":"yongjicode"},"content":"        taskCounter++;","lastModifiedDate":"2022-09-23"},{"lineNumber":36,"author":{"gitId":"yongjicode"},"content":"    }","lastModifiedDate":"2022-09-23"},{"lineNumber":37,"author":{"gitId":"yongjicode"},"content":"","lastModifiedDate":"2022-09-23"},{"lineNumber":38,"author":{"gitId":"yongjicode"},"content":"    public void printList() {","lastModifiedDate":"2022-09-23"},{"lineNumber":39,"author":{"gitId":"yongjicode"},"content":"        System.out.println(\"Here are the tasks in your list:\");","lastModifiedDate":"2022-09-23"},{"lineNumber":40,"author":{"gitId":"yongjicode"},"content":"        for(int i\u003d0; i\u003ctaskCounter; i++){","lastModifiedDate":"2022-09-23"},{"lineNumber":41,"author":{"gitId":"yongjicode"},"content":"            System.out.print((i+1) + \".\");","lastModifiedDate":"2022-09-23"},{"lineNumber":42,"author":{"gitId":"yongjicode"},"content":"            tasks.get(i).printTask();","lastModifiedDate":"2022-09-23"},{"lineNumber":43,"author":{"gitId":"yongjicode"},"content":"        }","lastModifiedDate":"2022-09-23"},{"lineNumber":44,"author":{"gitId":"yongjicode"},"content":"    }","lastModifiedDate":"2022-09-23"},{"lineNumber":45,"author":{"gitId":"yongjicode"},"content":"","lastModifiedDate":"2022-09-23"},{"lineNumber":46,"author":{"gitId":"yongjicode"},"content":"    public void markDone(String fullCommand) {","lastModifiedDate":"2022-09-23"},{"lineNumber":47,"author":{"gitId":"yongjicode"},"content":"        String itemNumber \u003d Parser.parseDescription(fullCommand);","lastModifiedDate":"2022-09-23"},{"lineNumber":48,"author":{"gitId":"yongjicode"},"content":"        tasks.get(Integer.parseInt(itemNumber) - 1).markAsDone(true);","lastModifiedDate":"2022-09-23"},{"lineNumber":49,"author":{"gitId":"yongjicode"},"content":"        System.out.println(\"Nice! I\u0027ve marked this task as done:\");","lastModifiedDate":"2022-09-23"},{"lineNumber":50,"author":{"gitId":"yongjicode"},"content":"        tasks.get(Integer.parseInt(itemNumber) - 1).printTask();","lastModifiedDate":"2022-09-23"},{"lineNumber":51,"author":{"gitId":"yongjicode"},"content":"    }","lastModifiedDate":"2022-09-23"},{"lineNumber":52,"author":{"gitId":"yongjicode"},"content":"","lastModifiedDate":"2022-09-23"},{"lineNumber":53,"author":{"gitId":"yongjicode"},"content":"    public void markUndone(String fullCommand) {","lastModifiedDate":"2022-09-23"},{"lineNumber":54,"author":{"gitId":"yongjicode"},"content":"        String itemNumber \u003d Parser.parseDescription(fullCommand);","lastModifiedDate":"2022-09-23"},{"lineNumber":55,"author":{"gitId":"yongjicode"},"content":"        tasks.get(Integer.parseInt(itemNumber) - 1).markAsDone(false);","lastModifiedDate":"2022-09-23"},{"lineNumber":56,"author":{"gitId":"yongjicode"},"content":"        System.out.println(\"OK, I\u0027ve marked this task as not done yet:\");","lastModifiedDate":"2022-09-23"},{"lineNumber":57,"author":{"gitId":"yongjicode"},"content":"        tasks.get(Integer.parseInt(itemNumber) - 1).printTask();","lastModifiedDate":"2022-09-23"},{"lineNumber":58,"author":{"gitId":"yongjicode"},"content":"    }","lastModifiedDate":"2022-09-23"},{"lineNumber":59,"author":{"gitId":"yongjicode"},"content":"","lastModifiedDate":"2022-09-23"},{"lineNumber":60,"author":{"gitId":"yongjicode"},"content":"    public void deleteTask(String fullCommand) {","lastModifiedDate":"2022-09-23"},{"lineNumber":61,"author":{"gitId":"yongjicode"},"content":"        String itemNumber \u003d Parser.parseDescription(fullCommand);","lastModifiedDate":"2022-09-23"},{"lineNumber":62,"author":{"gitId":"yongjicode"},"content":"        System.out.println(\"Noted. I\u0027ve removed this task:\");","lastModifiedDate":"2022-09-23"},{"lineNumber":63,"author":{"gitId":"yongjicode"},"content":"        tasks.get(Integer.parseInt(itemNumber) - 1).printTask();","lastModifiedDate":"2022-09-23"},{"lineNumber":64,"author":{"gitId":"yongjicode"},"content":"        tasks.remove(Integer.parseInt(itemNumber) - 1);","lastModifiedDate":"2022-09-23"},{"lineNumber":65,"author":{"gitId":"yongjicode"},"content":"        taskCounter--;","lastModifiedDate":"2022-09-23"},{"lineNumber":66,"author":{"gitId":"yongjicode"},"content":"    }","lastModifiedDate":"2022-09-23"},{"lineNumber":67,"author":{"gitId":"yongjicode"},"content":"}","lastModifiedDate":"2022-09-23"}],"authorContributionMap":{"yongjicode":67}}]
