[{"path":"src/main/java/Duke.java","fileType":"java","lines":[{"lineNumber":1,"author":{"gitId":"ChengYoghurt"},"content":"import duke.exception.AbsentArgsFlagException;","lastModifiedDate":"2022-09-08"},{"lineNumber":2,"author":{"gitId":"ChengYoghurt"},"content":"import duke.exception.DukeException;","lastModifiedDate":"2022-09-08"},{"lineNumber":3,"author":{"gitId":"ChengYoghurt"},"content":"import duke.exception.IllegalArgsNumException;","lastModifiedDate":"2022-09-08"},{"lineNumber":4,"author":{"gitId":"ChengYoghurt"},"content":"import duke.exception.IllegalArgsTypeException;","lastModifiedDate":"2022-09-08"},{"lineNumber":5,"author":{"gitId":"ChengYoghurt"},"content":"import duke.task.Deadline;","lastModifiedDate":"2022-09-08"},{"lineNumber":6,"author":{"gitId":"ChengYoghurt"},"content":"import duke.task.Event;","lastModifiedDate":"2022-09-08"},{"lineNumber":7,"author":{"gitId":"ChengYoghurt"},"content":"import duke.task.Task;","lastModifiedDate":"2022-09-08"},{"lineNumber":8,"author":{"gitId":"ChengYoghurt"},"content":"import duke.task.Todo;","lastModifiedDate":"2022-09-08"},{"lineNumber":9,"author":{"gitId":"ChengYoghurt"},"content":"","lastModifiedDate":"2022-09-08"},{"lineNumber":10,"author":{"gitId":"ChengYoghurt"},"content":"import java.util.Scanner;","lastModifiedDate":"2022-08-30"},{"lineNumber":11,"author":{"gitId":"ChengYoghurt"},"content":"import java.util.Collections;","lastModifiedDate":"2022-08-30"},{"lineNumber":12,"author":{"gitId":"ChengYoghurt"},"content":"import java.util.Arrays;","lastModifiedDate":"2022-09-08"},{"lineNumber":13,"author":{"gitId":"ChengYoghurt"},"content":"","lastModifiedDate":"2022-08-30"},{"lineNumber":14,"author":{"gitId":"ChengYoghurt"},"content":"","lastModifiedDate":"2022-08-30"},{"lineNumber":15,"author":{"gitId":"-"},"content":"public class Duke {","lastModifiedDate":"2019-07-29"},{"lineNumber":16,"author":{"gitId":"-"},"content":"    public static void main(String[] args) {","lastModifiedDate":"2019-07-29"},{"lineNumber":17,"author":{"gitId":"ChengYoghurt"},"content":"        showLogo();","lastModifiedDate":"2022-08-30"},{"lineNumber":18,"author":{"gitId":"ChengYoghurt"},"content":"        showWelcomeMsg();","lastModifiedDate":"2022-08-30"},{"lineNumber":19,"author":{"gitId":"ChengYoghurt"},"content":"        readUserCmd();","lastModifiedDate":"2022-08-30"},{"lineNumber":20,"author":{"gitId":"ChengYoghurt"},"content":"        showGoodbyeMsg();","lastModifiedDate":"2022-08-30"},{"lineNumber":21,"author":{"gitId":"ChengYoghurt"},"content":"    }","lastModifiedDate":"2022-08-30"},{"lineNumber":22,"author":{"gitId":"ChengYoghurt"},"content":"","lastModifiedDate":"2022-08-30"},{"lineNumber":23,"author":{"gitId":"ChengYoghurt"},"content":"    private static void showLogo() {","lastModifiedDate":"2022-08-30"},{"lineNumber":24,"author":{"gitId":"-"},"content":"        String logo \u003d \" ____        _\\n\"","lastModifiedDate":"2019-07-29"},{"lineNumber":25,"author":{"gitId":"-"},"content":"                + \"|  _ \\\\ _   _| | _____\\n\"","lastModifiedDate":"2019-07-29"},{"lineNumber":26,"author":{"gitId":"-"},"content":"                + \"| | | | | | | |/ / _ \\\\\\n\"","lastModifiedDate":"2019-07-29"},{"lineNumber":27,"author":{"gitId":"-"},"content":"                + \"| |_| | |_| |   \u003c  __/\\n\"","lastModifiedDate":"2019-07-29"},{"lineNumber":28,"author":{"gitId":"-"},"content":"                + \"|____/ \\\\__,_|_|\\\\_\\\\___|\\n\";","lastModifiedDate":"2019-07-29"},{"lineNumber":29,"author":{"gitId":"ChengYoghurt"},"content":"","lastModifiedDate":"2022-08-30"},{"lineNumber":30,"author":{"gitId":"ChengYoghurt"},"content":"        System.out.println(logo);","lastModifiedDate":"2022-08-29"},{"lineNumber":31,"author":{"gitId":"ChengYoghurt"},"content":"    }","lastModifiedDate":"2022-08-29"},{"lineNumber":32,"author":{"gitId":"ChengYoghurt"},"content":"","lastModifiedDate":"2022-08-29"},{"lineNumber":33,"author":{"gitId":"ChengYoghurt"},"content":"    private static final String END_CMD \u003d \"bye\";","lastModifiedDate":"2022-08-30"},{"lineNumber":34,"author":{"gitId":"ChengYoghurt"},"content":"    private static final String DEADLINE_FLAG \u003d \"/by\";","lastModifiedDate":"2022-09-08"},{"lineNumber":35,"author":{"gitId":"ChengYoghurt"},"content":"    private static final String EVENT_FLAG \u003d \"/at\";","lastModifiedDate":"2022-09-08"},{"lineNumber":36,"author":{"gitId":"ChengYoghurt"},"content":"    private static final String[] ILLEGAL_ARGS \u003d {\"blah\"};","lastModifiedDate":"2022-09-08"},{"lineNumber":37,"author":{"gitId":"ChengYoghurt"},"content":"    private static final int MAX_TASK \u003d 100;","lastModifiedDate":"2022-08-30"},{"lineNumber":38,"author":{"gitId":"ChengYoghurt"},"content":"    private static final int SEPARATOR_LEN \u003d 50;","lastModifiedDate":"2022-08-30"},{"lineNumber":39,"author":{"gitId":"ChengYoghurt"},"content":"    private static int taskCount \u003d 0;","lastModifiedDate":"2022-08-30"},{"lineNumber":40,"author":{"gitId":"ChengYoghurt"},"content":"    private static Task[] tasks \u003d new Task[MAX_TASK];","lastModifiedDate":"2022-08-30"},{"lineNumber":41,"author":{"gitId":"ChengYoghurt"},"content":"","lastModifiedDate":"2022-08-30"},{"lineNumber":42,"author":{"gitId":"ChengYoghurt"},"content":"    private static void showSeparator() {","lastModifiedDate":"2022-08-29"},{"lineNumber":43,"author":{"gitId":"ChengYoghurt"},"content":"        String separator \u003d String.join(\"\", Collections.nCopies(SEPARATOR_LEN, \"\u003d\"));","lastModifiedDate":"2022-08-30"},{"lineNumber":44,"author":{"gitId":"ChengYoghurt"},"content":"        System.out.println(separator);","lastModifiedDate":"2022-08-30"},{"lineNumber":45,"author":{"gitId":"ChengYoghurt"},"content":"    }","lastModifiedDate":"2022-08-29"},{"lineNumber":46,"author":{"gitId":"ChengYoghurt"},"content":"","lastModifiedDate":"2022-08-29"},{"lineNumber":47,"author":{"gitId":"ChengYoghurt"},"content":"    private static void showWelcomeMsg() {","lastModifiedDate":"2022-08-29"},{"lineNumber":48,"author":{"gitId":"ChengYoghurt"},"content":"        showSeparator();","lastModifiedDate":"2022-08-30"},{"lineNumber":49,"author":{"gitId":"ChengYoghurt"},"content":"        System.out.println(\"Hello! I\u0027m Duke ^_^\");","lastModifiedDate":"2022-08-30"},{"lineNumber":50,"author":{"gitId":"ChengYoghurt"},"content":"        System.out.println(\"What can I do for you?\");","lastModifiedDate":"2022-08-29"},{"lineNumber":51,"author":{"gitId":"ChengYoghurt"},"content":"        showSeparator();","lastModifiedDate":"2022-08-30"},{"lineNumber":52,"author":{"gitId":"ChengYoghurt"},"content":"    }","lastModifiedDate":"2022-08-29"},{"lineNumber":53,"author":{"gitId":"ChengYoghurt"},"content":"","lastModifiedDate":"2022-08-29"},{"lineNumber":54,"author":{"gitId":"ChengYoghurt"},"content":"    private static void showGoodbyeMsg() {","lastModifiedDate":"2022-08-29"},{"lineNumber":55,"author":{"gitId":"ChengYoghurt"},"content":"        System.out.println(\"Bye. Hope to see you again soon! qwq\");","lastModifiedDate":"2022-08-30"},{"lineNumber":56,"author":{"gitId":"ChengYoghurt"},"content":"        showSeparator();","lastModifiedDate":"2022-08-30"},{"lineNumber":57,"author":{"gitId":"ChengYoghurt"},"content":"    }","lastModifiedDate":"2022-08-30"},{"lineNumber":58,"author":{"gitId":"ChengYoghurt"},"content":"","lastModifiedDate":"2022-08-30"},{"lineNumber":59,"author":{"gitId":"ChengYoghurt"},"content":"    private static void showTaskCount() {","lastModifiedDate":"2022-09-01"},{"lineNumber":60,"author":{"gitId":"ChengYoghurt"},"content":"        System.out.printf(\"Now we have %d tasks in the list.\\n\", taskCount);","lastModifiedDate":"2022-09-01"},{"lineNumber":61,"author":{"gitId":"ChengYoghurt"},"content":"        showSeparator();","lastModifiedDate":"2022-09-01"},{"lineNumber":62,"author":{"gitId":"ChengYoghurt"},"content":"    }","lastModifiedDate":"2022-09-01"},{"lineNumber":63,"author":{"gitId":"ChengYoghurt"},"content":"","lastModifiedDate":"2022-09-01"},{"lineNumber":64,"author":{"gitId":"ChengYoghurt"},"content":"    private static void readUserCmd() {","lastModifiedDate":"2022-08-30"},{"lineNumber":65,"author":{"gitId":"ChengYoghurt"},"content":"        Scanner sc \u003d new Scanner(System.in);","lastModifiedDate":"2022-08-30"},{"lineNumber":66,"author":{"gitId":"ChengYoghurt"},"content":"        String input \u003d sc.nextLine();","lastModifiedDate":"2022-08-30"},{"lineNumber":67,"author":{"gitId":"ChengYoghurt"},"content":"        while (!input.equals(END_CMD)) {","lastModifiedDate":"2022-08-30"},{"lineNumber":68,"author":{"gitId":"ChengYoghurt"},"content":"            String[] args \u003d input.split(\" \", 2);","lastModifiedDate":"2022-09-01"},{"lineNumber":69,"author":{"gitId":"ChengYoghurt"},"content":"            String arg1 \u003d args[0];","lastModifiedDate":"2022-09-01"},{"lineNumber":70,"author":{"gitId":"ChengYoghurt"},"content":"            String arg2 \u003d \"\";","lastModifiedDate":"2022-09-01"},{"lineNumber":71,"author":{"gitId":"ChengYoghurt"},"content":"            if (args.length \u003e 1) {","lastModifiedDate":"2022-09-01"},{"lineNumber":72,"author":{"gitId":"ChengYoghurt"},"content":"                arg2 \u003d args[1];","lastModifiedDate":"2022-09-01"},{"lineNumber":73,"author":{"gitId":"ChengYoghurt"},"content":"            }","lastModifiedDate":"2022-09-01"},{"lineNumber":74,"author":{"gitId":"ChengYoghurt"},"content":"            switch (arg1) {","lastModifiedDate":"2022-09-01"},{"lineNumber":75,"author":{"gitId":"ChengYoghurt"},"content":"            case \"list\":","lastModifiedDate":"2022-08-30"},{"lineNumber":76,"author":{"gitId":"ChengYoghurt"},"content":"                listTask();","lastModifiedDate":"2022-08-30"},{"lineNumber":77,"author":{"gitId":"ChengYoghurt"},"content":"                break;","lastModifiedDate":"2022-08-30"},{"lineNumber":78,"author":{"gitId":"ChengYoghurt"},"content":"            case \"mark\":","lastModifiedDate":"2022-08-30"},{"lineNumber":79,"author":{"gitId":"ChengYoghurt"},"content":"                markTask(Integer.parseInt(arg2),","lastModifiedDate":"2022-09-01"},{"lineNumber":80,"author":{"gitId":"ChengYoghurt"},"content":"                        true);","lastModifiedDate":"2022-09-01"},{"lineNumber":81,"author":{"gitId":"ChengYoghurt"},"content":"                break;","lastModifiedDate":"2022-08-30"},{"lineNumber":82,"author":{"gitId":"ChengYoghurt"},"content":"            case \"unmark\":","lastModifiedDate":"2022-08-30"},{"lineNumber":83,"author":{"gitId":"ChengYoghurt"},"content":"                markTask(Integer.parseInt(arg2),","lastModifiedDate":"2022-09-01"},{"lineNumber":84,"author":{"gitId":"ChengYoghurt"},"content":"                        false);","lastModifiedDate":"2022-09-01"},{"lineNumber":85,"author":{"gitId":"ChengYoghurt"},"content":"                break;","lastModifiedDate":"2022-09-01"},{"lineNumber":86,"author":{"gitId":"ChengYoghurt"},"content":"            case \"todo\":","lastModifiedDate":"2022-09-01"},{"lineNumber":87,"author":{"gitId":"ChengYoghurt"},"content":"                try {","lastModifiedDate":"2022-09-08"},{"lineNumber":88,"author":{"gitId":"ChengYoghurt"},"content":"                    addTodo(arg2);","lastModifiedDate":"2022-09-01"},{"lineNumber":89,"author":{"gitId":"ChengYoghurt"},"content":"                } catch (DukeException e) {","lastModifiedDate":"2022-09-08"},{"lineNumber":90,"author":{"gitId":"ChengYoghurt"},"content":"                    handleAddTodoException();","lastModifiedDate":"2022-09-08"},{"lineNumber":91,"author":{"gitId":"ChengYoghurt"},"content":"                }","lastModifiedDate":"2022-09-08"},{"lineNumber":92,"author":{"gitId":"ChengYoghurt"},"content":"                break;","lastModifiedDate":"2022-09-01"},{"lineNumber":93,"author":{"gitId":"ChengYoghurt"},"content":"            case \"deadline\":","lastModifiedDate":"2022-09-01"},{"lineNumber":94,"author":{"gitId":"ChengYoghurt"},"content":"                try {","lastModifiedDate":"2022-09-08"},{"lineNumber":95,"author":{"gitId":"ChengYoghurt"},"content":"                    addDeadline(arg2);","lastModifiedDate":"2022-09-01"},{"lineNumber":96,"author":{"gitId":"ChengYoghurt"},"content":"                } catch (DukeException e) {","lastModifiedDate":"2022-09-08"},{"lineNumber":97,"author":{"gitId":"ChengYoghurt"},"content":"                    handleAddDeadException(e);","lastModifiedDate":"2022-09-08"},{"lineNumber":98,"author":{"gitId":"ChengYoghurt"},"content":"                }","lastModifiedDate":"2022-09-08"},{"lineNumber":99,"author":{"gitId":"ChengYoghurt"},"content":"                break;","lastModifiedDate":"2022-09-01"},{"lineNumber":100,"author":{"gitId":"ChengYoghurt"},"content":"            case \"event\":","lastModifiedDate":"2022-09-01"},{"lineNumber":101,"author":{"gitId":"ChengYoghurt"},"content":"                try {","lastModifiedDate":"2022-09-08"},{"lineNumber":102,"author":{"gitId":"ChengYoghurt"},"content":"                    addEvent(arg2);","lastModifiedDate":"2022-09-01"},{"lineNumber":103,"author":{"gitId":"ChengYoghurt"},"content":"                } catch (DukeException e) {","lastModifiedDate":"2022-09-08"},{"lineNumber":104,"author":{"gitId":"ChengYoghurt"},"content":"                    handleAddEventException(e);","lastModifiedDate":"2022-09-08"},{"lineNumber":105,"author":{"gitId":"ChengYoghurt"},"content":"                }","lastModifiedDate":"2022-09-08"},{"lineNumber":106,"author":{"gitId":"ChengYoghurt"},"content":"                break;","lastModifiedDate":"2022-08-30"},{"lineNumber":107,"author":{"gitId":"ChengYoghurt"},"content":"            default:","lastModifiedDate":"2022-08-30"},{"lineNumber":108,"author":{"gitId":"ChengYoghurt"},"content":"                try {","lastModifiedDate":"2022-09-08"},{"lineNumber":109,"author":{"gitId":"ChengYoghurt"},"content":"                    addTask(input);","lastModifiedDate":"2022-08-30"},{"lineNumber":110,"author":{"gitId":"ChengYoghurt"},"content":"                } catch (IllegalArgsTypeException e) {","lastModifiedDate":"2022-09-08"},{"lineNumber":111,"author":{"gitId":"ChengYoghurt"},"content":"                    handleAddTaskException();","lastModifiedDate":"2022-09-08"},{"lineNumber":112,"author":{"gitId":"ChengYoghurt"},"content":"                }","lastModifiedDate":"2022-09-08"},{"lineNumber":113,"author":{"gitId":"ChengYoghurt"},"content":"            }","lastModifiedDate":"2022-08-30"},{"lineNumber":114,"author":{"gitId":"ChengYoghurt"},"content":"            input \u003d sc.nextLine();","lastModifiedDate":"2022-08-30"},{"lineNumber":115,"author":{"gitId":"ChengYoghurt"},"content":"        }","lastModifiedDate":"2022-08-30"},{"lineNumber":116,"author":{"gitId":"-"},"content":"    }","lastModifiedDate":"2019-07-29"},{"lineNumber":117,"author":{"gitId":"ChengYoghurt"},"content":"","lastModifiedDate":"2022-08-30"},{"lineNumber":118,"author":{"gitId":"ChengYoghurt"},"content":"    private static void addTask(String taskDescription) throws IllegalArgsTypeException {","lastModifiedDate":"2022-09-08"},{"lineNumber":119,"author":{"gitId":"ChengYoghurt"},"content":"        if (Arrays.asList(ILLEGAL_ARGS).contains(taskDescription)) {","lastModifiedDate":"2022-09-08"},{"lineNumber":120,"author":{"gitId":"ChengYoghurt"},"content":"            throw new IllegalArgsTypeException();","lastModifiedDate":"2022-09-08"},{"lineNumber":121,"author":{"gitId":"ChengYoghurt"},"content":"        }","lastModifiedDate":"2022-09-08"},{"lineNumber":122,"author":{"gitId":"ChengYoghurt"},"content":"        tasks[taskCount] \u003d new Task(taskDescription);","lastModifiedDate":"2022-09-01"},{"lineNumber":123,"author":{"gitId":"ChengYoghurt"},"content":"        System.out.println(\"\u003e\u003e\u003eAdded: \" + tasks[taskCount++]);","lastModifiedDate":"2022-09-01"},{"lineNumber":124,"author":{"gitId":"ChengYoghurt"},"content":"        showTaskCount();","lastModifiedDate":"2022-09-01"},{"lineNumber":125,"author":{"gitId":"ChengYoghurt"},"content":"    }","lastModifiedDate":"2022-08-30"},{"lineNumber":126,"author":{"gitId":"ChengYoghurt"},"content":"","lastModifiedDate":"2022-08-30"},{"lineNumber":127,"author":{"gitId":"ChengYoghurt"},"content":"    private static void listTask() {","lastModifiedDate":"2022-08-30"},{"lineNumber":128,"author":{"gitId":"ChengYoghurt"},"content":"        if (taskCount \u003d\u003d 0) {","lastModifiedDate":"2022-08-30"},{"lineNumber":129,"author":{"gitId":"ChengYoghurt"},"content":"            System.out.println(\"\u003e\u003e\u003eNo Current Tasks.\");","lastModifiedDate":"2022-08-30"},{"lineNumber":130,"author":{"gitId":"ChengYoghurt"},"content":"        } else {","lastModifiedDate":"2022-08-30"},{"lineNumber":131,"author":{"gitId":"ChengYoghurt"},"content":"            System.out.println(\"\u003e\u003e\u003eCurrent Tasks:\");","lastModifiedDate":"2022-08-30"},{"lineNumber":132,"author":{"gitId":"ChengYoghurt"},"content":"            for (int i \u003d 0; i \u003c taskCount; i++) {","lastModifiedDate":"2022-08-30"},{"lineNumber":133,"author":{"gitId":"ChengYoghurt"},"content":"                System.out.print(\"\u003e\u003e\u003e\" + (i + 1) + \".\");","lastModifiedDate":"2022-08-30"},{"lineNumber":134,"author":{"gitId":"ChengYoghurt"},"content":"                System.out.println(tasks[i]);","lastModifiedDate":"2022-08-30"},{"lineNumber":135,"author":{"gitId":"ChengYoghurt"},"content":"            }","lastModifiedDate":"2022-08-30"},{"lineNumber":136,"author":{"gitId":"ChengYoghurt"},"content":"        }","lastModifiedDate":"2022-08-30"},{"lineNumber":137,"author":{"gitId":"ChengYoghurt"},"content":"        showSeparator();","lastModifiedDate":"2022-09-01"},{"lineNumber":138,"author":{"gitId":"-"},"content":"    }","lastModifiedDate":"2019-07-29"},{"lineNumber":139,"author":{"gitId":"ChengYoghurt"},"content":"","lastModifiedDate":"2022-08-30"},{"lineNumber":140,"author":{"gitId":"ChengYoghurt"},"content":"    private static void markTask(int taskId, boolean setMark) {","lastModifiedDate":"2022-09-01"},{"lineNumber":141,"author":{"gitId":"ChengYoghurt"},"content":"        if (taskId \u003c\u003d 0 || taskId \u003e taskCount) {","lastModifiedDate":"2022-08-30"},{"lineNumber":142,"author":{"gitId":"ChengYoghurt"},"content":"            System.out.println(\"\u003e\u003e\u003ePls Enter the Right TaskId!\");","lastModifiedDate":"2022-08-30"},{"lineNumber":143,"author":{"gitId":"ChengYoghurt"},"content":"        }","lastModifiedDate":"2022-08-30"},{"lineNumber":144,"author":{"gitId":"ChengYoghurt"},"content":"        else {","lastModifiedDate":"2022-08-30"},{"lineNumber":145,"author":{"gitId":"ChengYoghurt"},"content":"            tasks[taskId-1].setMarked(setMark);","lastModifiedDate":"2022-09-01"},{"lineNumber":146,"author":{"gitId":"ChengYoghurt"},"content":"            if (setMark) {","lastModifiedDate":"2022-09-01"},{"lineNumber":147,"author":{"gitId":"ChengYoghurt"},"content":"                System.out.println(\"\u003e\u003e\u003eNice! I\u0027ve marked this task as done:\");","lastModifiedDate":"2022-08-30"},{"lineNumber":148,"author":{"gitId":"ChengYoghurt"},"content":"            }","lastModifiedDate":"2022-08-30"},{"lineNumber":149,"author":{"gitId":"ChengYoghurt"},"content":"            else {","lastModifiedDate":"2022-08-30"},{"lineNumber":150,"author":{"gitId":"ChengYoghurt"},"content":"                System.out.println(\"\u003e\u003e\u003eOK, I\u0027ve marked this task as not done yet:\");","lastModifiedDate":"2022-08-30"},{"lineNumber":151,"author":{"gitId":"ChengYoghurt"},"content":"            }","lastModifiedDate":"2022-08-30"},{"lineNumber":152,"author":{"gitId":"ChengYoghurt"},"content":"            System.out.println(tasks[taskId-1]);","lastModifiedDate":"2022-08-30"},{"lineNumber":153,"author":{"gitId":"ChengYoghurt"},"content":"        }","lastModifiedDate":"2022-08-30"},{"lineNumber":154,"author":{"gitId":"ChengYoghurt"},"content":"        showSeparator();","lastModifiedDate":"2022-08-30"},{"lineNumber":155,"author":{"gitId":"ChengYoghurt"},"content":"    }","lastModifiedDate":"2022-08-30"},{"lineNumber":156,"author":{"gitId":"ChengYoghurt"},"content":"","lastModifiedDate":"2022-09-01"},{"lineNumber":157,"author":{"gitId":"ChengYoghurt"},"content":"    private static void addTodo(String todoDescription) throws IllegalArgsNumException {","lastModifiedDate":"2022-09-08"},{"lineNumber":158,"author":{"gitId":"ChengYoghurt"},"content":"        if (todoDescription.equals(\"\")) {","lastModifiedDate":"2022-09-08"},{"lineNumber":159,"author":{"gitId":"ChengYoghurt"},"content":"            throw new IllegalArgsNumException();","lastModifiedDate":"2022-09-08"},{"lineNumber":160,"author":{"gitId":"ChengYoghurt"},"content":"        }","lastModifiedDate":"2022-09-08"},{"lineNumber":161,"author":{"gitId":"ChengYoghurt"},"content":"        tasks[taskCount] \u003d new Todo(todoDescription);","lastModifiedDate":"2022-09-01"},{"lineNumber":162,"author":{"gitId":"ChengYoghurt"},"content":"        System.out.println(\"\u003e\u003e\u003eAdded: \" + tasks[taskCount++]);","lastModifiedDate":"2022-09-01"},{"lineNumber":163,"author":{"gitId":"ChengYoghurt"},"content":"        showTaskCount();","lastModifiedDate":"2022-09-01"},{"lineNumber":164,"author":{"gitId":"ChengYoghurt"},"content":"    }","lastModifiedDate":"2022-09-01"},{"lineNumber":165,"author":{"gitId":"ChengYoghurt"},"content":"","lastModifiedDate":"2022-09-01"},{"lineNumber":166,"author":{"gitId":"ChengYoghurt"},"content":"    private static void addDeadline(String str) throws DukeException {","lastModifiedDate":"2022-09-08"},{"lineNumber":167,"author":{"gitId":"ChengYoghurt"},"content":"        if (str.equals(\"\")) {","lastModifiedDate":"2022-09-08"},{"lineNumber":168,"author":{"gitId":"ChengYoghurt"},"content":"            throw new IllegalArgsNumException();","lastModifiedDate":"2022-09-08"},{"lineNumber":169,"author":{"gitId":"ChengYoghurt"},"content":"        }","lastModifiedDate":"2022-09-08"},{"lineNumber":170,"author":{"gitId":"ChengYoghurt"},"content":"","lastModifiedDate":"2022-09-08"},{"lineNumber":171,"author":{"gitId":"ChengYoghurt"},"content":"        String description \u003d str.split(\"/\")[0].trim();","lastModifiedDate":"2022-09-01"},{"lineNumber":172,"author":{"gitId":"ChengYoghurt"},"content":"        if (!str.contains(DEADLINE_FLAG)) {","lastModifiedDate":"2022-09-08"},{"lineNumber":173,"author":{"gitId":"ChengYoghurt"},"content":"            throw new AbsentArgsFlagException();","lastModifiedDate":"2022-09-08"},{"lineNumber":174,"author":{"gitId":"ChengYoghurt"},"content":"        }","lastModifiedDate":"2022-09-08"},{"lineNumber":175,"author":{"gitId":"ChengYoghurt"},"content":"","lastModifiedDate":"2022-09-08"},{"lineNumber":176,"author":{"gitId":"ChengYoghurt"},"content":"        String by \u003d str.split(\"/\")[1];","lastModifiedDate":"2022-09-01"},{"lineNumber":177,"author":{"gitId":"ChengYoghurt"},"content":"        tasks[taskCount] \u003d new Deadline(description, by);","lastModifiedDate":"2022-09-01"},{"lineNumber":178,"author":{"gitId":"ChengYoghurt"},"content":"        System.out.println(\"\u003e\u003e\u003eAdded: \" + tasks[taskCount++]);","lastModifiedDate":"2022-09-01"},{"lineNumber":179,"author":{"gitId":"ChengYoghurt"},"content":"        showTaskCount();","lastModifiedDate":"2022-09-01"},{"lineNumber":180,"author":{"gitId":"ChengYoghurt"},"content":"    }","lastModifiedDate":"2022-09-01"},{"lineNumber":181,"author":{"gitId":"ChengYoghurt"},"content":"","lastModifiedDate":"2022-09-01"},{"lineNumber":182,"author":{"gitId":"ChengYoghurt"},"content":"    private static void addEvent(String str) throws DukeException {","lastModifiedDate":"2022-09-08"},{"lineNumber":183,"author":{"gitId":"ChengYoghurt"},"content":"        if (str.equals(\"\")) {","lastModifiedDate":"2022-09-08"},{"lineNumber":184,"author":{"gitId":"ChengYoghurt"},"content":"            throw new IllegalArgsNumException();","lastModifiedDate":"2022-09-08"},{"lineNumber":185,"author":{"gitId":"ChengYoghurt"},"content":"        }","lastModifiedDate":"2022-09-08"},{"lineNumber":186,"author":{"gitId":"ChengYoghurt"},"content":"","lastModifiedDate":"2022-09-08"},{"lineNumber":187,"author":{"gitId":"ChengYoghurt"},"content":"        String description \u003d str.split(\"/\")[0].trim();","lastModifiedDate":"2022-09-01"},{"lineNumber":188,"author":{"gitId":"ChengYoghurt"},"content":"        if (!str.contains(EVENT_FLAG)) {","lastModifiedDate":"2022-09-08"},{"lineNumber":189,"author":{"gitId":"ChengYoghurt"},"content":"            throw new AbsentArgsFlagException();","lastModifiedDate":"2022-09-08"},{"lineNumber":190,"author":{"gitId":"ChengYoghurt"},"content":"        }","lastModifiedDate":"2022-09-08"},{"lineNumber":191,"author":{"gitId":"ChengYoghurt"},"content":"","lastModifiedDate":"2022-09-08"},{"lineNumber":192,"author":{"gitId":"ChengYoghurt"},"content":"        String duration \u003d str.split(\"/\")[1];","lastModifiedDate":"2022-09-01"},{"lineNumber":193,"author":{"gitId":"ChengYoghurt"},"content":"        tasks[taskCount] \u003d new Event(description, duration);","lastModifiedDate":"2022-09-01"},{"lineNumber":194,"author":{"gitId":"ChengYoghurt"},"content":"        System.out.println(\"\u003e\u003e\u003eAdded: \" + tasks[taskCount++]);","lastModifiedDate":"2022-09-01"},{"lineNumber":195,"author":{"gitId":"ChengYoghurt"},"content":"        showTaskCount();","lastModifiedDate":"2022-09-01"},{"lineNumber":196,"author":{"gitId":"ChengYoghurt"},"content":"    }","lastModifiedDate":"2022-09-01"},{"lineNumber":197,"author":{"gitId":"ChengYoghurt"},"content":"    private static void handleAddTaskException() {","lastModifiedDate":"2022-09-08"},{"lineNumber":198,"author":{"gitId":"ChengYoghurt"},"content":"        System.out.println(\"OOPS!!! I\u0027m sorry, but I don\u0027t know what that means :-(\");","lastModifiedDate":"2022-09-08"},{"lineNumber":199,"author":{"gitId":"ChengYoghurt"},"content":"        showSeparator();","lastModifiedDate":"2022-09-08"},{"lineNumber":200,"author":{"gitId":"ChengYoghurt"},"content":"","lastModifiedDate":"2022-09-08"},{"lineNumber":201,"author":{"gitId":"ChengYoghurt"},"content":"    }","lastModifiedDate":"2022-09-08"},{"lineNumber":202,"author":{"gitId":"ChengYoghurt"},"content":"    private static void handleAddTodoException() {","lastModifiedDate":"2022-09-08"},{"lineNumber":203,"author":{"gitId":"ChengYoghurt"},"content":"        System.out.println(\"OOPS!!! The description of a todo cannot be empty.\");","lastModifiedDate":"2022-09-08"},{"lineNumber":204,"author":{"gitId":"ChengYoghurt"},"content":"        showSeparator();","lastModifiedDate":"2022-09-08"},{"lineNumber":205,"author":{"gitId":"ChengYoghurt"},"content":"    }","lastModifiedDate":"2022-09-08"},{"lineNumber":206,"author":{"gitId":"ChengYoghurt"},"content":"","lastModifiedDate":"2022-09-08"},{"lineNumber":207,"author":{"gitId":"ChengYoghurt"},"content":"    private static void handleAddDeadException(DukeException e) {","lastModifiedDate":"2022-09-08"},{"lineNumber":208,"author":{"gitId":"ChengYoghurt"},"content":"        if (e instanceof IllegalArgsNumException) {","lastModifiedDate":"2022-09-08"},{"lineNumber":209,"author":{"gitId":"ChengYoghurt"},"content":"            System.out.println(\"OOPS!!! The description of a DDL cannot be empty.\");","lastModifiedDate":"2022-09-08"},{"lineNumber":210,"author":{"gitId":"ChengYoghurt"},"content":"        }","lastModifiedDate":"2022-09-08"},{"lineNumber":211,"author":{"gitId":"ChengYoghurt"},"content":"        else if (e instanceof AbsentArgsFlagException) {","lastModifiedDate":"2022-09-08"},{"lineNumber":212,"author":{"gitId":"ChengYoghurt"},"content":"            System.out.println(\"OOPS!!! The description of a DDL should contain /by.\");","lastModifiedDate":"2022-09-08"},{"lineNumber":213,"author":{"gitId":"ChengYoghurt"},"content":"        }","lastModifiedDate":"2022-09-08"},{"lineNumber":214,"author":{"gitId":"ChengYoghurt"},"content":"        showSeparator();","lastModifiedDate":"2022-09-08"},{"lineNumber":215,"author":{"gitId":"ChengYoghurt"},"content":"    }","lastModifiedDate":"2022-09-08"},{"lineNumber":216,"author":{"gitId":"ChengYoghurt"},"content":"","lastModifiedDate":"2022-09-08"},{"lineNumber":217,"author":{"gitId":"ChengYoghurt"},"content":"    private static void handleAddEventException(DukeException e) {","lastModifiedDate":"2022-09-08"},{"lineNumber":218,"author":{"gitId":"ChengYoghurt"},"content":"        if (e instanceof IllegalArgsNumException) {","lastModifiedDate":"2022-09-08"},{"lineNumber":219,"author":{"gitId":"ChengYoghurt"},"content":"            System.out.println(\"OOPS!!! The description of a event cannot be empty.\");","lastModifiedDate":"2022-09-08"},{"lineNumber":220,"author":{"gitId":"ChengYoghurt"},"content":"        }","lastModifiedDate":"2022-09-08"},{"lineNumber":221,"author":{"gitId":"ChengYoghurt"},"content":"        else if (e instanceof AbsentArgsFlagException) {","lastModifiedDate":"2022-09-08"},{"lineNumber":222,"author":{"gitId":"ChengYoghurt"},"content":"            System.out.println(\"OOPS!!! The description of a event should contain /at.\");","lastModifiedDate":"2022-09-08"},{"lineNumber":223,"author":{"gitId":"ChengYoghurt"},"content":"        }","lastModifiedDate":"2022-09-08"},{"lineNumber":224,"author":{"gitId":"ChengYoghurt"},"content":"        showSeparator();","lastModifiedDate":"2022-09-08"},{"lineNumber":225,"author":{"gitId":"-"},"content":"    }","lastModifiedDate":"2022-09-08"},{"lineNumber":226,"author":{"gitId":"-"},"content":"}","lastModifiedDate":"2022-08-30"}],"authorContributionMap":{"ChengYoghurt":215,"-":11}},{"path":"src/main/java/duke/exception/AbsentArgsFlagException.java","fileType":"java","lines":[{"lineNumber":1,"author":{"gitId":"ChengYoghurt"},"content":"package duke.exception;","lastModifiedDate":"2022-09-08"},{"lineNumber":2,"author":{"gitId":"ChengYoghurt"},"content":"","lastModifiedDate":"2022-09-08"},{"lineNumber":3,"author":{"gitId":"ChengYoghurt"},"content":"public class AbsentArgsFlagException extends DukeException {","lastModifiedDate":"2022-09-08"},{"lineNumber":4,"author":{"gitId":"ChengYoghurt"},"content":"}","lastModifiedDate":"2022-09-08"}],"authorContributionMap":{"ChengYoghurt":4}},{"path":"src/main/java/duke/exception/DukeException.java","fileType":"java","lines":[{"lineNumber":1,"author":{"gitId":"ChengYoghurt"},"content":"package duke.exception;","lastModifiedDate":"2022-09-08"},{"lineNumber":2,"author":{"gitId":"ChengYoghurt"},"content":"","lastModifiedDate":"2022-09-08"},{"lineNumber":3,"author":{"gitId":"ChengYoghurt"},"content":"public class DukeException extends Exception{","lastModifiedDate":"2022-09-08"},{"lineNumber":4,"author":{"gitId":"ChengYoghurt"},"content":"}","lastModifiedDate":"2022-09-08"}],"authorContributionMap":{"ChengYoghurt":4}},{"path":"src/main/java/duke/exception/IllegalArgsNumException.java","fileType":"java","lines":[{"lineNumber":1,"author":{"gitId":"ChengYoghurt"},"content":"package duke.exception;","lastModifiedDate":"2022-09-08"},{"lineNumber":2,"author":{"gitId":"ChengYoghurt"},"content":"","lastModifiedDate":"2022-09-08"},{"lineNumber":3,"author":{"gitId":"ChengYoghurt"},"content":"public class IllegalArgsNumException extends DukeException {","lastModifiedDate":"2022-09-08"},{"lineNumber":4,"author":{"gitId":"ChengYoghurt"},"content":"}","lastModifiedDate":"2022-09-08"}],"authorContributionMap":{"ChengYoghurt":4}},{"path":"src/main/java/duke/exception/IllegalArgsTypeException.java","fileType":"java","lines":[{"lineNumber":1,"author":{"gitId":"ChengYoghurt"},"content":"package duke.exception;","lastModifiedDate":"2022-09-08"},{"lineNumber":2,"author":{"gitId":"ChengYoghurt"},"content":"","lastModifiedDate":"2022-09-08"},{"lineNumber":3,"author":{"gitId":"ChengYoghurt"},"content":"public class IllegalArgsTypeException extends DukeException {","lastModifiedDate":"2022-09-08"},{"lineNumber":4,"author":{"gitId":"ChengYoghurt"},"content":"}","lastModifiedDate":"2022-09-08"}],"authorContributionMap":{"ChengYoghurt":4}},{"path":"src/main/java/duke/task/Deadline.java","fileType":"java","lines":[{"lineNumber":1,"author":{"gitId":"ChengYoghurt"},"content":"package duke.task;","lastModifiedDate":"2022-09-08"},{"lineNumber":2,"author":{"gitId":"ChengYoghurt"},"content":"","lastModifiedDate":"2022-09-08"},{"lineNumber":3,"author":{"gitId":"ChengYoghurt"},"content":"public class Deadline extends Task {","lastModifiedDate":"2022-09-01"},{"lineNumber":4,"author":{"gitId":"ChengYoghurt"},"content":"    protected String by;","lastModifiedDate":"2022-09-01"},{"lineNumber":5,"author":{"gitId":"ChengYoghurt"},"content":"","lastModifiedDate":"2022-09-01"},{"lineNumber":6,"author":{"gitId":"ChengYoghurt"},"content":"    public Deadline(String description, String by) {","lastModifiedDate":"2022-09-01"},{"lineNumber":7,"author":{"gitId":"ChengYoghurt"},"content":"        super(description);","lastModifiedDate":"2022-09-01"},{"lineNumber":8,"author":{"gitId":"ChengYoghurt"},"content":"        this.by \u003d by.replace(\"by \", \"\");","lastModifiedDate":"2022-09-01"},{"lineNumber":9,"author":{"gitId":"ChengYoghurt"},"content":"    }","lastModifiedDate":"2022-09-01"},{"lineNumber":10,"author":{"gitId":"ChengYoghurt"},"content":"","lastModifiedDate":"2022-09-01"},{"lineNumber":11,"author":{"gitId":"ChengYoghurt"},"content":"    @Override","lastModifiedDate":"2022-09-01"},{"lineNumber":12,"author":{"gitId":"ChengYoghurt"},"content":"    public String toString() {","lastModifiedDate":"2022-09-01"},{"lineNumber":13,"author":{"gitId":"ChengYoghurt"},"content":"        return \"[D]\" + super.toString() + \" (by: \" + by + \")\";","lastModifiedDate":"2022-09-01"},{"lineNumber":14,"author":{"gitId":"ChengYoghurt"},"content":"    }","lastModifiedDate":"2022-09-01"},{"lineNumber":15,"author":{"gitId":"ChengYoghurt"},"content":"","lastModifiedDate":"2022-09-01"},{"lineNumber":16,"author":{"gitId":"ChengYoghurt"},"content":"}","lastModifiedDate":"2022-09-01"}],"authorContributionMap":{"ChengYoghurt":16}},{"path":"src/main/java/duke/task/Event.java","fileType":"java","lines":[{"lineNumber":1,"author":{"gitId":"ChengYoghurt"},"content":"package duke.task;","lastModifiedDate":"2022-09-08"},{"lineNumber":2,"author":{"gitId":"ChengYoghurt"},"content":"","lastModifiedDate":"2022-09-08"},{"lineNumber":3,"author":{"gitId":"ChengYoghurt"},"content":"public class Event extends Task {","lastModifiedDate":"2022-09-01"},{"lineNumber":4,"author":{"gitId":"ChengYoghurt"},"content":"    protected String duration;","lastModifiedDate":"2022-09-01"},{"lineNumber":5,"author":{"gitId":"ChengYoghurt"},"content":"","lastModifiedDate":"2022-09-01"},{"lineNumber":6,"author":{"gitId":"ChengYoghurt"},"content":"    public Event(String description, String duration) {","lastModifiedDate":"2022-09-01"},{"lineNumber":7,"author":{"gitId":"ChengYoghurt"},"content":"        super(description);","lastModifiedDate":"2022-09-01"},{"lineNumber":8,"author":{"gitId":"ChengYoghurt"},"content":"        this.duration \u003d duration.replace(\"at \", \"\");","lastModifiedDate":"2022-09-01"},{"lineNumber":9,"author":{"gitId":"ChengYoghurt"},"content":"    }","lastModifiedDate":"2022-09-01"},{"lineNumber":10,"author":{"gitId":"ChengYoghurt"},"content":"","lastModifiedDate":"2022-09-01"},{"lineNumber":11,"author":{"gitId":"ChengYoghurt"},"content":"    @Override","lastModifiedDate":"2022-09-01"},{"lineNumber":12,"author":{"gitId":"ChengYoghurt"},"content":"    public String toString() {","lastModifiedDate":"2022-09-01"},{"lineNumber":13,"author":{"gitId":"ChengYoghurt"},"content":"        return \"[E]\" + super.toString() + \" (at: \" + duration + \")\";","lastModifiedDate":"2022-09-01"},{"lineNumber":14,"author":{"gitId":"ChengYoghurt"},"content":"    }","lastModifiedDate":"2022-09-01"},{"lineNumber":15,"author":{"gitId":"ChengYoghurt"},"content":"}","lastModifiedDate":"2022-09-01"}],"authorContributionMap":{"ChengYoghurt":15}},{"path":"src/main/java/duke/task/Task.java","fileType":"java","lines":[{"lineNumber":1,"author":{"gitId":"ChengYoghurt"},"content":"package duke.task;","lastModifiedDate":"2022-09-08"},{"lineNumber":2,"author":{"gitId":"ChengYoghurt"},"content":"","lastModifiedDate":"2022-09-08"},{"lineNumber":3,"author":{"gitId":"ChengYoghurt"},"content":"public class Task {","lastModifiedDate":"2022-08-30"},{"lineNumber":4,"author":{"gitId":"ChengYoghurt"},"content":"","lastModifiedDate":"2022-08-30"},{"lineNumber":5,"author":{"gitId":"ChengYoghurt"},"content":"    protected String description;","lastModifiedDate":"2022-09-01"},{"lineNumber":6,"author":{"gitId":"ChengYoghurt"},"content":"    protected boolean isMarked;","lastModifiedDate":"2022-09-01"},{"lineNumber":7,"author":{"gitId":"ChengYoghurt"},"content":"","lastModifiedDate":"2022-08-30"},{"lineNumber":8,"author":{"gitId":"ChengYoghurt"},"content":"","lastModifiedDate":"2022-08-30"},{"lineNumber":9,"author":{"gitId":"ChengYoghurt"},"content":"    public Task(String description) {","lastModifiedDate":"2022-08-30"},{"lineNumber":10,"author":{"gitId":"ChengYoghurt"},"content":"        this.description \u003d description;","lastModifiedDate":"2022-08-30"},{"lineNumber":11,"author":{"gitId":"ChengYoghurt"},"content":"        this.isMarked \u003d false;","lastModifiedDate":"2022-08-30"},{"lineNumber":12,"author":{"gitId":"ChengYoghurt"},"content":"    }","lastModifiedDate":"2022-08-30"},{"lineNumber":13,"author":{"gitId":"ChengYoghurt"},"content":"","lastModifiedDate":"2022-08-30"},{"lineNumber":14,"author":{"gitId":"ChengYoghurt"},"content":"    public void setMarked(boolean isMarked) {","lastModifiedDate":"2022-08-30"},{"lineNumber":15,"author":{"gitId":"ChengYoghurt"},"content":"        this.isMarked \u003d isMarked;","lastModifiedDate":"2022-08-30"},{"lineNumber":16,"author":{"gitId":"ChengYoghurt"},"content":"    }","lastModifiedDate":"2022-08-30"},{"lineNumber":17,"author":{"gitId":"ChengYoghurt"},"content":"","lastModifiedDate":"2022-08-30"},{"lineNumber":18,"author":{"gitId":"ChengYoghurt"},"content":"    @Override","lastModifiedDate":"2022-08-30"},{"lineNumber":19,"author":{"gitId":"ChengYoghurt"},"content":"    public String toString() {","lastModifiedDate":"2022-08-30"},{"lineNumber":20,"author":{"gitId":"ChengYoghurt"},"content":"        if (isMarked) {","lastModifiedDate":"2022-08-30"},{"lineNumber":21,"author":{"gitId":"ChengYoghurt"},"content":"            return \"[√]\" + description;","lastModifiedDate":"2022-08-30"},{"lineNumber":22,"author":{"gitId":"ChengYoghurt"},"content":"        }","lastModifiedDate":"2022-08-30"},{"lineNumber":23,"author":{"gitId":"ChengYoghurt"},"content":"        else return \"[ ]\" + description;","lastModifiedDate":"2022-08-30"},{"lineNumber":24,"author":{"gitId":"ChengYoghurt"},"content":"    }","lastModifiedDate":"2022-08-30"},{"lineNumber":25,"author":{"gitId":"ChengYoghurt"},"content":"}","lastModifiedDate":"2022-08-30"}],"authorContributionMap":{"ChengYoghurt":25}},{"path":"src/main/java/duke/task/Todo.java","fileType":"java","lines":[{"lineNumber":1,"author":{"gitId":"ChengYoghurt"},"content":"package duke.task;","lastModifiedDate":"2022-09-08"},{"lineNumber":2,"author":{"gitId":"ChengYoghurt"},"content":"","lastModifiedDate":"2022-09-08"},{"lineNumber":3,"author":{"gitId":"ChengYoghurt"},"content":"public class Todo extends Task {","lastModifiedDate":"2022-09-01"},{"lineNumber":4,"author":{"gitId":"ChengYoghurt"},"content":"","lastModifiedDate":"2022-09-01"},{"lineNumber":5,"author":{"gitId":"ChengYoghurt"},"content":"    public Todo(String description) {","lastModifiedDate":"2022-09-01"},{"lineNumber":6,"author":{"gitId":"ChengYoghurt"},"content":"        super(description);","lastModifiedDate":"2022-09-01"},{"lineNumber":7,"author":{"gitId":"ChengYoghurt"},"content":"    }","lastModifiedDate":"2022-09-01"},{"lineNumber":8,"author":{"gitId":"ChengYoghurt"},"content":"","lastModifiedDate":"2022-09-01"},{"lineNumber":9,"author":{"gitId":"ChengYoghurt"},"content":"    @Override","lastModifiedDate":"2022-09-01"},{"lineNumber":10,"author":{"gitId":"ChengYoghurt"},"content":"    public String toString() {","lastModifiedDate":"2022-09-01"},{"lineNumber":11,"author":{"gitId":"ChengYoghurt"},"content":"        return \"[T]\" + super.toString();","lastModifiedDate":"2022-09-01"},{"lineNumber":12,"author":{"gitId":"ChengYoghurt"},"content":"    }","lastModifiedDate":"2022-09-01"},{"lineNumber":13,"author":{"gitId":"ChengYoghurt"},"content":"}","lastModifiedDate":"2022-09-01"}],"authorContributionMap":{"ChengYoghurt":13}},{"path":"text-ui-test/input.txt","fileType":"txt","lines":[{"lineNumber":1,"author":{"gitId":"ChengYoghurt"},"content":"list","lastModifiedDate":"2022-09-01"},{"lineNumber":2,"author":{"gitId":"ChengYoghurt"},"content":"read a book","lastModifiedDate":"2022-09-01"},{"lineNumber":3,"author":{"gitId":"ChengYoghurt"},"content":"todo go to the lecture","lastModifiedDate":"2022-09-01"},{"lineNumber":4,"author":{"gitId":"ChengYoghurt"},"content":"deadline finish the quiz /by tonight","lastModifiedDate":"2022-09-01"},{"lineNumber":5,"author":{"gitId":"ChengYoghurt"},"content":"event watch the video game /at 8:00-9:00 Sat","lastModifiedDate":"2022-09-01"},{"lineNumber":6,"author":{"gitId":"ChengYoghurt"},"content":"list","lastModifiedDate":"2022-09-01"},{"lineNumber":7,"author":{"gitId":"ChengYoghurt"},"content":"mark 1","lastModifiedDate":"2022-09-01"},{"lineNumber":8,"author":{"gitId":"ChengYoghurt"},"content":"mark 2","lastModifiedDate":"2022-09-01"},{"lineNumber":9,"author":{"gitId":"ChengYoghurt"},"content":"unmark 1","lastModifiedDate":"2022-09-01"},{"lineNumber":10,"author":{"gitId":"ChengYoghurt"},"content":"list","lastModifiedDate":"2022-09-01"},{"lineNumber":11,"author":{"gitId":"ChengYoghurt"},"content":"bye","lastModifiedDate":"2022-09-01"}],"authorContributionMap":{"ChengYoghurt":11}}]
