{"authorDailyContributionsMap":{"ChengYoghurt":[{"date":"2022-08-29","commitResults":[{"hash":"6e71d02e1f72a678ac4b5ca2bfb36693ab68c6d9","messageTitle":"Add greetings","messageBody":"","tags":["Level-0"],"fileTypesAndContributionMap":{"java":{"insertions":20,"deletions":2}}},{"hash":"d11094a7426225b3cc0388a95f0b9d02a920ca51","messageTitle":"Add separator and greet","messageBody":"","fileTypesAndContributionMap":{"java":{"insertions":1,"deletions":0}}}]},{"date":"2022-08-30","commitResults":[{"hash":"d359fa625d2e6882fe6cea1d1386c39ba2d068d4","messageTitle":"Add echo input, adjust horizontal lines","messageBody":"","tags":["Level-1"],"fileTypesAndContributionMap":{"java":{"insertions":24,"deletions":7}}},{"hash":"8f052f7dc96af2f120139bf8b8c05d322c16d9c3","messageTitle":"Add addTask,listTask to Duke class","messageBody":"","tags":["Level-2"],"fileTypesAndContributionMap":{"java":{"insertions":37,"deletions":8}}},{"hash":"def02ea7306ec8afc5f2cc8be429d1056290013e","messageTitle":"Add Task class","messageBody":"","fileTypesAndContributionMap":{"java":{"insertions":26,"deletions":0}}},{"hash":"8771748df9210becc06e221e36d26d0b79c31ea5","messageTitle":"Modify Task class, Add markTask in Duke class","messageBody":"","fileTypesAndContributionMap":{"java":{"insertions":28,"deletions":16}}},{"hash":"73947ab8e70596a37ff0090f03e8acf4c6e33b58","messageTitle":"Add mark cmd in readUserCmd","messageBody":"","tags":["Level-3"],"fileTypesAndContributionMap":{"java":{"insertions":11,"deletions":6}}},{"hash":"8693fb609e91b14c82642e8d87f027bfcfc2d10e","messageTitle":"Tweak code to comply with coding standard","messageBody":"","tags":["A-CodingStandard"],"fileTypesAndContributionMap":{"java":{"insertions":6,"deletions":5}}},{"hash":"e1120f98719522c3acd4996cdd253091267e3749","messageTitle":"Extract showLogo, modify showSeparator","messageBody":"","fileTypesAndContributionMap":{"java":{"insertions":11,"deletions":5}}}]}]},"authorFileTypeContributionMap":{"ChengYoghurt":{"java":114,"md":0,"fxml":0,"sh":0,"bat":0,"gradle":0,"txt":0}},"authorContributionVariance":{"ChengYoghurt":1802.1664},"authorDisplayNameMap":{"ChengYoghurt":"CS2113-F11-2 CHEN..YUGE"}}
