{"authorDailyContributionsMap":{"ChengYoghurt":[{"date":"2022-08-29","commitResults":[{"hash":"6e71d02e1f72a678ac4b5ca2bfb36693ab68c6d9","messageTitle":"Add greetings","messageBody":"","tags":["Level-0"],"fileTypesAndContributionMap":{"java":{"insertions":20,"deletions":2}}},{"hash":"d11094a7426225b3cc0388a95f0b9d02a920ca51","messageTitle":"Add separator and greet","messageBody":"","fileTypesAndContributionMap":{"java":{"insertions":1,"deletions":0}}}]},{"date":"2022-08-30","commitResults":[{"hash":"d359fa625d2e6882fe6cea1d1386c39ba2d068d4","messageTitle":"Add echo input, adjust horizontal lines","messageBody":"","tags":["Level-1"],"fileTypesAndContributionMap":{"java":{"insertions":24,"deletions":7}}},{"hash":"8f052f7dc96af2f120139bf8b8c05d322c16d9c3","messageTitle":"Add addTask,listTask to Duke class","messageBody":"","tags":["Level-2"],"fileTypesAndContributionMap":{"java":{"insertions":37,"deletions":8}}},{"hash":"def02ea7306ec8afc5f2cc8be429d1056290013e","messageTitle":"Add Task class","messageBody":"","fileTypesAndContributionMap":{"java":{"insertions":26,"deletions":0}}},{"hash":"8771748df9210becc06e221e36d26d0b79c31ea5","messageTitle":"Modify Task class, Add markTask in Duke class","messageBody":"","fileTypesAndContributionMap":{"java":{"insertions":28,"deletions":16}}},{"hash":"73947ab8e70596a37ff0090f03e8acf4c6e33b58","messageTitle":"Add mark cmd in readUserCmd","messageBody":"","tags":["Level-3"],"fileTypesAndContributionMap":{"java":{"insertions":11,"deletions":6}}},{"hash":"8693fb609e91b14c82642e8d87f027bfcfc2d10e","messageTitle":"Tweak code to comply with coding standard","messageBody":"","tags":["A-CodingStandard"],"fileTypesAndContributionMap":{"java":{"insertions":6,"deletions":5}}},{"hash":"e1120f98719522c3acd4996cdd253091267e3749","messageTitle":"Extract showLogo, modify showSeparator","messageBody":"","fileTypesAndContributionMap":{"java":{"insertions":11,"deletions":5}}}]},{"date":"2022-09-01","commitResults":[{"hash":"25c433dbed1ed21bfb15d6936db2a3d7fe394646","messageTitle":"Add support for tracking three types of tasks","messageBody":"","fileTypesAndContributionMap":{"java":{"insertions":42,"deletions":2}}},{"hash":"1ef852e23f8e47e9208663d7c84de22b07d6866c","messageTitle":"Add addTodo,addDeadline,addEvent in Duke class","messageBody":"","tags":["Level-4"],"fileTypesAndContributionMap":{"java":{"insertions":53,"deletions":9}}},{"hash":"ae0234ca6331c620fb01221088fb6e6b354a5047","messageTitle":"Add auto text UI test","messageBody":"","tags":["A-TextUiTesting"],"fileTypesAndContributionMap":{"txt":{"insertions":11,"deletions":0},"java":{"insertions":1,"deletions":1}}},{"hash":"2aa9628f88042383ed2d665bfd48018911622f16","messageTitle":"Improve code quality","messageBody":"","tags":["A-CodeQuality"],"fileTypesAndContributionMap":{"java":{"insertions":5,"deletions":7}}}]},{"date":"2022-09-08","commitResults":[{"hash":"8f5f70740df9d50da16a87b4b41a1d324d79bedd","messageTitle":"Add class DukeException","messageBody":"","fileTypesAndContributionMap":{"java":{"insertions":4,"deletions":2}}},{"hash":"22bb504558c448be8aca72c64813a3d65d26ede5","messageTitle":"Add addTodo exception handler","messageBody":"","fileTypesAndContributionMap":{"java":{"insertions":14,"deletions":2}}},{"hash":"5f15ce69669306b789bc31a1fc3ea73e51094e63","messageTitle":"Add DukeException subclasses argExceptions","messageBody":"","fileTypesAndContributionMap":{"java":{"insertions":17,"deletions":1}}},{"hash":"eef5d409139731ab4643c5fea3e58d10d1ec4a2a","messageTitle":"Add addDeadlineException handler","messageBody":"","fileTypesAndContributionMap":{"java":{"insertions":19,"deletions":5}}},{"hash":"be56555265ae6b0056b87d327341a385dc9be0fe","messageTitle":"Add addEventException handler","messageBody":"","fileTypesAndContributionMap":{"java":{"insertions":24,"deletions":2}}},{"hash":"1274962de6ac8f4854c103cfbcedf0b9c9dca1bb","messageTitle":"Add addTaskException handler","messageBody":"","tags":["Level-5"],"fileTypesAndContributionMap":{"java":{"insertions":16,"deletions":2}}},{"hash":"f531865546406aaa2882953fd7257db18260ce28","messageTitle":"Add duke.exception,duke.task packages","messageBody":"","tags":["A-Packages","A-Exceptions"],"fileTypesAndContributionMap":{"java":{"insertions":25,"deletions":1}}}]},{"date":"2022-09-16","commitResults":[{"hash":"ee7c25428757b38bbdd9490799c40dc68b3bee95","messageTitle":"Replace array with arrayList to store tasks","messageBody":"","fileTypesAndContributionMap":{"java":{"insertions":21,"deletions":17}}},{"hash":"1c81bee8dd5d4835fb1ad2ea693d9a0e628bb747","messageTitle":"Add deleteTask in Duke class","messageBody":"","tags":["Level-6"],"fileTypesAndContributionMap":{"java":{"insertions":14,"deletions":2}}},{"hash":"151c095c014893652a3d94399677c9b616e2abea","messageTitle":"Add dumpTask in Duke class","messageBody":"","tags":["Level-7"],"fileTypesAndContributionMap":{"txt":{"insertions":1,"deletions":0},"java":{"insertions":20,"deletions":0}}}]},{"date":"2022-09-24","commitResults":[{"hash":"ee64b5b5cd27a10f476993842177eae9599f1011","messageTitle":"Extract class Ui","messageBody":"","fileTypesAndContributionMap":{"java":{"insertions":33,"deletions":25}}},{"hash":"d70bbd2bf6ae629e22a0de17a34cf4958962b3cc","messageTitle":"Extract class Storage,modify dumpTask","messageBody":"","fileTypesAndContributionMap":{"java":{"insertions":90,"deletions":13}}},{"hash":"173a7b7a0515f5fc8174274d853a09dc2c7359fc","messageTitle":"Extract class TaskList","messageBody":"","fileTypesAndContributionMap":{"java":{"insertions":124,"deletions":104}}},{"hash":"76383e14d3ee644036f2018076d35f1b9152c8d1","messageTitle":"Add loadTask in Storage","messageBody":"","fileTypesAndContributionMap":{"java":{"insertions":58,"deletions":15}}}]},{"date":"2022-09-25","commitResults":[{"hash":"dedd7a1f588bee12190b1fa8c43304f4f9f347b0","messageTitle":"Add getMessage in DukeException classes","messageBody":"","fileTypesAndContributionMap":{"txt":{"insertions":0,"deletions":1},"java":{"insertions":41,"deletions":15}}},{"hash":"ac287c9501f9ad8f2303fef5d27bf0f7954f602d","messageTitle":"Extract class Parser,add run in main","messageBody":"","fileTypesAndContributionMap":{"txt":{"insertions":1,"deletions":0},"java":{"insertions":112,"deletions":114}}},{"hash":"6276794c49d721119d3b024d2cfd24c272abb7ce","messageTitle":"Add loop in run, reformat task to_string","messageBody":"","fileTypesAndContributionMap":{"txt":{"insertions":1,"deletions":1},"java":{"insertions":19,"deletions":12}}},{"hash":"cfc6be5ae2d54eec904ff5bf112ef97776b76b20","messageTitle":"Fix loadTask in Storage","messageBody":"","tags":["A-MoreOOP"],"fileTypesAndContributionMap":{"txt":{"insertions":2,"deletions":1},"java":{"insertions":19,"deletions":20}}}]},{"date":"2022-09-26","commitResults":[{"hash":"6b6d511cce8c336429bfa260e344e2e64297bc70","messageTitle":"Add findTask in taskList","messageBody":"","tags":["Level-9"],"fileTypesAndContributionMap":{"txt":{"insertions":2,"deletions":0},"java":{"insertions":20,"deletions":0}}}]}]},"authorFileTypeContributionMap":{"ChengYoghurt":{"java":541,"md":0,"fxml":0,"sh":0,"bat":0,"gradle":0,"txt":15}},"authorContributionVariance":{"ChengYoghurt":8213.358},"authorDisplayNameMap":{"ChengYoghurt":"CS2113-F11-2 CHEN..YUGE"}}
