[{"path":"src/main/java/Duke.java","fileType":"java","lines":[{"lineNumber":1,"author":{"gitId":"cheehengk"},"content":"import java.util.Scanner;","lastModifiedDate":"2022-08-21"},{"lineNumber":2,"author":{"gitId":"cheehengk"},"content":"","lastModifiedDate":"2022-08-21"},{"lineNumber":3,"author":{"gitId":"-"},"content":"public class Duke {","lastModifiedDate":"2019-07-29"},{"lineNumber":4,"author":{"gitId":"cheehengk"},"content":"","lastModifiedDate":"2022-08-21"},{"lineNumber":5,"author":{"gitId":"cheehengk"},"content":"    public static Boolean checkIsInteger(String toCheck) {","lastModifiedDate":"2022-08-21"},{"lineNumber":6,"author":{"gitId":"cheehengk"},"content":"        try {","lastModifiedDate":"2022-08-21"},{"lineNumber":7,"author":{"gitId":"cheehengk"},"content":"            int intValue \u003d Integer.parseInt(toCheck);","lastModifiedDate":"2022-08-21"},{"lineNumber":8,"author":{"gitId":"cheehengk"},"content":"            return true;","lastModifiedDate":"2022-08-21"},{"lineNumber":9,"author":{"gitId":"cheehengk"},"content":"        } catch (NumberFormatException e) {","lastModifiedDate":"2022-08-21"},{"lineNumber":10,"author":{"gitId":"cheehengk"},"content":"            return false;","lastModifiedDate":"2022-08-21"},{"lineNumber":11,"author":{"gitId":"cheehengk"},"content":"        }","lastModifiedDate":"2022-08-21"},{"lineNumber":12,"author":{"gitId":"cheehengk"},"content":"    }","lastModifiedDate":"2022-08-21"},{"lineNumber":13,"author":{"gitId":"cheehengk"},"content":"    public static boolean processCommand(String command, TaskManager taskManager) {","lastModifiedDate":"2022-08-21"},{"lineNumber":14,"author":{"gitId":"cheehengk"},"content":"        switch(command) {","lastModifiedDate":"2022-08-21"},{"lineNumber":15,"author":{"gitId":"cheehengk"},"content":"        case \"bye\":","lastModifiedDate":"2022-08-21"},{"lineNumber":16,"author":{"gitId":"cheehengk"},"content":"            System.out.println(\"Bye and see you again soon!\");","lastModifiedDate":"2022-08-21"},{"lineNumber":17,"author":{"gitId":"cheehengk"},"content":"            return false;","lastModifiedDate":"2022-08-21"},{"lineNumber":18,"author":{"gitId":"cheehengk"},"content":"        case \"list\":","lastModifiedDate":"2022-08-21"},{"lineNumber":19,"author":{"gitId":"cheehengk"},"content":"            taskManager.listTasks();","lastModifiedDate":"2022-08-21"},{"lineNumber":20,"author":{"gitId":"cheehengk"},"content":"            return true;","lastModifiedDate":"2022-08-21"},{"lineNumber":21,"author":{"gitId":"cheehengk"},"content":"        default:","lastModifiedDate":"2022-08-21"},{"lineNumber":22,"author":{"gitId":"cheehengk"},"content":"            break;","lastModifiedDate":"2022-08-21"},{"lineNumber":23,"author":{"gitId":"cheehengk"},"content":"        }","lastModifiedDate":"2022-08-21"},{"lineNumber":24,"author":{"gitId":"cheehengk"},"content":"","lastModifiedDate":"2022-08-21"},{"lineNumber":25,"author":{"gitId":"cheehengk"},"content":"        String[] arrOfCommand \u003d command.split(\" \");","lastModifiedDate":"2022-08-21"},{"lineNumber":26,"author":{"gitId":"cheehengk"},"content":"","lastModifiedDate":"2022-08-21"},{"lineNumber":27,"author":{"gitId":"cheehengk"},"content":"        if ((arrOfCommand[0].equals(\"mark\") \u0026\u0026 arrOfCommand.length \u003e 1) \u0026\u0026 checkIsInteger(arrOfCommand[1])) {","lastModifiedDate":"2022-08-21"},{"lineNumber":28,"author":{"gitId":"cheehengk"},"content":"            taskManager.markTasks(true, Integer.parseInt(arrOfCommand[1]));","lastModifiedDate":"2022-08-21"},{"lineNumber":29,"author":{"gitId":"cheehengk"},"content":"        }","lastModifiedDate":"2022-08-21"},{"lineNumber":30,"author":{"gitId":"cheehengk"},"content":"        else if ((arrOfCommand[0].equals(\"unmark\") \u0026\u0026 arrOfCommand.length \u003e 1) \u0026\u0026 checkIsInteger(arrOfCommand[1])) {","lastModifiedDate":"2022-08-21"},{"lineNumber":31,"author":{"gitId":"cheehengk"},"content":"            taskManager.markTasks(false, Integer.parseInt(arrOfCommand[1]));","lastModifiedDate":"2022-08-21"},{"lineNumber":32,"author":{"gitId":"cheehengk"},"content":"        }","lastModifiedDate":"2022-08-21"},{"lineNumber":33,"author":{"gitId":"cheehengk"},"content":"        else {","lastModifiedDate":"2022-08-21"},{"lineNumber":34,"author":{"gitId":"cheehengk"},"content":"            taskManager.addNewTask(command);","lastModifiedDate":"2022-08-21"},{"lineNumber":35,"author":{"gitId":"cheehengk"},"content":"        }","lastModifiedDate":"2022-08-21"},{"lineNumber":36,"author":{"gitId":"cheehengk"},"content":"        return true;","lastModifiedDate":"2022-08-21"},{"lineNumber":37,"author":{"gitId":"cheehengk"},"content":"    }","lastModifiedDate":"2022-08-21"},{"lineNumber":38,"author":{"gitId":"cheehengk"},"content":"","lastModifiedDate":"2022-08-21"},{"lineNumber":39,"author":{"gitId":"-"},"content":"    public static void main(String[] args) {","lastModifiedDate":"2019-07-29"},{"lineNumber":40,"author":{"gitId":"cheehengk"},"content":"        String command;","lastModifiedDate":"2022-08-21"},{"lineNumber":41,"author":{"gitId":"cheehengk"},"content":"        Boolean online \u003d true;","lastModifiedDate":"2022-08-21"},{"lineNumber":42,"author":{"gitId":"cheehengk"},"content":"        Scanner in \u003d new Scanner(System.in);","lastModifiedDate":"2022-08-21"},{"lineNumber":43,"author":{"gitId":"cheehengk"},"content":"        String InitialGreeting \u003d \"Greetings, I am Azmuth\\n\" +","lastModifiedDate":"2022-08-21"},{"lineNumber":44,"author":{"gitId":"cheehengk"},"content":"                \"What can I do for you?\\n\" +","lastModifiedDate":"2022-08-18"},{"lineNumber":45,"author":{"gitId":"cheehengk"},"content":"                \"____________________\";","lastModifiedDate":"2022-08-21"},{"lineNumber":46,"author":{"gitId":"cheehengk"},"content":"        System.out.println(InitialGreeting);","lastModifiedDate":"2022-08-18"},{"lineNumber":47,"author":{"gitId":"cheehengk"},"content":"        TaskManager taskManager \u003d new TaskManager();","lastModifiedDate":"2022-08-21"},{"lineNumber":48,"author":{"gitId":"cheehengk"},"content":"        while (online) {","lastModifiedDate":"2022-08-21"},{"lineNumber":49,"author":{"gitId":"cheehengk"},"content":"            command\u003d in.nextLine();","lastModifiedDate":"2022-08-21"},{"lineNumber":50,"author":{"gitId":"cheehengk"},"content":"            online \u003d processCommand(command, taskManager);","lastModifiedDate":"2022-08-21"},{"lineNumber":51,"author":{"gitId":"cheehengk"},"content":"        }","lastModifiedDate":"2022-08-21"},{"lineNumber":52,"author":{"gitId":"cheehengk"},"content":"        in.close();","lastModifiedDate":"2022-08-21"},{"lineNumber":53,"author":{"gitId":"-"},"content":"    }","lastModifiedDate":"2019-07-29"},{"lineNumber":54,"author":{"gitId":"-"},"content":"}","lastModifiedDate":"2019-07-29"}],"authorContributionMap":{"cheehengk":50,"-":4}},{"path":"src/main/java/Task.java","fileType":"java","lines":[{"lineNumber":1,"author":{"gitId":"cheehengk"},"content":"public class Task {","lastModifiedDate":"2022-08-21"},{"lineNumber":2,"author":{"gitId":"cheehengk"},"content":"    private String taskName;","lastModifiedDate":"2022-08-21"},{"lineNumber":3,"author":{"gitId":"cheehengk"},"content":"    private Boolean isDone;","lastModifiedDate":"2022-08-21"},{"lineNumber":4,"author":{"gitId":"cheehengk"},"content":"","lastModifiedDate":"2022-08-21"},{"lineNumber":5,"author":{"gitId":"cheehengk"},"content":"    public Task(String taskName) {","lastModifiedDate":"2022-08-21"},{"lineNumber":6,"author":{"gitId":"cheehengk"},"content":"        this.taskName \u003d taskName;","lastModifiedDate":"2022-08-21"},{"lineNumber":7,"author":{"gitId":"cheehengk"},"content":"        this.isDone \u003d false;","lastModifiedDate":"2022-08-21"},{"lineNumber":8,"author":{"gitId":"cheehengk"},"content":"    }","lastModifiedDate":"2022-08-21"},{"lineNumber":9,"author":{"gitId":"cheehengk"},"content":"","lastModifiedDate":"2022-08-21"},{"lineNumber":10,"author":{"gitId":"cheehengk"},"content":"    public void setTaskName(String taskName) {","lastModifiedDate":"2022-08-21"},{"lineNumber":11,"author":{"gitId":"cheehengk"},"content":"        this.taskName \u003d taskName;","lastModifiedDate":"2022-08-21"},{"lineNumber":12,"author":{"gitId":"cheehengk"},"content":"    }","lastModifiedDate":"2022-08-21"},{"lineNumber":13,"author":{"gitId":"cheehengk"},"content":"","lastModifiedDate":"2022-08-21"},{"lineNumber":14,"author":{"gitId":"cheehengk"},"content":"    public void setIsDone() {","lastModifiedDate":"2022-08-21"},{"lineNumber":15,"author":{"gitId":"cheehengk"},"content":"        this.isDone \u003d true;","lastModifiedDate":"2022-08-21"},{"lineNumber":16,"author":{"gitId":"cheehengk"},"content":"    }","lastModifiedDate":"2022-08-21"},{"lineNumber":17,"author":{"gitId":"cheehengk"},"content":"","lastModifiedDate":"2022-08-21"},{"lineNumber":18,"author":{"gitId":"cheehengk"},"content":"    public void setIsNotDone() {","lastModifiedDate":"2022-08-21"},{"lineNumber":19,"author":{"gitId":"cheehengk"},"content":"        this.isDone \u003d false;","lastModifiedDate":"2022-08-21"},{"lineNumber":20,"author":{"gitId":"cheehengk"},"content":"    }","lastModifiedDate":"2022-08-21"},{"lineNumber":21,"author":{"gitId":"cheehengk"},"content":"","lastModifiedDate":"2022-08-21"},{"lineNumber":22,"author":{"gitId":"cheehengk"},"content":"    public String getTaskName() {","lastModifiedDate":"2022-08-21"},{"lineNumber":23,"author":{"gitId":"cheehengk"},"content":"        return taskName;","lastModifiedDate":"2022-08-21"},{"lineNumber":24,"author":{"gitId":"cheehengk"},"content":"    }","lastModifiedDate":"2022-08-21"},{"lineNumber":25,"author":{"gitId":"cheehengk"},"content":"","lastModifiedDate":"2022-08-21"},{"lineNumber":26,"author":{"gitId":"cheehengk"},"content":"    public Boolean getIsDone() {","lastModifiedDate":"2022-08-21"},{"lineNumber":27,"author":{"gitId":"cheehengk"},"content":"        return isDone;","lastModifiedDate":"2022-08-21"},{"lineNumber":28,"author":{"gitId":"cheehengk"},"content":"    }","lastModifiedDate":"2022-08-21"},{"lineNumber":29,"author":{"gitId":"cheehengk"},"content":"","lastModifiedDate":"2022-08-21"},{"lineNumber":30,"author":{"gitId":"cheehengk"},"content":"}","lastModifiedDate":"2022-08-21"}],"authorContributionMap":{"cheehengk":30}},{"path":"src/main/java/TaskManager.java","fileType":"java","lines":[{"lineNumber":1,"author":{"gitId":"cheehengk"},"content":"import java.util.ArrayList;","lastModifiedDate":"2022-08-21"},{"lineNumber":2,"author":{"gitId":"cheehengk"},"content":"import java.util.List;","lastModifiedDate":"2022-08-21"},{"lineNumber":3,"author":{"gitId":"cheehengk"},"content":"","lastModifiedDate":"2022-08-21"},{"lineNumber":4,"author":{"gitId":"cheehengk"},"content":"public class TaskManager {","lastModifiedDate":"2022-08-21"},{"lineNumber":5,"author":{"gitId":"cheehengk"},"content":"    private static List\u003cTask\u003e tasks \u003d new ArrayList\u003cTask\u003e();","lastModifiedDate":"2022-08-21"},{"lineNumber":6,"author":{"gitId":"cheehengk"},"content":"    private int taskCount \u003d 0;","lastModifiedDate":"2022-08-21"},{"lineNumber":7,"author":{"gitId":"cheehengk"},"content":"","lastModifiedDate":"2022-08-21"},{"lineNumber":8,"author":{"gitId":"cheehengk"},"content":"    public void addNewTask(String taskName) {","lastModifiedDate":"2022-08-21"},{"lineNumber":9,"author":{"gitId":"cheehengk"},"content":"        tasks.add(new Task(taskName));","lastModifiedDate":"2022-08-21"},{"lineNumber":10,"author":{"gitId":"cheehengk"},"content":"        System.out.println(\"Added new task: \" + taskName);","lastModifiedDate":"2022-08-21"},{"lineNumber":11,"author":{"gitId":"cheehengk"},"content":"        System.out.println(\"____________________\");","lastModifiedDate":"2022-08-21"},{"lineNumber":12,"author":{"gitId":"cheehengk"},"content":"        taskCount +\u003d 1;","lastModifiedDate":"2022-08-21"},{"lineNumber":13,"author":{"gitId":"cheehengk"},"content":"    }","lastModifiedDate":"2022-08-21"},{"lineNumber":14,"author":{"gitId":"cheehengk"},"content":"","lastModifiedDate":"2022-08-21"},{"lineNumber":15,"author":{"gitId":"cheehengk"},"content":"    public void listTasks() {","lastModifiedDate":"2022-08-21"},{"lineNumber":16,"author":{"gitId":"cheehengk"},"content":"        System.out.println(\"LIST OF TASKS\");","lastModifiedDate":"2022-08-21"},{"lineNumber":17,"author":{"gitId":"cheehengk"},"content":"        for (int i \u003d 0; i \u003c tasks.size(); i++) {","lastModifiedDate":"2022-08-21"},{"lineNumber":18,"author":{"gitId":"cheehengk"},"content":"            char isDone \u003d tasks.get(i).getIsDone() ? \u0027X\u0027 : \u0027 \u0027;","lastModifiedDate":"2022-08-21"},{"lineNumber":19,"author":{"gitId":"cheehengk"},"content":"            System.out.println((i + 1) + \". [\" + isDone + \"] \" + tasks.get(i).getTaskName());","lastModifiedDate":"2022-08-21"},{"lineNumber":20,"author":{"gitId":"cheehengk"},"content":"        }","lastModifiedDate":"2022-08-21"},{"lineNumber":21,"author":{"gitId":"cheehengk"},"content":"        System.out.println(\"____________________\");","lastModifiedDate":"2022-08-21"},{"lineNumber":22,"author":{"gitId":"cheehengk"},"content":"    }","lastModifiedDate":"2022-08-21"},{"lineNumber":23,"author":{"gitId":"cheehengk"},"content":"","lastModifiedDate":"2022-08-21"},{"lineNumber":24,"author":{"gitId":"cheehengk"},"content":"    public void markTasks(Boolean isDone, int taskIndex) {","lastModifiedDate":"2022-08-21"},{"lineNumber":25,"author":{"gitId":"cheehengk"},"content":"        if (taskIndex \u003c 1 || taskIndex \u003e taskCount) {","lastModifiedDate":"2022-08-21"},{"lineNumber":26,"author":{"gitId":"cheehengk"},"content":"            System.out.println(\"Invalid task indicated, unable to process request\\n____________________\");","lastModifiedDate":"2022-08-21"},{"lineNumber":27,"author":{"gitId":"cheehengk"},"content":"            return;","lastModifiedDate":"2022-08-21"},{"lineNumber":28,"author":{"gitId":"cheehengk"},"content":"        }","lastModifiedDate":"2022-08-21"},{"lineNumber":29,"author":{"gitId":"cheehengk"},"content":"        if (isDone) {","lastModifiedDate":"2022-08-21"},{"lineNumber":30,"author":{"gitId":"cheehengk"},"content":"            if (tasks.get(taskIndex - 1).getIsDone()) {","lastModifiedDate":"2022-08-21"},{"lineNumber":31,"author":{"gitId":"cheehengk"},"content":"                System.out.println(\"This task has already been marked done!\\n____________________\");","lastModifiedDate":"2022-08-21"},{"lineNumber":32,"author":{"gitId":"cheehengk"},"content":"                return;","lastModifiedDate":"2022-08-21"},{"lineNumber":33,"author":{"gitId":"cheehengk"},"content":"            }","lastModifiedDate":"2022-08-21"},{"lineNumber":34,"author":{"gitId":"cheehengk"},"content":"            tasks.get(taskIndex - 1).setIsDone();","lastModifiedDate":"2022-08-21"},{"lineNumber":35,"author":{"gitId":"cheehengk"},"content":"            System.out.println(tasks.get(taskIndex - 1).getTaskName() + \" has been marked as done!\\n____________________\");","lastModifiedDate":"2022-08-21"},{"lineNumber":36,"author":{"gitId":"cheehengk"},"content":"        }","lastModifiedDate":"2022-08-21"},{"lineNumber":37,"author":{"gitId":"cheehengk"},"content":"        else {","lastModifiedDate":"2022-08-21"},{"lineNumber":38,"author":{"gitId":"cheehengk"},"content":"            if (!tasks.get(taskIndex - 1).getIsDone()) {","lastModifiedDate":"2022-08-21"},{"lineNumber":39,"author":{"gitId":"cheehengk"},"content":"                System.out.println(\"This task has already been unmarked!\\n____________________\");","lastModifiedDate":"2022-08-21"},{"lineNumber":40,"author":{"gitId":"cheehengk"},"content":"                return;","lastModifiedDate":"2022-08-21"},{"lineNumber":41,"author":{"gitId":"cheehengk"},"content":"            }","lastModifiedDate":"2022-08-21"},{"lineNumber":42,"author":{"gitId":"cheehengk"},"content":"            tasks.get(taskIndex - 1).setIsNotDone();","lastModifiedDate":"2022-08-21"},{"lineNumber":43,"author":{"gitId":"cheehengk"},"content":"            System.out.println(tasks.get(taskIndex - 1).getTaskName() + \" has been unmarked!\\n____________________\");","lastModifiedDate":"2022-08-21"},{"lineNumber":44,"author":{"gitId":"cheehengk"},"content":"        }","lastModifiedDate":"2022-08-21"},{"lineNumber":45,"author":{"gitId":"cheehengk"},"content":"    }","lastModifiedDate":"2022-08-21"},{"lineNumber":46,"author":{"gitId":"cheehengk"},"content":"}","lastModifiedDate":"2022-08-21"}],"authorContributionMap":{"cheehengk":46}}]
