[{"path":"src/main/java/duke/Duke.java","fileType":"java","lines":[{"lineNumber":1,"author":{"gitId":"cheehengk"},"content":"package duke;","lastModifiedDate":"2022-09-05"},{"lineNumber":2,"author":{"gitId":"cheehengk"},"content":"","lastModifiedDate":"2022-09-05"},{"lineNumber":3,"author":{"gitId":"cheehengk"},"content":"import java.io.FileNotFoundException;","lastModifiedDate":"2022-09-11"},{"lineNumber":4,"author":{"gitId":"cheehengk"},"content":"import java.io.IOException;","lastModifiedDate":"2022-09-11"},{"lineNumber":5,"author":{"gitId":"cheehengk"},"content":"import java.util.Scanner;","lastModifiedDate":"2022-08-28"},{"lineNumber":6,"author":{"gitId":"cheehengk"},"content":"","lastModifiedDate":"2022-08-28"},{"lineNumber":7,"author":{"gitId":"-"},"content":"public class Duke {","lastModifiedDate":"2019-07-29"},{"lineNumber":8,"author":{"gitId":"cheehengk"},"content":"","lastModifiedDate":"2022-08-28"},{"lineNumber":9,"author":{"gitId":"cheehengk"},"content":"    public static void main(String[] args) {","lastModifiedDate":"2022-09-04"},{"lineNumber":10,"author":{"gitId":"cheehengk"},"content":"        String command;","lastModifiedDate":"2022-08-28"},{"lineNumber":11,"author":{"gitId":"cheehengk"},"content":"        Scanner in \u003d new Scanner(System.in);","lastModifiedDate":"2022-08-28"},{"lineNumber":12,"author":{"gitId":"cheehengk"},"content":"        TaskManager taskManager \u003d new TaskManager();","lastModifiedDate":"2022-08-28"},{"lineNumber":13,"author":{"gitId":"cheehengk"},"content":"","lastModifiedDate":"2022-09-11"},{"lineNumber":14,"author":{"gitId":"cheehengk"},"content":"        runInitialLoad(taskManager);","lastModifiedDate":"2022-09-11"},{"lineNumber":15,"author":{"gitId":"cheehengk"},"content":"        runTaskProgram(in, taskManager);","lastModifiedDate":"2022-09-11"},{"lineNumber":16,"author":{"gitId":"cheehengk"},"content":"        runClosingLoad(taskManager);","lastModifiedDate":"2022-09-11"},{"lineNumber":17,"author":{"gitId":"cheehengk"},"content":"","lastModifiedDate":"2022-09-11"},{"lineNumber":18,"author":{"gitId":"cheehengk"},"content":"        in.close();","lastModifiedDate":"2022-09-11"},{"lineNumber":19,"author":{"gitId":"cheehengk"},"content":"    }","lastModifiedDate":"2022-09-11"},{"lineNumber":20,"author":{"gitId":"cheehengk"},"content":"","lastModifiedDate":"2022-09-11"},{"lineNumber":21,"author":{"gitId":"cheehengk"},"content":"    private static void runClosingLoad(TaskManager taskManager) {","lastModifiedDate":"2022-09-11"},{"lineNumber":22,"author":{"gitId":"cheehengk"},"content":"        try {","lastModifiedDate":"2022-09-11"},{"lineNumber":23,"author":{"gitId":"cheehengk"},"content":"            Storage.saveData(taskManager);","lastModifiedDate":"2022-09-11"},{"lineNumber":24,"author":{"gitId":"cheehengk"},"content":"            System.out.println(\"Successfully saved your task list!\");","lastModifiedDate":"2022-09-11"},{"lineNumber":25,"author":{"gitId":"cheehengk"},"content":"        } catch (IOException e) {","lastModifiedDate":"2022-09-11"},{"lineNumber":26,"author":{"gitId":"cheehengk"},"content":"            System.out.println(\"save fail\");","lastModifiedDate":"2022-09-11"},{"lineNumber":27,"author":{"gitId":"cheehengk"},"content":"        }","lastModifiedDate":"2022-09-11"},{"lineNumber":28,"author":{"gitId":"cheehengk"},"content":"","lastModifiedDate":"2022-09-11"},{"lineNumber":29,"author":{"gitId":"cheehengk"},"content":"        System.out.println(Printables.goodbyeMessage);","lastModifiedDate":"2022-09-11"},{"lineNumber":30,"author":{"gitId":"cheehengk"},"content":"    }","lastModifiedDate":"2022-09-11"},{"lineNumber":31,"author":{"gitId":"cheehengk"},"content":"","lastModifiedDate":"2022-09-11"},{"lineNumber":32,"author":{"gitId":"cheehengk"},"content":"    private static void runTaskProgram(Scanner in, TaskManager taskManager) {","lastModifiedDate":"2022-09-11"},{"lineNumber":33,"author":{"gitId":"cheehengk"},"content":"        String command;","lastModifiedDate":"2022-09-11"},{"lineNumber":34,"author":{"gitId":"cheehengk"},"content":"        while (true) {","lastModifiedDate":"2022-08-28"},{"lineNumber":35,"author":{"gitId":"cheehengk"},"content":"            command\u003d in.nextLine();","lastModifiedDate":"2022-08-28"},{"lineNumber":36,"author":{"gitId":"cheehengk"},"content":"            if(!Parser.isOnline(command, taskManager)) {","lastModifiedDate":"2022-08-28"},{"lineNumber":37,"author":{"gitId":"cheehengk"},"content":"                break;","lastModifiedDate":"2022-08-28"},{"lineNumber":38,"author":{"gitId":"cheehengk"},"content":"            }","lastModifiedDate":"2022-08-28"},{"lineNumber":39,"author":{"gitId":"cheehengk"},"content":"            try {","lastModifiedDate":"2022-09-11"},{"lineNumber":40,"author":{"gitId":"cheehengk"},"content":"                Storage.saveData(taskManager);","lastModifiedDate":"2022-09-11"},{"lineNumber":41,"author":{"gitId":"cheehengk"},"content":"            } catch (IOException e) {","lastModifiedDate":"2022-09-11"},{"lineNumber":42,"author":{"gitId":"cheehengk"},"content":"                System.out.println(\"save fail\");","lastModifiedDate":"2022-09-11"},{"lineNumber":43,"author":{"gitId":"cheehengk"},"content":"            }","lastModifiedDate":"2022-09-11"},{"lineNumber":44,"author":{"gitId":"cheehengk"},"content":"        }","lastModifiedDate":"2022-09-11"},{"lineNumber":45,"author":{"gitId":"cheehengk"},"content":"    }","lastModifiedDate":"2022-09-11"},{"lineNumber":46,"author":{"gitId":"cheehengk"},"content":"","lastModifiedDate":"2022-09-11"},{"lineNumber":47,"author":{"gitId":"cheehengk"},"content":"    private static void runInitialLoad(TaskManager taskManager) {","lastModifiedDate":"2022-09-11"},{"lineNumber":48,"author":{"gitId":"cheehengk"},"content":"        System.out.println(Printables.initialGreeting);","lastModifiedDate":"2022-09-11"},{"lineNumber":49,"author":{"gitId":"cheehengk"},"content":"","lastModifiedDate":"2022-09-11"},{"lineNumber":50,"author":{"gitId":"cheehengk"},"content":"        try {","lastModifiedDate":"2022-09-11"},{"lineNumber":51,"author":{"gitId":"cheehengk"},"content":"            Storage.loadData(taskManager);","lastModifiedDate":"2022-09-11"},{"lineNumber":52,"author":{"gitId":"cheehengk"},"content":"        } catch (FileNotFoundException e) {","lastModifiedDate":"2022-09-11"},{"lineNumber":53,"author":{"gitId":"cheehengk"},"content":"            System.out.println(\"File not found, a new data.txt file will be created upon save!\");","lastModifiedDate":"2022-09-11"},{"lineNumber":54,"author":{"gitId":"cheehengk"},"content":"        }","lastModifiedDate":"2022-08-28"},{"lineNumber":55,"author":{"gitId":"-"},"content":"    }","lastModifiedDate":"2019-07-29"},{"lineNumber":56,"author":{"gitId":"-"},"content":"}","lastModifiedDate":"2019-07-29"}],"authorContributionMap":{"cheehengk":53,"-":3}},{"path":"src/main/java/duke/DukeException.java","fileType":"java","lines":[{"lineNumber":1,"author":{"gitId":"cheehengk"},"content":"package duke;","lastModifiedDate":"2022-09-05"},{"lineNumber":2,"author":{"gitId":"cheehengk"},"content":"","lastModifiedDate":"2022-09-05"},{"lineNumber":3,"author":{"gitId":"cheehengk"},"content":"public class DukeException {","lastModifiedDate":"2022-09-04"},{"lineNumber":4,"author":{"gitId":"cheehengk"},"content":"    public static class IllegalNoMarkIndexException extends Exception {","lastModifiedDate":"2022-09-04"},{"lineNumber":5,"author":{"gitId":"cheehengk"},"content":"    }","lastModifiedDate":"2022-09-04"},{"lineNumber":6,"author":{"gitId":"cheehengk"},"content":"    public static class IllegalMarkTargetException extends Exception {","lastModifiedDate":"2022-09-04"},{"lineNumber":7,"author":{"gitId":"cheehengk"},"content":"    }","lastModifiedDate":"2022-09-04"},{"lineNumber":8,"author":{"gitId":"cheehengk"},"content":"    public static class IllegalDeadlineFormatException extends Exception {","lastModifiedDate":"2022-09-04"},{"lineNumber":9,"author":{"gitId":"cheehengk"},"content":"    }","lastModifiedDate":"2022-09-04"},{"lineNumber":10,"author":{"gitId":"cheehengk"},"content":"    public static class IllegalDeadlineDateException extends Exception {","lastModifiedDate":"2022-09-04"},{"lineNumber":11,"author":{"gitId":"cheehengk"},"content":"    }","lastModifiedDate":"2022-09-04"},{"lineNumber":12,"author":{"gitId":"cheehengk"},"content":"    public static class IllegalEventFormatException extends Exception {","lastModifiedDate":"2022-09-04"},{"lineNumber":13,"author":{"gitId":"cheehengk"},"content":"    }","lastModifiedDate":"2022-09-04"},{"lineNumber":14,"author":{"gitId":"cheehengk"},"content":"    public static class IllegalEventDateException extends Exception {","lastModifiedDate":"2022-09-04"},{"lineNumber":15,"author":{"gitId":"cheehengk"},"content":"    }","lastModifiedDate":"2022-09-04"},{"lineNumber":16,"author":{"gitId":"cheehengk"},"content":"    public static class IllegalTodoException extends Exception {","lastModifiedDate":"2022-09-04"},{"lineNumber":17,"author":{"gitId":"cheehengk"},"content":"    }","lastModifiedDate":"2022-09-04"},{"lineNumber":18,"author":{"gitId":"cheehengk"},"content":"    public static class IllegalDeleteIndexException extends Exception {","lastModifiedDate":"2022-09-10"},{"lineNumber":19,"author":{"gitId":"cheehengk"},"content":"    }","lastModifiedDate":"2022-09-10"},{"lineNumber":20,"author":{"gitId":"cheehengk"},"content":"    public static class IllegalDeleteTargetException extends Exception {","lastModifiedDate":"2022-09-10"},{"lineNumber":21,"author":{"gitId":"cheehengk"},"content":"    }","lastModifiedDate":"2022-09-10"},{"lineNumber":22,"author":{"gitId":"cheehengk"},"content":"    public static class IllegalReadFromSaveData extends Exception {","lastModifiedDate":"2022-09-11"},{"lineNumber":23,"author":{"gitId":"cheehengk"},"content":"    }","lastModifiedDate":"2022-09-11"},{"lineNumber":24,"author":{"gitId":"cheehengk"},"content":"}","lastModifiedDate":"2022-09-04"},{"lineNumber":25,"author":{"gitId":"cheehengk"},"content":"","lastModifiedDate":"2022-09-04"}],"authorContributionMap":{"cheehengk":25}},{"path":"src/main/java/duke/Parser.java","fileType":"java","lines":[{"lineNumber":1,"author":{"gitId":"cheehengk"},"content":"package duke;","lastModifiedDate":"2022-09-05"},{"lineNumber":2,"author":{"gitId":"cheehengk"},"content":"","lastModifiedDate":"2022-09-05"},{"lineNumber":3,"author":{"gitId":"cheehengk"},"content":"import duke.commands.*;","lastModifiedDate":"2022-09-05"},{"lineNumber":4,"author":{"gitId":"cheehengk"},"content":"","lastModifiedDate":"2022-09-05"},{"lineNumber":5,"author":{"gitId":"cheehengk"},"content":"public class Parser {","lastModifiedDate":"2022-09-05"},{"lineNumber":6,"author":{"gitId":"cheehengk"},"content":"    private static final String COMMAND_BYE \u003d \"bye\";","lastModifiedDate":"2022-09-05"},{"lineNumber":7,"author":{"gitId":"cheehengk"},"content":"    private static final String COMMAND_LIST \u003d \"list\";","lastModifiedDate":"2022-09-05"},{"lineNumber":8,"author":{"gitId":"cheehengk"},"content":"    private static final String COMMAND_HELP \u003d \"help\";","lastModifiedDate":"2022-09-05"},{"lineNumber":9,"author":{"gitId":"cheehengk"},"content":"    private static final String INVALID_BASIC_COMMAND \u003d \"invalidBasicCommand\";","lastModifiedDate":"2022-09-05"},{"lineNumber":10,"author":{"gitId":"cheehengk"},"content":"    private static final String COMMAND_MARK \u003d \"mark\";","lastModifiedDate":"2022-09-05"},{"lineNumber":11,"author":{"gitId":"cheehengk"},"content":"    private static final String COMMAND_UNMARK \u003d \"unmark\";","lastModifiedDate":"2022-09-05"},{"lineNumber":12,"author":{"gitId":"cheehengk"},"content":"    private static final String COMMAND_TODOS \u003d \"todo\";","lastModifiedDate":"2022-09-05"},{"lineNumber":13,"author":{"gitId":"cheehengk"},"content":"    private static final String COMMAND_DEADLINES \u003d \"deadline\";","lastModifiedDate":"2022-09-05"},{"lineNumber":14,"author":{"gitId":"cheehengk"},"content":"    private static final String COMMAND_EVENTS \u003d \"event\";","lastModifiedDate":"2022-09-05"},{"lineNumber":15,"author":{"gitId":"cheehengk"},"content":"    private static final String COMMAND_DELETE \u003d \"delete\";","lastModifiedDate":"2022-09-10"},{"lineNumber":16,"author":{"gitId":"cheehengk"},"content":"","lastModifiedDate":"2022-09-05"},{"lineNumber":17,"author":{"gitId":"cheehengk"},"content":"    public static boolean isOnline(String command, TaskManager taskManager) {","lastModifiedDate":"2022-09-05"},{"lineNumber":18,"author":{"gitId":"cheehengk"},"content":"        String keyword \u003d extractKeyword(command);","lastModifiedDate":"2022-09-05"},{"lineNumber":19,"author":{"gitId":"cheehengk"},"content":"        switch(keyword) {","lastModifiedDate":"2022-09-05"},{"lineNumber":20,"author":{"gitId":"cheehengk"},"content":"        case INVALID_BASIC_COMMAND:","lastModifiedDate":"2022-09-05"},{"lineNumber":21,"author":{"gitId":"cheehengk"},"content":"            System.out.println(Printables.invalidBasicCommandMessage);","lastModifiedDate":"2022-09-05"},{"lineNumber":22,"author":{"gitId":"cheehengk"},"content":"            break;","lastModifiedDate":"2022-09-05"},{"lineNumber":23,"author":{"gitId":"cheehengk"},"content":"        case COMMAND_BYE:","lastModifiedDate":"2022-09-05"},{"lineNumber":24,"author":{"gitId":"cheehengk"},"content":"            return false;","lastModifiedDate":"2022-09-05"},{"lineNumber":25,"author":{"gitId":"cheehengk"},"content":"        case COMMAND_LIST:","lastModifiedDate":"2022-09-05"},{"lineNumber":26,"author":{"gitId":"cheehengk"},"content":"            taskManager.listTasks();","lastModifiedDate":"2022-09-05"},{"lineNumber":27,"author":{"gitId":"cheehengk"},"content":"            break;","lastModifiedDate":"2022-09-05"},{"lineNumber":28,"author":{"gitId":"cheehengk"},"content":"        case COMMAND_HELP:","lastModifiedDate":"2022-09-05"},{"lineNumber":29,"author":{"gitId":"cheehengk"},"content":"            System.out.println(Printables.helpManual);","lastModifiedDate":"2022-09-05"},{"lineNumber":30,"author":{"gitId":"cheehengk"},"content":"            break;","lastModifiedDate":"2022-09-10"},{"lineNumber":31,"author":{"gitId":"cheehengk"},"content":"        case COMMAND_TODOS:","lastModifiedDate":"2022-09-05"},{"lineNumber":32,"author":{"gitId":"cheehengk"},"content":"            try {","lastModifiedDate":"2022-09-05"},{"lineNumber":33,"author":{"gitId":"cheehengk"},"content":"                CommandTodo.processNewTodo(command, taskManager);","lastModifiedDate":"2022-09-05"},{"lineNumber":34,"author":{"gitId":"cheehengk"},"content":"            } catch (DukeException.IllegalTodoException e) {","lastModifiedDate":"2022-09-05"},{"lineNumber":35,"author":{"gitId":"cheehengk"},"content":"                System.out.println(\"Please enter a name for the todo task!\");","lastModifiedDate":"2022-09-05"},{"lineNumber":36,"author":{"gitId":"cheehengk"},"content":"            }","lastModifiedDate":"2022-09-05"},{"lineNumber":37,"author":{"gitId":"cheehengk"},"content":"            break;","lastModifiedDate":"2022-09-05"},{"lineNumber":38,"author":{"gitId":"cheehengk"},"content":"        case COMMAND_DEADLINES:","lastModifiedDate":"2022-09-05"},{"lineNumber":39,"author":{"gitId":"cheehengk"},"content":"            try {","lastModifiedDate":"2022-09-05"},{"lineNumber":40,"author":{"gitId":"cheehengk"},"content":"                CommandDeadline.processNewDeadline(command, taskManager);","lastModifiedDate":"2022-09-05"},{"lineNumber":41,"author":{"gitId":"cheehengk"},"content":"            } catch (DukeException.IllegalDeadlineFormatException e) {","lastModifiedDate":"2022-09-05"},{"lineNumber":42,"author":{"gitId":"cheehengk"},"content":"                System.out.println(\"Please enter a deadline task followed by a \u0027/\u0027 and indicate a deadline\");","lastModifiedDate":"2022-09-05"},{"lineNumber":43,"author":{"gitId":"cheehengk"},"content":"            } catch (DukeException.IllegalDeadlineDateException e) {","lastModifiedDate":"2022-09-05"},{"lineNumber":44,"author":{"gitId":"cheehengk"},"content":"                System.out.println(\"Please enter a deadline to complete the task!\");","lastModifiedDate":"2022-09-05"},{"lineNumber":45,"author":{"gitId":"cheehengk"},"content":"            }","lastModifiedDate":"2022-09-05"},{"lineNumber":46,"author":{"gitId":"cheehengk"},"content":"            break;","lastModifiedDate":"2022-09-05"},{"lineNumber":47,"author":{"gitId":"cheehengk"},"content":"        case COMMAND_EVENTS:","lastModifiedDate":"2022-09-05"},{"lineNumber":48,"author":{"gitId":"cheehengk"},"content":"            try {","lastModifiedDate":"2022-09-05"},{"lineNumber":49,"author":{"gitId":"cheehengk"},"content":"                CommandEvent.processNewEvent(command, taskManager);","lastModifiedDate":"2022-09-05"},{"lineNumber":50,"author":{"gitId":"cheehengk"},"content":"            } catch (DukeException.IllegalEventFormatException e) {","lastModifiedDate":"2022-09-05"},{"lineNumber":51,"author":{"gitId":"cheehengk"},"content":"                System.out.println(\"Please enter an event task followed by a \u0027/\u0027 and indicate when\");","lastModifiedDate":"2022-09-05"},{"lineNumber":52,"author":{"gitId":"cheehengk"},"content":"            } catch (DukeException.IllegalEventDateException e) {","lastModifiedDate":"2022-09-05"},{"lineNumber":53,"author":{"gitId":"cheehengk"},"content":"                System.out.println(\"Please enter when this event is happening!\");","lastModifiedDate":"2022-09-05"},{"lineNumber":54,"author":{"gitId":"cheehengk"},"content":"            }","lastModifiedDate":"2022-09-05"},{"lineNumber":55,"author":{"gitId":"cheehengk"},"content":"            break;","lastModifiedDate":"2022-09-05"},{"lineNumber":56,"author":{"gitId":"cheehengk"},"content":"        case COMMAND_MARK:","lastModifiedDate":"2022-09-05"},{"lineNumber":57,"author":{"gitId":"cheehengk"},"content":"            try {","lastModifiedDate":"2022-09-05"},{"lineNumber":58,"author":{"gitId":"cheehengk"},"content":"                CommandMarking.processMarking(command, taskManager, true);","lastModifiedDate":"2022-09-05"},{"lineNumber":59,"author":{"gitId":"cheehengk"},"content":"            } catch (DukeException.IllegalNoMarkIndexException e) {","lastModifiedDate":"2022-09-05"},{"lineNumber":60,"author":{"gitId":"cheehengk"},"content":"                System.out.println(\"Please enter a task number only to be marked\");","lastModifiedDate":"2022-09-10"},{"lineNumber":61,"author":{"gitId":"cheehengk"},"content":"            }","lastModifiedDate":"2022-09-05"},{"lineNumber":62,"author":{"gitId":"cheehengk"},"content":"            break;","lastModifiedDate":"2022-09-05"},{"lineNumber":63,"author":{"gitId":"cheehengk"},"content":"        case COMMAND_UNMARK:","lastModifiedDate":"2022-09-05"},{"lineNumber":64,"author":{"gitId":"cheehengk"},"content":"            try {","lastModifiedDate":"2022-09-05"},{"lineNumber":65,"author":{"gitId":"cheehengk"},"content":"                CommandMarking.processMarking(command, taskManager, false);","lastModifiedDate":"2022-09-05"},{"lineNumber":66,"author":{"gitId":"cheehengk"},"content":"            } catch (DukeException.IllegalNoMarkIndexException e) {","lastModifiedDate":"2022-09-05"},{"lineNumber":67,"author":{"gitId":"cheehengk"},"content":"                System.out.println(\"Please enter a task number only to be unmarked\");","lastModifiedDate":"2022-09-10"},{"lineNumber":68,"author":{"gitId":"cheehengk"},"content":"            }","lastModifiedDate":"2022-09-10"},{"lineNumber":69,"author":{"gitId":"cheehengk"},"content":"            break;","lastModifiedDate":"2022-09-10"},{"lineNumber":70,"author":{"gitId":"cheehengk"},"content":"        case COMMAND_DELETE:","lastModifiedDate":"2022-09-10"},{"lineNumber":71,"author":{"gitId":"cheehengk"},"content":"            try {","lastModifiedDate":"2022-09-10"},{"lineNumber":72,"author":{"gitId":"cheehengk"},"content":"                CommandDelete.processDelete(command, taskManager);","lastModifiedDate":"2022-09-10"},{"lineNumber":73,"author":{"gitId":"cheehengk"},"content":"            } catch (DukeException.IllegalDeleteIndexException e) {","lastModifiedDate":"2022-09-10"},{"lineNumber":74,"author":{"gitId":"cheehengk"},"content":"                System.out.println(\"Please enter a task number only to be deleted\");","lastModifiedDate":"2022-09-10"},{"lineNumber":75,"author":{"gitId":"cheehengk"},"content":"            }","lastModifiedDate":"2022-09-05"},{"lineNumber":76,"author":{"gitId":"cheehengk"},"content":"            break;","lastModifiedDate":"2022-09-05"},{"lineNumber":77,"author":{"gitId":"cheehengk"},"content":"        default:","lastModifiedDate":"2022-09-05"},{"lineNumber":78,"author":{"gitId":"cheehengk"},"content":"            System.out.println(\"Invalid command\");","lastModifiedDate":"2022-09-05"},{"lineNumber":79,"author":{"gitId":"cheehengk"},"content":"            break;","lastModifiedDate":"2022-09-05"},{"lineNumber":80,"author":{"gitId":"cheehengk"},"content":"        }","lastModifiedDate":"2022-09-05"},{"lineNumber":81,"author":{"gitId":"cheehengk"},"content":"","lastModifiedDate":"2022-09-05"},{"lineNumber":82,"author":{"gitId":"cheehengk"},"content":"        return true;","lastModifiedDate":"2022-09-05"},{"lineNumber":83,"author":{"gitId":"cheehengk"},"content":"    }","lastModifiedDate":"2022-09-05"},{"lineNumber":84,"author":{"gitId":"cheehengk"},"content":"","lastModifiedDate":"2022-09-05"},{"lineNumber":85,"author":{"gitId":"cheehengk"},"content":"    private static String extractKeyword(String command) {","lastModifiedDate":"2022-09-05"},{"lineNumber":86,"author":{"gitId":"cheehengk"},"content":"        String[] arrOfCommand \u003d command.split(\" \");","lastModifiedDate":"2022-09-05"},{"lineNumber":87,"author":{"gitId":"cheehengk"},"content":"        if ((arrOfCommand[0].equals(COMMAND_BYE)","lastModifiedDate":"2022-09-05"},{"lineNumber":88,"author":{"gitId":"cheehengk"},"content":"                || arrOfCommand[0].equals(COMMAND_LIST)","lastModifiedDate":"2022-09-05"},{"lineNumber":89,"author":{"gitId":"cheehengk"},"content":"                || arrOfCommand[0].equals(COMMAND_HELP)) \u0026\u0026 arrOfCommand.length \u003e 1) {","lastModifiedDate":"2022-09-05"},{"lineNumber":90,"author":{"gitId":"cheehengk"},"content":"            return INVALID_BASIC_COMMAND;","lastModifiedDate":"2022-09-05"},{"lineNumber":91,"author":{"gitId":"cheehengk"},"content":"        }","lastModifiedDate":"2022-09-05"},{"lineNumber":92,"author":{"gitId":"cheehengk"},"content":"        return arrOfCommand[0];","lastModifiedDate":"2022-09-05"},{"lineNumber":93,"author":{"gitId":"cheehengk"},"content":"    }","lastModifiedDate":"2022-09-05"},{"lineNumber":94,"author":{"gitId":"cheehengk"},"content":"}","lastModifiedDate":"2022-09-05"}],"authorContributionMap":{"cheehengk":94}},{"path":"src/main/java/duke/Printables.java","fileType":"java","lines":[{"lineNumber":1,"author":{"gitId":"cheehengk"},"content":"package duke;","lastModifiedDate":"2022-09-05"},{"lineNumber":2,"author":{"gitId":"cheehengk"},"content":"","lastModifiedDate":"2022-09-05"},{"lineNumber":3,"author":{"gitId":"cheehengk"},"content":"public class Printables {","lastModifiedDate":"2022-09-05"},{"lineNumber":4,"author":{"gitId":"cheehengk"},"content":"","lastModifiedDate":"2022-09-05"},{"lineNumber":5,"author":{"gitId":"cheehengk"},"content":"    public static String initialGreeting \u003d \"Greetings, I am Azmuth\\n\" +","lastModifiedDate":"2022-09-05"},{"lineNumber":6,"author":{"gitId":"cheehengk"},"content":"            \"What can I do for you?\\n\" +","lastModifiedDate":"2022-09-05"},{"lineNumber":7,"author":{"gitId":"cheehengk"},"content":"            \"Enter command \u0027help\u0027 for a list of useful commands!\\n\" +","lastModifiedDate":"2022-09-05"},{"lineNumber":8,"author":{"gitId":"cheehengk"},"content":"            \"____________________\";","lastModifiedDate":"2022-09-05"},{"lineNumber":9,"author":{"gitId":"cheehengk"},"content":"","lastModifiedDate":"2022-09-05"},{"lineNumber":10,"author":{"gitId":"cheehengk"},"content":"    public static String goodbyeMessage \u003d \"Bye and see you again soon!\";","lastModifiedDate":"2022-09-05"},{"lineNumber":11,"author":{"gitId":"cheehengk"},"content":"","lastModifiedDate":"2022-09-05"},{"lineNumber":12,"author":{"gitId":"cheehengk"},"content":"    public static String helpManual \u003d \"____________________\\n\" +","lastModifiedDate":"2022-09-05"},{"lineNumber":13,"author":{"gitId":"cheehengk"},"content":"            \"Here if a list of commands that I recognise!\\n\" +","lastModifiedDate":"2022-09-05"},{"lineNumber":14,"author":{"gitId":"cheehengk"},"content":"            \"\u0027todo \u003ctaskName\u003e\u0027: Add a new todo task\\n\" +","lastModifiedDate":"2022-09-05"},{"lineNumber":15,"author":{"gitId":"cheehengk"},"content":"            \"\u0027deadline \u003ctaskName\u003e/\u003cdate\u003e\u0027: Add a new todo task\\n\" +","lastModifiedDate":"2022-09-05"},{"lineNumber":16,"author":{"gitId":"cheehengk"},"content":"            \"\u0027event \u003ctaskName\u003e/\u003cdate\u003e\u0027: Add a new todo task\\n\" +","lastModifiedDate":"2022-09-05"},{"lineNumber":17,"author":{"gitId":"cheehengk"},"content":"            \"\u0027list\u0027: Lists out tasks in index order\\n\" +","lastModifiedDate":"2022-09-05"},{"lineNumber":18,"author":{"gitId":"cheehengk"},"content":"            \"\u0027mark \u003ctaskNumber\u003e\u0027: Mark a certain task as done\\n\" +","lastModifiedDate":"2022-09-05"},{"lineNumber":19,"author":{"gitId":"cheehengk"},"content":"            \"\u0027unmark \u003ctaskNumber\u003e\u0027: Unmark a certain task that was done\\n\"+","lastModifiedDate":"2022-09-05"},{"lineNumber":20,"author":{"gitId":"cheehengk"},"content":"            \"\u0027delete \u003ctaskNumber\u003e\u0027: Delete the task from the list\"+","lastModifiedDate":"2022-09-10"},{"lineNumber":21,"author":{"gitId":"cheehengk"},"content":"            \"\u0027bye\u0027: Quit the system\\n\" + \"____________________\";","lastModifiedDate":"2022-09-05"},{"lineNumber":22,"author":{"gitId":"cheehengk"},"content":"","lastModifiedDate":"2022-09-05"},{"lineNumber":23,"author":{"gitId":"cheehengk"},"content":"    public static String invalidBasicCommandMessage \u003d \"Commands \u0027list\u0027, \u0027help\u0027 and \u0027bye\u0027 can only be used alone\" +","lastModifiedDate":"2022-09-05"},{"lineNumber":24,"author":{"gitId":"cheehengk"},"content":"            \"as a single word\";","lastModifiedDate":"2022-09-05"},{"lineNumber":25,"author":{"gitId":"cheehengk"},"content":"}","lastModifiedDate":"2022-09-05"}],"authorContributionMap":{"cheehengk":25}},{"path":"src/main/java/duke/Storage.java","fileType":"java","lines":[{"lineNumber":1,"author":{"gitId":"cheehengk"},"content":"package duke;","lastModifiedDate":"2022-09-11"},{"lineNumber":2,"author":{"gitId":"cheehengk"},"content":"","lastModifiedDate":"2022-09-11"},{"lineNumber":3,"author":{"gitId":"cheehengk"},"content":"import java.io.FileNotFoundException;","lastModifiedDate":"2022-09-11"},{"lineNumber":4,"author":{"gitId":"cheehengk"},"content":"import java.io.FileWriter;","lastModifiedDate":"2022-09-11"},{"lineNumber":5,"author":{"gitId":"cheehengk"},"content":"import java.io.File;","lastModifiedDate":"2022-09-11"},{"lineNumber":6,"author":{"gitId":"cheehengk"},"content":"import java.io.IOException;","lastModifiedDate":"2022-09-11"},{"lineNumber":7,"author":{"gitId":"cheehengk"},"content":"import java.util.Scanner;","lastModifiedDate":"2022-09-11"},{"lineNumber":8,"author":{"gitId":"cheehengk"},"content":"","lastModifiedDate":"2022-09-11"},{"lineNumber":9,"author":{"gitId":"cheehengk"},"content":"public class Storage {","lastModifiedDate":"2022-09-11"},{"lineNumber":10,"author":{"gitId":"cheehengk"},"content":"    private static final String FILE_PATH \u003d \"data.txt\";","lastModifiedDate":"2022-09-11"},{"lineNumber":11,"author":{"gitId":"cheehengk"},"content":"","lastModifiedDate":"2022-09-11"},{"lineNumber":12,"author":{"gitId":"cheehengk"},"content":"    public static void loadData(TaskManager taskManager) throws FileNotFoundException {","lastModifiedDate":"2022-09-11"},{"lineNumber":13,"author":{"gitId":"cheehengk"},"content":"        String filePath \u003d FILE_PATH;","lastModifiedDate":"2022-09-11"},{"lineNumber":14,"author":{"gitId":"cheehengk"},"content":"        File data \u003d new File(filePath);","lastModifiedDate":"2022-09-11"},{"lineNumber":15,"author":{"gitId":"cheehengk"},"content":"        Scanner scanner \u003d new Scanner(data);","lastModifiedDate":"2022-09-11"},{"lineNumber":16,"author":{"gitId":"cheehengk"},"content":"","lastModifiedDate":"2022-09-11"},{"lineNumber":17,"author":{"gitId":"cheehengk"},"content":"        while(scanner.hasNextLine()) {","lastModifiedDate":"2022-09-11"},{"lineNumber":18,"author":{"gitId":"cheehengk"},"content":"            String line \u003d scanner.nextLine();","lastModifiedDate":"2022-09-11"},{"lineNumber":19,"author":{"gitId":"cheehengk"},"content":"            try {","lastModifiedDate":"2022-09-11"},{"lineNumber":20,"author":{"gitId":"cheehengk"},"content":"                parseLine(line, taskManager);","lastModifiedDate":"2022-09-11"},{"lineNumber":21,"author":{"gitId":"cheehengk"},"content":"            } catch (DukeException.IllegalReadFromSaveData e) {","lastModifiedDate":"2022-09-11"},{"lineNumber":22,"author":{"gitId":"cheehengk"},"content":"                System.out.println(\"Oops, something went wrong, unable to read from last save\");","lastModifiedDate":"2022-09-11"},{"lineNumber":23,"author":{"gitId":"cheehengk"},"content":"                return;","lastModifiedDate":"2022-09-11"},{"lineNumber":24,"author":{"gitId":"cheehengk"},"content":"            } catch (DukeException.IllegalMarkTargetException e) {","lastModifiedDate":"2022-09-11"},{"lineNumber":25,"author":{"gitId":"cheehengk"},"content":"                System.out.println(\"Oops, something went wrong, unable to read from last save\");","lastModifiedDate":"2022-09-11"},{"lineNumber":26,"author":{"gitId":"cheehengk"},"content":"                return;","lastModifiedDate":"2022-09-11"},{"lineNumber":27,"author":{"gitId":"cheehengk"},"content":"            }","lastModifiedDate":"2022-09-11"},{"lineNumber":28,"author":{"gitId":"cheehengk"},"content":"        }","lastModifiedDate":"2022-09-11"},{"lineNumber":29,"author":{"gitId":"cheehengk"},"content":"        System.out.println(\"Successfully loaded your last save of tasks to do!\");","lastModifiedDate":"2022-09-11"},{"lineNumber":30,"author":{"gitId":"cheehengk"},"content":"        taskManager.listTasks();","lastModifiedDate":"2022-09-11"},{"lineNumber":31,"author":{"gitId":"cheehengk"},"content":"    }","lastModifiedDate":"2022-09-11"},{"lineNumber":32,"author":{"gitId":"cheehengk"},"content":"","lastModifiedDate":"2022-09-11"},{"lineNumber":33,"author":{"gitId":"cheehengk"},"content":"    private static void parseLine(String line, TaskManager taskManager)","lastModifiedDate":"2022-09-11"},{"lineNumber":34,"author":{"gitId":"cheehengk"},"content":"            throws DukeException.IllegalReadFromSaveData, DukeException.IllegalMarkTargetException {","lastModifiedDate":"2022-09-11"},{"lineNumber":35,"author":{"gitId":"cheehengk"},"content":"        String[] arrOfLine \u003d line.split(\"\\\\|\");","lastModifiedDate":"2022-09-11"},{"lineNumber":36,"author":{"gitId":"cheehengk"},"content":"        int length \u003d arrOfLine.length;","lastModifiedDate":"2022-09-11"},{"lineNumber":37,"author":{"gitId":"cheehengk"},"content":"","lastModifiedDate":"2022-09-11"},{"lineNumber":38,"author":{"gitId":"cheehengk"},"content":"        if (length \u003c 3 || length \u003e 4) {","lastModifiedDate":"2022-09-11"},{"lineNumber":39,"author":{"gitId":"cheehengk"},"content":"            throw new DukeException.IllegalReadFromSaveData();","lastModifiedDate":"2022-09-11"},{"lineNumber":40,"author":{"gitId":"cheehengk"},"content":"        }","lastModifiedDate":"2022-09-11"},{"lineNumber":41,"author":{"gitId":"cheehengk"},"content":"        String taskType \u003d arrOfLine[0];","lastModifiedDate":"2022-09-11"},{"lineNumber":42,"author":{"gitId":"cheehengk"},"content":"","lastModifiedDate":"2022-09-11"},{"lineNumber":43,"author":{"gitId":"cheehengk"},"content":"        switch (taskType) {","lastModifiedDate":"2022-09-11"},{"lineNumber":44,"author":{"gitId":"cheehengk"},"content":"        case \"T\":","lastModifiedDate":"2022-09-11"},{"lineNumber":45,"author":{"gitId":"cheehengk"},"content":"            if (length \u003d\u003d 4) {","lastModifiedDate":"2022-09-11"},{"lineNumber":46,"author":{"gitId":"cheehengk"},"content":"                throw new DukeException.IllegalReadFromSaveData();","lastModifiedDate":"2022-09-11"},{"lineNumber":47,"author":{"gitId":"cheehengk"},"content":"            }","lastModifiedDate":"2022-09-11"},{"lineNumber":48,"author":{"gitId":"cheehengk"},"content":"            createNewTodo(arrOfLine, taskManager);","lastModifiedDate":"2022-09-11"},{"lineNumber":49,"author":{"gitId":"cheehengk"},"content":"            break;","lastModifiedDate":"2022-09-11"},{"lineNumber":50,"author":{"gitId":"cheehengk"},"content":"        case \"D\":","lastModifiedDate":"2022-09-11"},{"lineNumber":51,"author":{"gitId":"cheehengk"},"content":"            if (length \u003d\u003d 3) {","lastModifiedDate":"2022-09-11"},{"lineNumber":52,"author":{"gitId":"cheehengk"},"content":"                throw new DukeException.IllegalReadFromSaveData();","lastModifiedDate":"2022-09-11"},{"lineNumber":53,"author":{"gitId":"cheehengk"},"content":"            }","lastModifiedDate":"2022-09-11"},{"lineNumber":54,"author":{"gitId":"cheehengk"},"content":"            createNewDeadline(arrOfLine, taskManager);","lastModifiedDate":"2022-09-11"},{"lineNumber":55,"author":{"gitId":"cheehengk"},"content":"            break;","lastModifiedDate":"2022-09-11"},{"lineNumber":56,"author":{"gitId":"cheehengk"},"content":"        case \"E\":","lastModifiedDate":"2022-09-11"},{"lineNumber":57,"author":{"gitId":"cheehengk"},"content":"            if (length \u003d\u003d 3) {","lastModifiedDate":"2022-09-11"},{"lineNumber":58,"author":{"gitId":"cheehengk"},"content":"                throw new DukeException.IllegalReadFromSaveData();","lastModifiedDate":"2022-09-11"},{"lineNumber":59,"author":{"gitId":"cheehengk"},"content":"            }","lastModifiedDate":"2022-09-11"},{"lineNumber":60,"author":{"gitId":"cheehengk"},"content":"            createNewEvent(arrOfLine, taskManager);","lastModifiedDate":"2022-09-11"},{"lineNumber":61,"author":{"gitId":"cheehengk"},"content":"            break;","lastModifiedDate":"2022-09-11"},{"lineNumber":62,"author":{"gitId":"cheehengk"},"content":"        default:","lastModifiedDate":"2022-09-11"},{"lineNumber":63,"author":{"gitId":"cheehengk"},"content":"            throw new DukeException.IllegalReadFromSaveData();","lastModifiedDate":"2022-09-11"},{"lineNumber":64,"author":{"gitId":"cheehengk"},"content":"        }","lastModifiedDate":"2022-09-11"},{"lineNumber":65,"author":{"gitId":"cheehengk"},"content":"    }","lastModifiedDate":"2022-09-11"},{"lineNumber":66,"author":{"gitId":"cheehengk"},"content":"","lastModifiedDate":"2022-09-11"},{"lineNumber":67,"author":{"gitId":"cheehengk"},"content":"    private static void createNewEvent(String[] arrOfLine, TaskManager taskManager)","lastModifiedDate":"2022-09-11"},{"lineNumber":68,"author":{"gitId":"cheehengk"},"content":"            throws DukeException.IllegalMarkTargetException {","lastModifiedDate":"2022-09-11"},{"lineNumber":69,"author":{"gitId":"cheehengk"},"content":"        taskManager.addNewEvent(arrOfLine[1], arrOfLine[3], false);","lastModifiedDate":"2022-09-11"},{"lineNumber":70,"author":{"gitId":"cheehengk"},"content":"        if (arrOfLine[2].equals(\"1\")) {","lastModifiedDate":"2022-09-11"},{"lineNumber":71,"author":{"gitId":"cheehengk"},"content":"            taskManager.markTasks(true, taskManager.getNumberOfTasks(), false);","lastModifiedDate":"2022-09-11"},{"lineNumber":72,"author":{"gitId":"cheehengk"},"content":"        }","lastModifiedDate":"2022-09-11"},{"lineNumber":73,"author":{"gitId":"cheehengk"},"content":"    }","lastModifiedDate":"2022-09-11"},{"lineNumber":74,"author":{"gitId":"cheehengk"},"content":"","lastModifiedDate":"2022-09-11"},{"lineNumber":75,"author":{"gitId":"cheehengk"},"content":"    private static void createNewDeadline(String[] arrOfLine, TaskManager taskManager)","lastModifiedDate":"2022-09-11"},{"lineNumber":76,"author":{"gitId":"cheehengk"},"content":"            throws DukeException.IllegalMarkTargetException {","lastModifiedDate":"2022-09-11"},{"lineNumber":77,"author":{"gitId":"cheehengk"},"content":"        taskManager.addNewDeadline(arrOfLine[1], arrOfLine[3], false);","lastModifiedDate":"2022-09-11"},{"lineNumber":78,"author":{"gitId":"cheehengk"},"content":"        if (arrOfLine[2].equals(\"1\")) {","lastModifiedDate":"2022-09-11"},{"lineNumber":79,"author":{"gitId":"cheehengk"},"content":"            taskManager.markTasks(true, taskManager.getNumberOfTasks(), false);","lastModifiedDate":"2022-09-11"},{"lineNumber":80,"author":{"gitId":"cheehengk"},"content":"        }","lastModifiedDate":"2022-09-11"},{"lineNumber":81,"author":{"gitId":"cheehengk"},"content":"    }","lastModifiedDate":"2022-09-11"},{"lineNumber":82,"author":{"gitId":"cheehengk"},"content":"","lastModifiedDate":"2022-09-11"},{"lineNumber":83,"author":{"gitId":"cheehengk"},"content":"    private static void createNewTodo(String[] arrOfLine, TaskManager taskManager)","lastModifiedDate":"2022-09-11"},{"lineNumber":84,"author":{"gitId":"cheehengk"},"content":"            throws DukeException.IllegalMarkTargetException {","lastModifiedDate":"2022-09-11"},{"lineNumber":85,"author":{"gitId":"cheehengk"},"content":"        taskManager.addNewTodo(arrOfLine[1], false);","lastModifiedDate":"2022-09-11"},{"lineNumber":86,"author":{"gitId":"cheehengk"},"content":"        if (arrOfLine[2].equals(\"1\")) {","lastModifiedDate":"2022-09-11"},{"lineNumber":87,"author":{"gitId":"cheehengk"},"content":"            taskManager.markTasks(true, taskManager.getNumberOfTasks(), false);","lastModifiedDate":"2022-09-11"},{"lineNumber":88,"author":{"gitId":"cheehengk"},"content":"        }","lastModifiedDate":"2022-09-11"},{"lineNumber":89,"author":{"gitId":"cheehengk"},"content":"    }","lastModifiedDate":"2022-09-11"},{"lineNumber":90,"author":{"gitId":"cheehengk"},"content":"","lastModifiedDate":"2022-09-11"},{"lineNumber":91,"author":{"gitId":"cheehengk"},"content":"    public static void saveData(TaskManager taskManager) throws IOException {","lastModifiedDate":"2022-09-11"},{"lineNumber":92,"author":{"gitId":"cheehengk"},"content":"        String filePath \u003d FILE_PATH;","lastModifiedDate":"2022-09-11"},{"lineNumber":93,"author":{"gitId":"cheehengk"},"content":"        FileWriter fw \u003d new FileWriter(filePath);","lastModifiedDate":"2022-09-11"},{"lineNumber":94,"author":{"gitId":"cheehengk"},"content":"        fw.write(taskManager.saveTaskList());","lastModifiedDate":"2022-09-11"},{"lineNumber":95,"author":{"gitId":"cheehengk"},"content":"        fw.close();","lastModifiedDate":"2022-09-11"},{"lineNumber":96,"author":{"gitId":"cheehengk"},"content":"    }","lastModifiedDate":"2022-09-11"},{"lineNumber":97,"author":{"gitId":"cheehengk"},"content":"}","lastModifiedDate":"2022-09-11"}],"authorContributionMap":{"cheehengk":97}},{"path":"src/main/java/duke/TaskList.java","fileType":"java","lines":[{"lineNumber":1,"author":{"gitId":"cheehengk"},"content":"package duke;","lastModifiedDate":"2022-09-05"},{"lineNumber":2,"author":{"gitId":"cheehengk"},"content":"","lastModifiedDate":"2022-09-05"},{"lineNumber":3,"author":{"gitId":"cheehengk"},"content":"import java.util.ArrayList;","lastModifiedDate":"2022-08-28"},{"lineNumber":4,"author":{"gitId":"cheehengk"},"content":"import java.util.List;","lastModifiedDate":"2022-08-28"},{"lineNumber":5,"author":{"gitId":"cheehengk"},"content":"import duke.tasks.Deadlines;","lastModifiedDate":"2022-09-18"},{"lineNumber":6,"author":{"gitId":"cheehengk"},"content":"import duke.tasks.Events;","lastModifiedDate":"2022-09-18"},{"lineNumber":7,"author":{"gitId":"cheehengk"},"content":"import duke.tasks.Task;","lastModifiedDate":"2022-09-18"},{"lineNumber":8,"author":{"gitId":"cheehengk"},"content":"import duke.tasks.Todos;","lastModifiedDate":"2022-09-18"},{"lineNumber":9,"author":{"gitId":"cheehengk"},"content":"","lastModifiedDate":"2022-09-18"},{"lineNumber":10,"author":{"gitId":"cheehengk"},"content":"","lastModifiedDate":"2022-08-28"},{"lineNumber":11,"author":{"gitId":"cheehengk"},"content":"public class TaskManager {","lastModifiedDate":"2022-08-28"},{"lineNumber":12,"author":{"gitId":"cheehengk"},"content":"    public static final String END_OF_LINE \u003d \"\\n____________________\";","lastModifiedDate":"2022-09-10"},{"lineNumber":13,"author":{"gitId":"cheehengk"},"content":"    private static List\u003cTask\u003e tasks \u003d new ArrayList\u003cTask\u003e();","lastModifiedDate":"2022-08-28"},{"lineNumber":14,"author":{"gitId":"cheehengk"},"content":"","lastModifiedDate":"2022-08-28"},{"lineNumber":15,"author":{"gitId":"cheehengk"},"content":"    public void addNewTodo(String taskName, boolean toPrint) {","lastModifiedDate":"2022-09-11"},{"lineNumber":16,"author":{"gitId":"cheehengk"},"content":"        tasks.add(new Todos(taskName));","lastModifiedDate":"2022-09-05"},{"lineNumber":17,"author":{"gitId":"cheehengk"},"content":"        if (toPrint) {","lastModifiedDate":"2022-09-11"},{"lineNumber":18,"author":{"gitId":"cheehengk"},"content":"            System.out.println(\"Added new todo task: \" + taskName + \"\\n \" + tasks.get(tasks.size() - 1).toString()","lastModifiedDate":"2022-09-04"},{"lineNumber":19,"author":{"gitId":"cheehengk"},"content":"                    + \"\\nYou have \" + tasks.size() + \" tasks in the list.\" + END_OF_LINE);","lastModifiedDate":"2022-09-18"},{"lineNumber":20,"author":{"gitId":"cheehengk"},"content":"        }","lastModifiedDate":"2022-08-29"},{"lineNumber":21,"author":{"gitId":"cheehengk"},"content":"    }","lastModifiedDate":"2022-09-11"},{"lineNumber":22,"author":{"gitId":"cheehengk"},"content":"","lastModifiedDate":"2022-08-29"},{"lineNumber":23,"author":{"gitId":"cheehengk"},"content":"    public void addNewDeadline(String taskName, String toBeDoneBy, boolean toPrint) {","lastModifiedDate":"2022-09-11"},{"lineNumber":24,"author":{"gitId":"cheehengk"},"content":"        tasks.add(new Deadlines(taskName, toBeDoneBy));","lastModifiedDate":"2022-09-04"},{"lineNumber":25,"author":{"gitId":"cheehengk"},"content":"        if (toPrint) {","lastModifiedDate":"2022-09-11"},{"lineNumber":26,"author":{"gitId":"cheehengk"},"content":"            System.out.println(\"Added new deadline task: \" + taskName + \"\\n \" + tasks.get(tasks.size() - 1).toString()","lastModifiedDate":"2022-08-29"},{"lineNumber":27,"author":{"gitId":"cheehengk"},"content":"                    + \"\\nYou have \" + tasks.size() + \" tasks in the list.\" + END_OF_LINE);","lastModifiedDate":"2022-09-04"},{"lineNumber":28,"author":{"gitId":"cheehengk"},"content":"        }","lastModifiedDate":"2022-08-29"},{"lineNumber":29,"author":{"gitId":"cheehengk"},"content":"    }","lastModifiedDate":"2022-09-11"},{"lineNumber":30,"author":{"gitId":"cheehengk"},"content":"","lastModifiedDate":"2022-08-29"},{"lineNumber":31,"author":{"gitId":"cheehengk"},"content":"    public void addNewEvent(String taskName, String happeningAt, boolean toPrint) {","lastModifiedDate":"2022-09-11"},{"lineNumber":32,"author":{"gitId":"cheehengk"},"content":"        tasks.add(new Events(taskName, happeningAt));","lastModifiedDate":"2022-09-04"},{"lineNumber":33,"author":{"gitId":"cheehengk"},"content":"        if (toPrint) {","lastModifiedDate":"2022-09-11"},{"lineNumber":34,"author":{"gitId":"cheehengk"},"content":"            System.out.println(\"Added new event task: \" + taskName + \"\\n \" + tasks.get(tasks.size() - 1).toString()","lastModifiedDate":"2022-08-29"},{"lineNumber":35,"author":{"gitId":"cheehengk"},"content":"                    + \"\\nYou have \" + tasks.size() + \" tasks in the list.\" + END_OF_LINE);","lastModifiedDate":"2022-09-04"},{"lineNumber":36,"author":{"gitId":"cheehengk"},"content":"        }","lastModifiedDate":"2022-08-28"},{"lineNumber":37,"author":{"gitId":"cheehengk"},"content":"    }","lastModifiedDate":"2022-09-11"},{"lineNumber":38,"author":{"gitId":"cheehengk"},"content":"","lastModifiedDate":"2022-08-28"},{"lineNumber":39,"author":{"gitId":"cheehengk"},"content":"    public void listTasks() {","lastModifiedDate":"2022-08-28"},{"lineNumber":40,"author":{"gitId":"cheehengk"},"content":"        if (tasks.size() \u003e 0) {","lastModifiedDate":"2022-09-18"},{"lineNumber":41,"author":{"gitId":"cheehengk"},"content":"            System.out.println(\"Here is your list of tasks.\");","lastModifiedDate":"2022-08-28"},{"lineNumber":42,"author":{"gitId":"cheehengk"},"content":"        } else {","lastModifiedDate":"2022-09-18"},{"lineNumber":43,"author":{"gitId":"cheehengk"},"content":"            System.out.println(Printables.NO_TASKS_IN_LIST_MESSAGE);","lastModifiedDate":"2022-09-18"},{"lineNumber":44,"author":{"gitId":"cheehengk"},"content":"        }","lastModifiedDate":"2022-09-18"},{"lineNumber":45,"author":{"gitId":"cheehengk"},"content":"        for (int i \u003d 0; i \u003c tasks.size() - 1; i++) {","lastModifiedDate":"2022-09-10"},{"lineNumber":46,"author":{"gitId":"cheehengk"},"content":"            System.out.println((i + 1) + \". \" + tasks.get(i).toString());","lastModifiedDate":"2022-08-29"},{"lineNumber":47,"author":{"gitId":"cheehengk"},"content":"        }","lastModifiedDate":"2022-08-28"},{"lineNumber":48,"author":{"gitId":"cheehengk"},"content":"        if (tasks.size() \u003e 0) {","lastModifiedDate":"2022-09-11"},{"lineNumber":49,"author":{"gitId":"cheehengk"},"content":"            System.out.println((tasks.size()) + \". \" + tasks.get(tasks.size() - 1).toString() + END_OF_LINE);","lastModifiedDate":"2022-09-10"},{"lineNumber":50,"author":{"gitId":"cheehengk"},"content":"        }","lastModifiedDate":"2022-08-28"},{"lineNumber":51,"author":{"gitId":"cheehengk"},"content":"    }","lastModifiedDate":"2022-09-11"},{"lineNumber":52,"author":{"gitId":"cheehengk"},"content":"","lastModifiedDate":"2022-08-28"},{"lineNumber":53,"author":{"gitId":"cheehengk"},"content":"    public void markTasks(boolean isMark, int taskIndex, boolean isPrint)","lastModifiedDate":"2022-09-18"},{"lineNumber":54,"author":{"gitId":"cheehengk"},"content":"            throws DukeException.IllegalMarkTargetException {","lastModifiedDate":"2022-09-18"},{"lineNumber":55,"author":{"gitId":"cheehengk"},"content":"        String responseLine;","lastModifiedDate":"2022-09-11"},{"lineNumber":56,"author":{"gitId":"cheehengk"},"content":"        if (taskIndex \u003c 1 || taskIndex \u003e tasks.size()) {","lastModifiedDate":"2022-08-29"},{"lineNumber":57,"author":{"gitId":"cheehengk"},"content":"            throw new DukeException.IllegalMarkTargetException();","lastModifiedDate":"2022-09-04"},{"lineNumber":58,"author":{"gitId":"cheehengk"},"content":"        }","lastModifiedDate":"2022-08-28"},{"lineNumber":59,"author":{"gitId":"cheehengk"},"content":"","lastModifiedDate":"2022-09-18"},{"lineNumber":60,"author":{"gitId":"cheehengk"},"content":"        if (isMark) {","lastModifiedDate":"2022-09-18"},{"lineNumber":61,"author":{"gitId":"cheehengk"},"content":"            if (tasks.get(taskIndex - 1).getIsDone()) {","lastModifiedDate":"2022-08-28"},{"lineNumber":62,"author":{"gitId":"cheehengk"},"content":"                System.out.println(Printables.ALREADY_MARKED_MESSAGE);","lastModifiedDate":"2022-09-18"},{"lineNumber":63,"author":{"gitId":"cheehengk"},"content":"                return;","lastModifiedDate":"2022-09-18"},{"lineNumber":64,"author":{"gitId":"cheehengk"},"content":"            }","lastModifiedDate":"2022-08-28"},{"lineNumber":65,"author":{"gitId":"cheehengk"},"content":"            tasks.get(taskIndex - 1).setIsDone();","lastModifiedDate":"2022-08-28"},{"lineNumber":66,"author":{"gitId":"cheehengk"},"content":"            responseLine \u003d tasks.get(taskIndex - 1).getTaskName()","lastModifiedDate":"2022-09-11"},{"lineNumber":67,"author":{"gitId":"cheehengk"},"content":"                    + \" has been marked as done!\" + END_OF_LINE;","lastModifiedDate":"2022-09-11"},{"lineNumber":68,"author":{"gitId":"cheehengk"},"content":"        } else {","lastModifiedDate":"2022-08-28"},{"lineNumber":69,"author":{"gitId":"cheehengk"},"content":"            if (!tasks.get(taskIndex - 1).getIsDone()) {","lastModifiedDate":"2022-08-28"},{"lineNumber":70,"author":{"gitId":"cheehengk"},"content":"                System.out.println(Printables.ALREADY_UNMARKED_MESSAGE);","lastModifiedDate":"2022-09-18"},{"lineNumber":71,"author":{"gitId":"cheehengk"},"content":"                return;","lastModifiedDate":"2022-08-28"},{"lineNumber":72,"author":{"gitId":"cheehengk"},"content":"            }","lastModifiedDate":"2022-08-28"},{"lineNumber":73,"author":{"gitId":"cheehengk"},"content":"            tasks.get(taskIndex - 1).setIsNotDone();","lastModifiedDate":"2022-08-28"},{"lineNumber":74,"author":{"gitId":"cheehengk"},"content":"            responseLine \u003d tasks.get(taskIndex - 1).getTaskName()","lastModifiedDate":"2022-09-11"},{"lineNumber":75,"author":{"gitId":"cheehengk"},"content":"                    + \" has been unmarked!\" + END_OF_LINE;","lastModifiedDate":"2022-09-11"},{"lineNumber":76,"author":{"gitId":"cheehengk"},"content":"        }","lastModifiedDate":"2022-09-11"},{"lineNumber":77,"author":{"gitId":"cheehengk"},"content":"","lastModifiedDate":"2022-09-18"},{"lineNumber":78,"author":{"gitId":"cheehengk"},"content":"        if (isPrint) {","lastModifiedDate":"2022-09-18"},{"lineNumber":79,"author":{"gitId":"cheehengk"},"content":"            System.out.println(responseLine);","lastModifiedDate":"2022-09-11"},{"lineNumber":80,"author":{"gitId":"cheehengk"},"content":"        }","lastModifiedDate":"2022-09-11"},{"lineNumber":81,"author":{"gitId":"cheehengk"},"content":"    }","lastModifiedDate":"2022-09-11"},{"lineNumber":82,"author":{"gitId":"cheehengk"},"content":"","lastModifiedDate":"2022-09-11"},{"lineNumber":83,"author":{"gitId":"cheehengk"},"content":"    public int getNumberOfTasks() {","lastModifiedDate":"2022-09-11"},{"lineNumber":84,"author":{"gitId":"cheehengk"},"content":"        return tasks.size();","lastModifiedDate":"2022-09-11"},{"lineNumber":85,"author":{"gitId":"cheehengk"},"content":"    }","lastModifiedDate":"2022-09-11"},{"lineNumber":86,"author":{"gitId":"cheehengk"},"content":"","lastModifiedDate":"2022-09-11"},{"lineNumber":87,"author":{"gitId":"cheehengk"},"content":"    public String saveTaskList() {","lastModifiedDate":"2022-09-11"},{"lineNumber":88,"author":{"gitId":"cheehengk"},"content":"        String data \u003d \"\";","lastModifiedDate":"2022-09-11"},{"lineNumber":89,"author":{"gitId":"cheehengk"},"content":"        for (Task task : tasks) {","lastModifiedDate":"2022-09-18"},{"lineNumber":90,"author":{"gitId":"cheehengk"},"content":"            String type \u003d task.getType();","lastModifiedDate":"2022-09-18"},{"lineNumber":91,"author":{"gitId":"cheehengk"},"content":"            if (type.equals(\"T\")) {","lastModifiedDate":"2022-09-11"},{"lineNumber":92,"author":{"gitId":"cheehengk"},"content":"                Todos temp \u003d (Todos) task;","lastModifiedDate":"2022-09-18"},{"lineNumber":93,"author":{"gitId":"cheehengk"},"content":"                data +\u003d (type + \"|\" + temp.getTaskName() + \"|\" + (temp.getIsDone() ? \"1\" : \"0\") + \"\\n\");","lastModifiedDate":"2022-09-11"},{"lineNumber":94,"author":{"gitId":"cheehengk"},"content":"            } else if (type.equals(\"D\")) {","lastModifiedDate":"2022-09-11"},{"lineNumber":95,"author":{"gitId":"cheehengk"},"content":"                Deadlines temp \u003d (Deadlines) task;","lastModifiedDate":"2022-09-18"},{"lineNumber":96,"author":{"gitId":"cheehengk"},"content":"                data +\u003d (type + \"|\" + temp.getTaskName() + \"|\" + (temp.getIsDone() ? \"1\" : \"0\") + \"|\"","lastModifiedDate":"2022-09-11"},{"lineNumber":97,"author":{"gitId":"cheehengk"},"content":"                        + Deadlines.getToBeDoneBy() + \"\\n\");","lastModifiedDate":"2022-09-11"},{"lineNumber":98,"author":{"gitId":"cheehengk"},"content":"            } else {","lastModifiedDate":"2022-09-11"},{"lineNumber":99,"author":{"gitId":"cheehengk"},"content":"                Events temp \u003d (Events) task;","lastModifiedDate":"2022-09-18"},{"lineNumber":100,"author":{"gitId":"cheehengk"},"content":"                data +\u003d (type + \"|\" + temp.getTaskName() + \"|\" + (temp.getIsDone() ? \"1\" : \"0\") + \"|\"","lastModifiedDate":"2022-09-11"},{"lineNumber":101,"author":{"gitId":"cheehengk"},"content":"                        + Events.getHappeningAt() + \"\\n\");","lastModifiedDate":"2022-09-11"},{"lineNumber":102,"author":{"gitId":"cheehengk"},"content":"            }","lastModifiedDate":"2022-09-11"},{"lineNumber":103,"author":{"gitId":"cheehengk"},"content":"        }","lastModifiedDate":"2022-08-28"},{"lineNumber":104,"author":{"gitId":"cheehengk"},"content":"        return data;","lastModifiedDate":"2022-09-11"},{"lineNumber":105,"author":{"gitId":"cheehengk"},"content":"    }","lastModifiedDate":"2022-08-28"},{"lineNumber":106,"author":{"gitId":"cheehengk"},"content":"","lastModifiedDate":"2022-09-10"},{"lineNumber":107,"author":{"gitId":"cheehengk"},"content":"    public void deleteTask(int taskIndex) throws DukeException.IllegalDeleteTargetException {","lastModifiedDate":"2022-09-10"},{"lineNumber":108,"author":{"gitId":"cheehengk"},"content":"        if (taskIndex \u003c 1 || taskIndex \u003e tasks.size()) {","lastModifiedDate":"2022-09-10"},{"lineNumber":109,"author":{"gitId":"cheehengk"},"content":"            throw new DukeException.IllegalDeleteTargetException();","lastModifiedDate":"2022-09-10"},{"lineNumber":110,"author":{"gitId":"cheehengk"},"content":"        }","lastModifiedDate":"2022-09-10"},{"lineNumber":111,"author":{"gitId":"cheehengk"},"content":"        System.out.println(\"Deleted: \" + tasks.get(taskIndex - 1).toString()","lastModifiedDate":"2022-09-10"},{"lineNumber":112,"author":{"gitId":"cheehengk"},"content":"                + \"\\nYou have \" + (tasks.size() - 1) + \" tasks in the list.\" + END_OF_LINE);","lastModifiedDate":"2022-09-10"},{"lineNumber":113,"author":{"gitId":"cheehengk"},"content":"        tasks.remove(taskIndex - 1);","lastModifiedDate":"2022-09-10"},{"lineNumber":114,"author":{"gitId":"cheehengk"},"content":"    }","lastModifiedDate":"2022-09-10"},{"lineNumber":115,"author":{"gitId":"cheehengk"},"content":"}","lastModifiedDate":"2022-08-28"}],"authorContributionMap":{"cheehengk":115}},{"path":"src/main/java/duke/commands/CommandDeadline.java","fileType":"java","lines":[{"lineNumber":1,"author":{"gitId":"cheehengk"},"content":"package duke.commands;","lastModifiedDate":"2022-09-05"},{"lineNumber":2,"author":{"gitId":"cheehengk"},"content":"","lastModifiedDate":"2022-09-05"},{"lineNumber":3,"author":{"gitId":"cheehengk"},"content":"import duke.DukeException;","lastModifiedDate":"2022-09-05"},{"lineNumber":4,"author":{"gitId":"cheehengk"},"content":"import duke.TaskManager;","lastModifiedDate":"2022-09-05"},{"lineNumber":5,"author":{"gitId":"cheehengk"},"content":"","lastModifiedDate":"2022-09-05"},{"lineNumber":6,"author":{"gitId":"cheehengk"},"content":"public class CommandDeadline {","lastModifiedDate":"2022-09-05"},{"lineNumber":7,"author":{"gitId":"cheehengk"},"content":"    public static void processNewDeadline(String command, TaskManager taskManager)","lastModifiedDate":"2022-09-05"},{"lineNumber":8,"author":{"gitId":"cheehengk"},"content":"            throws DukeException.IllegalDeadlineFormatException, DukeException.IllegalDeadlineDateException {","lastModifiedDate":"2022-09-05"},{"lineNumber":9,"author":{"gitId":"cheehengk"},"content":"        int spacePosition \u003d command.indexOf(\" \");","lastModifiedDate":"2022-09-05"},{"lineNumber":10,"author":{"gitId":"cheehengk"},"content":"        int dividerPosition \u003d command.indexOf(\"/\");","lastModifiedDate":"2022-09-05"},{"lineNumber":11,"author":{"gitId":"cheehengk"},"content":"","lastModifiedDate":"2022-09-05"},{"lineNumber":12,"author":{"gitId":"cheehengk"},"content":"        if(spacePosition \u003c 0 || dividerPosition \u003c 0) {","lastModifiedDate":"2022-09-05"},{"lineNumber":13,"author":{"gitId":"cheehengk"},"content":"            throw new DukeException.IllegalDeadlineFormatException();","lastModifiedDate":"2022-09-05"},{"lineNumber":14,"author":{"gitId":"cheehengk"},"content":"        } else if (dividerPosition + 2 \u003e command.length()) {","lastModifiedDate":"2022-09-05"},{"lineNumber":15,"author":{"gitId":"cheehengk"},"content":"            throw new DukeException.IllegalDeadlineDateException();","lastModifiedDate":"2022-09-05"},{"lineNumber":16,"author":{"gitId":"cheehengk"},"content":"        }","lastModifiedDate":"2022-09-05"},{"lineNumber":17,"author":{"gitId":"cheehengk"},"content":"","lastModifiedDate":"2022-09-05"},{"lineNumber":18,"author":{"gitId":"cheehengk"},"content":"        String taskName \u003d command.substring(spacePosition + 1, dividerPosition);","lastModifiedDate":"2022-09-05"},{"lineNumber":19,"author":{"gitId":"cheehengk"},"content":"        String by \u003d command.substring(dividerPosition + 1);","lastModifiedDate":"2022-09-05"},{"lineNumber":20,"author":{"gitId":"cheehengk"},"content":"        taskManager.addNewDeadline(taskName, by, true);","lastModifiedDate":"2022-09-11"},{"lineNumber":21,"author":{"gitId":"cheehengk"},"content":"    }","lastModifiedDate":"2022-09-05"},{"lineNumber":22,"author":{"gitId":"cheehengk"},"content":"}","lastModifiedDate":"2022-09-05"}],"authorContributionMap":{"cheehengk":22}},{"path":"src/main/java/duke/commands/CommandDelete.java","fileType":"java","lines":[{"lineNumber":1,"author":{"gitId":"cheehengk"},"content":"package duke.commands;","lastModifiedDate":"2022-09-10"},{"lineNumber":2,"author":{"gitId":"cheehengk"},"content":"","lastModifiedDate":"2022-09-10"},{"lineNumber":3,"author":{"gitId":"cheehengk"},"content":"import duke.DukeException;","lastModifiedDate":"2022-09-10"},{"lineNumber":4,"author":{"gitId":"cheehengk"},"content":"import duke.TaskManager;","lastModifiedDate":"2022-09-10"},{"lineNumber":5,"author":{"gitId":"cheehengk"},"content":"","lastModifiedDate":"2022-09-10"},{"lineNumber":6,"author":{"gitId":"cheehengk"},"content":"public class CommandDelete {","lastModifiedDate":"2022-09-10"},{"lineNumber":7,"author":{"gitId":"cheehengk"},"content":"    public static void processDelete(String command, TaskManager taskManager)","lastModifiedDate":"2022-09-10"},{"lineNumber":8,"author":{"gitId":"cheehengk"},"content":"            throws DukeException.IllegalDeleteIndexException {","lastModifiedDate":"2022-09-10"},{"lineNumber":9,"author":{"gitId":"cheehengk"},"content":"        String[] arrOfCommand \u003d command.split(\" \");","lastModifiedDate":"2022-09-10"},{"lineNumber":10,"author":{"gitId":"cheehengk"},"content":"","lastModifiedDate":"2022-09-10"},{"lineNumber":11,"author":{"gitId":"cheehengk"},"content":"        if (arrOfCommand.length !\u003d 2 || !isInteger(arrOfCommand[1])) {","lastModifiedDate":"2022-09-10"},{"lineNumber":12,"author":{"gitId":"cheehengk"},"content":"            throw new DukeException.IllegalDeleteIndexException();","lastModifiedDate":"2022-09-10"},{"lineNumber":13,"author":{"gitId":"cheehengk"},"content":"        }","lastModifiedDate":"2022-09-10"},{"lineNumber":14,"author":{"gitId":"cheehengk"},"content":"","lastModifiedDate":"2022-09-10"},{"lineNumber":15,"author":{"gitId":"cheehengk"},"content":"        try {","lastModifiedDate":"2022-09-10"},{"lineNumber":16,"author":{"gitId":"cheehengk"},"content":"            taskManager.deleteTask(Integer.parseInt(arrOfCommand[1]));","lastModifiedDate":"2022-09-10"},{"lineNumber":17,"author":{"gitId":"cheehengk"},"content":"        } catch (DukeException.IllegalDeleteTargetException e) {","lastModifiedDate":"2022-09-10"},{"lineNumber":18,"author":{"gitId":"cheehengk"},"content":"            System.out.println(\"Index of task is out of range\");","lastModifiedDate":"2022-09-10"},{"lineNumber":19,"author":{"gitId":"cheehengk"},"content":"        }","lastModifiedDate":"2022-09-10"},{"lineNumber":20,"author":{"gitId":"cheehengk"},"content":"    }","lastModifiedDate":"2022-09-10"},{"lineNumber":21,"author":{"gitId":"cheehengk"},"content":"","lastModifiedDate":"2022-09-10"},{"lineNumber":22,"author":{"gitId":"cheehengk"},"content":"    private static boolean isInteger(String toCheck) {","lastModifiedDate":"2022-09-10"},{"lineNumber":23,"author":{"gitId":"cheehengk"},"content":"        try {","lastModifiedDate":"2022-09-10"},{"lineNumber":24,"author":{"gitId":"cheehengk"},"content":"            int intValue \u003d Integer.parseInt(toCheck);","lastModifiedDate":"2022-09-10"},{"lineNumber":25,"author":{"gitId":"cheehengk"},"content":"            return true;","lastModifiedDate":"2022-09-10"},{"lineNumber":26,"author":{"gitId":"cheehengk"},"content":"        } catch (NumberFormatException e) {","lastModifiedDate":"2022-09-10"},{"lineNumber":27,"author":{"gitId":"cheehengk"},"content":"            return false;","lastModifiedDate":"2022-09-10"},{"lineNumber":28,"author":{"gitId":"cheehengk"},"content":"        }","lastModifiedDate":"2022-09-10"},{"lineNumber":29,"author":{"gitId":"cheehengk"},"content":"    }","lastModifiedDate":"2022-09-10"},{"lineNumber":30,"author":{"gitId":"cheehengk"},"content":"}","lastModifiedDate":"2022-09-10"}],"authorContributionMap":{"cheehengk":30}},{"path":"src/main/java/duke/commands/CommandEvent.java","fileType":"java","lines":[{"lineNumber":1,"author":{"gitId":"cheehengk"},"content":"package duke.commands;","lastModifiedDate":"2022-09-05"},{"lineNumber":2,"author":{"gitId":"cheehengk"},"content":"","lastModifiedDate":"2022-09-05"},{"lineNumber":3,"author":{"gitId":"cheehengk"},"content":"import duke.DukeException;","lastModifiedDate":"2022-09-05"},{"lineNumber":4,"author":{"gitId":"cheehengk"},"content":"import duke.TaskManager;","lastModifiedDate":"2022-09-05"},{"lineNumber":5,"author":{"gitId":"cheehengk"},"content":"","lastModifiedDate":"2022-09-05"},{"lineNumber":6,"author":{"gitId":"cheehengk"},"content":"public class CommandEvent {","lastModifiedDate":"2022-09-05"},{"lineNumber":7,"author":{"gitId":"cheehengk"},"content":"    public static void processNewEvent(String command, TaskManager taskManager)","lastModifiedDate":"2022-09-05"},{"lineNumber":8,"author":{"gitId":"cheehengk"},"content":"            throws DukeException.IllegalEventFormatException, DukeException.IllegalEventDateException {","lastModifiedDate":"2022-09-05"},{"lineNumber":9,"author":{"gitId":"cheehengk"},"content":"        int spacePosition \u003d command.indexOf(\" \");","lastModifiedDate":"2022-09-05"},{"lineNumber":10,"author":{"gitId":"cheehengk"},"content":"        int dividerPosition \u003d command.indexOf(\"/\");","lastModifiedDate":"2022-09-05"},{"lineNumber":11,"author":{"gitId":"cheehengk"},"content":"","lastModifiedDate":"2022-09-05"},{"lineNumber":12,"author":{"gitId":"cheehengk"},"content":"        if(spacePosition \u003c 0 || dividerPosition \u003c 0) {","lastModifiedDate":"2022-09-05"},{"lineNumber":13,"author":{"gitId":"cheehengk"},"content":"            throw new DukeException.IllegalEventFormatException();","lastModifiedDate":"2022-09-05"},{"lineNumber":14,"author":{"gitId":"cheehengk"},"content":"        } else if (dividerPosition + 2 \u003e command.length()) {","lastModifiedDate":"2022-09-05"},{"lineNumber":15,"author":{"gitId":"cheehengk"},"content":"            throw new DukeException.IllegalEventDateException();","lastModifiedDate":"2022-09-05"},{"lineNumber":16,"author":{"gitId":"cheehengk"},"content":"        }","lastModifiedDate":"2022-09-05"},{"lineNumber":17,"author":{"gitId":"cheehengk"},"content":"","lastModifiedDate":"2022-09-05"},{"lineNumber":18,"author":{"gitId":"cheehengk"},"content":"        String taskName \u003d command.substring(spacePosition + 1, dividerPosition);","lastModifiedDate":"2022-09-05"},{"lineNumber":19,"author":{"gitId":"cheehengk"},"content":"        String at \u003d command.substring(dividerPosition + 1);","lastModifiedDate":"2022-09-05"},{"lineNumber":20,"author":{"gitId":"cheehengk"},"content":"        taskManager.addNewEvent(taskName, at, true);","lastModifiedDate":"2022-09-11"},{"lineNumber":21,"author":{"gitId":"cheehengk"},"content":"    }","lastModifiedDate":"2022-09-05"},{"lineNumber":22,"author":{"gitId":"cheehengk"},"content":"}","lastModifiedDate":"2022-09-05"}],"authorContributionMap":{"cheehengk":22}},{"path":"src/main/java/duke/commands/CommandMarking.java","fileType":"java","lines":[{"lineNumber":1,"author":{"gitId":"cheehengk"},"content":"package duke.commands;","lastModifiedDate":"2022-09-05"},{"lineNumber":2,"author":{"gitId":"cheehengk"},"content":"","lastModifiedDate":"2022-09-05"},{"lineNumber":3,"author":{"gitId":"cheehengk"},"content":"import duke.DukeException;","lastModifiedDate":"2022-09-05"},{"lineNumber":4,"author":{"gitId":"cheehengk"},"content":"import duke.TaskManager;","lastModifiedDate":"2022-09-05"},{"lineNumber":5,"author":{"gitId":"cheehengk"},"content":"","lastModifiedDate":"2022-09-05"},{"lineNumber":6,"author":{"gitId":"cheehengk"},"content":"public class CommandMarking {","lastModifiedDate":"2022-09-05"},{"lineNumber":7,"author":{"gitId":"cheehengk"},"content":"    public static void processMarking(String command, TaskManager taskManager, boolean toMark)","lastModifiedDate":"2022-09-05"},{"lineNumber":8,"author":{"gitId":"cheehengk"},"content":"            throws DukeException.IllegalNoMarkIndexException {","lastModifiedDate":"2022-09-05"},{"lineNumber":9,"author":{"gitId":"cheehengk"},"content":"        String[] arrOfCommand \u003d command.split(\" \");","lastModifiedDate":"2022-09-05"},{"lineNumber":10,"author":{"gitId":"cheehengk"},"content":"","lastModifiedDate":"2022-09-05"},{"lineNumber":11,"author":{"gitId":"cheehengk"},"content":"        if (arrOfCommand.length !\u003d 2 || !isInteger(arrOfCommand[1])) {","lastModifiedDate":"2022-09-10"},{"lineNumber":12,"author":{"gitId":"cheehengk"},"content":"            throw new DukeException.IllegalNoMarkIndexException();","lastModifiedDate":"2022-09-05"},{"lineNumber":13,"author":{"gitId":"cheehengk"},"content":"        }","lastModifiedDate":"2022-09-05"},{"lineNumber":14,"author":{"gitId":"cheehengk"},"content":"","lastModifiedDate":"2022-09-05"},{"lineNumber":15,"author":{"gitId":"cheehengk"},"content":"        try {","lastModifiedDate":"2022-09-05"},{"lineNumber":16,"author":{"gitId":"cheehengk"},"content":"            taskManager.markTasks(toMark, Integer.parseInt(arrOfCommand[1]), true);","lastModifiedDate":"2022-09-11"},{"lineNumber":17,"author":{"gitId":"cheehengk"},"content":"        } catch (DukeException.IllegalMarkTargetException e) {","lastModifiedDate":"2022-09-05"},{"lineNumber":18,"author":{"gitId":"cheehengk"},"content":"            System.out.println(\"Index of task is out of range\");","lastModifiedDate":"2022-09-05"},{"lineNumber":19,"author":{"gitId":"cheehengk"},"content":"        }","lastModifiedDate":"2022-09-05"},{"lineNumber":20,"author":{"gitId":"cheehengk"},"content":"    }","lastModifiedDate":"2022-09-05"},{"lineNumber":21,"author":{"gitId":"cheehengk"},"content":"","lastModifiedDate":"2022-09-05"},{"lineNumber":22,"author":{"gitId":"cheehengk"},"content":"    private static boolean isInteger(String toCheck) {","lastModifiedDate":"2022-09-05"},{"lineNumber":23,"author":{"gitId":"cheehengk"},"content":"        try {","lastModifiedDate":"2022-09-05"},{"lineNumber":24,"author":{"gitId":"cheehengk"},"content":"            int intValue \u003d Integer.parseInt(toCheck);","lastModifiedDate":"2022-09-05"},{"lineNumber":25,"author":{"gitId":"cheehengk"},"content":"            return true;","lastModifiedDate":"2022-09-05"},{"lineNumber":26,"author":{"gitId":"cheehengk"},"content":"        } catch (NumberFormatException e) {","lastModifiedDate":"2022-09-05"},{"lineNumber":27,"author":{"gitId":"cheehengk"},"content":"            return false;","lastModifiedDate":"2022-09-05"},{"lineNumber":28,"author":{"gitId":"cheehengk"},"content":"        }","lastModifiedDate":"2022-09-05"},{"lineNumber":29,"author":{"gitId":"cheehengk"},"content":"    }","lastModifiedDate":"2022-09-05"},{"lineNumber":30,"author":{"gitId":"cheehengk"},"content":"}","lastModifiedDate":"2022-09-05"}],"authorContributionMap":{"cheehengk":30}},{"path":"src/main/java/duke/commands/CommandTodo.java","fileType":"java","lines":[{"lineNumber":1,"author":{"gitId":"cheehengk"},"content":"package duke.commands;","lastModifiedDate":"2022-09-05"},{"lineNumber":2,"author":{"gitId":"cheehengk"},"content":"","lastModifiedDate":"2022-09-05"},{"lineNumber":3,"author":{"gitId":"cheehengk"},"content":"import duke.DukeException;","lastModifiedDate":"2022-09-05"},{"lineNumber":4,"author":{"gitId":"cheehengk"},"content":"import duke.TaskManager;","lastModifiedDate":"2022-09-05"},{"lineNumber":5,"author":{"gitId":"cheehengk"},"content":"","lastModifiedDate":"2022-09-05"},{"lineNumber":6,"author":{"gitId":"cheehengk"},"content":"public class CommandTodo {","lastModifiedDate":"2022-09-05"},{"lineNumber":7,"author":{"gitId":"cheehengk"},"content":"    public static void processNewTodo(String command, TaskManager taskManager)","lastModifiedDate":"2022-09-05"},{"lineNumber":8,"author":{"gitId":"cheehengk"},"content":"            throws DukeException.IllegalTodoException {","lastModifiedDate":"2022-09-05"},{"lineNumber":9,"author":{"gitId":"cheehengk"},"content":"        int spacePosition \u003d command.indexOf(\" \");","lastModifiedDate":"2022-09-05"},{"lineNumber":10,"author":{"gitId":"cheehengk"},"content":"        if(spacePosition \u003c 0) {","lastModifiedDate":"2022-09-05"},{"lineNumber":11,"author":{"gitId":"cheehengk"},"content":"            throw new DukeException.IllegalTodoException();","lastModifiedDate":"2022-09-05"},{"lineNumber":12,"author":{"gitId":"cheehengk"},"content":"        }","lastModifiedDate":"2022-09-05"},{"lineNumber":13,"author":{"gitId":"cheehengk"},"content":"        taskManager.addNewTodo(command.substring(spacePosition + 1), true);","lastModifiedDate":"2022-09-11"},{"lineNumber":14,"author":{"gitId":"cheehengk"},"content":"    }","lastModifiedDate":"2022-09-05"},{"lineNumber":15,"author":{"gitId":"cheehengk"},"content":"}","lastModifiedDate":"2022-09-05"}],"authorContributionMap":{"cheehengk":15}},{"path":"src/main/java/duke/tasks/Deadlines.java","fileType":"java","lines":[{"lineNumber":1,"author":{"gitId":"cheehengk"},"content":"package duke.tasks;","lastModifiedDate":"2022-09-05"},{"lineNumber":2,"author":{"gitId":"cheehengk"},"content":"","lastModifiedDate":"2022-09-05"},{"lineNumber":3,"author":{"gitId":"cheehengk"},"content":"public class Deadlines extends Task {","lastModifiedDate":"2022-08-29"},{"lineNumber":4,"author":{"gitId":"cheehengk"},"content":"    private static String toBeDoneBy;","lastModifiedDate":"2022-09-04"},{"lineNumber":5,"author":{"gitId":"cheehengk"},"content":"","lastModifiedDate":"2022-08-29"},{"lineNumber":6,"author":{"gitId":"cheehengk"},"content":"    public static String getToBeDoneBy() {","lastModifiedDate":"2022-09-11"},{"lineNumber":7,"author":{"gitId":"cheehengk"},"content":"        return toBeDoneBy;","lastModifiedDate":"2022-09-11"},{"lineNumber":8,"author":{"gitId":"cheehengk"},"content":"    }","lastModifiedDate":"2022-09-11"},{"lineNumber":9,"author":{"gitId":"cheehengk"},"content":"","lastModifiedDate":"2022-09-11"},{"lineNumber":10,"author":{"gitId":"cheehengk"},"content":"    public Deadlines(String taskName, String toBeDoneBy) {","lastModifiedDate":"2022-09-04"},{"lineNumber":11,"author":{"gitId":"cheehengk"},"content":"        super(taskName);","lastModifiedDate":"2022-08-29"},{"lineNumber":12,"author":{"gitId":"cheehengk"},"content":"        this.toBeDoneBy \u003d toBeDoneBy;","lastModifiedDate":"2022-09-04"},{"lineNumber":13,"author":{"gitId":"cheehengk"},"content":"        this.type \u003d \"D\";","lastModifiedDate":"2022-09-11"},{"lineNumber":14,"author":{"gitId":"cheehengk"},"content":"    }","lastModifiedDate":"2022-08-29"},{"lineNumber":15,"author":{"gitId":"cheehengk"},"content":"","lastModifiedDate":"2022-08-29"},{"lineNumber":16,"author":{"gitId":"cheehengk"},"content":"    public String toString() {","lastModifiedDate":"2022-08-29"},{"lineNumber":17,"author":{"gitId":"cheehengk"},"content":"        String done \u003d this.getIsDone() ? \"[X]\" : \"[ ]\";","lastModifiedDate":"2022-09-04"},{"lineNumber":18,"author":{"gitId":"cheehengk"},"content":"        return \"[D]\" + done + this.getTaskName() + \" (by: \" + toBeDoneBy + \" )\";","lastModifiedDate":"2022-09-04"},{"lineNumber":19,"author":{"gitId":"cheehengk"},"content":"    }","lastModifiedDate":"2022-08-29"},{"lineNumber":20,"author":{"gitId":"cheehengk"},"content":"}","lastModifiedDate":"2022-08-29"}],"authorContributionMap":{"cheehengk":20}},{"path":"src/main/java/duke/tasks/Events.java","fileType":"java","lines":[{"lineNumber":1,"author":{"gitId":"cheehengk"},"content":"package duke.tasks;","lastModifiedDate":"2022-09-05"},{"lineNumber":2,"author":{"gitId":"cheehengk"},"content":"","lastModifiedDate":"2022-09-05"},{"lineNumber":3,"author":{"gitId":"cheehengk"},"content":"public class Events extends Task {","lastModifiedDate":"2022-08-29"},{"lineNumber":4,"author":{"gitId":"cheehengk"},"content":"    private static String happeningAt;","lastModifiedDate":"2022-09-04"},{"lineNumber":5,"author":{"gitId":"cheehengk"},"content":"","lastModifiedDate":"2022-08-29"},{"lineNumber":6,"author":{"gitId":"cheehengk"},"content":"    public static String getHappeningAt() {","lastModifiedDate":"2022-09-11"},{"lineNumber":7,"author":{"gitId":"cheehengk"},"content":"        return happeningAt;","lastModifiedDate":"2022-09-11"},{"lineNumber":8,"author":{"gitId":"cheehengk"},"content":"    }","lastModifiedDate":"2022-09-11"},{"lineNumber":9,"author":{"gitId":"cheehengk"},"content":"","lastModifiedDate":"2022-09-11"},{"lineNumber":10,"author":{"gitId":"cheehengk"},"content":"    public Events(String taskName, String happeningAt) {","lastModifiedDate":"2022-09-04"},{"lineNumber":11,"author":{"gitId":"cheehengk"},"content":"        super(taskName);","lastModifiedDate":"2022-08-29"},{"lineNumber":12,"author":{"gitId":"cheehengk"},"content":"        this.happeningAt \u003d happeningAt;","lastModifiedDate":"2022-09-04"},{"lineNumber":13,"author":{"gitId":"cheehengk"},"content":"        this.type \u003d \"E\";","lastModifiedDate":"2022-09-11"},{"lineNumber":14,"author":{"gitId":"cheehengk"},"content":"    }","lastModifiedDate":"2022-08-29"},{"lineNumber":15,"author":{"gitId":"cheehengk"},"content":"","lastModifiedDate":"2022-08-29"},{"lineNumber":16,"author":{"gitId":"cheehengk"},"content":"    public String toString() {","lastModifiedDate":"2022-08-29"},{"lineNumber":17,"author":{"gitId":"cheehengk"},"content":"        String done \u003d this.getIsDone() ? \"[X]\" : \"[ ]\";","lastModifiedDate":"2022-09-04"},{"lineNumber":18,"author":{"gitId":"cheehengk"},"content":"        return \"[E]\" + done + this.getTaskName() + \" (at: \" + happeningAt + \" )\";","lastModifiedDate":"2022-09-04"},{"lineNumber":19,"author":{"gitId":"cheehengk"},"content":"    }","lastModifiedDate":"2022-08-29"},{"lineNumber":20,"author":{"gitId":"cheehengk"},"content":"}","lastModifiedDate":"2022-08-29"}],"authorContributionMap":{"cheehengk":20}},{"path":"src/main/java/duke/tasks/Task.java","fileType":"java","lines":[{"lineNumber":1,"author":{"gitId":"cheehengk"},"content":"package duke.tasks;","lastModifiedDate":"2022-09-05"},{"lineNumber":2,"author":{"gitId":"cheehengk"},"content":"","lastModifiedDate":"2022-09-05"},{"lineNumber":3,"author":{"gitId":"cheehengk"},"content":"public class Task {","lastModifiedDate":"2022-08-28"},{"lineNumber":4,"author":{"gitId":"cheehengk"},"content":"    private String taskName;","lastModifiedDate":"2022-08-28"},{"lineNumber":5,"author":{"gitId":"cheehengk"},"content":"    private boolean isDone;","lastModifiedDate":"2022-08-28"},{"lineNumber":6,"author":{"gitId":"cheehengk"},"content":"    protected String type;","lastModifiedDate":"2022-09-11"},{"lineNumber":7,"author":{"gitId":"cheehengk"},"content":"","lastModifiedDate":"2022-09-11"},{"lineNumber":8,"author":{"gitId":"cheehengk"},"content":"    public String getType() {","lastModifiedDate":"2022-09-11"},{"lineNumber":9,"author":{"gitId":"cheehengk"},"content":"        return type;","lastModifiedDate":"2022-09-11"},{"lineNumber":10,"author":{"gitId":"cheehengk"},"content":"    }","lastModifiedDate":"2022-09-11"},{"lineNumber":11,"author":{"gitId":"cheehengk"},"content":"","lastModifiedDate":"2022-08-28"},{"lineNumber":12,"author":{"gitId":"cheehengk"},"content":"    public Task(String taskName) {","lastModifiedDate":"2022-08-28"},{"lineNumber":13,"author":{"gitId":"cheehengk"},"content":"        this.taskName \u003d taskName;","lastModifiedDate":"2022-08-28"},{"lineNumber":14,"author":{"gitId":"cheehengk"},"content":"        this.isDone \u003d false;","lastModifiedDate":"2022-08-28"},{"lineNumber":15,"author":{"gitId":"cheehengk"},"content":"    }","lastModifiedDate":"2022-08-28"},{"lineNumber":16,"author":{"gitId":"cheehengk"},"content":"","lastModifiedDate":"2022-08-28"},{"lineNumber":17,"author":{"gitId":"cheehengk"},"content":"    public void setTaskName(String taskName) {","lastModifiedDate":"2022-08-28"},{"lineNumber":18,"author":{"gitId":"cheehengk"},"content":"        this.taskName \u003d taskName;","lastModifiedDate":"2022-08-28"},{"lineNumber":19,"author":{"gitId":"cheehengk"},"content":"    }","lastModifiedDate":"2022-08-28"},{"lineNumber":20,"author":{"gitId":"cheehengk"},"content":"","lastModifiedDate":"2022-08-28"},{"lineNumber":21,"author":{"gitId":"cheehengk"},"content":"    public void setIsDone() {","lastModifiedDate":"2022-08-28"},{"lineNumber":22,"author":{"gitId":"cheehengk"},"content":"        this.isDone \u003d true;","lastModifiedDate":"2022-08-28"},{"lineNumber":23,"author":{"gitId":"cheehengk"},"content":"    }","lastModifiedDate":"2022-08-28"},{"lineNumber":24,"author":{"gitId":"cheehengk"},"content":"","lastModifiedDate":"2022-08-28"},{"lineNumber":25,"author":{"gitId":"cheehengk"},"content":"    public void setIsNotDone() {","lastModifiedDate":"2022-08-28"},{"lineNumber":26,"author":{"gitId":"cheehengk"},"content":"        this.isDone \u003d false;","lastModifiedDate":"2022-08-28"},{"lineNumber":27,"author":{"gitId":"cheehengk"},"content":"    }","lastModifiedDate":"2022-08-28"},{"lineNumber":28,"author":{"gitId":"cheehengk"},"content":"","lastModifiedDate":"2022-08-28"},{"lineNumber":29,"author":{"gitId":"cheehengk"},"content":"    public String getTaskName() {","lastModifiedDate":"2022-08-28"},{"lineNumber":30,"author":{"gitId":"cheehengk"},"content":"        return taskName;","lastModifiedDate":"2022-08-28"},{"lineNumber":31,"author":{"gitId":"cheehengk"},"content":"    }","lastModifiedDate":"2022-08-28"},{"lineNumber":32,"author":{"gitId":"cheehengk"},"content":"","lastModifiedDate":"2022-08-28"},{"lineNumber":33,"author":{"gitId":"cheehengk"},"content":"    public boolean getIsDone() {","lastModifiedDate":"2022-08-28"},{"lineNumber":34,"author":{"gitId":"cheehengk"},"content":"        return isDone;","lastModifiedDate":"2022-08-28"},{"lineNumber":35,"author":{"gitId":"cheehengk"},"content":"    }","lastModifiedDate":"2022-08-28"},{"lineNumber":36,"author":{"gitId":"cheehengk"},"content":"}","lastModifiedDate":"2022-08-28"}],"authorContributionMap":{"cheehengk":36}},{"path":"src/main/java/duke/tasks/Todos.java","fileType":"java","lines":[{"lineNumber":1,"author":{"gitId":"cheehengk"},"content":"package duke.tasks;","lastModifiedDate":"2022-09-05"},{"lineNumber":2,"author":{"gitId":"cheehengk"},"content":"","lastModifiedDate":"2022-09-05"},{"lineNumber":3,"author":{"gitId":"cheehengk"},"content":"public class Todos extends Task {","lastModifiedDate":"2022-09-05"},{"lineNumber":4,"author":{"gitId":"cheehengk"},"content":"    public Todos(String taskName) {","lastModifiedDate":"2022-09-05"},{"lineNumber":5,"author":{"gitId":"cheehengk"},"content":"        super(taskName);","lastModifiedDate":"2022-09-05"},{"lineNumber":6,"author":{"gitId":"cheehengk"},"content":"        this.type \u003d \"T\";","lastModifiedDate":"2022-09-11"},{"lineNumber":7,"author":{"gitId":"cheehengk"},"content":"    }","lastModifiedDate":"2022-09-05"},{"lineNumber":8,"author":{"gitId":"cheehengk"},"content":"","lastModifiedDate":"2022-09-05"},{"lineNumber":9,"author":{"gitId":"cheehengk"},"content":"    public String toString() {","lastModifiedDate":"2022-09-05"},{"lineNumber":10,"author":{"gitId":"cheehengk"},"content":"        String done \u003d this.getIsDone() ? \"[X]\" : \"[ ]\";","lastModifiedDate":"2022-09-05"},{"lineNumber":11,"author":{"gitId":"cheehengk"},"content":"        return \"[T]\" + done + this.getTaskName();","lastModifiedDate":"2022-09-05"},{"lineNumber":12,"author":{"gitId":"cheehengk"},"content":"    }","lastModifiedDate":"2022-09-05"},{"lineNumber":13,"author":{"gitId":"cheehengk"},"content":"}","lastModifiedDate":"2022-09-05"}],"authorContributionMap":{"cheehengk":13}},{"path":"text-ui-test/input.txt","fileType":"txt","lines":[{"lineNumber":1,"author":{"gitId":"cheehengk"},"content":"help","lastModifiedDate":"2022-09-06"},{"lineNumber":2,"author":{"gitId":"cheehengk"},"content":"deadline","lastModifiedDate":"2022-08-29"},{"lineNumber":3,"author":{"gitId":"cheehengk"},"content":"event","lastModifiedDate":"2022-08-29"},{"lineNumber":4,"author":{"gitId":"cheehengk"},"content":"todo","lastModifiedDate":"2022-08-29"},{"lineNumber":5,"author":{"gitId":"cheehengk"},"content":"deadline activity 1","lastModifiedDate":"2022-08-29"},{"lineNumber":6,"author":{"gitId":"cheehengk"},"content":"deadline activity 1 /monday","lastModifiedDate":"2022-08-29"},{"lineNumber":7,"author":{"gitId":"cheehengk"},"content":"event activity 2","lastModifiedDate":"2022-08-29"},{"lineNumber":8,"author":{"gitId":"cheehengk"},"content":"event activity 2 /tuesday","lastModifiedDate":"2022-08-29"},{"lineNumber":9,"author":{"gitId":"cheehengk"},"content":"todo activity 3","lastModifiedDate":"2022-08-29"},{"lineNumber":10,"author":{"gitId":"cheehengk"},"content":"list","lastModifiedDate":"2022-08-29"},{"lineNumber":11,"author":{"gitId":"cheehengk"},"content":"unmark 1","lastModifiedDate":"2022-08-29"},{"lineNumber":12,"author":{"gitId":"cheehengk"},"content":"mark 2","lastModifiedDate":"2022-08-29"},{"lineNumber":13,"author":{"gitId":"cheehengk"},"content":"mark 2","lastModifiedDate":"2022-08-29"},{"lineNumber":14,"author":{"gitId":"cheehengk"},"content":"unmark 2","lastModifiedDate":"2022-08-29"},{"lineNumber":15,"author":{"gitId":"cheehengk"},"content":"mark 3","lastModifiedDate":"2022-08-29"},{"lineNumber":16,"author":{"gitId":"cheehengk"},"content":"list","lastModifiedDate":"2022-08-29"},{"lineNumber":17,"author":{"gitId":"cheehengk"},"content":"bye","lastModifiedDate":"2022-08-29"}],"authorContributionMap":{"cheehengk":17}},{"path":"text-ui-test/runtest.bat","fileType":"bat","lines":[{"lineNumber":1,"author":{"gitId":"-"},"content":"@ECHO OFF","lastModifiedDate":"2020-05-25"},{"lineNumber":2,"author":{"gitId":"-"},"content":"","lastModifiedDate":"2020-05-25"},{"lineNumber":3,"author":{"gitId":"-"},"content":"REM create bin directory if it doesn\u0027t exist","lastModifiedDate":"2020-05-25"},{"lineNumber":4,"author":{"gitId":"-"},"content":"if not exist ..\\bin mkdir ..\\bin","lastModifiedDate":"2020-05-25"},{"lineNumber":5,"author":{"gitId":"-"},"content":"","lastModifiedDate":"2020-05-25"},{"lineNumber":6,"author":{"gitId":"-"},"content":"REM delete output from previous run","lastModifiedDate":"2020-05-25"},{"lineNumber":7,"author":{"gitId":"-"},"content":"if exist ACTUAL.TXT del ACTUAL.TXT","lastModifiedDate":"2020-08-25"},{"lineNumber":8,"author":{"gitId":"-"},"content":"","lastModifiedDate":"2020-05-25"},{"lineNumber":9,"author":{"gitId":"-"},"content":"REM compile the code into the bin folder","lastModifiedDate":"2020-05-25"},{"lineNumber":10,"author":{"gitId":"-"},"content":"javac  -cp ..\\src\\main\\java -Xlint:none -d ..\\bin ..\\src\\main\\java\\*.java","lastModifiedDate":"2020-08-25"},{"lineNumber":11,"author":{"gitId":"-"},"content":"IF ERRORLEVEL 1 (","lastModifiedDate":"2020-05-25"},{"lineNumber":12,"author":{"gitId":"-"},"content":"    echo ********** BUILD FAILURE **********","lastModifiedDate":"2020-05-25"},{"lineNumber":13,"author":{"gitId":"-"},"content":"    exit /b 1","lastModifiedDate":"2020-05-25"},{"lineNumber":14,"author":{"gitId":"-"},"content":")","lastModifiedDate":"2020-05-25"},{"lineNumber":15,"author":{"gitId":"-"},"content":"REM no error here, errorlevel \u003d\u003d 0","lastModifiedDate":"2020-05-25"},{"lineNumber":16,"author":{"gitId":"-"},"content":"","lastModifiedDate":"2020-05-25"},{"lineNumber":17,"author":{"gitId":"-"},"content":"REM run the program, feed commands from input.txt file and redirect the output to the ACTUAL.TXT","lastModifiedDate":"2020-05-25"},{"lineNumber":18,"author":{"gitId":"cheehengk"},"content":"java -classpath ..\\bin duke.duke \u003c input.txt \u003e ACTUAL.TXT","lastModifiedDate":"2022-09-06"},{"lineNumber":19,"author":{"gitId":"-"},"content":"","lastModifiedDate":"2020-05-25"},{"lineNumber":20,"author":{"gitId":"-"},"content":"REM compare the output to the expected output","lastModifiedDate":"2020-05-25"},{"lineNumber":21,"author":{"gitId":"-"},"content":"FC ACTUAL.TXT EXPECTED.TXT","lastModifiedDate":"2020-05-25"}],"authorContributionMap":{"cheehengk":1,"-":20}},{"path":"text-ui-test/runtest.sh","fileType":"sh","lines":[{"lineNumber":1,"author":{"gitId":"-"},"content":"#!/usr/bin/env bash","lastModifiedDate":"2020-05-25"},{"lineNumber":2,"author":{"gitId":"-"},"content":"","lastModifiedDate":"2020-05-25"},{"lineNumber":3,"author":{"gitId":"-"},"content":"# create bin directory if it doesn\u0027t exist","lastModifiedDate":"2020-05-25"},{"lineNumber":4,"author":{"gitId":"-"},"content":"if [ ! -d \"../bin\" ]","lastModifiedDate":"2020-05-25"},{"lineNumber":5,"author":{"gitId":"-"},"content":"then","lastModifiedDate":"2020-05-25"},{"lineNumber":6,"author":{"gitId":"-"},"content":"    mkdir ../bin","lastModifiedDate":"2020-05-25"},{"lineNumber":7,"author":{"gitId":"-"},"content":"fi","lastModifiedDate":"2020-05-25"},{"lineNumber":8,"author":{"gitId":"-"},"content":"","lastModifiedDate":"2020-05-25"},{"lineNumber":9,"author":{"gitId":"-"},"content":"# delete output from previous run","lastModifiedDate":"2020-05-25"},{"lineNumber":10,"author":{"gitId":"-"},"content":"if [ -e \"./ACTUAL.TXT\" ]","lastModifiedDate":"2020-05-25"},{"lineNumber":11,"author":{"gitId":"-"},"content":"then","lastModifiedDate":"2020-05-25"},{"lineNumber":12,"author":{"gitId":"-"},"content":"    rm ACTUAL.TXT","lastModifiedDate":"2020-05-25"},{"lineNumber":13,"author":{"gitId":"-"},"content":"fi","lastModifiedDate":"2020-05-25"},{"lineNumber":14,"author":{"gitId":"-"},"content":"","lastModifiedDate":"2020-05-25"},{"lineNumber":15,"author":{"gitId":"-"},"content":"# compile the code into the bin folder, terminates if error occurred","lastModifiedDate":"2020-05-25"},{"lineNumber":16,"author":{"gitId":"cheehengk"},"content":"if ! javac -cp ../src/main/java -Xlint:none -d ../bin ../src/main/java/duke/Duke.java","lastModifiedDate":"2022-09-06"},{"lineNumber":17,"author":{"gitId":"-"},"content":"then","lastModifiedDate":"2020-05-25"},{"lineNumber":18,"author":{"gitId":"-"},"content":"    echo \"********** BUILD FAILURE **********\"","lastModifiedDate":"2020-05-25"},{"lineNumber":19,"author":{"gitId":"-"},"content":"    exit 1","lastModifiedDate":"2020-05-25"},{"lineNumber":20,"author":{"gitId":"-"},"content":"fi","lastModifiedDate":"2020-05-25"},{"lineNumber":21,"author":{"gitId":"-"},"content":"","lastModifiedDate":"2020-05-25"},{"lineNumber":22,"author":{"gitId":"-"},"content":"# run the program, feed commands from input.txt file and redirect the output to the ACTUAL.TXT","lastModifiedDate":"2020-05-25"},{"lineNumber":23,"author":{"gitId":"cheehengk"},"content":"java -classpath ../bin duke/Duke \u003c input.txt \u003e ACTUAL.TXT","lastModifiedDate":"2022-09-06"},{"lineNumber":24,"author":{"gitId":"-"},"content":"","lastModifiedDate":"2020-05-25"},{"lineNumber":25,"author":{"gitId":"-"},"content":"# convert to UNIX format","lastModifiedDate":"2020-05-25"},{"lineNumber":26,"author":{"gitId":"-"},"content":"cp EXPECTED.TXT EXPECTED-UNIX.TXT","lastModifiedDate":"2020-05-25"},{"lineNumber":27,"author":{"gitId":"-"},"content":"dos2unix ACTUAL.TXT EXPECTED-UNIX.TXT","lastModifiedDate":"2020-05-25"},{"lineNumber":28,"author":{"gitId":"-"},"content":"","lastModifiedDate":"2020-05-25"},{"lineNumber":29,"author":{"gitId":"-"},"content":"# compare the output to the expected output","lastModifiedDate":"2020-05-25"},{"lineNumber":30,"author":{"gitId":"-"},"content":"diff ACTUAL.TXT EXPECTED-UNIX.TXT","lastModifiedDate":"2020-05-25"},{"lineNumber":31,"author":{"gitId":"-"},"content":"if [ $? -eq 0 ]","lastModifiedDate":"2020-05-25"},{"lineNumber":32,"author":{"gitId":"-"},"content":"then","lastModifiedDate":"2020-05-25"},{"lineNumber":33,"author":{"gitId":"-"},"content":"    echo \"Test result: PASSED\"","lastModifiedDate":"2020-05-25"},{"lineNumber":34,"author":{"gitId":"-"},"content":"    exit 0","lastModifiedDate":"2020-05-25"},{"lineNumber":35,"author":{"gitId":"-"},"content":"else","lastModifiedDate":"2020-05-25"},{"lineNumber":36,"author":{"gitId":"-"},"content":"    echo \"Test result: FAILED\"","lastModifiedDate":"2020-05-25"},{"lineNumber":37,"author":{"gitId":"-"},"content":"    exit 1","lastModifiedDate":"2020-05-25"},{"lineNumber":38,"author":{"gitId":"-"},"content":"fi","lastModifiedDate":"2020-05-25"}],"authorContributionMap":{"cheehengk":2,"-":36}}]
