[{"path":"src/main/java/duke/Duke.java","fileType":"java","lines":[{"lineNumber":1,"author":{"gitId":"cheehengk"},"content":"package duke;","lastModifiedDate":"2022-09-05"},{"lineNumber":2,"author":{"gitId":"cheehengk"},"content":"","lastModifiedDate":"2022-09-05"},{"lineNumber":3,"author":{"gitId":"cheehengk"},"content":"import java.io.FileNotFoundException;","lastModifiedDate":"2022-09-11"},{"lineNumber":4,"author":{"gitId":"cheehengk"},"content":"import java.io.IOException;","lastModifiedDate":"2022-09-11"},{"lineNumber":5,"author":{"gitId":"cheehengk"},"content":"import java.util.Objects;","lastModifiedDate":"2022-09-18"},{"lineNumber":6,"author":{"gitId":"cheehengk"},"content":"import java.util.Scanner;","lastModifiedDate":"2022-08-28"},{"lineNumber":7,"author":{"gitId":"cheehengk"},"content":"","lastModifiedDate":"2022-08-28"},{"lineNumber":8,"author":{"gitId":"-"},"content":"public class Duke {","lastModifiedDate":"2019-07-29"},{"lineNumber":9,"author":{"gitId":"cheehengk"},"content":"    private static final String QUIT_FLAG \u003d \"quit\";","lastModifiedDate":"2022-09-18"},{"lineNumber":10,"author":{"gitId":"cheehengk"},"content":"","lastModifiedDate":"2022-08-28"},{"lineNumber":11,"author":{"gitId":"cheehengk"},"content":"    public static void main(String[] args) {","lastModifiedDate":"2022-09-04"},{"lineNumber":12,"author":{"gitId":"cheehengk"},"content":"        Scanner in \u003d new Scanner(System.in);","lastModifiedDate":"2022-08-28"},{"lineNumber":13,"author":{"gitId":"cheehengk"},"content":"        TaskList taskList \u003d new TaskList();","lastModifiedDate":"2022-09-18"},{"lineNumber":14,"author":{"gitId":"cheehengk"},"content":"","lastModifiedDate":"2022-09-11"},{"lineNumber":15,"author":{"gitId":"cheehengk"},"content":"        runInitialLoad(taskList);","lastModifiedDate":"2022-09-18"},{"lineNumber":16,"author":{"gitId":"cheehengk"},"content":"        runTaskProgram(in, taskList);","lastModifiedDate":"2022-09-18"},{"lineNumber":17,"author":{"gitId":"cheehengk"},"content":"        runClosingLoad(taskList);","lastModifiedDate":"2022-09-18"},{"lineNumber":18,"author":{"gitId":"cheehengk"},"content":"","lastModifiedDate":"2022-09-11"},{"lineNumber":19,"author":{"gitId":"cheehengk"},"content":"        in.close();","lastModifiedDate":"2022-09-11"},{"lineNumber":20,"author":{"gitId":"cheehengk"},"content":"    }","lastModifiedDate":"2022-09-11"},{"lineNumber":21,"author":{"gitId":"cheehengk"},"content":"","lastModifiedDate":"2022-09-11"},{"lineNumber":22,"author":{"gitId":"cheehengk"},"content":"    private static void runClosingLoad(TaskList taskList) {","lastModifiedDate":"2022-09-18"},{"lineNumber":23,"author":{"gitId":"cheehengk"},"content":"        try {","lastModifiedDate":"2022-09-11"},{"lineNumber":24,"author":{"gitId":"cheehengk"},"content":"            Storage.saveData(taskList);","lastModifiedDate":"2022-09-18"},{"lineNumber":25,"author":{"gitId":"cheehengk"},"content":"            Ui.printResponseToUser(Printables.SUCCESSFUL_SAVE_MESSAGE);","lastModifiedDate":"2022-09-18"},{"lineNumber":26,"author":{"gitId":"cheehengk"},"content":"        } catch (IOException e) {","lastModifiedDate":"2022-09-11"},{"lineNumber":27,"author":{"gitId":"cheehengk"},"content":"            Ui.printResponseToUser(Printables.FAIL_SAVE_MESSAGE);","lastModifiedDate":"2022-09-18"},{"lineNumber":28,"author":{"gitId":"cheehengk"},"content":"        }","lastModifiedDate":"2022-09-11"},{"lineNumber":29,"author":{"gitId":"cheehengk"},"content":"","lastModifiedDate":"2022-09-11"},{"lineNumber":30,"author":{"gitId":"cheehengk"},"content":"        Ui.printResponseToUser(Printables.GOODBYE_MESSAGE);","lastModifiedDate":"2022-09-18"},{"lineNumber":31,"author":{"gitId":"cheehengk"},"content":"    }","lastModifiedDate":"2022-09-11"},{"lineNumber":32,"author":{"gitId":"cheehengk"},"content":"","lastModifiedDate":"2022-09-11"},{"lineNumber":33,"author":{"gitId":"cheehengk"},"content":"    private static void runTaskProgram(Scanner in, TaskList taskList) {","lastModifiedDate":"2022-09-18"},{"lineNumber":34,"author":{"gitId":"cheehengk"},"content":"        String command;","lastModifiedDate":"2022-09-11"},{"lineNumber":35,"author":{"gitId":"cheehengk"},"content":"        String response;","lastModifiedDate":"2022-09-18"},{"lineNumber":36,"author":{"gitId":"cheehengk"},"content":"        while (true) {","lastModifiedDate":"2022-08-28"},{"lineNumber":37,"author":{"gitId":"cheehengk"},"content":"            command \u003d Ui.getCommandFromUser(in);","lastModifiedDate":"2022-09-18"},{"lineNumber":38,"author":{"gitId":"cheehengk"},"content":"            response \u003d Parser.runCommand(command, taskList);","lastModifiedDate":"2022-09-18"},{"lineNumber":39,"author":{"gitId":"cheehengk"},"content":"","lastModifiedDate":"2022-09-18"},{"lineNumber":40,"author":{"gitId":"cheehengk"},"content":"            if (Objects.equals(response, QUIT_FLAG)) {","lastModifiedDate":"2022-09-18"},{"lineNumber":41,"author":{"gitId":"cheehengk"},"content":"                return;","lastModifiedDate":"2022-09-18"},{"lineNumber":42,"author":{"gitId":"cheehengk"},"content":"            }","lastModifiedDate":"2022-08-28"},{"lineNumber":43,"author":{"gitId":"cheehengk"},"content":"            Ui.printResponseToUser(response);","lastModifiedDate":"2022-09-18"},{"lineNumber":44,"author":{"gitId":"cheehengk"},"content":"","lastModifiedDate":"2022-09-18"},{"lineNumber":45,"author":{"gitId":"cheehengk"},"content":"            try {","lastModifiedDate":"2022-09-11"},{"lineNumber":46,"author":{"gitId":"cheehengk"},"content":"                Storage.saveData(taskList);","lastModifiedDate":"2022-09-18"},{"lineNumber":47,"author":{"gitId":"cheehengk"},"content":"            } catch (IOException e) {","lastModifiedDate":"2022-09-11"},{"lineNumber":48,"author":{"gitId":"cheehengk"},"content":"                System.out.println(Printables.FAIL_SAVE_MESSAGE);","lastModifiedDate":"2022-09-18"},{"lineNumber":49,"author":{"gitId":"cheehengk"},"content":"            }","lastModifiedDate":"2022-09-11"},{"lineNumber":50,"author":{"gitId":"cheehengk"},"content":"        }","lastModifiedDate":"2022-09-11"},{"lineNumber":51,"author":{"gitId":"cheehengk"},"content":"    }","lastModifiedDate":"2022-09-11"},{"lineNumber":52,"author":{"gitId":"cheehengk"},"content":"","lastModifiedDate":"2022-09-11"},{"lineNumber":53,"author":{"gitId":"cheehengk"},"content":"    private static void runInitialLoad(TaskList taskList) {","lastModifiedDate":"2022-09-18"},{"lineNumber":54,"author":{"gitId":"cheehengk"},"content":"        Ui.printResponseToUser(Printables.INITIAL_GREETING);","lastModifiedDate":"2022-09-18"},{"lineNumber":55,"author":{"gitId":"cheehengk"},"content":"","lastModifiedDate":"2022-09-11"},{"lineNumber":56,"author":{"gitId":"cheehengk"},"content":"        try {","lastModifiedDate":"2022-09-11"},{"lineNumber":57,"author":{"gitId":"cheehengk"},"content":"            Ui.printResponseToUser(Storage.loadData(taskList));","lastModifiedDate":"2022-09-18"},{"lineNumber":58,"author":{"gitId":"cheehengk"},"content":"        } catch (FileNotFoundException e) {","lastModifiedDate":"2022-09-11"},{"lineNumber":59,"author":{"gitId":"cheehengk"},"content":"            Ui.printResponseToUser(Printables.MISSING_FILE_MESSAGE);","lastModifiedDate":"2022-09-18"},{"lineNumber":60,"author":{"gitId":"cheehengk"},"content":"        }","lastModifiedDate":"2022-08-28"},{"lineNumber":61,"author":{"gitId":"-"},"content":"    }","lastModifiedDate":"2019-07-29"},{"lineNumber":62,"author":{"gitId":"-"},"content":"}","lastModifiedDate":"2019-07-29"}],"authorContributionMap":{"cheehengk":59,"-":3}},{"path":"src/main/java/duke/DukeException.java","fileType":"java","lines":[{"lineNumber":1,"author":{"gitId":"cheehengk"},"content":"package duke;","lastModifiedDate":"2022-09-05"},{"lineNumber":2,"author":{"gitId":"cheehengk"},"content":"","lastModifiedDate":"2022-09-05"},{"lineNumber":3,"author":{"gitId":"cheehengk"},"content":"public class DukeException {","lastModifiedDate":"2022-09-04"},{"lineNumber":4,"author":{"gitId":"cheehengk"},"content":"    public static class IllegalNoMarkIndexException extends Exception {","lastModifiedDate":"2022-09-04"},{"lineNumber":5,"author":{"gitId":"cheehengk"},"content":"        @Override","lastModifiedDate":"2022-09-18"},{"lineNumber":6,"author":{"gitId":"cheehengk"},"content":"        public String getMessage() {","lastModifiedDate":"2022-09-18"},{"lineNumber":7,"author":{"gitId":"cheehengk"},"content":"            return \"Please enter a task number only to be marked\";","lastModifiedDate":"2022-09-18"},{"lineNumber":8,"author":{"gitId":"cheehengk"},"content":"        }","lastModifiedDate":"2022-09-18"},{"lineNumber":9,"author":{"gitId":"cheehengk"},"content":"    }","lastModifiedDate":"2022-09-04"},{"lineNumber":10,"author":{"gitId":"cheehengk"},"content":"    public static class IllegalMarkTargetException extends Exception {","lastModifiedDate":"2022-09-04"},{"lineNumber":11,"author":{"gitId":"cheehengk"},"content":"        @Override","lastModifiedDate":"2022-09-18"},{"lineNumber":12,"author":{"gitId":"cheehengk"},"content":"        public String getMessage() {","lastModifiedDate":"2022-09-18"},{"lineNumber":13,"author":{"gitId":"cheehengk"},"content":"            return \"Index of task is out of range\";","lastModifiedDate":"2022-09-18"},{"lineNumber":14,"author":{"gitId":"cheehengk"},"content":"        }","lastModifiedDate":"2022-09-18"},{"lineNumber":15,"author":{"gitId":"cheehengk"},"content":"    }","lastModifiedDate":"2022-09-04"},{"lineNumber":16,"author":{"gitId":"cheehengk"},"content":"    public static class IllegalDeadlineFormatException extends Exception {","lastModifiedDate":"2022-09-04"},{"lineNumber":17,"author":{"gitId":"cheehengk"},"content":"        @Override","lastModifiedDate":"2022-09-18"},{"lineNumber":18,"author":{"gitId":"cheehengk"},"content":"        public String getMessage() {","lastModifiedDate":"2022-09-18"},{"lineNumber":19,"author":{"gitId":"cheehengk"},"content":"            return \"Please enter a deadline task followed by a \u0027/\u0027 and indicate a deadline\";","lastModifiedDate":"2022-09-18"},{"lineNumber":20,"author":{"gitId":"cheehengk"},"content":"        }","lastModifiedDate":"2022-09-18"},{"lineNumber":21,"author":{"gitId":"cheehengk"},"content":"    }","lastModifiedDate":"2022-09-04"},{"lineNumber":22,"author":{"gitId":"cheehengk"},"content":"    public static class IllegalDeadlineDateException extends Exception {","lastModifiedDate":"2022-09-04"},{"lineNumber":23,"author":{"gitId":"cheehengk"},"content":"        @Override","lastModifiedDate":"2022-09-18"},{"lineNumber":24,"author":{"gitId":"cheehengk"},"content":"        public String getMessage() {","lastModifiedDate":"2022-09-18"},{"lineNumber":25,"author":{"gitId":"cheehengk"},"content":"            return \"Please enter a deadline to complete the task!\";","lastModifiedDate":"2022-09-18"},{"lineNumber":26,"author":{"gitId":"cheehengk"},"content":"        }","lastModifiedDate":"2022-09-18"},{"lineNumber":27,"author":{"gitId":"cheehengk"},"content":"    }","lastModifiedDate":"2022-09-04"},{"lineNumber":28,"author":{"gitId":"cheehengk"},"content":"    public static class IllegalEventFormatException extends Exception {","lastModifiedDate":"2022-09-04"},{"lineNumber":29,"author":{"gitId":"cheehengk"},"content":"        @Override","lastModifiedDate":"2022-09-18"},{"lineNumber":30,"author":{"gitId":"cheehengk"},"content":"        public String getMessage() {","lastModifiedDate":"2022-09-18"},{"lineNumber":31,"author":{"gitId":"cheehengk"},"content":"            return \"Please enter an event task followed by a \u0027/\u0027 and indicate when\";","lastModifiedDate":"2022-09-18"},{"lineNumber":32,"author":{"gitId":"cheehengk"},"content":"        }","lastModifiedDate":"2022-09-18"},{"lineNumber":33,"author":{"gitId":"cheehengk"},"content":"    }","lastModifiedDate":"2022-09-04"},{"lineNumber":34,"author":{"gitId":"cheehengk"},"content":"    public static class IllegalEventDateException extends Exception {","lastModifiedDate":"2022-09-04"},{"lineNumber":35,"author":{"gitId":"cheehengk"},"content":"        @Override","lastModifiedDate":"2022-09-18"},{"lineNumber":36,"author":{"gitId":"cheehengk"},"content":"        public String getMessage() {","lastModifiedDate":"2022-09-18"},{"lineNumber":37,"author":{"gitId":"cheehengk"},"content":"            return \"Please enter when this event is happening!\";","lastModifiedDate":"2022-09-18"},{"lineNumber":38,"author":{"gitId":"cheehengk"},"content":"        }","lastModifiedDate":"2022-09-18"},{"lineNumber":39,"author":{"gitId":"cheehengk"},"content":"    }","lastModifiedDate":"2022-09-04"},{"lineNumber":40,"author":{"gitId":"cheehengk"},"content":"    public static class IllegalTodoException extends Exception {","lastModifiedDate":"2022-09-04"},{"lineNumber":41,"author":{"gitId":"cheehengk"},"content":"        @Override","lastModifiedDate":"2022-09-18"},{"lineNumber":42,"author":{"gitId":"cheehengk"},"content":"        public String getMessage() {","lastModifiedDate":"2022-09-18"},{"lineNumber":43,"author":{"gitId":"cheehengk"},"content":"            return \"Please enter a name for the todo task!\";","lastModifiedDate":"2022-09-18"},{"lineNumber":44,"author":{"gitId":"cheehengk"},"content":"        }","lastModifiedDate":"2022-09-18"},{"lineNumber":45,"author":{"gitId":"cheehengk"},"content":"    }","lastModifiedDate":"2022-09-04"},{"lineNumber":46,"author":{"gitId":"cheehengk"},"content":"    public static class IllegalDeleteIndexException extends Exception {","lastModifiedDate":"2022-09-10"},{"lineNumber":47,"author":{"gitId":"cheehengk"},"content":"        @Override","lastModifiedDate":"2022-09-18"},{"lineNumber":48,"author":{"gitId":"cheehengk"},"content":"        public String getMessage() {","lastModifiedDate":"2022-09-18"},{"lineNumber":49,"author":{"gitId":"cheehengk"},"content":"            return \"Please enter a task number only to be deleted\";","lastModifiedDate":"2022-09-18"},{"lineNumber":50,"author":{"gitId":"cheehengk"},"content":"        }","lastModifiedDate":"2022-09-18"},{"lineNumber":51,"author":{"gitId":"cheehengk"},"content":"    }","lastModifiedDate":"2022-09-10"},{"lineNumber":52,"author":{"gitId":"cheehengk"},"content":"    public static class IllegalDeleteTargetException extends Exception {","lastModifiedDate":"2022-09-10"},{"lineNumber":53,"author":{"gitId":"cheehengk"},"content":"        @Override","lastModifiedDate":"2022-09-18"},{"lineNumber":54,"author":{"gitId":"cheehengk"},"content":"        public String getMessage() {","lastModifiedDate":"2022-09-18"},{"lineNumber":55,"author":{"gitId":"cheehengk"},"content":"            return \"Index of task is out of range\";","lastModifiedDate":"2022-09-18"},{"lineNumber":56,"author":{"gitId":"cheehengk"},"content":"        }","lastModifiedDate":"2022-09-18"},{"lineNumber":57,"author":{"gitId":"cheehengk"},"content":"    }","lastModifiedDate":"2022-09-10"},{"lineNumber":58,"author":{"gitId":"cheehengk"},"content":"    public static class IllegalReadFromSaveData extends Exception {","lastModifiedDate":"2022-09-11"},{"lineNumber":59,"author":{"gitId":"cheehengk"},"content":"    }","lastModifiedDate":"2022-09-11"},{"lineNumber":60,"author":{"gitId":"cheehengk"},"content":"}","lastModifiedDate":"2022-09-04"},{"lineNumber":61,"author":{"gitId":"cheehengk"},"content":"","lastModifiedDate":"2022-09-04"}],"authorContributionMap":{"cheehengk":61}},{"path":"src/main/java/duke/Parser.java","fileType":"java","lines":[{"lineNumber":1,"author":{"gitId":"cheehengk"},"content":"package duke;","lastModifiedDate":"2022-09-05"},{"lineNumber":2,"author":{"gitId":"cheehengk"},"content":"","lastModifiedDate":"2022-09-05"},{"lineNumber":3,"author":{"gitId":"cheehengk"},"content":"import duke.commands.*;","lastModifiedDate":"2022-09-05"},{"lineNumber":4,"author":{"gitId":"cheehengk"},"content":"","lastModifiedDate":"2022-09-05"},{"lineNumber":5,"author":{"gitId":"cheehengk"},"content":"public class Parser {","lastModifiedDate":"2022-09-05"},{"lineNumber":6,"author":{"gitId":"cheehengk"},"content":"    private static final String COMMAND_BYE \u003d \"bye\";","lastModifiedDate":"2022-09-05"},{"lineNumber":7,"author":{"gitId":"cheehengk"},"content":"    private static final String COMMAND_LIST \u003d \"list\";","lastModifiedDate":"2022-09-05"},{"lineNumber":8,"author":{"gitId":"cheehengk"},"content":"    private static final String COMMAND_HELP \u003d \"help\";","lastModifiedDate":"2022-09-05"},{"lineNumber":9,"author":{"gitId":"cheehengk"},"content":"    private static final String INVALID_BASIC_COMMAND \u003d \"invalidBasicCommand\";","lastModifiedDate":"2022-09-05"},{"lineNumber":10,"author":{"gitId":"cheehengk"},"content":"    private static final String COMMAND_MARK \u003d \"mark\";","lastModifiedDate":"2022-09-05"},{"lineNumber":11,"author":{"gitId":"cheehengk"},"content":"    private static final String COMMAND_UNMARK \u003d \"unmark\";","lastModifiedDate":"2022-09-05"},{"lineNumber":12,"author":{"gitId":"cheehengk"},"content":"    private static final String COMMAND_TODOS \u003d \"todo\";","lastModifiedDate":"2022-09-05"},{"lineNumber":13,"author":{"gitId":"cheehengk"},"content":"    private static final String COMMAND_DEADLINES \u003d \"deadline\";","lastModifiedDate":"2022-09-05"},{"lineNumber":14,"author":{"gitId":"cheehengk"},"content":"    private static final String COMMAND_EVENTS \u003d \"event\";","lastModifiedDate":"2022-09-05"},{"lineNumber":15,"author":{"gitId":"cheehengk"},"content":"    private static final String COMMAND_DELETE \u003d \"delete\";","lastModifiedDate":"2022-09-10"},{"lineNumber":16,"author":{"gitId":"cheehengk"},"content":"    private static final String QUIT_FLAG \u003d \"quit\";","lastModifiedDate":"2022-09-18"},{"lineNumber":17,"author":{"gitId":"cheehengk"},"content":"","lastModifiedDate":"2022-09-05"},{"lineNumber":18,"author":{"gitId":"cheehengk"},"content":"    public static String runCommand(String command, TaskList taskList) {","lastModifiedDate":"2022-09-18"},{"lineNumber":19,"author":{"gitId":"cheehengk"},"content":"        String keyword \u003d extractKeyword(command);","lastModifiedDate":"2022-09-05"},{"lineNumber":20,"author":{"gitId":"cheehengk"},"content":"        String response \u003d null;","lastModifiedDate":"2022-09-18"},{"lineNumber":21,"author":{"gitId":"cheehengk"},"content":"","lastModifiedDate":"2022-09-18"},{"lineNumber":22,"author":{"gitId":"cheehengk"},"content":"        switch(keyword) {","lastModifiedDate":"2022-09-05"},{"lineNumber":23,"author":{"gitId":"cheehengk"},"content":"        case INVALID_BASIC_COMMAND:","lastModifiedDate":"2022-09-05"},{"lineNumber":24,"author":{"gitId":"cheehengk"},"content":"            response \u003d  Printables.INVALID_BASIC_COMMAND_MESSAGE;","lastModifiedDate":"2022-09-18"},{"lineNumber":25,"author":{"gitId":"cheehengk"},"content":"            break;","lastModifiedDate":"2022-09-05"},{"lineNumber":26,"author":{"gitId":"cheehengk"},"content":"        case COMMAND_BYE:","lastModifiedDate":"2022-09-05"},{"lineNumber":27,"author":{"gitId":"cheehengk"},"content":"            response \u003d QUIT_FLAG;","lastModifiedDate":"2022-09-18"},{"lineNumber":28,"author":{"gitId":"cheehengk"},"content":"            break;","lastModifiedDate":"2022-09-18"},{"lineNumber":29,"author":{"gitId":"cheehengk"},"content":"        case COMMAND_LIST:","lastModifiedDate":"2022-09-05"},{"lineNumber":30,"author":{"gitId":"cheehengk"},"content":"            response \u003d taskList.listTasks();","lastModifiedDate":"2022-09-18"},{"lineNumber":31,"author":{"gitId":"cheehengk"},"content":"            break;","lastModifiedDate":"2022-09-05"},{"lineNumber":32,"author":{"gitId":"cheehengk"},"content":"        case COMMAND_HELP:","lastModifiedDate":"2022-09-05"},{"lineNumber":33,"author":{"gitId":"cheehengk"},"content":"            response \u003d Printables.HELP_MANUAL;","lastModifiedDate":"2022-09-18"},{"lineNumber":34,"author":{"gitId":"cheehengk"},"content":"            break;","lastModifiedDate":"2022-09-10"},{"lineNumber":35,"author":{"gitId":"cheehengk"},"content":"        case COMMAND_TODOS:","lastModifiedDate":"2022-09-05"},{"lineNumber":36,"author":{"gitId":"cheehengk"},"content":"            try {","lastModifiedDate":"2022-09-05"},{"lineNumber":37,"author":{"gitId":"cheehengk"},"content":"                response \u003d CommandTodo.processNewTodo(command, taskList);","lastModifiedDate":"2022-09-18"},{"lineNumber":38,"author":{"gitId":"cheehengk"},"content":"            } catch (DukeException.IllegalTodoException e) {","lastModifiedDate":"2022-09-05"},{"lineNumber":39,"author":{"gitId":"cheehengk"},"content":"                response \u003d e.getMessage();","lastModifiedDate":"2022-09-18"},{"lineNumber":40,"author":{"gitId":"cheehengk"},"content":"            }","lastModifiedDate":"2022-09-05"},{"lineNumber":41,"author":{"gitId":"cheehengk"},"content":"            break;","lastModifiedDate":"2022-09-05"},{"lineNumber":42,"author":{"gitId":"cheehengk"},"content":"        case COMMAND_DEADLINES:","lastModifiedDate":"2022-09-05"},{"lineNumber":43,"author":{"gitId":"cheehengk"},"content":"            try {","lastModifiedDate":"2022-09-05"},{"lineNumber":44,"author":{"gitId":"cheehengk"},"content":"                response \u003d CommandDeadline.processNewDeadline(command, taskList);","lastModifiedDate":"2022-09-18"},{"lineNumber":45,"author":{"gitId":"cheehengk"},"content":"            } catch (DukeException.IllegalDeadlineFormatException e) {","lastModifiedDate":"2022-09-05"},{"lineNumber":46,"author":{"gitId":"cheehengk"},"content":"                response \u003d e.getMessage();","lastModifiedDate":"2022-09-18"},{"lineNumber":47,"author":{"gitId":"cheehengk"},"content":"            } catch (DukeException.IllegalDeadlineDateException e) {","lastModifiedDate":"2022-09-05"},{"lineNumber":48,"author":{"gitId":"cheehengk"},"content":"                response \u003d e.getMessage();","lastModifiedDate":"2022-09-18"},{"lineNumber":49,"author":{"gitId":"cheehengk"},"content":"            }","lastModifiedDate":"2022-09-05"},{"lineNumber":50,"author":{"gitId":"cheehengk"},"content":"            break;","lastModifiedDate":"2022-09-05"},{"lineNumber":51,"author":{"gitId":"cheehengk"},"content":"        case COMMAND_EVENTS:","lastModifiedDate":"2022-09-05"},{"lineNumber":52,"author":{"gitId":"cheehengk"},"content":"            try {","lastModifiedDate":"2022-09-05"},{"lineNumber":53,"author":{"gitId":"cheehengk"},"content":"                response \u003d CommandEvent.processNewEvent(command, taskList);","lastModifiedDate":"2022-09-18"},{"lineNumber":54,"author":{"gitId":"cheehengk"},"content":"            } catch (DukeException.IllegalEventFormatException e) {","lastModifiedDate":"2022-09-05"},{"lineNumber":55,"author":{"gitId":"cheehengk"},"content":"                response \u003d e.getMessage();","lastModifiedDate":"2022-09-18"},{"lineNumber":56,"author":{"gitId":"cheehengk"},"content":"            } catch (DukeException.IllegalEventDateException e) {","lastModifiedDate":"2022-09-05"},{"lineNumber":57,"author":{"gitId":"cheehengk"},"content":"                response \u003d e.getMessage();","lastModifiedDate":"2022-09-18"},{"lineNumber":58,"author":{"gitId":"cheehengk"},"content":"            }","lastModifiedDate":"2022-09-05"},{"lineNumber":59,"author":{"gitId":"cheehengk"},"content":"            break;","lastModifiedDate":"2022-09-05"},{"lineNumber":60,"author":{"gitId":"cheehengk"},"content":"        case COMMAND_MARK:","lastModifiedDate":"2022-09-05"},{"lineNumber":61,"author":{"gitId":"cheehengk"},"content":"            try {","lastModifiedDate":"2022-09-05"},{"lineNumber":62,"author":{"gitId":"cheehengk"},"content":"                response \u003d CommandMarking.processMarking(command, taskList, true);","lastModifiedDate":"2022-09-18"},{"lineNumber":63,"author":{"gitId":"cheehengk"},"content":"            } catch (DukeException.IllegalNoMarkIndexException e) {","lastModifiedDate":"2022-09-05"},{"lineNumber":64,"author":{"gitId":"cheehengk"},"content":"                response \u003d e.getMessage();","lastModifiedDate":"2022-09-18"},{"lineNumber":65,"author":{"gitId":"cheehengk"},"content":"            }","lastModifiedDate":"2022-09-05"},{"lineNumber":66,"author":{"gitId":"cheehengk"},"content":"            break;","lastModifiedDate":"2022-09-05"},{"lineNumber":67,"author":{"gitId":"cheehengk"},"content":"        case COMMAND_UNMARK:","lastModifiedDate":"2022-09-05"},{"lineNumber":68,"author":{"gitId":"cheehengk"},"content":"            try {","lastModifiedDate":"2022-09-05"},{"lineNumber":69,"author":{"gitId":"cheehengk"},"content":"                response \u003d CommandMarking.processMarking(command, taskList, false);","lastModifiedDate":"2022-09-18"},{"lineNumber":70,"author":{"gitId":"cheehengk"},"content":"            } catch (DukeException.IllegalNoMarkIndexException e) {","lastModifiedDate":"2022-09-05"},{"lineNumber":71,"author":{"gitId":"cheehengk"},"content":"                response \u003d e.getMessage();","lastModifiedDate":"2022-09-18"},{"lineNumber":72,"author":{"gitId":"cheehengk"},"content":"            }","lastModifiedDate":"2022-09-10"},{"lineNumber":73,"author":{"gitId":"cheehengk"},"content":"            break;","lastModifiedDate":"2022-09-10"},{"lineNumber":74,"author":{"gitId":"cheehengk"},"content":"        case COMMAND_DELETE:","lastModifiedDate":"2022-09-10"},{"lineNumber":75,"author":{"gitId":"cheehengk"},"content":"            try {","lastModifiedDate":"2022-09-10"},{"lineNumber":76,"author":{"gitId":"cheehengk"},"content":"                response \u003d CommandDelete.processDelete(command, taskList);","lastModifiedDate":"2022-09-18"},{"lineNumber":77,"author":{"gitId":"cheehengk"},"content":"            } catch (DukeException.IllegalDeleteIndexException e) {","lastModifiedDate":"2022-09-10"},{"lineNumber":78,"author":{"gitId":"cheehengk"},"content":"                response \u003d e.getMessage();","lastModifiedDate":"2022-09-18"},{"lineNumber":79,"author":{"gitId":"cheehengk"},"content":"            }","lastModifiedDate":"2022-09-05"},{"lineNumber":80,"author":{"gitId":"cheehengk"},"content":"            break;","lastModifiedDate":"2022-09-05"},{"lineNumber":81,"author":{"gitId":"cheehengk"},"content":"        default:","lastModifiedDate":"2022-09-05"},{"lineNumber":82,"author":{"gitId":"cheehengk"},"content":"            response \u003d Printables.INVALID_GENERAL_COMMAND;","lastModifiedDate":"2022-09-18"},{"lineNumber":83,"author":{"gitId":"cheehengk"},"content":"            break;","lastModifiedDate":"2022-09-05"},{"lineNumber":84,"author":{"gitId":"cheehengk"},"content":"        }","lastModifiedDate":"2022-09-05"},{"lineNumber":85,"author":{"gitId":"cheehengk"},"content":"","lastModifiedDate":"2022-09-05"},{"lineNumber":86,"author":{"gitId":"cheehengk"},"content":"        return response;","lastModifiedDate":"2022-09-18"},{"lineNumber":87,"author":{"gitId":"cheehengk"},"content":"    }","lastModifiedDate":"2022-09-05"},{"lineNumber":88,"author":{"gitId":"cheehengk"},"content":"","lastModifiedDate":"2022-09-05"},{"lineNumber":89,"author":{"gitId":"cheehengk"},"content":"    private static String extractKeyword(String command) {","lastModifiedDate":"2022-09-05"},{"lineNumber":90,"author":{"gitId":"cheehengk"},"content":"        String[] arrOfCommand \u003d command.split(\" \");","lastModifiedDate":"2022-09-05"},{"lineNumber":91,"author":{"gitId":"cheehengk"},"content":"        if ((arrOfCommand[0].equals(COMMAND_BYE)","lastModifiedDate":"2022-09-05"},{"lineNumber":92,"author":{"gitId":"cheehengk"},"content":"                || arrOfCommand[0].equals(COMMAND_LIST)","lastModifiedDate":"2022-09-05"},{"lineNumber":93,"author":{"gitId":"cheehengk"},"content":"                || arrOfCommand[0].equals(COMMAND_HELP)) \u0026\u0026 arrOfCommand.length \u003e 1) {","lastModifiedDate":"2022-09-05"},{"lineNumber":94,"author":{"gitId":"cheehengk"},"content":"            return INVALID_BASIC_COMMAND;","lastModifiedDate":"2022-09-05"},{"lineNumber":95,"author":{"gitId":"cheehengk"},"content":"        }","lastModifiedDate":"2022-09-05"},{"lineNumber":96,"author":{"gitId":"cheehengk"},"content":"        return arrOfCommand[0];","lastModifiedDate":"2022-09-05"},{"lineNumber":97,"author":{"gitId":"cheehengk"},"content":"    }","lastModifiedDate":"2022-09-05"},{"lineNumber":98,"author":{"gitId":"cheehengk"},"content":"}","lastModifiedDate":"2022-09-05"}],"authorContributionMap":{"cheehengk":98}},{"path":"src/main/java/duke/Printables.java","fileType":"java","lines":[{"lineNumber":1,"author":{"gitId":"cheehengk"},"content":"package duke;","lastModifiedDate":"2022-09-05"},{"lineNumber":2,"author":{"gitId":"cheehengk"},"content":"","lastModifiedDate":"2022-09-05"},{"lineNumber":3,"author":{"gitId":"cheehengk"},"content":"public class Printables {","lastModifiedDate":"2022-09-05"},{"lineNumber":4,"author":{"gitId":"cheehengk"},"content":"","lastModifiedDate":"2022-09-05"},{"lineNumber":5,"author":{"gitId":"cheehengk"},"content":"    public static final String INITIAL_GREETING \u003d \"Greetings, I am Azmuth\\n\" +","lastModifiedDate":"2022-09-18"},{"lineNumber":6,"author":{"gitId":"cheehengk"},"content":"            \"What can I do for you?\\n\" +","lastModifiedDate":"2022-09-05"},{"lineNumber":7,"author":{"gitId":"cheehengk"},"content":"            \"Enter command \u0027help\u0027 for a list of useful commands!\\n\" +","lastModifiedDate":"2022-09-05"},{"lineNumber":8,"author":{"gitId":"cheehengk"},"content":"            \"____________________\";","lastModifiedDate":"2022-09-05"},{"lineNumber":9,"author":{"gitId":"cheehengk"},"content":"","lastModifiedDate":"2022-09-05"},{"lineNumber":10,"author":{"gitId":"cheehengk"},"content":"    public static final String GOODBYE_MESSAGE \u003d \"Bye and see you again soon!\";","lastModifiedDate":"2022-09-18"},{"lineNumber":11,"author":{"gitId":"cheehengk"},"content":"","lastModifiedDate":"2022-09-05"},{"lineNumber":12,"author":{"gitId":"cheehengk"},"content":"    public static final String HELP_MANUAL \u003d \"____________________\\n\" +","lastModifiedDate":"2022-09-18"},{"lineNumber":13,"author":{"gitId":"cheehengk"},"content":"            \"Here if a list of commands that I recognise!\\n\" +","lastModifiedDate":"2022-09-05"},{"lineNumber":14,"author":{"gitId":"cheehengk"},"content":"            \"\u0027todo \u003ctaskName\u003e\u0027: Add a new todo task\\n\" +","lastModifiedDate":"2022-09-05"},{"lineNumber":15,"author":{"gitId":"cheehengk"},"content":"            \"\u0027deadline \u003ctaskName\u003e/\u003cdate\u003e\u0027: Add a new todo task\\n\" +","lastModifiedDate":"2022-09-05"},{"lineNumber":16,"author":{"gitId":"cheehengk"},"content":"            \"\u0027event \u003ctaskName\u003e/\u003cdate\u003e\u0027: Add a new todo task\\n\" +","lastModifiedDate":"2022-09-05"},{"lineNumber":17,"author":{"gitId":"cheehengk"},"content":"            \"\u0027list\u0027: Lists out tasks in index order\\n\" +","lastModifiedDate":"2022-09-05"},{"lineNumber":18,"author":{"gitId":"cheehengk"},"content":"            \"\u0027mark \u003ctaskNumber\u003e\u0027: Mark a certain task as done\\n\" +","lastModifiedDate":"2022-09-05"},{"lineNumber":19,"author":{"gitId":"cheehengk"},"content":"            \"\u0027unmark \u003ctaskNumber\u003e\u0027: Unmark a certain task that was done\\n\"+","lastModifiedDate":"2022-09-05"},{"lineNumber":20,"author":{"gitId":"cheehengk"},"content":"            \"\u0027delete \u003ctaskNumber\u003e\u0027: Delete the task from the list\"+","lastModifiedDate":"2022-09-10"},{"lineNumber":21,"author":{"gitId":"cheehengk"},"content":"            \"\u0027bye\u0027: Quit the system\\n\" + \"____________________\";","lastModifiedDate":"2022-09-05"},{"lineNumber":22,"author":{"gitId":"cheehengk"},"content":"","lastModifiedDate":"2022-09-05"},{"lineNumber":23,"author":{"gitId":"cheehengk"},"content":"    public static final String INVALID_BASIC_COMMAND_MESSAGE \u003d \"Commands \u0027list\u0027, \u0027help\u0027 and \u0027bye\u0027 \" +","lastModifiedDate":"2022-09-18"},{"lineNumber":24,"author":{"gitId":"cheehengk"},"content":"            \"can only be used alone as a single word\";","lastModifiedDate":"2022-09-18"},{"lineNumber":25,"author":{"gitId":"cheehengk"},"content":"","lastModifiedDate":"2022-09-18"},{"lineNumber":26,"author":{"gitId":"cheehengk"},"content":"    public static final String ALREADY_MARKED_MESSAGE \u003d \"This task has already been marked done!\";","lastModifiedDate":"2022-09-18"},{"lineNumber":27,"author":{"gitId":"cheehengk"},"content":"    public static final String ALREADY_UNMARKED_MESSAGE \u003d \"This task as already been unmarked!\";","lastModifiedDate":"2022-09-18"},{"lineNumber":28,"author":{"gitId":"cheehengk"},"content":"    public static final String NO_TASKS_IN_LIST_MESSAGE \u003d \"There are no tasks in your task list at the moment\";","lastModifiedDate":"2022-09-18"},{"lineNumber":29,"author":{"gitId":"cheehengk"},"content":"    public static final String INVALID_GENERAL_COMMAND \u003d \"This is an invalid command!\";","lastModifiedDate":"2022-09-18"},{"lineNumber":30,"author":{"gitId":"cheehengk"},"content":"    public static final String SUCCESSFUL_SAVE_MESSAGE \u003d \"Successfully saved your task list!\";","lastModifiedDate":"2022-09-18"},{"lineNumber":31,"author":{"gitId":"cheehengk"},"content":"    public static final String FAIL_SAVE_MESSAGE \u003d \"Failed to save your task list!\";","lastModifiedDate":"2022-09-18"},{"lineNumber":32,"author":{"gitId":"cheehengk"},"content":"    public static final String MISSING_FILE_MESSAGE \u003d \"File not found, a new data.txt file will be created upon save!\";","lastModifiedDate":"2022-09-18"},{"lineNumber":33,"author":{"gitId":"cheehengk"},"content":"}","lastModifiedDate":"2022-09-05"}],"authorContributionMap":{"cheehengk":33}},{"path":"src/main/java/duke/Storage.java","fileType":"java","lines":[{"lineNumber":1,"author":{"gitId":"cheehengk"},"content":"package duke;","lastModifiedDate":"2022-09-11"},{"lineNumber":2,"author":{"gitId":"cheehengk"},"content":"","lastModifiedDate":"2022-09-11"},{"lineNumber":3,"author":{"gitId":"cheehengk"},"content":"import java.io.FileNotFoundException;","lastModifiedDate":"2022-09-11"},{"lineNumber":4,"author":{"gitId":"cheehengk"},"content":"import java.io.FileWriter;","lastModifiedDate":"2022-09-11"},{"lineNumber":5,"author":{"gitId":"cheehengk"},"content":"import java.io.File;","lastModifiedDate":"2022-09-11"},{"lineNumber":6,"author":{"gitId":"cheehengk"},"content":"import java.io.IOException;","lastModifiedDate":"2022-09-11"},{"lineNumber":7,"author":{"gitId":"cheehengk"},"content":"import java.util.Scanner;","lastModifiedDate":"2022-09-11"},{"lineNumber":8,"author":{"gitId":"cheehengk"},"content":"","lastModifiedDate":"2022-09-11"},{"lineNumber":9,"author":{"gitId":"cheehengk"},"content":"public class Storage {","lastModifiedDate":"2022-09-11"},{"lineNumber":10,"author":{"gitId":"cheehengk"},"content":"    private static final String FILE_PATH \u003d \"data.txt\";","lastModifiedDate":"2022-09-11"},{"lineNumber":11,"author":{"gitId":"cheehengk"},"content":"","lastModifiedDate":"2022-09-11"},{"lineNumber":12,"author":{"gitId":"cheehengk"},"content":"    public static String loadData(TaskList taskList) throws FileNotFoundException {","lastModifiedDate":"2022-09-18"},{"lineNumber":13,"author":{"gitId":"cheehengk"},"content":"        File data \u003d new File(FILE_PATH);","lastModifiedDate":"2022-09-18"},{"lineNumber":14,"author":{"gitId":"cheehengk"},"content":"        Scanner scanner \u003d new Scanner(data);","lastModifiedDate":"2022-09-11"},{"lineNumber":15,"author":{"gitId":"cheehengk"},"content":"","lastModifiedDate":"2022-09-11"},{"lineNumber":16,"author":{"gitId":"cheehengk"},"content":"        while(scanner.hasNextLine()) {","lastModifiedDate":"2022-09-11"},{"lineNumber":17,"author":{"gitId":"cheehengk"},"content":"            String line \u003d scanner.nextLine();","lastModifiedDate":"2022-09-11"},{"lineNumber":18,"author":{"gitId":"cheehengk"},"content":"            try {","lastModifiedDate":"2022-09-11"},{"lineNumber":19,"author":{"gitId":"cheehengk"},"content":"                parseLine(line, taskList);","lastModifiedDate":"2022-09-18"},{"lineNumber":20,"author":{"gitId":"cheehengk"},"content":"            } catch (DukeException.IllegalReadFromSaveData | DukeException.IllegalMarkTargetException e) {","lastModifiedDate":"2022-09-18"},{"lineNumber":21,"author":{"gitId":"cheehengk"},"content":"                return e.getMessage();","lastModifiedDate":"2022-09-18"},{"lineNumber":22,"author":{"gitId":"cheehengk"},"content":"            }","lastModifiedDate":"2022-09-11"},{"lineNumber":23,"author":{"gitId":"cheehengk"},"content":"        }","lastModifiedDate":"2022-09-11"},{"lineNumber":24,"author":{"gitId":"cheehengk"},"content":"        return \"Successfully loaded your last save of tasks to do!\\n\" + taskList.listTasks();","lastModifiedDate":"2022-09-18"},{"lineNumber":25,"author":{"gitId":"cheehengk"},"content":"    }","lastModifiedDate":"2022-09-11"},{"lineNumber":26,"author":{"gitId":"cheehengk"},"content":"","lastModifiedDate":"2022-09-11"},{"lineNumber":27,"author":{"gitId":"cheehengk"},"content":"    private static void parseLine(String line, TaskList taskList)","lastModifiedDate":"2022-09-18"},{"lineNumber":28,"author":{"gitId":"cheehengk"},"content":"            throws DukeException.IllegalReadFromSaveData, DukeException.IllegalMarkTargetException {","lastModifiedDate":"2022-09-11"},{"lineNumber":29,"author":{"gitId":"cheehengk"},"content":"        String[] arrOfLine \u003d line.split(\"\\\\|\");","lastModifiedDate":"2022-09-11"},{"lineNumber":30,"author":{"gitId":"cheehengk"},"content":"        int length \u003d arrOfLine.length;","lastModifiedDate":"2022-09-11"},{"lineNumber":31,"author":{"gitId":"cheehengk"},"content":"","lastModifiedDate":"2022-09-11"},{"lineNumber":32,"author":{"gitId":"cheehengk"},"content":"        if (length \u003c 3 || length \u003e 4) {","lastModifiedDate":"2022-09-11"},{"lineNumber":33,"author":{"gitId":"cheehengk"},"content":"            throw new DukeException.IllegalReadFromSaveData();","lastModifiedDate":"2022-09-11"},{"lineNumber":34,"author":{"gitId":"cheehengk"},"content":"        }","lastModifiedDate":"2022-09-11"},{"lineNumber":35,"author":{"gitId":"cheehengk"},"content":"        String taskType \u003d arrOfLine[0];","lastModifiedDate":"2022-09-11"},{"lineNumber":36,"author":{"gitId":"cheehengk"},"content":"","lastModifiedDate":"2022-09-11"},{"lineNumber":37,"author":{"gitId":"cheehengk"},"content":"        switch (taskType) {","lastModifiedDate":"2022-09-11"},{"lineNumber":38,"author":{"gitId":"cheehengk"},"content":"        case \"T\":","lastModifiedDate":"2022-09-11"},{"lineNumber":39,"author":{"gitId":"cheehengk"},"content":"            if (length \u003d\u003d 4) {","lastModifiedDate":"2022-09-11"},{"lineNumber":40,"author":{"gitId":"cheehengk"},"content":"                throw new DukeException.IllegalReadFromSaveData();","lastModifiedDate":"2022-09-11"},{"lineNumber":41,"author":{"gitId":"cheehengk"},"content":"            }","lastModifiedDate":"2022-09-11"},{"lineNumber":42,"author":{"gitId":"cheehengk"},"content":"            createNewTodo(arrOfLine, taskList);","lastModifiedDate":"2022-09-18"},{"lineNumber":43,"author":{"gitId":"cheehengk"},"content":"            break;","lastModifiedDate":"2022-09-11"},{"lineNumber":44,"author":{"gitId":"cheehengk"},"content":"        case \"D\":","lastModifiedDate":"2022-09-11"},{"lineNumber":45,"author":{"gitId":"cheehengk"},"content":"            if (length \u003d\u003d 3) {","lastModifiedDate":"2022-09-11"},{"lineNumber":46,"author":{"gitId":"cheehengk"},"content":"                throw new DukeException.IllegalReadFromSaveData();","lastModifiedDate":"2022-09-11"},{"lineNumber":47,"author":{"gitId":"cheehengk"},"content":"            }","lastModifiedDate":"2022-09-11"},{"lineNumber":48,"author":{"gitId":"cheehengk"},"content":"            createNewDeadline(arrOfLine, taskList);","lastModifiedDate":"2022-09-18"},{"lineNumber":49,"author":{"gitId":"cheehengk"},"content":"            break;","lastModifiedDate":"2022-09-11"},{"lineNumber":50,"author":{"gitId":"cheehengk"},"content":"        case \"E\":","lastModifiedDate":"2022-09-11"},{"lineNumber":51,"author":{"gitId":"cheehengk"},"content":"            if (length \u003d\u003d 3) {","lastModifiedDate":"2022-09-11"},{"lineNumber":52,"author":{"gitId":"cheehengk"},"content":"                throw new DukeException.IllegalReadFromSaveData();","lastModifiedDate":"2022-09-11"},{"lineNumber":53,"author":{"gitId":"cheehengk"},"content":"            }","lastModifiedDate":"2022-09-11"},{"lineNumber":54,"author":{"gitId":"cheehengk"},"content":"            createNewEvent(arrOfLine, taskList);","lastModifiedDate":"2022-09-18"},{"lineNumber":55,"author":{"gitId":"cheehengk"},"content":"            break;","lastModifiedDate":"2022-09-11"},{"lineNumber":56,"author":{"gitId":"cheehengk"},"content":"        default:","lastModifiedDate":"2022-09-11"},{"lineNumber":57,"author":{"gitId":"cheehengk"},"content":"            throw new DukeException.IllegalReadFromSaveData();","lastModifiedDate":"2022-09-11"},{"lineNumber":58,"author":{"gitId":"cheehengk"},"content":"        }","lastModifiedDate":"2022-09-11"},{"lineNumber":59,"author":{"gitId":"cheehengk"},"content":"    }","lastModifiedDate":"2022-09-11"},{"lineNumber":60,"author":{"gitId":"cheehengk"},"content":"","lastModifiedDate":"2022-09-11"},{"lineNumber":61,"author":{"gitId":"cheehengk"},"content":"    private static void createNewEvent(String[] arrOfLine, TaskList taskList)","lastModifiedDate":"2022-09-18"},{"lineNumber":62,"author":{"gitId":"cheehengk"},"content":"            throws DukeException.IllegalMarkTargetException {","lastModifiedDate":"2022-09-11"},{"lineNumber":63,"author":{"gitId":"cheehengk"},"content":"        taskList.addNewEvent(arrOfLine[1], arrOfLine[3], false);","lastModifiedDate":"2022-09-18"},{"lineNumber":64,"author":{"gitId":"cheehengk"},"content":"        if (arrOfLine[2].equals(\"1\")) {","lastModifiedDate":"2022-09-11"},{"lineNumber":65,"author":{"gitId":"cheehengk"},"content":"            taskList.markTasks(true, taskList.getNumberOfTasks(), false);","lastModifiedDate":"2022-09-18"},{"lineNumber":66,"author":{"gitId":"cheehengk"},"content":"        }","lastModifiedDate":"2022-09-11"},{"lineNumber":67,"author":{"gitId":"cheehengk"},"content":"    }","lastModifiedDate":"2022-09-11"},{"lineNumber":68,"author":{"gitId":"cheehengk"},"content":"","lastModifiedDate":"2022-09-11"},{"lineNumber":69,"author":{"gitId":"cheehengk"},"content":"    private static void createNewDeadline(String[] arrOfLine, TaskList taskList)","lastModifiedDate":"2022-09-18"},{"lineNumber":70,"author":{"gitId":"cheehengk"},"content":"            throws DukeException.IllegalMarkTargetException {","lastModifiedDate":"2022-09-11"},{"lineNumber":71,"author":{"gitId":"cheehengk"},"content":"        taskList.addNewDeadline(arrOfLine[1], arrOfLine[3], false);","lastModifiedDate":"2022-09-18"},{"lineNumber":72,"author":{"gitId":"cheehengk"},"content":"        if (arrOfLine[2].equals(\"1\")) {","lastModifiedDate":"2022-09-11"},{"lineNumber":73,"author":{"gitId":"cheehengk"},"content":"            taskList.markTasks(true, taskList.getNumberOfTasks(), false);","lastModifiedDate":"2022-09-18"},{"lineNumber":74,"author":{"gitId":"cheehengk"},"content":"        }","lastModifiedDate":"2022-09-11"},{"lineNumber":75,"author":{"gitId":"cheehengk"},"content":"    }","lastModifiedDate":"2022-09-11"},{"lineNumber":76,"author":{"gitId":"cheehengk"},"content":"","lastModifiedDate":"2022-09-11"},{"lineNumber":77,"author":{"gitId":"cheehengk"},"content":"    private static void createNewTodo(String[] arrOfLine, TaskList taskList)","lastModifiedDate":"2022-09-18"},{"lineNumber":78,"author":{"gitId":"cheehengk"},"content":"            throws DukeException.IllegalMarkTargetException {","lastModifiedDate":"2022-09-11"},{"lineNumber":79,"author":{"gitId":"cheehengk"},"content":"        taskList.addNewTodo(arrOfLine[1], false);","lastModifiedDate":"2022-09-18"},{"lineNumber":80,"author":{"gitId":"cheehengk"},"content":"        if (arrOfLine[2].equals(\"1\")) {","lastModifiedDate":"2022-09-11"},{"lineNumber":81,"author":{"gitId":"cheehengk"},"content":"            taskList.markTasks(true, taskList.getNumberOfTasks(), false);","lastModifiedDate":"2022-09-18"},{"lineNumber":82,"author":{"gitId":"cheehengk"},"content":"        }","lastModifiedDate":"2022-09-11"},{"lineNumber":83,"author":{"gitId":"cheehengk"},"content":"    }","lastModifiedDate":"2022-09-11"},{"lineNumber":84,"author":{"gitId":"cheehengk"},"content":"","lastModifiedDate":"2022-09-11"},{"lineNumber":85,"author":{"gitId":"cheehengk"},"content":"    public static void saveData(TaskList taskList) throws IOException {","lastModifiedDate":"2022-09-18"},{"lineNumber":86,"author":{"gitId":"cheehengk"},"content":"        FileWriter fw \u003d new FileWriter(FILE_PATH);","lastModifiedDate":"2022-09-18"},{"lineNumber":87,"author":{"gitId":"cheehengk"},"content":"        fw.write(taskList.saveTaskList());","lastModifiedDate":"2022-09-18"},{"lineNumber":88,"author":{"gitId":"cheehengk"},"content":"        fw.close();","lastModifiedDate":"2022-09-11"},{"lineNumber":89,"author":{"gitId":"cheehengk"},"content":"    }","lastModifiedDate":"2022-09-11"},{"lineNumber":90,"author":{"gitId":"cheehengk"},"content":"}","lastModifiedDate":"2022-09-11"}],"authorContributionMap":{"cheehengk":90}},{"path":"src/main/java/duke/TaskList.java","fileType":"java","lines":[{"lineNumber":1,"author":{"gitId":"cheehengk"},"content":"package duke;","lastModifiedDate":"2022-09-18"},{"lineNumber":2,"author":{"gitId":"cheehengk"},"content":"","lastModifiedDate":"2022-09-18"},{"lineNumber":3,"author":{"gitId":"cheehengk"},"content":"import java.util.ArrayList;","lastModifiedDate":"2022-09-18"},{"lineNumber":4,"author":{"gitId":"cheehengk"},"content":"import java.util.List;","lastModifiedDate":"2022-09-18"},{"lineNumber":5,"author":{"gitId":"cheehengk"},"content":"import duke.tasks.Deadlines;","lastModifiedDate":"2022-09-18"},{"lineNumber":6,"author":{"gitId":"cheehengk"},"content":"import duke.tasks.Events;","lastModifiedDate":"2022-09-18"},{"lineNumber":7,"author":{"gitId":"cheehengk"},"content":"import duke.tasks.Task;","lastModifiedDate":"2022-09-18"},{"lineNumber":8,"author":{"gitId":"cheehengk"},"content":"import duke.tasks.Todos;","lastModifiedDate":"2022-09-18"},{"lineNumber":9,"author":{"gitId":"cheehengk"},"content":"","lastModifiedDate":"2022-09-18"},{"lineNumber":10,"author":{"gitId":"cheehengk"},"content":"","lastModifiedDate":"2022-09-18"},{"lineNumber":11,"author":{"gitId":"cheehengk"},"content":"public class TaskList {","lastModifiedDate":"2022-09-18"},{"lineNumber":12,"author":{"gitId":"cheehengk"},"content":"    public static final String END_OF_LINE \u003d \"\\n____________________\";","lastModifiedDate":"2022-09-18"},{"lineNumber":13,"author":{"gitId":"cheehengk"},"content":"    private static List\u003cTask\u003e tasks \u003d new ArrayList\u003cTask\u003e();","lastModifiedDate":"2022-09-18"},{"lineNumber":14,"author":{"gitId":"cheehengk"},"content":"","lastModifiedDate":"2022-09-18"},{"lineNumber":15,"author":{"gitId":"cheehengk"},"content":"    public String addNewTodo(String taskName, boolean toPrint) {","lastModifiedDate":"2022-09-18"},{"lineNumber":16,"author":{"gitId":"cheehengk"},"content":"        tasks.add(new Todos(taskName));","lastModifiedDate":"2022-09-18"},{"lineNumber":17,"author":{"gitId":"cheehengk"},"content":"        if (toPrint) {","lastModifiedDate":"2022-09-18"},{"lineNumber":18,"author":{"gitId":"cheehengk"},"content":"            return (\"Added new todo task: \" + taskName + \"\\n \" + tasks.get(tasks.size() - 1).toString()","lastModifiedDate":"2022-09-18"},{"lineNumber":19,"author":{"gitId":"cheehengk"},"content":"                    + \"\\nYou have \" + tasks.size() + \" tasks in the list.\" + END_OF_LINE);","lastModifiedDate":"2022-09-18"},{"lineNumber":20,"author":{"gitId":"cheehengk"},"content":"        }","lastModifiedDate":"2022-09-18"},{"lineNumber":21,"author":{"gitId":"cheehengk"},"content":"        return null;","lastModifiedDate":"2022-09-18"},{"lineNumber":22,"author":{"gitId":"cheehengk"},"content":"    }","lastModifiedDate":"2022-09-18"},{"lineNumber":23,"author":{"gitId":"cheehengk"},"content":"","lastModifiedDate":"2022-09-18"},{"lineNumber":24,"author":{"gitId":"cheehengk"},"content":"    public String addNewDeadline(String taskName, String toBeDoneBy, boolean toPrint) {","lastModifiedDate":"2022-09-18"},{"lineNumber":25,"author":{"gitId":"cheehengk"},"content":"        tasks.add(new Deadlines(taskName, toBeDoneBy));","lastModifiedDate":"2022-09-18"},{"lineNumber":26,"author":{"gitId":"cheehengk"},"content":"        if (toPrint) {","lastModifiedDate":"2022-09-18"},{"lineNumber":27,"author":{"gitId":"cheehengk"},"content":"            return (\"Added new deadline task: \" + taskName + \"\\n \" + tasks.get(tasks.size() - 1).toString()","lastModifiedDate":"2022-09-18"},{"lineNumber":28,"author":{"gitId":"cheehengk"},"content":"                    + \"\\nYou have \" + tasks.size() + \" tasks in the list.\" + END_OF_LINE);","lastModifiedDate":"2022-09-18"},{"lineNumber":29,"author":{"gitId":"cheehengk"},"content":"        }","lastModifiedDate":"2022-09-18"},{"lineNumber":30,"author":{"gitId":"cheehengk"},"content":"        return null;","lastModifiedDate":"2022-09-18"},{"lineNumber":31,"author":{"gitId":"cheehengk"},"content":"    }","lastModifiedDate":"2022-09-18"},{"lineNumber":32,"author":{"gitId":"cheehengk"},"content":"","lastModifiedDate":"2022-09-18"},{"lineNumber":33,"author":{"gitId":"cheehengk"},"content":"    public String addNewEvent(String taskName, String happeningAt, boolean toPrint) {","lastModifiedDate":"2022-09-18"},{"lineNumber":34,"author":{"gitId":"cheehengk"},"content":"        tasks.add(new Events(taskName, happeningAt));","lastModifiedDate":"2022-09-18"},{"lineNumber":35,"author":{"gitId":"cheehengk"},"content":"        if (toPrint) {","lastModifiedDate":"2022-09-18"},{"lineNumber":36,"author":{"gitId":"cheehengk"},"content":"            return (\"Added new event task: \" + taskName + \"\\n \" + tasks.get(tasks.size() - 1).toString()","lastModifiedDate":"2022-09-18"},{"lineNumber":37,"author":{"gitId":"cheehengk"},"content":"                    + \"\\nYou have \" + tasks.size() + \" tasks in the list.\" + END_OF_LINE);","lastModifiedDate":"2022-09-18"},{"lineNumber":38,"author":{"gitId":"cheehengk"},"content":"        }","lastModifiedDate":"2022-09-18"},{"lineNumber":39,"author":{"gitId":"cheehengk"},"content":"        return null;","lastModifiedDate":"2022-09-18"},{"lineNumber":40,"author":{"gitId":"cheehengk"},"content":"    }","lastModifiedDate":"2022-09-18"},{"lineNumber":41,"author":{"gitId":"cheehengk"},"content":"","lastModifiedDate":"2022-09-18"},{"lineNumber":42,"author":{"gitId":"cheehengk"},"content":"    public String listTasks() {","lastModifiedDate":"2022-09-18"},{"lineNumber":43,"author":{"gitId":"cheehengk"},"content":"        if (tasks.size() \u003d\u003d 0) {","lastModifiedDate":"2022-09-18"},{"lineNumber":44,"author":{"gitId":"cheehengk"},"content":"            return Printables.NO_TASKS_IN_LIST_MESSAGE;","lastModifiedDate":"2022-09-18"},{"lineNumber":45,"author":{"gitId":"cheehengk"},"content":"        }","lastModifiedDate":"2022-09-18"},{"lineNumber":46,"author":{"gitId":"cheehengk"},"content":"","lastModifiedDate":"2022-09-18"},{"lineNumber":47,"author":{"gitId":"cheehengk"},"content":"        String list \u003d \"Here is your list of tasks:\\n\";","lastModifiedDate":"2022-09-18"},{"lineNumber":48,"author":{"gitId":"cheehengk"},"content":"        for (int i \u003d 0; i \u003c tasks.size(); i++) {","lastModifiedDate":"2022-09-18"},{"lineNumber":49,"author":{"gitId":"cheehengk"},"content":"            list +\u003d (i + 1) + \". \" + tasks.get(i).toString() + \"\\n\";","lastModifiedDate":"2022-09-18"},{"lineNumber":50,"author":{"gitId":"cheehengk"},"content":"        }","lastModifiedDate":"2022-09-18"},{"lineNumber":51,"author":{"gitId":"cheehengk"},"content":"        return list + END_OF_LINE;","lastModifiedDate":"2022-09-18"},{"lineNumber":52,"author":{"gitId":"cheehengk"},"content":"    }","lastModifiedDate":"2022-09-18"},{"lineNumber":53,"author":{"gitId":"cheehengk"},"content":"","lastModifiedDate":"2022-09-18"},{"lineNumber":54,"author":{"gitId":"cheehengk"},"content":"    public String markTasks(boolean isMark, int taskIndex, boolean isPrint)","lastModifiedDate":"2022-09-18"},{"lineNumber":55,"author":{"gitId":"cheehengk"},"content":"            throws DukeException.IllegalMarkTargetException {","lastModifiedDate":"2022-09-18"},{"lineNumber":56,"author":{"gitId":"cheehengk"},"content":"        String responseLine;","lastModifiedDate":"2022-09-18"},{"lineNumber":57,"author":{"gitId":"cheehengk"},"content":"        if (taskIndex \u003c 1 || taskIndex \u003e tasks.size()) {","lastModifiedDate":"2022-09-18"},{"lineNumber":58,"author":{"gitId":"cheehengk"},"content":"            throw new DukeException.IllegalMarkTargetException();","lastModifiedDate":"2022-09-18"},{"lineNumber":59,"author":{"gitId":"cheehengk"},"content":"        }","lastModifiedDate":"2022-09-18"},{"lineNumber":60,"author":{"gitId":"cheehengk"},"content":"","lastModifiedDate":"2022-09-18"},{"lineNumber":61,"author":{"gitId":"cheehengk"},"content":"        if (isMark) {","lastModifiedDate":"2022-09-18"},{"lineNumber":62,"author":{"gitId":"cheehengk"},"content":"            if (tasks.get(taskIndex - 1).getIsDone()) {","lastModifiedDate":"2022-09-18"},{"lineNumber":63,"author":{"gitId":"cheehengk"},"content":"                return Printables.ALREADY_MARKED_MESSAGE;","lastModifiedDate":"2022-09-18"},{"lineNumber":64,"author":{"gitId":"cheehengk"},"content":"            }","lastModifiedDate":"2022-09-18"},{"lineNumber":65,"author":{"gitId":"cheehengk"},"content":"            tasks.get(taskIndex - 1).setIsDone();","lastModifiedDate":"2022-09-18"},{"lineNumber":66,"author":{"gitId":"cheehengk"},"content":"            responseLine \u003d tasks.get(taskIndex - 1).getTaskName()","lastModifiedDate":"2022-09-18"},{"lineNumber":67,"author":{"gitId":"cheehengk"},"content":"                    + \" has been marked as done!\" + END_OF_LINE;","lastModifiedDate":"2022-09-18"},{"lineNumber":68,"author":{"gitId":"cheehengk"},"content":"        } else {","lastModifiedDate":"2022-09-18"},{"lineNumber":69,"author":{"gitId":"cheehengk"},"content":"            if (!tasks.get(taskIndex - 1).getIsDone()) {","lastModifiedDate":"2022-09-18"},{"lineNumber":70,"author":{"gitId":"cheehengk"},"content":"                return Printables.ALREADY_UNMARKED_MESSAGE;","lastModifiedDate":"2022-09-18"},{"lineNumber":71,"author":{"gitId":"cheehengk"},"content":"            }","lastModifiedDate":"2022-09-18"},{"lineNumber":72,"author":{"gitId":"cheehengk"},"content":"            tasks.get(taskIndex - 1).setIsNotDone();","lastModifiedDate":"2022-09-18"},{"lineNumber":73,"author":{"gitId":"cheehengk"},"content":"            responseLine \u003d tasks.get(taskIndex - 1).getTaskName()","lastModifiedDate":"2022-09-18"},{"lineNumber":74,"author":{"gitId":"cheehengk"},"content":"                    + \" has been unmarked!\" + END_OF_LINE;","lastModifiedDate":"2022-09-18"},{"lineNumber":75,"author":{"gitId":"cheehengk"},"content":"        }","lastModifiedDate":"2022-09-18"},{"lineNumber":76,"author":{"gitId":"cheehengk"},"content":"","lastModifiedDate":"2022-09-18"},{"lineNumber":77,"author":{"gitId":"cheehengk"},"content":"        if (isPrint) {","lastModifiedDate":"2022-09-18"},{"lineNumber":78,"author":{"gitId":"cheehengk"},"content":"            return responseLine;","lastModifiedDate":"2022-09-18"},{"lineNumber":79,"author":{"gitId":"cheehengk"},"content":"        }","lastModifiedDate":"2022-09-18"},{"lineNumber":80,"author":{"gitId":"cheehengk"},"content":"        return null;","lastModifiedDate":"2022-09-18"},{"lineNumber":81,"author":{"gitId":"cheehengk"},"content":"    }","lastModifiedDate":"2022-09-18"},{"lineNumber":82,"author":{"gitId":"cheehengk"},"content":"","lastModifiedDate":"2022-09-18"},{"lineNumber":83,"author":{"gitId":"cheehengk"},"content":"    public int getNumberOfTasks() {","lastModifiedDate":"2022-09-18"},{"lineNumber":84,"author":{"gitId":"cheehengk"},"content":"        return tasks.size();","lastModifiedDate":"2022-09-18"},{"lineNumber":85,"author":{"gitId":"cheehengk"},"content":"    }","lastModifiedDate":"2022-09-18"},{"lineNumber":86,"author":{"gitId":"cheehengk"},"content":"","lastModifiedDate":"2022-09-18"},{"lineNumber":87,"author":{"gitId":"cheehengk"},"content":"    public String saveTaskList() {","lastModifiedDate":"2022-09-18"},{"lineNumber":88,"author":{"gitId":"cheehengk"},"content":"        String data \u003d \"\";","lastModifiedDate":"2022-09-18"},{"lineNumber":89,"author":{"gitId":"cheehengk"},"content":"        for (Task task : tasks) {","lastModifiedDate":"2022-09-18"},{"lineNumber":90,"author":{"gitId":"cheehengk"},"content":"            String type \u003d task.getType();","lastModifiedDate":"2022-09-18"},{"lineNumber":91,"author":{"gitId":"cheehengk"},"content":"            if (type.equals(\"T\")) {","lastModifiedDate":"2022-09-18"},{"lineNumber":92,"author":{"gitId":"cheehengk"},"content":"                Todos temp \u003d (Todos) task;","lastModifiedDate":"2022-09-18"},{"lineNumber":93,"author":{"gitId":"cheehengk"},"content":"                data +\u003d (type + \"|\" + temp.getTaskName() + \"|\" + (temp.getIsDone() ? \"1\" : \"0\") + \"\\n\");","lastModifiedDate":"2022-09-18"},{"lineNumber":94,"author":{"gitId":"cheehengk"},"content":"            } else if (type.equals(\"D\")) {","lastModifiedDate":"2022-09-18"},{"lineNumber":95,"author":{"gitId":"cheehengk"},"content":"                Deadlines temp \u003d (Deadlines) task;","lastModifiedDate":"2022-09-18"},{"lineNumber":96,"author":{"gitId":"cheehengk"},"content":"                data +\u003d (type + \"|\" + temp.getTaskName() + \"|\" + (temp.getIsDone() ? \"1\" : \"0\") + \"|\"","lastModifiedDate":"2022-09-18"},{"lineNumber":97,"author":{"gitId":"cheehengk"},"content":"                        + temp.getToBeDoneBy() + \"\\n\");","lastModifiedDate":"2022-09-18"},{"lineNumber":98,"author":{"gitId":"cheehengk"},"content":"            } else {","lastModifiedDate":"2022-09-18"},{"lineNumber":99,"author":{"gitId":"cheehengk"},"content":"                Events temp \u003d (Events) task;","lastModifiedDate":"2022-09-18"},{"lineNumber":100,"author":{"gitId":"cheehengk"},"content":"                data +\u003d (type + \"|\" + temp.getTaskName() + \"|\" + (temp.getIsDone() ? \"1\" : \"0\") + \"|\"","lastModifiedDate":"2022-09-18"},{"lineNumber":101,"author":{"gitId":"cheehengk"},"content":"                        + temp.getHappeningAt() + \"\\n\");","lastModifiedDate":"2022-09-18"},{"lineNumber":102,"author":{"gitId":"cheehengk"},"content":"            }","lastModifiedDate":"2022-09-18"},{"lineNumber":103,"author":{"gitId":"cheehengk"},"content":"        }","lastModifiedDate":"2022-09-18"},{"lineNumber":104,"author":{"gitId":"cheehengk"},"content":"        return data;","lastModifiedDate":"2022-09-18"},{"lineNumber":105,"author":{"gitId":"cheehengk"},"content":"    }","lastModifiedDate":"2022-09-18"},{"lineNumber":106,"author":{"gitId":"cheehengk"},"content":"","lastModifiedDate":"2022-09-18"},{"lineNumber":107,"author":{"gitId":"cheehengk"},"content":"    public String deleteTask(int taskIndex) throws DukeException.IllegalDeleteTargetException {","lastModifiedDate":"2022-09-18"},{"lineNumber":108,"author":{"gitId":"cheehengk"},"content":"        String response \u003d null;","lastModifiedDate":"2022-09-18"},{"lineNumber":109,"author":{"gitId":"cheehengk"},"content":"        String taskDescription \u003d null;","lastModifiedDate":"2022-09-18"},{"lineNumber":110,"author":{"gitId":"cheehengk"},"content":"        try {","lastModifiedDate":"2022-09-18"},{"lineNumber":111,"author":{"gitId":"cheehengk"},"content":"            taskDescription \u003d tasks.get(taskIndex - 1).toString();","lastModifiedDate":"2022-09-18"},{"lineNumber":112,"author":{"gitId":"cheehengk"},"content":"            tasks.remove(taskIndex - 1);","lastModifiedDate":"2022-09-18"},{"lineNumber":113,"author":{"gitId":"cheehengk"},"content":"        } catch (IndexOutOfBoundsException e) {","lastModifiedDate":"2022-09-18"},{"lineNumber":114,"author":{"gitId":"cheehengk"},"content":"            throw new DukeException.IllegalDeleteTargetException();","lastModifiedDate":"2022-09-18"},{"lineNumber":115,"author":{"gitId":"cheehengk"},"content":"        }","lastModifiedDate":"2022-09-18"},{"lineNumber":116,"author":{"gitId":"cheehengk"},"content":"        response \u003d \"Deleted: \" + taskDescription  + \"\\nYou have \" + tasks.size()","lastModifiedDate":"2022-09-18"},{"lineNumber":117,"author":{"gitId":"cheehengk"},"content":"                + \" tasks in the list.\" + END_OF_LINE;","lastModifiedDate":"2022-09-18"},{"lineNumber":118,"author":{"gitId":"cheehengk"},"content":"        return response;","lastModifiedDate":"2022-09-18"},{"lineNumber":119,"author":{"gitId":"cheehengk"},"content":"    }","lastModifiedDate":"2022-09-18"},{"lineNumber":120,"author":{"gitId":"cheehengk"},"content":"}","lastModifiedDate":"2022-09-18"}],"authorContributionMap":{"cheehengk":120}},{"path":"src/main/java/duke/Ui.java","fileType":"java","lines":[{"lineNumber":1,"author":{"gitId":"cheehengk"},"content":"package duke;","lastModifiedDate":"2022-09-18"},{"lineNumber":2,"author":{"gitId":"cheehengk"},"content":"","lastModifiedDate":"2022-09-18"},{"lineNumber":3,"author":{"gitId":"cheehengk"},"content":"import java.util.Scanner;","lastModifiedDate":"2022-09-18"},{"lineNumber":4,"author":{"gitId":"cheehengk"},"content":"","lastModifiedDate":"2022-09-18"},{"lineNumber":5,"author":{"gitId":"cheehengk"},"content":"public class Ui {","lastModifiedDate":"2022-09-18"},{"lineNumber":6,"author":{"gitId":"cheehengk"},"content":"    public static String getCommandFromUser(Scanner in) {","lastModifiedDate":"2022-09-18"},{"lineNumber":7,"author":{"gitId":"cheehengk"},"content":"        return in.nextLine();","lastModifiedDate":"2022-09-18"},{"lineNumber":8,"author":{"gitId":"cheehengk"},"content":"    }","lastModifiedDate":"2022-09-18"},{"lineNumber":9,"author":{"gitId":"cheehengk"},"content":"","lastModifiedDate":"2022-09-18"},{"lineNumber":10,"author":{"gitId":"cheehengk"},"content":"    public static void printResponseToUser(String response) {","lastModifiedDate":"2022-09-18"},{"lineNumber":11,"author":{"gitId":"cheehengk"},"content":"        if (response !\u003d null) {","lastModifiedDate":"2022-09-18"},{"lineNumber":12,"author":{"gitId":"cheehengk"},"content":"            System.out.println(response);","lastModifiedDate":"2022-09-18"},{"lineNumber":13,"author":{"gitId":"cheehengk"},"content":"        }","lastModifiedDate":"2022-09-18"},{"lineNumber":14,"author":{"gitId":"cheehengk"},"content":"    }","lastModifiedDate":"2022-09-18"},{"lineNumber":15,"author":{"gitId":"cheehengk"},"content":"}","lastModifiedDate":"2022-09-18"}],"authorContributionMap":{"cheehengk":15}},{"path":"src/main/java/duke/commands/CommandDeadline.java","fileType":"java","lines":[{"lineNumber":1,"author":{"gitId":"cheehengk"},"content":"package duke.commands;","lastModifiedDate":"2022-09-05"},{"lineNumber":2,"author":{"gitId":"cheehengk"},"content":"","lastModifiedDate":"2022-09-05"},{"lineNumber":3,"author":{"gitId":"cheehengk"},"content":"import duke.DukeException;","lastModifiedDate":"2022-09-05"},{"lineNumber":4,"author":{"gitId":"cheehengk"},"content":"import duke.TaskList;","lastModifiedDate":"2022-09-18"},{"lineNumber":5,"author":{"gitId":"cheehengk"},"content":"","lastModifiedDate":"2022-09-05"},{"lineNumber":6,"author":{"gitId":"cheehengk"},"content":"public class CommandDeadline {","lastModifiedDate":"2022-09-05"},{"lineNumber":7,"author":{"gitId":"cheehengk"},"content":"    public static String processNewDeadline(String command, TaskList taskList)","lastModifiedDate":"2022-09-18"},{"lineNumber":8,"author":{"gitId":"cheehengk"},"content":"            throws DukeException.IllegalDeadlineFormatException, DukeException.IllegalDeadlineDateException {","lastModifiedDate":"2022-09-05"},{"lineNumber":9,"author":{"gitId":"cheehengk"},"content":"        int spacePosition \u003d command.indexOf(\" \");","lastModifiedDate":"2022-09-05"},{"lineNumber":10,"author":{"gitId":"cheehengk"},"content":"        int dividerPosition \u003d command.indexOf(\"/\");","lastModifiedDate":"2022-09-05"},{"lineNumber":11,"author":{"gitId":"cheehengk"},"content":"","lastModifiedDate":"2022-09-05"},{"lineNumber":12,"author":{"gitId":"cheehengk"},"content":"        if(spacePosition \u003c 0 || dividerPosition \u003c 0) {","lastModifiedDate":"2022-09-05"},{"lineNumber":13,"author":{"gitId":"cheehengk"},"content":"            throw new DukeException.IllegalDeadlineFormatException();","lastModifiedDate":"2022-09-05"},{"lineNumber":14,"author":{"gitId":"cheehengk"},"content":"        } else if (dividerPosition + 2 \u003e command.length()) {","lastModifiedDate":"2022-09-05"},{"lineNumber":15,"author":{"gitId":"cheehengk"},"content":"            throw new DukeException.IllegalDeadlineDateException();","lastModifiedDate":"2022-09-05"},{"lineNumber":16,"author":{"gitId":"cheehengk"},"content":"        }","lastModifiedDate":"2022-09-05"},{"lineNumber":17,"author":{"gitId":"cheehengk"},"content":"","lastModifiedDate":"2022-09-05"},{"lineNumber":18,"author":{"gitId":"cheehengk"},"content":"        String taskName \u003d command.substring(spacePosition + 1, dividerPosition);","lastModifiedDate":"2022-09-05"},{"lineNumber":19,"author":{"gitId":"cheehengk"},"content":"        String by \u003d command.substring(dividerPosition + 1);","lastModifiedDate":"2022-09-05"},{"lineNumber":20,"author":{"gitId":"cheehengk"},"content":"        return taskList.addNewDeadline(taskName, by, true);","lastModifiedDate":"2022-09-18"},{"lineNumber":21,"author":{"gitId":"cheehengk"},"content":"    }","lastModifiedDate":"2022-09-05"},{"lineNumber":22,"author":{"gitId":"cheehengk"},"content":"}","lastModifiedDate":"2022-09-05"}],"authorContributionMap":{"cheehengk":22}},{"path":"src/main/java/duke/commands/CommandDelete.java","fileType":"java","lines":[{"lineNumber":1,"author":{"gitId":"cheehengk"},"content":"package duke.commands;","lastModifiedDate":"2022-09-10"},{"lineNumber":2,"author":{"gitId":"cheehengk"},"content":"","lastModifiedDate":"2022-09-10"},{"lineNumber":3,"author":{"gitId":"cheehengk"},"content":"import duke.DukeException;","lastModifiedDate":"2022-09-10"},{"lineNumber":4,"author":{"gitId":"cheehengk"},"content":"import duke.TaskList;","lastModifiedDate":"2022-09-18"},{"lineNumber":5,"author":{"gitId":"cheehengk"},"content":"","lastModifiedDate":"2022-09-10"},{"lineNumber":6,"author":{"gitId":"cheehengk"},"content":"public class CommandDelete {","lastModifiedDate":"2022-09-10"},{"lineNumber":7,"author":{"gitId":"cheehengk"},"content":"    public static String processDelete(String command, TaskList taskList)","lastModifiedDate":"2022-09-18"},{"lineNumber":8,"author":{"gitId":"cheehengk"},"content":"            throws DukeException.IllegalDeleteIndexException {","lastModifiedDate":"2022-09-10"},{"lineNumber":9,"author":{"gitId":"cheehengk"},"content":"        String[] arrOfCommand \u003d command.split(\" \");","lastModifiedDate":"2022-09-10"},{"lineNumber":10,"author":{"gitId":"cheehengk"},"content":"","lastModifiedDate":"2022-09-10"},{"lineNumber":11,"author":{"gitId":"cheehengk"},"content":"        if (arrOfCommand.length !\u003d 2 || !isInteger(arrOfCommand[1])) {","lastModifiedDate":"2022-09-10"},{"lineNumber":12,"author":{"gitId":"cheehengk"},"content":"            throw new DukeException.IllegalDeleteIndexException();","lastModifiedDate":"2022-09-10"},{"lineNumber":13,"author":{"gitId":"cheehengk"},"content":"        }","lastModifiedDate":"2022-09-10"},{"lineNumber":14,"author":{"gitId":"cheehengk"},"content":"","lastModifiedDate":"2022-09-10"},{"lineNumber":15,"author":{"gitId":"cheehengk"},"content":"        try {","lastModifiedDate":"2022-09-10"},{"lineNumber":16,"author":{"gitId":"cheehengk"},"content":"            return taskList.deleteTask(Integer.parseInt(arrOfCommand[1]));","lastModifiedDate":"2022-09-18"},{"lineNumber":17,"author":{"gitId":"cheehengk"},"content":"        } catch (DukeException.IllegalDeleteTargetException e) {","lastModifiedDate":"2022-09-10"},{"lineNumber":18,"author":{"gitId":"cheehengk"},"content":"            return e.getMessage();","lastModifiedDate":"2022-09-18"},{"lineNumber":19,"author":{"gitId":"cheehengk"},"content":"        }","lastModifiedDate":"2022-09-10"},{"lineNumber":20,"author":{"gitId":"cheehengk"},"content":"    }","lastModifiedDate":"2022-09-10"},{"lineNumber":21,"author":{"gitId":"cheehengk"},"content":"","lastModifiedDate":"2022-09-10"},{"lineNumber":22,"author":{"gitId":"cheehengk"},"content":"    private static boolean isInteger(String toCheck) {","lastModifiedDate":"2022-09-10"},{"lineNumber":23,"author":{"gitId":"cheehengk"},"content":"        try {","lastModifiedDate":"2022-09-10"},{"lineNumber":24,"author":{"gitId":"cheehengk"},"content":"            int intValue \u003d Integer.parseInt(toCheck);","lastModifiedDate":"2022-09-10"},{"lineNumber":25,"author":{"gitId":"cheehengk"},"content":"            return true;","lastModifiedDate":"2022-09-10"},{"lineNumber":26,"author":{"gitId":"cheehengk"},"content":"        } catch (NumberFormatException e) {","lastModifiedDate":"2022-09-10"},{"lineNumber":27,"author":{"gitId":"cheehengk"},"content":"            return false;","lastModifiedDate":"2022-09-10"},{"lineNumber":28,"author":{"gitId":"cheehengk"},"content":"        }","lastModifiedDate":"2022-09-10"},{"lineNumber":29,"author":{"gitId":"cheehengk"},"content":"    }","lastModifiedDate":"2022-09-10"},{"lineNumber":30,"author":{"gitId":"cheehengk"},"content":"}","lastModifiedDate":"2022-09-10"}],"authorContributionMap":{"cheehengk":30}},{"path":"src/main/java/duke/commands/CommandEvent.java","fileType":"java","lines":[{"lineNumber":1,"author":{"gitId":"cheehengk"},"content":"package duke.commands;","lastModifiedDate":"2022-09-05"},{"lineNumber":2,"author":{"gitId":"cheehengk"},"content":"","lastModifiedDate":"2022-09-05"},{"lineNumber":3,"author":{"gitId":"cheehengk"},"content":"import duke.DukeException;","lastModifiedDate":"2022-09-05"},{"lineNumber":4,"author":{"gitId":"cheehengk"},"content":"import duke.TaskList;","lastModifiedDate":"2022-09-18"},{"lineNumber":5,"author":{"gitId":"cheehengk"},"content":"","lastModifiedDate":"2022-09-05"},{"lineNumber":6,"author":{"gitId":"cheehengk"},"content":"public class CommandEvent {","lastModifiedDate":"2022-09-05"},{"lineNumber":7,"author":{"gitId":"cheehengk"},"content":"    public static String processNewEvent(String command, TaskList taskList)","lastModifiedDate":"2022-09-18"},{"lineNumber":8,"author":{"gitId":"cheehengk"},"content":"            throws DukeException.IllegalEventFormatException, DukeException.IllegalEventDateException {","lastModifiedDate":"2022-09-05"},{"lineNumber":9,"author":{"gitId":"cheehengk"},"content":"        int spacePosition \u003d command.indexOf(\" \");","lastModifiedDate":"2022-09-05"},{"lineNumber":10,"author":{"gitId":"cheehengk"},"content":"        int dividerPosition \u003d command.indexOf(\"/\");","lastModifiedDate":"2022-09-05"},{"lineNumber":11,"author":{"gitId":"cheehengk"},"content":"","lastModifiedDate":"2022-09-05"},{"lineNumber":12,"author":{"gitId":"cheehengk"},"content":"        if(spacePosition \u003c 0 || dividerPosition \u003c 0) {","lastModifiedDate":"2022-09-05"},{"lineNumber":13,"author":{"gitId":"cheehengk"},"content":"            throw new DukeException.IllegalEventFormatException();","lastModifiedDate":"2022-09-05"},{"lineNumber":14,"author":{"gitId":"cheehengk"},"content":"        } else if (dividerPosition + 2 \u003e command.length()) {","lastModifiedDate":"2022-09-05"},{"lineNumber":15,"author":{"gitId":"cheehengk"},"content":"            throw new DukeException.IllegalEventDateException();","lastModifiedDate":"2022-09-05"},{"lineNumber":16,"author":{"gitId":"cheehengk"},"content":"        }","lastModifiedDate":"2022-09-05"},{"lineNumber":17,"author":{"gitId":"cheehengk"},"content":"","lastModifiedDate":"2022-09-05"},{"lineNumber":18,"author":{"gitId":"cheehengk"},"content":"        String taskName \u003d command.substring(spacePosition + 1, dividerPosition);","lastModifiedDate":"2022-09-05"},{"lineNumber":19,"author":{"gitId":"cheehengk"},"content":"        String at \u003d command.substring(dividerPosition + 1);","lastModifiedDate":"2022-09-05"},{"lineNumber":20,"author":{"gitId":"cheehengk"},"content":"        return taskList.addNewEvent(taskName, at, true);","lastModifiedDate":"2022-09-18"},{"lineNumber":21,"author":{"gitId":"cheehengk"},"content":"    }","lastModifiedDate":"2022-09-05"},{"lineNumber":22,"author":{"gitId":"cheehengk"},"content":"}","lastModifiedDate":"2022-09-05"}],"authorContributionMap":{"cheehengk":22}},{"path":"src/main/java/duke/commands/CommandMarking.java","fileType":"java","lines":[{"lineNumber":1,"author":{"gitId":"cheehengk"},"content":"package duke.commands;","lastModifiedDate":"2022-09-05"},{"lineNumber":2,"author":{"gitId":"cheehengk"},"content":"","lastModifiedDate":"2022-09-05"},{"lineNumber":3,"author":{"gitId":"cheehengk"},"content":"import duke.DukeException;","lastModifiedDate":"2022-09-05"},{"lineNumber":4,"author":{"gitId":"cheehengk"},"content":"import duke.TaskList;","lastModifiedDate":"2022-09-18"},{"lineNumber":5,"author":{"gitId":"cheehengk"},"content":"","lastModifiedDate":"2022-09-05"},{"lineNumber":6,"author":{"gitId":"cheehengk"},"content":"public class CommandMarking {","lastModifiedDate":"2022-09-05"},{"lineNumber":7,"author":{"gitId":"cheehengk"},"content":"    public static String processMarking(String command, TaskList taskList, boolean toMark)","lastModifiedDate":"2022-09-18"},{"lineNumber":8,"author":{"gitId":"cheehengk"},"content":"            throws DukeException.IllegalNoMarkIndexException {","lastModifiedDate":"2022-09-05"},{"lineNumber":9,"author":{"gitId":"cheehengk"},"content":"        String[] arrOfCommand \u003d command.split(\" \");","lastModifiedDate":"2022-09-05"},{"lineNumber":10,"author":{"gitId":"cheehengk"},"content":"","lastModifiedDate":"2022-09-05"},{"lineNumber":11,"author":{"gitId":"cheehengk"},"content":"        if (arrOfCommand.length !\u003d 2 || !isInteger(arrOfCommand[1])) {","lastModifiedDate":"2022-09-10"},{"lineNumber":12,"author":{"gitId":"cheehengk"},"content":"            throw new DukeException.IllegalNoMarkIndexException();","lastModifiedDate":"2022-09-05"},{"lineNumber":13,"author":{"gitId":"cheehengk"},"content":"        }","lastModifiedDate":"2022-09-05"},{"lineNumber":14,"author":{"gitId":"cheehengk"},"content":"","lastModifiedDate":"2022-09-05"},{"lineNumber":15,"author":{"gitId":"cheehengk"},"content":"        try {","lastModifiedDate":"2022-09-05"},{"lineNumber":16,"author":{"gitId":"cheehengk"},"content":"            return taskList.markTasks(toMark, Integer.parseInt(arrOfCommand[1]), true);","lastModifiedDate":"2022-09-18"},{"lineNumber":17,"author":{"gitId":"cheehengk"},"content":"        } catch (DukeException.IllegalMarkTargetException e) {","lastModifiedDate":"2022-09-05"},{"lineNumber":18,"author":{"gitId":"cheehengk"},"content":"            return e.getMessage();","lastModifiedDate":"2022-09-18"},{"lineNumber":19,"author":{"gitId":"cheehengk"},"content":"        }","lastModifiedDate":"2022-09-05"},{"lineNumber":20,"author":{"gitId":"cheehengk"},"content":"    }","lastModifiedDate":"2022-09-05"},{"lineNumber":21,"author":{"gitId":"cheehengk"},"content":"","lastModifiedDate":"2022-09-05"},{"lineNumber":22,"author":{"gitId":"cheehengk"},"content":"    private static boolean isInteger(String toCheck) {","lastModifiedDate":"2022-09-05"},{"lineNumber":23,"author":{"gitId":"cheehengk"},"content":"        try {","lastModifiedDate":"2022-09-05"},{"lineNumber":24,"author":{"gitId":"cheehengk"},"content":"            int intValue \u003d Integer.parseInt(toCheck);","lastModifiedDate":"2022-09-05"},{"lineNumber":25,"author":{"gitId":"cheehengk"},"content":"            return true;","lastModifiedDate":"2022-09-05"},{"lineNumber":26,"author":{"gitId":"cheehengk"},"content":"        } catch (NumberFormatException e) {","lastModifiedDate":"2022-09-05"},{"lineNumber":27,"author":{"gitId":"cheehengk"},"content":"            return false;","lastModifiedDate":"2022-09-05"},{"lineNumber":28,"author":{"gitId":"cheehengk"},"content":"        }","lastModifiedDate":"2022-09-05"},{"lineNumber":29,"author":{"gitId":"cheehengk"},"content":"    }","lastModifiedDate":"2022-09-05"},{"lineNumber":30,"author":{"gitId":"cheehengk"},"content":"}","lastModifiedDate":"2022-09-05"}],"authorContributionMap":{"cheehengk":30}},{"path":"src/main/java/duke/commands/CommandTodo.java","fileType":"java","lines":[{"lineNumber":1,"author":{"gitId":"cheehengk"},"content":"package duke.commands;","lastModifiedDate":"2022-09-05"},{"lineNumber":2,"author":{"gitId":"cheehengk"},"content":"","lastModifiedDate":"2022-09-05"},{"lineNumber":3,"author":{"gitId":"cheehengk"},"content":"import duke.DukeException;","lastModifiedDate":"2022-09-05"},{"lineNumber":4,"author":{"gitId":"cheehengk"},"content":"import duke.TaskList;","lastModifiedDate":"2022-09-18"},{"lineNumber":5,"author":{"gitId":"cheehengk"},"content":"","lastModifiedDate":"2022-09-05"},{"lineNumber":6,"author":{"gitId":"cheehengk"},"content":"public class CommandTodo {","lastModifiedDate":"2022-09-05"},{"lineNumber":7,"author":{"gitId":"cheehengk"},"content":"    public static String processNewTodo(String command, TaskList taskList)","lastModifiedDate":"2022-09-18"},{"lineNumber":8,"author":{"gitId":"cheehengk"},"content":"            throws DukeException.IllegalTodoException {","lastModifiedDate":"2022-09-05"},{"lineNumber":9,"author":{"gitId":"cheehengk"},"content":"        int spacePosition \u003d command.indexOf(\" \");","lastModifiedDate":"2022-09-05"},{"lineNumber":10,"author":{"gitId":"cheehengk"},"content":"        if(spacePosition \u003c 0) {","lastModifiedDate":"2022-09-05"},{"lineNumber":11,"author":{"gitId":"cheehengk"},"content":"            throw new DukeException.IllegalTodoException();","lastModifiedDate":"2022-09-05"},{"lineNumber":12,"author":{"gitId":"cheehengk"},"content":"        }","lastModifiedDate":"2022-09-05"},{"lineNumber":13,"author":{"gitId":"cheehengk"},"content":"        return taskList.addNewTodo(command.substring(spacePosition + 1), true);","lastModifiedDate":"2022-09-18"},{"lineNumber":14,"author":{"gitId":"cheehengk"},"content":"    }","lastModifiedDate":"2022-09-05"},{"lineNumber":15,"author":{"gitId":"cheehengk"},"content":"}","lastModifiedDate":"2022-09-05"}],"authorContributionMap":{"cheehengk":15}},{"path":"src/main/java/duke/tasks/Deadlines.java","fileType":"java","lines":[{"lineNumber":1,"author":{"gitId":"cheehengk"},"content":"package duke.tasks;","lastModifiedDate":"2022-09-05"},{"lineNumber":2,"author":{"gitId":"cheehengk"},"content":"","lastModifiedDate":"2022-09-05"},{"lineNumber":3,"author":{"gitId":"cheehengk"},"content":"public class Deadlines extends Task {","lastModifiedDate":"2022-08-29"},{"lineNumber":4,"author":{"gitId":"cheehengk"},"content":"    private String toBeDoneBy;","lastModifiedDate":"2022-09-18"},{"lineNumber":5,"author":{"gitId":"cheehengk"},"content":"","lastModifiedDate":"2022-08-29"},{"lineNumber":6,"author":{"gitId":"cheehengk"},"content":"    public String getToBeDoneBy() {","lastModifiedDate":"2022-09-18"},{"lineNumber":7,"author":{"gitId":"cheehengk"},"content":"        return toBeDoneBy;","lastModifiedDate":"2022-09-11"},{"lineNumber":8,"author":{"gitId":"cheehengk"},"content":"    }","lastModifiedDate":"2022-09-11"},{"lineNumber":9,"author":{"gitId":"cheehengk"},"content":"","lastModifiedDate":"2022-09-11"},{"lineNumber":10,"author":{"gitId":"cheehengk"},"content":"    public Deadlines(String taskName, String toBeDoneBy) {","lastModifiedDate":"2022-09-04"},{"lineNumber":11,"author":{"gitId":"cheehengk"},"content":"        super(taskName);","lastModifiedDate":"2022-08-29"},{"lineNumber":12,"author":{"gitId":"cheehengk"},"content":"        this.toBeDoneBy \u003d toBeDoneBy;","lastModifiedDate":"2022-09-04"},{"lineNumber":13,"author":{"gitId":"cheehengk"},"content":"        this.type \u003d \"D\";","lastModifiedDate":"2022-09-11"},{"lineNumber":14,"author":{"gitId":"cheehengk"},"content":"    }","lastModifiedDate":"2022-08-29"},{"lineNumber":15,"author":{"gitId":"cheehengk"},"content":"","lastModifiedDate":"2022-08-29"},{"lineNumber":16,"author":{"gitId":"cheehengk"},"content":"    public String toString() {","lastModifiedDate":"2022-08-29"},{"lineNumber":17,"author":{"gitId":"cheehengk"},"content":"        String done \u003d this.getIsDone() ? \"[X]\" : \"[ ]\";","lastModifiedDate":"2022-09-04"},{"lineNumber":18,"author":{"gitId":"cheehengk"},"content":"        return \"[D]\" + done + this.getTaskName() + \" (by: \" + toBeDoneBy + \" )\";","lastModifiedDate":"2022-09-04"},{"lineNumber":19,"author":{"gitId":"cheehengk"},"content":"    }","lastModifiedDate":"2022-08-29"},{"lineNumber":20,"author":{"gitId":"cheehengk"},"content":"}","lastModifiedDate":"2022-08-29"}],"authorContributionMap":{"cheehengk":20}},{"path":"src/main/java/duke/tasks/Events.java","fileType":"java","lines":[{"lineNumber":1,"author":{"gitId":"cheehengk"},"content":"package duke.tasks;","lastModifiedDate":"2022-09-05"},{"lineNumber":2,"author":{"gitId":"cheehengk"},"content":"","lastModifiedDate":"2022-09-05"},{"lineNumber":3,"author":{"gitId":"cheehengk"},"content":"public class Events extends Task {","lastModifiedDate":"2022-08-29"},{"lineNumber":4,"author":{"gitId":"cheehengk"},"content":"    private String happeningAt;","lastModifiedDate":"2022-09-18"},{"lineNumber":5,"author":{"gitId":"cheehengk"},"content":"","lastModifiedDate":"2022-08-29"},{"lineNumber":6,"author":{"gitId":"cheehengk"},"content":"    public String getHappeningAt() {","lastModifiedDate":"2022-09-18"},{"lineNumber":7,"author":{"gitId":"cheehengk"},"content":"        return happeningAt;","lastModifiedDate":"2022-09-11"},{"lineNumber":8,"author":{"gitId":"cheehengk"},"content":"    }","lastModifiedDate":"2022-09-11"},{"lineNumber":9,"author":{"gitId":"cheehengk"},"content":"","lastModifiedDate":"2022-09-11"},{"lineNumber":10,"author":{"gitId":"cheehengk"},"content":"    public Events(String taskName, String happeningAt) {","lastModifiedDate":"2022-09-04"},{"lineNumber":11,"author":{"gitId":"cheehengk"},"content":"        super(taskName);","lastModifiedDate":"2022-08-29"},{"lineNumber":12,"author":{"gitId":"cheehengk"},"content":"        this.happeningAt \u003d happeningAt;","lastModifiedDate":"2022-09-04"},{"lineNumber":13,"author":{"gitId":"cheehengk"},"content":"        this.type \u003d \"E\";","lastModifiedDate":"2022-09-11"},{"lineNumber":14,"author":{"gitId":"cheehengk"},"content":"    }","lastModifiedDate":"2022-08-29"},{"lineNumber":15,"author":{"gitId":"cheehengk"},"content":"","lastModifiedDate":"2022-08-29"},{"lineNumber":16,"author":{"gitId":"cheehengk"},"content":"    public String toString() {","lastModifiedDate":"2022-08-29"},{"lineNumber":17,"author":{"gitId":"cheehengk"},"content":"        String done \u003d this.getIsDone() ? \"[X]\" : \"[ ]\";","lastModifiedDate":"2022-09-04"},{"lineNumber":18,"author":{"gitId":"cheehengk"},"content":"        return \"[E]\" + done + this.getTaskName() + \" (at: \" + happeningAt + \" )\";","lastModifiedDate":"2022-09-04"},{"lineNumber":19,"author":{"gitId":"cheehengk"},"content":"    }","lastModifiedDate":"2022-08-29"},{"lineNumber":20,"author":{"gitId":"cheehengk"},"content":"}","lastModifiedDate":"2022-08-29"}],"authorContributionMap":{"cheehengk":20}},{"path":"src/main/java/duke/tasks/Task.java","fileType":"java","lines":[{"lineNumber":1,"author":{"gitId":"cheehengk"},"content":"package duke.tasks;","lastModifiedDate":"2022-09-05"},{"lineNumber":2,"author":{"gitId":"cheehengk"},"content":"","lastModifiedDate":"2022-09-05"},{"lineNumber":3,"author":{"gitId":"cheehengk"},"content":"public class Task {","lastModifiedDate":"2022-08-28"},{"lineNumber":4,"author":{"gitId":"cheehengk"},"content":"    private String taskName;","lastModifiedDate":"2022-08-28"},{"lineNumber":5,"author":{"gitId":"cheehengk"},"content":"    private boolean isDone;","lastModifiedDate":"2022-08-28"},{"lineNumber":6,"author":{"gitId":"cheehengk"},"content":"    protected String type;","lastModifiedDate":"2022-09-11"},{"lineNumber":7,"author":{"gitId":"cheehengk"},"content":"","lastModifiedDate":"2022-09-11"},{"lineNumber":8,"author":{"gitId":"cheehengk"},"content":"    public String getType() {","lastModifiedDate":"2022-09-11"},{"lineNumber":9,"author":{"gitId":"cheehengk"},"content":"        return type;","lastModifiedDate":"2022-09-11"},{"lineNumber":10,"author":{"gitId":"cheehengk"},"content":"    }","lastModifiedDate":"2022-09-11"},{"lineNumber":11,"author":{"gitId":"cheehengk"},"content":"","lastModifiedDate":"2022-08-28"},{"lineNumber":12,"author":{"gitId":"cheehengk"},"content":"    public Task(String taskName) {","lastModifiedDate":"2022-08-28"},{"lineNumber":13,"author":{"gitId":"cheehengk"},"content":"        this.taskName \u003d taskName;","lastModifiedDate":"2022-08-28"},{"lineNumber":14,"author":{"gitId":"cheehengk"},"content":"        this.isDone \u003d false;","lastModifiedDate":"2022-08-28"},{"lineNumber":15,"author":{"gitId":"cheehengk"},"content":"    }","lastModifiedDate":"2022-08-28"},{"lineNumber":16,"author":{"gitId":"cheehengk"},"content":"","lastModifiedDate":"2022-08-28"},{"lineNumber":17,"author":{"gitId":"cheehengk"},"content":"    public void setTaskName(String taskName) {","lastModifiedDate":"2022-08-28"},{"lineNumber":18,"author":{"gitId":"cheehengk"},"content":"        this.taskName \u003d taskName;","lastModifiedDate":"2022-08-28"},{"lineNumber":19,"author":{"gitId":"cheehengk"},"content":"    }","lastModifiedDate":"2022-08-28"},{"lineNumber":20,"author":{"gitId":"cheehengk"},"content":"","lastModifiedDate":"2022-08-28"},{"lineNumber":21,"author":{"gitId":"cheehengk"},"content":"    public void setIsDone() {","lastModifiedDate":"2022-08-28"},{"lineNumber":22,"author":{"gitId":"cheehengk"},"content":"        this.isDone \u003d true;","lastModifiedDate":"2022-08-28"},{"lineNumber":23,"author":{"gitId":"cheehengk"},"content":"    }","lastModifiedDate":"2022-08-28"},{"lineNumber":24,"author":{"gitId":"cheehengk"},"content":"","lastModifiedDate":"2022-08-28"},{"lineNumber":25,"author":{"gitId":"cheehengk"},"content":"    public void setIsNotDone() {","lastModifiedDate":"2022-08-28"},{"lineNumber":26,"author":{"gitId":"cheehengk"},"content":"        this.isDone \u003d false;","lastModifiedDate":"2022-08-28"},{"lineNumber":27,"author":{"gitId":"cheehengk"},"content":"    }","lastModifiedDate":"2022-08-28"},{"lineNumber":28,"author":{"gitId":"cheehengk"},"content":"","lastModifiedDate":"2022-08-28"},{"lineNumber":29,"author":{"gitId":"cheehengk"},"content":"    public String getTaskName() {","lastModifiedDate":"2022-08-28"},{"lineNumber":30,"author":{"gitId":"cheehengk"},"content":"        return taskName;","lastModifiedDate":"2022-08-28"},{"lineNumber":31,"author":{"gitId":"cheehengk"},"content":"    }","lastModifiedDate":"2022-08-28"},{"lineNumber":32,"author":{"gitId":"cheehengk"},"content":"","lastModifiedDate":"2022-08-28"},{"lineNumber":33,"author":{"gitId":"cheehengk"},"content":"    public boolean getIsDone() {","lastModifiedDate":"2022-08-28"},{"lineNumber":34,"author":{"gitId":"cheehengk"},"content":"        return isDone;","lastModifiedDate":"2022-08-28"},{"lineNumber":35,"author":{"gitId":"cheehengk"},"content":"    }","lastModifiedDate":"2022-08-28"},{"lineNumber":36,"author":{"gitId":"cheehengk"},"content":"}","lastModifiedDate":"2022-08-28"}],"authorContributionMap":{"cheehengk":36}},{"path":"src/main/java/duke/tasks/Todos.java","fileType":"java","lines":[{"lineNumber":1,"author":{"gitId":"cheehengk"},"content":"package duke.tasks;","lastModifiedDate":"2022-09-05"},{"lineNumber":2,"author":{"gitId":"cheehengk"},"content":"","lastModifiedDate":"2022-09-05"},{"lineNumber":3,"author":{"gitId":"cheehengk"},"content":"public class Todos extends Task {","lastModifiedDate":"2022-09-05"},{"lineNumber":4,"author":{"gitId":"cheehengk"},"content":"    public Todos(String taskName) {","lastModifiedDate":"2022-09-05"},{"lineNumber":5,"author":{"gitId":"cheehengk"},"content":"        super(taskName);","lastModifiedDate":"2022-09-05"},{"lineNumber":6,"author":{"gitId":"cheehengk"},"content":"        this.type \u003d \"T\";","lastModifiedDate":"2022-09-11"},{"lineNumber":7,"author":{"gitId":"cheehengk"},"content":"    }","lastModifiedDate":"2022-09-05"},{"lineNumber":8,"author":{"gitId":"cheehengk"},"content":"","lastModifiedDate":"2022-09-05"},{"lineNumber":9,"author":{"gitId":"cheehengk"},"content":"    public String toString() {","lastModifiedDate":"2022-09-05"},{"lineNumber":10,"author":{"gitId":"cheehengk"},"content":"        String done \u003d this.getIsDone() ? \"[X]\" : \"[ ]\";","lastModifiedDate":"2022-09-05"},{"lineNumber":11,"author":{"gitId":"cheehengk"},"content":"        return \"[T]\" + done + this.getTaskName();","lastModifiedDate":"2022-09-05"},{"lineNumber":12,"author":{"gitId":"cheehengk"},"content":"    }","lastModifiedDate":"2022-09-05"},{"lineNumber":13,"author":{"gitId":"cheehengk"},"content":"}","lastModifiedDate":"2022-09-05"}],"authorContributionMap":{"cheehengk":13}},{"path":"text-ui-test/input.txt","fileType":"txt","lines":[{"lineNumber":1,"author":{"gitId":"cheehengk"},"content":"help","lastModifiedDate":"2022-09-06"},{"lineNumber":2,"author":{"gitId":"cheehengk"},"content":"deadline","lastModifiedDate":"2022-08-29"},{"lineNumber":3,"author":{"gitId":"cheehengk"},"content":"event","lastModifiedDate":"2022-08-29"},{"lineNumber":4,"author":{"gitId":"cheehengk"},"content":"todo","lastModifiedDate":"2022-08-29"},{"lineNumber":5,"author":{"gitId":"cheehengk"},"content":"deadline activity 1","lastModifiedDate":"2022-08-29"},{"lineNumber":6,"author":{"gitId":"cheehengk"},"content":"deadline activity 1 /monday","lastModifiedDate":"2022-08-29"},{"lineNumber":7,"author":{"gitId":"cheehengk"},"content":"event activity 2","lastModifiedDate":"2022-08-29"},{"lineNumber":8,"author":{"gitId":"cheehengk"},"content":"event activity 2 /tuesday","lastModifiedDate":"2022-08-29"},{"lineNumber":9,"author":{"gitId":"cheehengk"},"content":"todo activity 3","lastModifiedDate":"2022-08-29"},{"lineNumber":10,"author":{"gitId":"cheehengk"},"content":"list","lastModifiedDate":"2022-08-29"},{"lineNumber":11,"author":{"gitId":"cheehengk"},"content":"unmark 1","lastModifiedDate":"2022-08-29"},{"lineNumber":12,"author":{"gitId":"cheehengk"},"content":"mark 2","lastModifiedDate":"2022-08-29"},{"lineNumber":13,"author":{"gitId":"cheehengk"},"content":"mark 2","lastModifiedDate":"2022-08-29"},{"lineNumber":14,"author":{"gitId":"cheehengk"},"content":"unmark 2","lastModifiedDate":"2022-08-29"},{"lineNumber":15,"author":{"gitId":"cheehengk"},"content":"mark 3","lastModifiedDate":"2022-08-29"},{"lineNumber":16,"author":{"gitId":"cheehengk"},"content":"list","lastModifiedDate":"2022-08-29"},{"lineNumber":17,"author":{"gitId":"cheehengk"},"content":"bye","lastModifiedDate":"2022-08-29"}],"authorContributionMap":{"cheehengk":17}},{"path":"text-ui-test/runtest.bat","fileType":"bat","lines":[{"lineNumber":1,"author":{"gitId":"-"},"content":"@ECHO OFF","lastModifiedDate":"2020-05-25"},{"lineNumber":2,"author":{"gitId":"-"},"content":"","lastModifiedDate":"2020-05-25"},{"lineNumber":3,"author":{"gitId":"-"},"content":"REM create bin directory if it doesn\u0027t exist","lastModifiedDate":"2020-05-25"},{"lineNumber":4,"author":{"gitId":"-"},"content":"if not exist ..\\bin mkdir ..\\bin","lastModifiedDate":"2020-05-25"},{"lineNumber":5,"author":{"gitId":"-"},"content":"","lastModifiedDate":"2020-05-25"},{"lineNumber":6,"author":{"gitId":"-"},"content":"REM delete output from previous run","lastModifiedDate":"2020-05-25"},{"lineNumber":7,"author":{"gitId":"-"},"content":"if exist ACTUAL.TXT del ACTUAL.TXT","lastModifiedDate":"2020-08-25"},{"lineNumber":8,"author":{"gitId":"-"},"content":"","lastModifiedDate":"2020-05-25"},{"lineNumber":9,"author":{"gitId":"-"},"content":"REM compile the code into the bin folder","lastModifiedDate":"2020-05-25"},{"lineNumber":10,"author":{"gitId":"-"},"content":"javac  -cp ..\\src\\main\\java -Xlint:none -d ..\\bin ..\\src\\main\\java\\*.java","lastModifiedDate":"2020-08-25"},{"lineNumber":11,"author":{"gitId":"-"},"content":"IF ERRORLEVEL 1 (","lastModifiedDate":"2020-05-25"},{"lineNumber":12,"author":{"gitId":"-"},"content":"    echo ********** BUILD FAILURE **********","lastModifiedDate":"2020-05-25"},{"lineNumber":13,"author":{"gitId":"-"},"content":"    exit /b 1","lastModifiedDate":"2020-05-25"},{"lineNumber":14,"author":{"gitId":"-"},"content":")","lastModifiedDate":"2020-05-25"},{"lineNumber":15,"author":{"gitId":"-"},"content":"REM no error here, errorlevel \u003d\u003d 0","lastModifiedDate":"2020-05-25"},{"lineNumber":16,"author":{"gitId":"-"},"content":"","lastModifiedDate":"2020-05-25"},{"lineNumber":17,"author":{"gitId":"-"},"content":"REM run the program, feed commands from input.txt file and redirect the output to the ACTUAL.TXT","lastModifiedDate":"2020-05-25"},{"lineNumber":18,"author":{"gitId":"cheehengk"},"content":"java -classpath ..\\bin duke.duke \u003c input.txt \u003e ACTUAL.TXT","lastModifiedDate":"2022-09-06"},{"lineNumber":19,"author":{"gitId":"-"},"content":"","lastModifiedDate":"2020-05-25"},{"lineNumber":20,"author":{"gitId":"-"},"content":"REM compare the output to the expected output","lastModifiedDate":"2020-05-25"},{"lineNumber":21,"author":{"gitId":"-"},"content":"FC ACTUAL.TXT EXPECTED.TXT","lastModifiedDate":"2020-05-25"}],"authorContributionMap":{"cheehengk":1,"-":20}},{"path":"text-ui-test/runtest.sh","fileType":"sh","lines":[{"lineNumber":1,"author":{"gitId":"-"},"content":"#!/usr/bin/env bash","lastModifiedDate":"2020-05-25"},{"lineNumber":2,"author":{"gitId":"-"},"content":"","lastModifiedDate":"2020-05-25"},{"lineNumber":3,"author":{"gitId":"-"},"content":"# create bin directory if it doesn\u0027t exist","lastModifiedDate":"2020-05-25"},{"lineNumber":4,"author":{"gitId":"-"},"content":"if [ ! -d \"../bin\" ]","lastModifiedDate":"2020-05-25"},{"lineNumber":5,"author":{"gitId":"-"},"content":"then","lastModifiedDate":"2020-05-25"},{"lineNumber":6,"author":{"gitId":"-"},"content":"    mkdir ../bin","lastModifiedDate":"2020-05-25"},{"lineNumber":7,"author":{"gitId":"-"},"content":"fi","lastModifiedDate":"2020-05-25"},{"lineNumber":8,"author":{"gitId":"-"},"content":"","lastModifiedDate":"2020-05-25"},{"lineNumber":9,"author":{"gitId":"-"},"content":"# delete output from previous run","lastModifiedDate":"2020-05-25"},{"lineNumber":10,"author":{"gitId":"-"},"content":"if [ -e \"./ACTUAL.TXT\" ]","lastModifiedDate":"2020-05-25"},{"lineNumber":11,"author":{"gitId":"-"},"content":"then","lastModifiedDate":"2020-05-25"},{"lineNumber":12,"author":{"gitId":"-"},"content":"    rm ACTUAL.TXT","lastModifiedDate":"2020-05-25"},{"lineNumber":13,"author":{"gitId":"-"},"content":"fi","lastModifiedDate":"2020-05-25"},{"lineNumber":14,"author":{"gitId":"-"},"content":"","lastModifiedDate":"2020-05-25"},{"lineNumber":15,"author":{"gitId":"-"},"content":"# compile the code into the bin folder, terminates if error occurred","lastModifiedDate":"2020-05-25"},{"lineNumber":16,"author":{"gitId":"cheehengk"},"content":"if ! javac -cp ../src/main/java -Xlint:none -d ../bin ../src/main/java/duke/Duke.java","lastModifiedDate":"2022-09-06"},{"lineNumber":17,"author":{"gitId":"-"},"content":"then","lastModifiedDate":"2020-05-25"},{"lineNumber":18,"author":{"gitId":"-"},"content":"    echo \"********** BUILD FAILURE **********\"","lastModifiedDate":"2020-05-25"},{"lineNumber":19,"author":{"gitId":"-"},"content":"    exit 1","lastModifiedDate":"2020-05-25"},{"lineNumber":20,"author":{"gitId":"-"},"content":"fi","lastModifiedDate":"2020-05-25"},{"lineNumber":21,"author":{"gitId":"-"},"content":"","lastModifiedDate":"2020-05-25"},{"lineNumber":22,"author":{"gitId":"-"},"content":"# run the program, feed commands from input.txt file and redirect the output to the ACTUAL.TXT","lastModifiedDate":"2020-05-25"},{"lineNumber":23,"author":{"gitId":"cheehengk"},"content":"java -classpath ../bin duke/Duke \u003c input.txt \u003e ACTUAL.TXT","lastModifiedDate":"2022-09-06"},{"lineNumber":24,"author":{"gitId":"-"},"content":"","lastModifiedDate":"2020-05-25"},{"lineNumber":25,"author":{"gitId":"-"},"content":"# convert to UNIX format","lastModifiedDate":"2020-05-25"},{"lineNumber":26,"author":{"gitId":"-"},"content":"cp EXPECTED.TXT EXPECTED-UNIX.TXT","lastModifiedDate":"2020-05-25"},{"lineNumber":27,"author":{"gitId":"-"},"content":"dos2unix ACTUAL.TXT EXPECTED-UNIX.TXT","lastModifiedDate":"2020-05-25"},{"lineNumber":28,"author":{"gitId":"-"},"content":"","lastModifiedDate":"2020-05-25"},{"lineNumber":29,"author":{"gitId":"-"},"content":"# compare the output to the expected output","lastModifiedDate":"2020-05-25"},{"lineNumber":30,"author":{"gitId":"-"},"content":"diff ACTUAL.TXT EXPECTED-UNIX.TXT","lastModifiedDate":"2020-05-25"},{"lineNumber":31,"author":{"gitId":"-"},"content":"if [ $? -eq 0 ]","lastModifiedDate":"2020-05-25"},{"lineNumber":32,"author":{"gitId":"-"},"content":"then","lastModifiedDate":"2020-05-25"},{"lineNumber":33,"author":{"gitId":"-"},"content":"    echo \"Test result: PASSED\"","lastModifiedDate":"2020-05-25"},{"lineNumber":34,"author":{"gitId":"-"},"content":"    exit 0","lastModifiedDate":"2020-05-25"},{"lineNumber":35,"author":{"gitId":"-"},"content":"else","lastModifiedDate":"2020-05-25"},{"lineNumber":36,"author":{"gitId":"-"},"content":"    echo \"Test result: FAILED\"","lastModifiedDate":"2020-05-25"},{"lineNumber":37,"author":{"gitId":"-"},"content":"    exit 1","lastModifiedDate":"2020-05-25"},{"lineNumber":38,"author":{"gitId":"-"},"content":"fi","lastModifiedDate":"2020-05-25"}],"authorContributionMap":{"cheehengk":2,"-":36}}]
