[{"path":"src/main/java/Deadlines.java","fileType":"java","lines":[{"lineNumber":1,"author":{"gitId":"cheehengk"},"content":"public class Deadlines extends Task {","lastModifiedDate":"2022-08-29"},{"lineNumber":2,"author":{"gitId":"cheehengk"},"content":"    private static String toBeDoneBy;","lastModifiedDate":"2022-09-04"},{"lineNumber":3,"author":{"gitId":"cheehengk"},"content":"","lastModifiedDate":"2022-08-29"},{"lineNumber":4,"author":{"gitId":"cheehengk"},"content":"    public Deadlines(String taskName, String toBeDoneBy) {","lastModifiedDate":"2022-09-04"},{"lineNumber":5,"author":{"gitId":"cheehengk"},"content":"        super(taskName);","lastModifiedDate":"2022-08-29"},{"lineNumber":6,"author":{"gitId":"cheehengk"},"content":"        this.toBeDoneBy \u003d toBeDoneBy;","lastModifiedDate":"2022-09-04"},{"lineNumber":7,"author":{"gitId":"cheehengk"},"content":"    }","lastModifiedDate":"2022-08-29"},{"lineNumber":8,"author":{"gitId":"cheehengk"},"content":"","lastModifiedDate":"2022-08-29"},{"lineNumber":9,"author":{"gitId":"cheehengk"},"content":"    public String toString() {","lastModifiedDate":"2022-08-29"},{"lineNumber":10,"author":{"gitId":"cheehengk"},"content":"        String done \u003d this.getIsDone() ? \"[X]\" : \"[ ]\";","lastModifiedDate":"2022-09-04"},{"lineNumber":11,"author":{"gitId":"cheehengk"},"content":"        return \"[D]\" + done + this.getTaskName() + \" (by: \" + toBeDoneBy + \" )\";","lastModifiedDate":"2022-09-04"},{"lineNumber":12,"author":{"gitId":"cheehengk"},"content":"    }","lastModifiedDate":"2022-08-29"},{"lineNumber":13,"author":{"gitId":"cheehengk"},"content":"}","lastModifiedDate":"2022-08-29"}],"authorContributionMap":{"cheehengk":13}},{"path":"src/main/java/Duke.java","fileType":"java","lines":[{"lineNumber":1,"author":{"gitId":"cheehengk"},"content":"import java.util.Scanner;","lastModifiedDate":"2022-08-28"},{"lineNumber":2,"author":{"gitId":"cheehengk"},"content":"","lastModifiedDate":"2022-08-28"},{"lineNumber":3,"author":{"gitId":"-"},"content":"public class Duke {","lastModifiedDate":"2019-07-29"},{"lineNumber":4,"author":{"gitId":"cheehengk"},"content":"    private static void printGreetingMessage() {","lastModifiedDate":"2022-08-28"},{"lineNumber":5,"author":{"gitId":"cheehengk"},"content":"        String InitialGreeting \u003d \"Greetings, I am Azmuth\\n\" +","lastModifiedDate":"2022-08-28"},{"lineNumber":6,"author":{"gitId":"cheehengk"},"content":"                \"What can I do for you?\\n\" +","lastModifiedDate":"2022-08-28"},{"lineNumber":7,"author":{"gitId":"cheehengk"},"content":"                \"____________________\";","lastModifiedDate":"2022-08-28"},{"lineNumber":8,"author":{"gitId":"cheehengk"},"content":"        System.out.println(InitialGreeting);","lastModifiedDate":"2022-08-28"},{"lineNumber":9,"author":{"gitId":"cheehengk"},"content":"    }","lastModifiedDate":"2022-08-28"},{"lineNumber":10,"author":{"gitId":"cheehengk"},"content":"","lastModifiedDate":"2022-08-28"},{"lineNumber":11,"author":{"gitId":"-"},"content":"    public static void main(String[] args) {","lastModifiedDate":"2022-09-04"},{"lineNumber":12,"author":{"gitId":"cheehengk"},"content":"        String command;","lastModifiedDate":"2022-08-28"},{"lineNumber":13,"author":{"gitId":"cheehengk"},"content":"        Scanner in \u003d new Scanner(System.in);","lastModifiedDate":"2022-08-28"},{"lineNumber":14,"author":{"gitId":"cheehengk"},"content":"        printGreetingMessage();","lastModifiedDate":"2022-08-28"},{"lineNumber":15,"author":{"gitId":"cheehengk"},"content":"        TaskManager taskManager \u003d new TaskManager();","lastModifiedDate":"2022-08-28"},{"lineNumber":16,"author":{"gitId":"cheehengk"},"content":"        while (true) {","lastModifiedDate":"2022-08-28"},{"lineNumber":17,"author":{"gitId":"cheehengk"},"content":"            command\u003d in.nextLine();","lastModifiedDate":"2022-08-28"},{"lineNumber":18,"author":{"gitId":"cheehengk"},"content":"            if(!Parser.isOnline(command, taskManager)) {","lastModifiedDate":"2022-08-28"},{"lineNumber":19,"author":{"gitId":"cheehengk"},"content":"                break;","lastModifiedDate":"2022-08-28"},{"lineNumber":20,"author":{"gitId":"cheehengk"},"content":"            }","lastModifiedDate":"2022-08-28"},{"lineNumber":21,"author":{"gitId":"cheehengk"},"content":"        }","lastModifiedDate":"2022-08-28"},{"lineNumber":22,"author":{"gitId":"cheehengk"},"content":"        in.close();","lastModifiedDate":"2022-08-28"},{"lineNumber":23,"author":{"gitId":"-"},"content":"    }","lastModifiedDate":"2019-07-29"},{"lineNumber":24,"author":{"gitId":"-"},"content":"}","lastModifiedDate":"2019-07-29"}],"authorContributionMap":{"cheehengk":20,"-":4}},{"path":"src/main/java/DukeException.java","fileType":"java","lines":[{"lineNumber":1,"author":{"gitId":"cheehengk"},"content":"public class DukeException {","lastModifiedDate":"2022-09-04"},{"lineNumber":2,"author":{"gitId":"cheehengk"},"content":"    public static class IllegalNoMarkIndexException extends Exception {","lastModifiedDate":"2022-09-04"},{"lineNumber":3,"author":{"gitId":"cheehengk"},"content":"    }","lastModifiedDate":"2022-09-04"},{"lineNumber":4,"author":{"gitId":"cheehengk"},"content":"    public static class IllegalMarkTargetException extends Exception {","lastModifiedDate":"2022-09-04"},{"lineNumber":5,"author":{"gitId":"cheehengk"},"content":"    }","lastModifiedDate":"2022-09-04"},{"lineNumber":6,"author":{"gitId":"cheehengk"},"content":"    public static class IllegalDeadlineFormatException extends Exception {","lastModifiedDate":"2022-09-04"},{"lineNumber":7,"author":{"gitId":"cheehengk"},"content":"    }","lastModifiedDate":"2022-09-04"},{"lineNumber":8,"author":{"gitId":"cheehengk"},"content":"    public static class IllegalDeadlineDateException extends Exception {","lastModifiedDate":"2022-09-04"},{"lineNumber":9,"author":{"gitId":"cheehengk"},"content":"    }","lastModifiedDate":"2022-09-04"},{"lineNumber":10,"author":{"gitId":"cheehengk"},"content":"    public static class IllegalEventFormatException extends Exception {","lastModifiedDate":"2022-09-04"},{"lineNumber":11,"author":{"gitId":"cheehengk"},"content":"    }","lastModifiedDate":"2022-09-04"},{"lineNumber":12,"author":{"gitId":"cheehengk"},"content":"    public static class IllegalEventDateException extends Exception {","lastModifiedDate":"2022-09-04"},{"lineNumber":13,"author":{"gitId":"cheehengk"},"content":"    }","lastModifiedDate":"2022-09-04"},{"lineNumber":14,"author":{"gitId":"cheehengk"},"content":"    public static class IllegalTodoException extends Exception {","lastModifiedDate":"2022-09-04"},{"lineNumber":15,"author":{"gitId":"cheehengk"},"content":"    }","lastModifiedDate":"2022-09-04"},{"lineNumber":16,"author":{"gitId":"cheehengk"},"content":"}","lastModifiedDate":"2022-09-04"},{"lineNumber":17,"author":{"gitId":"cheehengk"},"content":"","lastModifiedDate":"2022-09-04"}],"authorContributionMap":{"cheehengk":17}},{"path":"src/main/java/Events.java","fileType":"java","lines":[{"lineNumber":1,"author":{"gitId":"cheehengk"},"content":"public class Events extends Task {","lastModifiedDate":"2022-08-29"},{"lineNumber":2,"author":{"gitId":"cheehengk"},"content":"    private static String happeningAt;","lastModifiedDate":"2022-09-04"},{"lineNumber":3,"author":{"gitId":"cheehengk"},"content":"","lastModifiedDate":"2022-08-29"},{"lineNumber":4,"author":{"gitId":"cheehengk"},"content":"    public Events(String taskName, String happeningAt) {","lastModifiedDate":"2022-09-04"},{"lineNumber":5,"author":{"gitId":"cheehengk"},"content":"        super(taskName);","lastModifiedDate":"2022-08-29"},{"lineNumber":6,"author":{"gitId":"cheehengk"},"content":"        this.happeningAt \u003d happeningAt;","lastModifiedDate":"2022-09-04"},{"lineNumber":7,"author":{"gitId":"cheehengk"},"content":"    }","lastModifiedDate":"2022-08-29"},{"lineNumber":8,"author":{"gitId":"cheehengk"},"content":"","lastModifiedDate":"2022-08-29"},{"lineNumber":9,"author":{"gitId":"cheehengk"},"content":"    public String toString() {","lastModifiedDate":"2022-08-29"},{"lineNumber":10,"author":{"gitId":"cheehengk"},"content":"        String done \u003d this.getIsDone() ? \"[X]\" : \"[ ]\";","lastModifiedDate":"2022-09-04"},{"lineNumber":11,"author":{"gitId":"cheehengk"},"content":"        return \"[E]\" + done + this.getTaskName() + \" (at: \" + happeningAt + \" )\";","lastModifiedDate":"2022-09-04"},{"lineNumber":12,"author":{"gitId":"cheehengk"},"content":"    }","lastModifiedDate":"2022-08-29"},{"lineNumber":13,"author":{"gitId":"cheehengk"},"content":"}","lastModifiedDate":"2022-08-29"}],"authorContributionMap":{"cheehengk":13}},{"path":"src/main/java/Parser.java","fileType":"java","lines":[{"lineNumber":1,"author":{"gitId":"cheehengk"},"content":"public class Parser {","lastModifiedDate":"2022-08-28"},{"lineNumber":2,"author":{"gitId":"cheehengk"},"content":"    private static final String COMMAND_BYE \u003d \"bye\";","lastModifiedDate":"2022-08-28"},{"lineNumber":3,"author":{"gitId":"cheehengk"},"content":"    private static final String COMMAND_LIST \u003d \"list\";","lastModifiedDate":"2022-08-28"},{"lineNumber":4,"author":{"gitId":"cheehengk"},"content":"    private static final String COMMAND_MARK \u003d \"mark\";","lastModifiedDate":"2022-08-28"},{"lineNumber":5,"author":{"gitId":"cheehengk"},"content":"    private static final String COMMAND_UNMARK \u003d \"unmark\";","lastModifiedDate":"2022-08-28"},{"lineNumber":6,"author":{"gitId":"cheehengk"},"content":"    private static final String COMMAND_TODOS \u003d \"todo\";","lastModifiedDate":"2022-08-29"},{"lineNumber":7,"author":{"gitId":"cheehengk"},"content":"    private static final String COMMAND_DEADLINES \u003d \"deadline\";","lastModifiedDate":"2022-08-29"},{"lineNumber":8,"author":{"gitId":"cheehengk"},"content":"    private static final String COMMAND_EVENTS \u003d \"event\";","lastModifiedDate":"2022-08-29"},{"lineNumber":9,"author":{"gitId":"cheehengk"},"content":"","lastModifiedDate":"2022-08-29"},{"lineNumber":10,"author":{"gitId":"cheehengk"},"content":"    private static boolean isInteger(String toCheck) {","lastModifiedDate":"2022-08-28"},{"lineNumber":11,"author":{"gitId":"cheehengk"},"content":"        try {","lastModifiedDate":"2022-08-28"},{"lineNumber":12,"author":{"gitId":"cheehengk"},"content":"            int intValue \u003d Integer.parseInt(toCheck);","lastModifiedDate":"2022-08-28"},{"lineNumber":13,"author":{"gitId":"cheehengk"},"content":"            return true;","lastModifiedDate":"2022-08-28"},{"lineNumber":14,"author":{"gitId":"cheehengk"},"content":"        } catch (NumberFormatException e) {","lastModifiedDate":"2022-08-28"},{"lineNumber":15,"author":{"gitId":"cheehengk"},"content":"            return false;","lastModifiedDate":"2022-08-28"},{"lineNumber":16,"author":{"gitId":"cheehengk"},"content":"        }","lastModifiedDate":"2022-08-28"},{"lineNumber":17,"author":{"gitId":"cheehengk"},"content":"    }","lastModifiedDate":"2022-08-28"},{"lineNumber":18,"author":{"gitId":"cheehengk"},"content":"","lastModifiedDate":"2022-08-29"},{"lineNumber":19,"author":{"gitId":"cheehengk"},"content":"    public static boolean isOnline(String command, TaskManager taskManager) {","lastModifiedDate":"2022-08-28"},{"lineNumber":20,"author":{"gitId":"cheehengk"},"content":"        String keyword \u003d extractKeyword(command);","lastModifiedDate":"2022-08-29"},{"lineNumber":21,"author":{"gitId":"cheehengk"},"content":"        switch(keyword) {","lastModifiedDate":"2022-08-29"},{"lineNumber":22,"author":{"gitId":"cheehengk"},"content":"        case COMMAND_BYE:","lastModifiedDate":"2022-08-28"},{"lineNumber":23,"author":{"gitId":"cheehengk"},"content":"            System.out.println(\"Bye and see you again soon!\");","lastModifiedDate":"2022-08-28"},{"lineNumber":24,"author":{"gitId":"cheehengk"},"content":"            return false;","lastModifiedDate":"2022-08-28"},{"lineNumber":25,"author":{"gitId":"cheehengk"},"content":"        case COMMAND_LIST:","lastModifiedDate":"2022-08-28"},{"lineNumber":26,"author":{"gitId":"cheehengk"},"content":"            taskManager.listTasks();","lastModifiedDate":"2022-08-28"},{"lineNumber":27,"author":{"gitId":"cheehengk"},"content":"            break;","lastModifiedDate":"2022-08-29"},{"lineNumber":28,"author":{"gitId":"cheehengk"},"content":"        case COMMAND_TODOS:","lastModifiedDate":"2022-08-29"},{"lineNumber":29,"author":{"gitId":"cheehengk"},"content":"            try {","lastModifiedDate":"2022-09-04"},{"lineNumber":30,"author":{"gitId":"cheehengk"},"content":"                processNewTodo(command, taskManager);","lastModifiedDate":"2022-08-29"},{"lineNumber":31,"author":{"gitId":"cheehengk"},"content":"            } catch (DukeException.IllegalTodoException e) {","lastModifiedDate":"2022-09-04"},{"lineNumber":32,"author":{"gitId":"cheehengk"},"content":"                System.out.println(\"Please enter a name for the todo task!\");","lastModifiedDate":"2022-09-04"},{"lineNumber":33,"author":{"gitId":"cheehengk"},"content":"            }","lastModifiedDate":"2022-09-04"},{"lineNumber":34,"author":{"gitId":"cheehengk"},"content":"            break;","lastModifiedDate":"2022-08-29"},{"lineNumber":35,"author":{"gitId":"cheehengk"},"content":"        case COMMAND_DEADLINES:","lastModifiedDate":"2022-08-29"},{"lineNumber":36,"author":{"gitId":"cheehengk"},"content":"            try {","lastModifiedDate":"2022-09-04"},{"lineNumber":37,"author":{"gitId":"cheehengk"},"content":"                processNewDeadline(command, taskManager);","lastModifiedDate":"2022-09-04"},{"lineNumber":38,"author":{"gitId":"cheehengk"},"content":"            } catch (DukeException.IllegalDeadlineFormatException e) {","lastModifiedDate":"2022-09-04"},{"lineNumber":39,"author":{"gitId":"cheehengk"},"content":"                System.out.println(\"Please enter a deadline task followed by a \u0027/\u0027 and indicate a deadline\");","lastModifiedDate":"2022-09-04"},{"lineNumber":40,"author":{"gitId":"cheehengk"},"content":"            } catch (DukeException.IllegalDeadlineDateException e) {","lastModifiedDate":"2022-09-04"},{"lineNumber":41,"author":{"gitId":"cheehengk"},"content":"                System.out.println(\"Please enter a deadline to complete the task!\");","lastModifiedDate":"2022-09-04"},{"lineNumber":42,"author":{"gitId":"cheehengk"},"content":"            }","lastModifiedDate":"2022-09-04"},{"lineNumber":43,"author":{"gitId":"cheehengk"},"content":"            break;","lastModifiedDate":"2022-08-29"},{"lineNumber":44,"author":{"gitId":"cheehengk"},"content":"        case COMMAND_EVENTS:","lastModifiedDate":"2022-08-29"},{"lineNumber":45,"author":{"gitId":"cheehengk"},"content":"            try {","lastModifiedDate":"2022-09-04"},{"lineNumber":46,"author":{"gitId":"cheehengk"},"content":"                processNewEvent(command, taskManager);","lastModifiedDate":"2022-08-29"},{"lineNumber":47,"author":{"gitId":"cheehengk"},"content":"            } catch (DukeException.IllegalEventFormatException e) {","lastModifiedDate":"2022-09-04"},{"lineNumber":48,"author":{"gitId":"cheehengk"},"content":"                System.out.println(\"Please enter an event task followed by a \u0027/\u0027 and indicate when\");","lastModifiedDate":"2022-09-04"},{"lineNumber":49,"author":{"gitId":"cheehengk"},"content":"            } catch (DukeException.IllegalEventDateException e) {","lastModifiedDate":"2022-09-04"},{"lineNumber":50,"author":{"gitId":"cheehengk"},"content":"                System.out.println(\"Please enter when this event is happening!\");","lastModifiedDate":"2022-09-04"},{"lineNumber":51,"author":{"gitId":"cheehengk"},"content":"            }","lastModifiedDate":"2022-09-04"},{"lineNumber":52,"author":{"gitId":"cheehengk"},"content":"            break;","lastModifiedDate":"2022-08-29"},{"lineNumber":53,"author":{"gitId":"cheehengk"},"content":"        case COMMAND_MARK:","lastModifiedDate":"2022-08-29"},{"lineNumber":54,"author":{"gitId":"cheehengk"},"content":"            try {","lastModifiedDate":"2022-09-04"},{"lineNumber":55,"author":{"gitId":"cheehengk"},"content":"                processMarking(command, taskManager, true);","lastModifiedDate":"2022-09-04"},{"lineNumber":56,"author":{"gitId":"cheehengk"},"content":"            } catch (DukeException.IllegalNoMarkIndexException e) {","lastModifiedDate":"2022-09-04"},{"lineNumber":57,"author":{"gitId":"cheehengk"},"content":"                System.out.println(\"Please enter a task number to be marked\");","lastModifiedDate":"2022-09-04"},{"lineNumber":58,"author":{"gitId":"cheehengk"},"content":"            }","lastModifiedDate":"2022-09-04"},{"lineNumber":59,"author":{"gitId":"cheehengk"},"content":"            break;","lastModifiedDate":"2022-08-29"},{"lineNumber":60,"author":{"gitId":"cheehengk"},"content":"        case COMMAND_UNMARK:","lastModifiedDate":"2022-08-29"},{"lineNumber":61,"author":{"gitId":"cheehengk"},"content":"            try {","lastModifiedDate":"2022-09-04"},{"lineNumber":62,"author":{"gitId":"cheehengk"},"content":"                processMarking(command, taskManager, false);","lastModifiedDate":"2022-09-04"},{"lineNumber":63,"author":{"gitId":"cheehengk"},"content":"            } catch (DukeException.IllegalNoMarkIndexException e) {","lastModifiedDate":"2022-09-04"},{"lineNumber":64,"author":{"gitId":"cheehengk"},"content":"                System.out.println(\"Please enter a task number to be marked\");","lastModifiedDate":"2022-09-04"},{"lineNumber":65,"author":{"gitId":"cheehengk"},"content":"            }","lastModifiedDate":"2022-09-04"},{"lineNumber":66,"author":{"gitId":"cheehengk"},"content":"            break;","lastModifiedDate":"2022-08-29"},{"lineNumber":67,"author":{"gitId":"cheehengk"},"content":"        default:","lastModifiedDate":"2022-08-28"},{"lineNumber":68,"author":{"gitId":"cheehengk"},"content":"            System.out.println(\"Invalid command\");","lastModifiedDate":"2022-08-29"},{"lineNumber":69,"author":{"gitId":"cheehengk"},"content":"            break;","lastModifiedDate":"2022-08-28"},{"lineNumber":70,"author":{"gitId":"cheehengk"},"content":"        }","lastModifiedDate":"2022-08-28"},{"lineNumber":71,"author":{"gitId":"cheehengk"},"content":"","lastModifiedDate":"2022-08-28"},{"lineNumber":72,"author":{"gitId":"cheehengk"},"content":"        return true;","lastModifiedDate":"2022-08-29"},{"lineNumber":73,"author":{"gitId":"cheehengk"},"content":"    }","lastModifiedDate":"2022-08-29"},{"lineNumber":74,"author":{"gitId":"cheehengk"},"content":"    private static void processMarking(String command, TaskManager taskManager, boolean toMark)","lastModifiedDate":"2022-09-04"},{"lineNumber":75,"author":{"gitId":"cheehengk"},"content":"            throws DukeException.IllegalNoMarkIndexException {","lastModifiedDate":"2022-09-04"},{"lineNumber":76,"author":{"gitId":"cheehengk"},"content":"        String[] arrOfCommand \u003d command.split(\" \");","lastModifiedDate":"2022-08-28"},{"lineNumber":77,"author":{"gitId":"cheehengk"},"content":"","lastModifiedDate":"2022-09-04"},{"lineNumber":78,"author":{"gitId":"cheehengk"},"content":"        if (arrOfCommand.length \u003c\u003d 1 || !isInteger(arrOfCommand[1])) {","lastModifiedDate":"2022-09-04"},{"lineNumber":79,"author":{"gitId":"cheehengk"},"content":"            throw new DukeException.IllegalNoMarkIndexException();","lastModifiedDate":"2022-09-04"},{"lineNumber":80,"author":{"gitId":"cheehengk"},"content":"        }","lastModifiedDate":"2022-08-29"},{"lineNumber":81,"author":{"gitId":"cheehengk"},"content":"","lastModifiedDate":"2022-08-28"},{"lineNumber":82,"author":{"gitId":"cheehengk"},"content":"        try {","lastModifiedDate":"2022-09-04"},{"lineNumber":83,"author":{"gitId":"cheehengk"},"content":"            taskManager.markTasks(toMark, Integer.parseInt(arrOfCommand[1]));","lastModifiedDate":"2022-09-04"},{"lineNumber":84,"author":{"gitId":"cheehengk"},"content":"        } catch (DukeException.IllegalMarkTargetException e) {","lastModifiedDate":"2022-09-04"},{"lineNumber":85,"author":{"gitId":"cheehengk"},"content":"            System.out.println(\"Index of task is out of range\");","lastModifiedDate":"2022-09-04"},{"lineNumber":86,"author":{"gitId":"cheehengk"},"content":"        }","lastModifiedDate":"2022-08-28"},{"lineNumber":87,"author":{"gitId":"cheehengk"},"content":"    }","lastModifiedDate":"2022-08-29"},{"lineNumber":88,"author":{"gitId":"cheehengk"},"content":"","lastModifiedDate":"2022-08-29"},{"lineNumber":89,"author":{"gitId":"cheehengk"},"content":"    private static void processNewEvent(String command, TaskManager taskManager)","lastModifiedDate":"2022-09-04"},{"lineNumber":90,"author":{"gitId":"cheehengk"},"content":"            throws DukeException.IllegalEventFormatException, DukeException.IllegalEventDateException {","lastModifiedDate":"2022-09-04"},{"lineNumber":91,"author":{"gitId":"cheehengk"},"content":"        int spacePosition \u003d command.indexOf(\" \");","lastModifiedDate":"2022-08-29"},{"lineNumber":92,"author":{"gitId":"cheehengk"},"content":"        int dividerPosition \u003d command.indexOf(\"/\");","lastModifiedDate":"2022-08-29"},{"lineNumber":93,"author":{"gitId":"cheehengk"},"content":"","lastModifiedDate":"2022-09-04"},{"lineNumber":94,"author":{"gitId":"cheehengk"},"content":"        if(spacePosition \u003c 0 || dividerPosition \u003c 0) {","lastModifiedDate":"2022-09-04"},{"lineNumber":95,"author":{"gitId":"cheehengk"},"content":"            throw new DukeException.IllegalEventFormatException();","lastModifiedDate":"2022-09-04"},{"lineNumber":96,"author":{"gitId":"cheehengk"},"content":"        } else if (dividerPosition + 2 \u003e command.length()) {","lastModifiedDate":"2022-09-04"},{"lineNumber":97,"author":{"gitId":"cheehengk"},"content":"            throw new DukeException.IllegalEventDateException();","lastModifiedDate":"2022-09-04"},{"lineNumber":98,"author":{"gitId":"cheehengk"},"content":"        }","lastModifiedDate":"2022-08-29"},{"lineNumber":99,"author":{"gitId":"cheehengk"},"content":"","lastModifiedDate":"2022-09-04"},{"lineNumber":100,"author":{"gitId":"cheehengk"},"content":"        String taskName \u003d command.substring(spacePosition + 1, dividerPosition);","lastModifiedDate":"2022-08-29"},{"lineNumber":101,"author":{"gitId":"cheehengk"},"content":"        String at \u003d command.substring(dividerPosition + 1);","lastModifiedDate":"2022-08-29"},{"lineNumber":102,"author":{"gitId":"cheehengk"},"content":"        taskManager.addNewEvent(taskName, at);","lastModifiedDate":"2022-08-29"},{"lineNumber":103,"author":{"gitId":"cheehengk"},"content":"    }","lastModifiedDate":"2022-08-29"},{"lineNumber":104,"author":{"gitId":"cheehengk"},"content":"","lastModifiedDate":"2022-08-29"},{"lineNumber":105,"author":{"gitId":"cheehengk"},"content":"    private static void processNewDeadline(String command, TaskManager taskManager)","lastModifiedDate":"2022-09-04"},{"lineNumber":106,"author":{"gitId":"cheehengk"},"content":"            throws DukeException.IllegalDeadlineFormatException, DukeException.IllegalDeadlineDateException {","lastModifiedDate":"2022-09-04"},{"lineNumber":107,"author":{"gitId":"cheehengk"},"content":"        int spacePosition \u003d command.indexOf(\" \");","lastModifiedDate":"2022-08-29"},{"lineNumber":108,"author":{"gitId":"cheehengk"},"content":"        int dividerPosition \u003d command.indexOf(\"/\");","lastModifiedDate":"2022-08-29"},{"lineNumber":109,"author":{"gitId":"cheehengk"},"content":"","lastModifiedDate":"2022-09-04"},{"lineNumber":110,"author":{"gitId":"cheehengk"},"content":"        if(spacePosition \u003c 0 || dividerPosition \u003c 0) {","lastModifiedDate":"2022-09-04"},{"lineNumber":111,"author":{"gitId":"cheehengk"},"content":"            throw new DukeException.IllegalDeadlineFormatException();","lastModifiedDate":"2022-09-04"},{"lineNumber":112,"author":{"gitId":"cheehengk"},"content":"        } else if (dividerPosition + 2 \u003e command.length()) {","lastModifiedDate":"2022-09-04"},{"lineNumber":113,"author":{"gitId":"cheehengk"},"content":"            throw new DukeException.IllegalDeadlineDateException();","lastModifiedDate":"2022-09-04"},{"lineNumber":114,"author":{"gitId":"cheehengk"},"content":"        }","lastModifiedDate":"2022-08-29"},{"lineNumber":115,"author":{"gitId":"cheehengk"},"content":"","lastModifiedDate":"2022-09-04"},{"lineNumber":116,"author":{"gitId":"cheehengk"},"content":"        String taskName \u003d command.substring(spacePosition + 1, dividerPosition);","lastModifiedDate":"2022-08-29"},{"lineNumber":117,"author":{"gitId":"cheehengk"},"content":"        String by \u003d command.substring(dividerPosition + 1);","lastModifiedDate":"2022-08-29"},{"lineNumber":118,"author":{"gitId":"cheehengk"},"content":"        taskManager.addNewDeadline(taskName, by);","lastModifiedDate":"2022-08-29"},{"lineNumber":119,"author":{"gitId":"cheehengk"},"content":"    }","lastModifiedDate":"2022-08-29"},{"lineNumber":120,"author":{"gitId":"cheehengk"},"content":"","lastModifiedDate":"2022-08-29"},{"lineNumber":121,"author":{"gitId":"cheehengk"},"content":"    private static void processNewTodo(String command, TaskManager taskManager)","lastModifiedDate":"2022-09-04"},{"lineNumber":122,"author":{"gitId":"cheehengk"},"content":"            throws DukeException.IllegalTodoException {","lastModifiedDate":"2022-09-04"},{"lineNumber":123,"author":{"gitId":"cheehengk"},"content":"        int spacePosition \u003d command.indexOf(\" \");","lastModifiedDate":"2022-08-29"},{"lineNumber":124,"author":{"gitId":"cheehengk"},"content":"        if(spacePosition \u003c 0) {","lastModifiedDate":"2022-08-29"},{"lineNumber":125,"author":{"gitId":"cheehengk"},"content":"            throw new DukeException.IllegalTodoException();","lastModifiedDate":"2022-09-04"},{"lineNumber":126,"author":{"gitId":"cheehengk"},"content":"        }","lastModifiedDate":"2022-08-29"},{"lineNumber":127,"author":{"gitId":"cheehengk"},"content":"        taskManager.addNewTodo(command.substring(spacePosition + 1));","lastModifiedDate":"2022-08-29"},{"lineNumber":128,"author":{"gitId":"cheehengk"},"content":"    }","lastModifiedDate":"2022-08-29"},{"lineNumber":129,"author":{"gitId":"cheehengk"},"content":"","lastModifiedDate":"2022-08-29"},{"lineNumber":130,"author":{"gitId":"cheehengk"},"content":"    private static String extractKeyword(String command) {","lastModifiedDate":"2022-08-29"},{"lineNumber":131,"author":{"gitId":"cheehengk"},"content":"        String[] arrOfCommand \u003d command.split(\" \");","lastModifiedDate":"2022-08-29"},{"lineNumber":132,"author":{"gitId":"cheehengk"},"content":"        return arrOfCommand[0];","lastModifiedDate":"2022-08-29"},{"lineNumber":133,"author":{"gitId":"cheehengk"},"content":"    }","lastModifiedDate":"2022-08-28"},{"lineNumber":134,"author":{"gitId":"cheehengk"},"content":"}","lastModifiedDate":"2022-08-28"}],"authorContributionMap":{"cheehengk":134}},{"path":"src/main/java/Task.java","fileType":"java","lines":[{"lineNumber":1,"author":{"gitId":"cheehengk"},"content":"public class Task {","lastModifiedDate":"2022-08-28"},{"lineNumber":2,"author":{"gitId":"cheehengk"},"content":"    private String taskName;","lastModifiedDate":"2022-08-28"},{"lineNumber":3,"author":{"gitId":"cheehengk"},"content":"    private boolean isDone;","lastModifiedDate":"2022-08-28"},{"lineNumber":4,"author":{"gitId":"cheehengk"},"content":"","lastModifiedDate":"2022-08-28"},{"lineNumber":5,"author":{"gitId":"cheehengk"},"content":"    public Task(String taskName) {","lastModifiedDate":"2022-08-28"},{"lineNumber":6,"author":{"gitId":"cheehengk"},"content":"        this.taskName \u003d taskName;","lastModifiedDate":"2022-08-28"},{"lineNumber":7,"author":{"gitId":"cheehengk"},"content":"        this.isDone \u003d false;","lastModifiedDate":"2022-08-28"},{"lineNumber":8,"author":{"gitId":"cheehengk"},"content":"    }","lastModifiedDate":"2022-08-28"},{"lineNumber":9,"author":{"gitId":"cheehengk"},"content":"","lastModifiedDate":"2022-08-28"},{"lineNumber":10,"author":{"gitId":"cheehengk"},"content":"    public void setTaskName(String taskName) {","lastModifiedDate":"2022-08-28"},{"lineNumber":11,"author":{"gitId":"cheehengk"},"content":"        this.taskName \u003d taskName;","lastModifiedDate":"2022-08-28"},{"lineNumber":12,"author":{"gitId":"cheehengk"},"content":"    }","lastModifiedDate":"2022-08-28"},{"lineNumber":13,"author":{"gitId":"cheehengk"},"content":"","lastModifiedDate":"2022-08-28"},{"lineNumber":14,"author":{"gitId":"cheehengk"},"content":"    public void setIsDone() {","lastModifiedDate":"2022-08-28"},{"lineNumber":15,"author":{"gitId":"cheehengk"},"content":"        this.isDone \u003d true;","lastModifiedDate":"2022-08-28"},{"lineNumber":16,"author":{"gitId":"cheehengk"},"content":"    }","lastModifiedDate":"2022-08-28"},{"lineNumber":17,"author":{"gitId":"cheehengk"},"content":"","lastModifiedDate":"2022-08-28"},{"lineNumber":18,"author":{"gitId":"cheehengk"},"content":"    public void setIsNotDone() {","lastModifiedDate":"2022-08-28"},{"lineNumber":19,"author":{"gitId":"cheehengk"},"content":"        this.isDone \u003d false;","lastModifiedDate":"2022-08-28"},{"lineNumber":20,"author":{"gitId":"cheehengk"},"content":"    }","lastModifiedDate":"2022-08-28"},{"lineNumber":21,"author":{"gitId":"cheehengk"},"content":"","lastModifiedDate":"2022-08-28"},{"lineNumber":22,"author":{"gitId":"cheehengk"},"content":"    public String getTaskName() {","lastModifiedDate":"2022-08-28"},{"lineNumber":23,"author":{"gitId":"cheehengk"},"content":"        return taskName;","lastModifiedDate":"2022-08-28"},{"lineNumber":24,"author":{"gitId":"cheehengk"},"content":"    }","lastModifiedDate":"2022-08-28"},{"lineNumber":25,"author":{"gitId":"cheehengk"},"content":"","lastModifiedDate":"2022-08-28"},{"lineNumber":26,"author":{"gitId":"cheehengk"},"content":"    public boolean getIsDone() {","lastModifiedDate":"2022-08-28"},{"lineNumber":27,"author":{"gitId":"cheehengk"},"content":"        return isDone;","lastModifiedDate":"2022-08-28"},{"lineNumber":28,"author":{"gitId":"cheehengk"},"content":"    }","lastModifiedDate":"2022-08-28"},{"lineNumber":29,"author":{"gitId":"cheehengk"},"content":"","lastModifiedDate":"2022-08-28"},{"lineNumber":30,"author":{"gitId":"cheehengk"},"content":"    public String toString() {","lastModifiedDate":"2022-08-29"},{"lineNumber":31,"author":{"gitId":"cheehengk"},"content":"        String done \u003d this.getIsDone() ? \"[X]\" : \"[ ]\";","lastModifiedDate":"2022-09-04"},{"lineNumber":32,"author":{"gitId":"cheehengk"},"content":"        return \"[T]\" + done + this.getTaskName();","lastModifiedDate":"2022-09-04"},{"lineNumber":33,"author":{"gitId":"cheehengk"},"content":"    }","lastModifiedDate":"2022-08-29"},{"lineNumber":34,"author":{"gitId":"cheehengk"},"content":"}","lastModifiedDate":"2022-08-28"}],"authorContributionMap":{"cheehengk":34}},{"path":"src/main/java/TaskManager.java","fileType":"java","lines":[{"lineNumber":1,"author":{"gitId":"cheehengk"},"content":"import java.util.ArrayList;","lastModifiedDate":"2022-08-28"},{"lineNumber":2,"author":{"gitId":"cheehengk"},"content":"import java.util.List;","lastModifiedDate":"2022-08-28"},{"lineNumber":3,"author":{"gitId":"cheehengk"},"content":"","lastModifiedDate":"2022-08-28"},{"lineNumber":4,"author":{"gitId":"cheehengk"},"content":"public class TaskManager {","lastModifiedDate":"2022-08-28"},{"lineNumber":5,"author":{"gitId":"cheehengk"},"content":"    public static final String END_OF_LINE \u003d \"\\n____________________\";","lastModifiedDate":"2022-09-04"},{"lineNumber":6,"author":{"gitId":"cheehengk"},"content":"    private static List\u003cTask\u003e tasks \u003d new ArrayList\u003cTask\u003e();","lastModifiedDate":"2022-08-28"},{"lineNumber":7,"author":{"gitId":"cheehengk"},"content":"","lastModifiedDate":"2022-08-28"},{"lineNumber":8,"author":{"gitId":"cheehengk"},"content":"    public void addNewTodo(String taskName) {","lastModifiedDate":"2022-08-29"},{"lineNumber":9,"author":{"gitId":"cheehengk"},"content":"        tasks.add(new Task(taskName));","lastModifiedDate":"2022-08-28"},{"lineNumber":10,"author":{"gitId":"cheehengk"},"content":"        System.out.println(\"Added new todo task: \" + taskName + \"\\n \" + tasks.get(tasks.size() - 1).toString()","lastModifiedDate":"2022-09-04"},{"lineNumber":11,"author":{"gitId":"cheehengk"},"content":"                + \"\\nYou have \" + tasks.size() + \" tasks in the list.\" + END_OF_LINE);","lastModifiedDate":"2022-09-04"},{"lineNumber":12,"author":{"gitId":"cheehengk"},"content":"    }","lastModifiedDate":"2022-08-29"},{"lineNumber":13,"author":{"gitId":"cheehengk"},"content":"","lastModifiedDate":"2022-08-29"},{"lineNumber":14,"author":{"gitId":"cheehengk"},"content":"    public void addNewDeadline(String taskName, String toBeDoneBy) {","lastModifiedDate":"2022-09-04"},{"lineNumber":15,"author":{"gitId":"cheehengk"},"content":"        tasks.add(new Deadlines(taskName, toBeDoneBy));","lastModifiedDate":"2022-09-04"},{"lineNumber":16,"author":{"gitId":"cheehengk"},"content":"        System.out.println(\"Added new deadline task: \" + taskName + \"\\n \" + tasks.get(tasks.size() - 1).toString()","lastModifiedDate":"2022-08-29"},{"lineNumber":17,"author":{"gitId":"cheehengk"},"content":"                + \"\\nYou have \" + tasks.size() + \" tasks in the list.\" + END_OF_LINE);","lastModifiedDate":"2022-09-04"},{"lineNumber":18,"author":{"gitId":"cheehengk"},"content":"    }","lastModifiedDate":"2022-08-29"},{"lineNumber":19,"author":{"gitId":"cheehengk"},"content":"","lastModifiedDate":"2022-08-29"},{"lineNumber":20,"author":{"gitId":"cheehengk"},"content":"    public void addNewEvent(String taskName, String happeningAt) {","lastModifiedDate":"2022-09-04"},{"lineNumber":21,"author":{"gitId":"cheehengk"},"content":"        tasks.add(new Events(taskName, happeningAt));","lastModifiedDate":"2022-09-04"},{"lineNumber":22,"author":{"gitId":"cheehengk"},"content":"        System.out.println(\"Added new event task: \" + taskName + \"\\n \" + tasks.get(tasks.size() - 1).toString()","lastModifiedDate":"2022-08-29"},{"lineNumber":23,"author":{"gitId":"cheehengk"},"content":"                + \"\\nYou have \" + tasks.size() + \" tasks in the list.\" + END_OF_LINE);","lastModifiedDate":"2022-09-04"},{"lineNumber":24,"author":{"gitId":"cheehengk"},"content":"    }","lastModifiedDate":"2022-08-28"},{"lineNumber":25,"author":{"gitId":"cheehengk"},"content":"","lastModifiedDate":"2022-08-28"},{"lineNumber":26,"author":{"gitId":"cheehengk"},"content":"    public void listTasks() {","lastModifiedDate":"2022-08-28"},{"lineNumber":27,"author":{"gitId":"cheehengk"},"content":"        System.out.println(\"Here is your list of tasks.\");","lastModifiedDate":"2022-08-28"},{"lineNumber":28,"author":{"gitId":"cheehengk"},"content":"        for (int i \u003d 0; i \u003c tasks.size(); i++) {","lastModifiedDate":"2022-08-28"},{"lineNumber":29,"author":{"gitId":"cheehengk"},"content":"            System.out.println((i + 1) + \". \" + tasks.get(i).toString());","lastModifiedDate":"2022-08-29"},{"lineNumber":30,"author":{"gitId":"cheehengk"},"content":"        }","lastModifiedDate":"2022-08-28"},{"lineNumber":31,"author":{"gitId":"cheehengk"},"content":"        System.out.println(\"____________________\");","lastModifiedDate":"2022-08-28"},{"lineNumber":32,"author":{"gitId":"cheehengk"},"content":"    }","lastModifiedDate":"2022-08-28"},{"lineNumber":33,"author":{"gitId":"cheehengk"},"content":"","lastModifiedDate":"2022-08-28"},{"lineNumber":34,"author":{"gitId":"cheehengk"},"content":"    public void markTasks(boolean toMark, int taskIndex) throws DukeException.IllegalMarkTargetException {","lastModifiedDate":"2022-09-04"},{"lineNumber":35,"author":{"gitId":"cheehengk"},"content":"        if (taskIndex \u003c 1 || taskIndex \u003e tasks.size()) {","lastModifiedDate":"2022-08-29"},{"lineNumber":36,"author":{"gitId":"cheehengk"},"content":"            throw new DukeException.IllegalMarkTargetException();","lastModifiedDate":"2022-09-04"},{"lineNumber":37,"author":{"gitId":"cheehengk"},"content":"        }","lastModifiedDate":"2022-08-28"},{"lineNumber":38,"author":{"gitId":"cheehengk"},"content":"        if (toMark) {","lastModifiedDate":"2022-08-28"},{"lineNumber":39,"author":{"gitId":"cheehengk"},"content":"            if (tasks.get(taskIndex - 1).getIsDone()) {","lastModifiedDate":"2022-08-28"},{"lineNumber":40,"author":{"gitId":"cheehengk"},"content":"                System.out.println(\"This task has already been marked done!\" + END_OF_LINE);","lastModifiedDate":"2022-09-04"},{"lineNumber":41,"author":{"gitId":"cheehengk"},"content":"                return;","lastModifiedDate":"2022-08-28"},{"lineNumber":42,"author":{"gitId":"cheehengk"},"content":"            }","lastModifiedDate":"2022-08-28"},{"lineNumber":43,"author":{"gitId":"cheehengk"},"content":"            tasks.get(taskIndex - 1).setIsDone();","lastModifiedDate":"2022-08-28"},{"lineNumber":44,"author":{"gitId":"cheehengk"},"content":"            System.out.println(tasks.get(taskIndex - 1).getTaskName()","lastModifiedDate":"2022-08-28"},{"lineNumber":45,"author":{"gitId":"cheehengk"},"content":"                    + \" has been marked as done!\" + END_OF_LINE);","lastModifiedDate":"2022-09-04"},{"lineNumber":46,"author":{"gitId":"cheehengk"},"content":"        } else {","lastModifiedDate":"2022-08-28"},{"lineNumber":47,"author":{"gitId":"cheehengk"},"content":"            if (!tasks.get(taskIndex - 1).getIsDone()) {","lastModifiedDate":"2022-08-28"},{"lineNumber":48,"author":{"gitId":"cheehengk"},"content":"                System.out.println(\"This task has already been unmarked!\" + END_OF_LINE);","lastModifiedDate":"2022-09-04"},{"lineNumber":49,"author":{"gitId":"cheehengk"},"content":"                return;","lastModifiedDate":"2022-08-28"},{"lineNumber":50,"author":{"gitId":"cheehengk"},"content":"            }","lastModifiedDate":"2022-08-28"},{"lineNumber":51,"author":{"gitId":"cheehengk"},"content":"            tasks.get(taskIndex - 1).setIsNotDone();","lastModifiedDate":"2022-08-28"},{"lineNumber":52,"author":{"gitId":"cheehengk"},"content":"            System.out.println(tasks.get(taskIndex - 1).getTaskName()","lastModifiedDate":"2022-08-28"},{"lineNumber":53,"author":{"gitId":"cheehengk"},"content":"                    + \" has been unmarked!\" + END_OF_LINE);","lastModifiedDate":"2022-09-04"},{"lineNumber":54,"author":{"gitId":"cheehengk"},"content":"        }","lastModifiedDate":"2022-08-28"},{"lineNumber":55,"author":{"gitId":"cheehengk"},"content":"    }","lastModifiedDate":"2022-08-28"},{"lineNumber":56,"author":{"gitId":"cheehengk"},"content":"}","lastModifiedDate":"2022-08-28"}],"authorContributionMap":{"cheehengk":56}},{"path":"text-ui-test/input.txt","fileType":"txt","lines":[{"lineNumber":1,"author":{"gitId":"cheehengk"},"content":"deadline","lastModifiedDate":"2022-08-29"},{"lineNumber":2,"author":{"gitId":"cheehengk"},"content":"event","lastModifiedDate":"2022-08-29"},{"lineNumber":3,"author":{"gitId":"cheehengk"},"content":"todo","lastModifiedDate":"2022-08-29"},{"lineNumber":4,"author":{"gitId":"cheehengk"},"content":"deadline activity 1","lastModifiedDate":"2022-08-29"},{"lineNumber":5,"author":{"gitId":"cheehengk"},"content":"deadline activity 1 /monday","lastModifiedDate":"2022-08-29"},{"lineNumber":6,"author":{"gitId":"cheehengk"},"content":"event activity 2","lastModifiedDate":"2022-08-29"},{"lineNumber":7,"author":{"gitId":"cheehengk"},"content":"event activity 2 /tuesday","lastModifiedDate":"2022-08-29"},{"lineNumber":8,"author":{"gitId":"cheehengk"},"content":"todo activity 3","lastModifiedDate":"2022-08-29"},{"lineNumber":9,"author":{"gitId":"cheehengk"},"content":"list","lastModifiedDate":"2022-08-29"},{"lineNumber":10,"author":{"gitId":"cheehengk"},"content":"unmark 1","lastModifiedDate":"2022-08-29"},{"lineNumber":11,"author":{"gitId":"cheehengk"},"content":"mark 2","lastModifiedDate":"2022-08-29"},{"lineNumber":12,"author":{"gitId":"cheehengk"},"content":"mark 2","lastModifiedDate":"2022-08-29"},{"lineNumber":13,"author":{"gitId":"cheehengk"},"content":"unmark 2","lastModifiedDate":"2022-08-29"},{"lineNumber":14,"author":{"gitId":"cheehengk"},"content":"mark 3","lastModifiedDate":"2022-08-29"},{"lineNumber":15,"author":{"gitId":"cheehengk"},"content":"list","lastModifiedDate":"2022-08-29"},{"lineNumber":16,"author":{"gitId":"cheehengk"},"content":"bye","lastModifiedDate":"2022-08-29"}],"authorContributionMap":{"cheehengk":16}}]
