{"authorDailyContributionsMap":{"cheehengk":[{"date":"2022-08-28","commitResults":[{"hash":"1ee92b9944b8ca946c28297334f5fb1a044eff6d","messageTitle":"Add Level-0 increment greetings","messageBody":"","tags":["Level-0"],"fileTypesAndContributionMap":{"java":{"insertions":5,"deletions":6}}},{"hash":"8aced86e2ea20792d732ddecac885a34405abc4a","messageTitle":"Add Level-1 increment echo","messageBody":"","tags":["Level-1"],"fileTypesAndContributionMap":{"java":{"insertions":21,"deletions":3}}},{"hash":"d9e4d4c0096effb9d20dc5a15fdfdee987748451","messageTitle":"Add Level-2 increment add tasks","messageBody":"","tags":["Level-2"],"fileTypesAndContributionMap":{"java":{"insertions":48,"deletions":4}}},{"hash":"10002cc0ebf780a6e4f483525d61e79c15c402fa","messageTitle":"Add Level-3 increment add marking","messageBody":"","tags":["Level-3"],"fileTypesAndContributionMap":{"java":{"insertions":66,"deletions":7}}},{"hash":"663b03c85dcf73d712ac99186813a0bcb5544b31","messageTitle":"Add A-CodingStandard increment","messageBody":"","tags":["A-CodingStandard"],"fileTypesAndContributionMap":{"java":{"insertions":64,"deletions":52}}}]},{"date":"2022-08-29","commitResults":[{"hash":"08e44c1617fa34eda6ad21080d7ebfff77936445","messageTitle":"Add Level-4 increment task types","messageBody":"","tags":["Level-4"],"fileTypesAndContributionMap":{"java":{"insertions":124,"deletions":14}}},{"hash":"5a9fd8eee023261145eeb684f2d878c0d62514b3","messageTitle":"Add A-TextUiTesting increment","messageBody":"","tags":["A-TextUiTesting"],"fileTypesAndContributionMap":{"txt":{"insertions":16,"deletions":0},"sh":{"insertions":0,"deletions":0}}}]},{"date":"2022-09-04","commitResults":[{"hash":"14c6390eb32bd4bf32a8d9b131a372040624d8f7","messageTitle":"Add increment A-CodeQuality","messageBody":"","tags":["A-CodeQuality"],"fileTypesAndContributionMap":{"java":{"insertions":10,"deletions":12}}},{"hash":"efcaa96b5411e60a4b52e239c21fd9fd3cd1449f","messageTitle":"Refactor code based on peer review comments","messageBody":"","fileTypesAndContributionMap":{"java":{"insertions":12,"deletions":12}}},{"hash":"0c63f5d00ca5166612b25b3ef3111932e067aa3b","messageTitle":"Add Level-5 increment error handling","messageBody":"","tags":["A-Exceptions"],"fileTypesAndContributionMap":{"java":{"insertions":81,"deletions":40}}}]},{"date":"2022-09-05","commitResults":[{"hash":"a0caff5f78b4930ba5d3de3269e464c1729f3fbc","messageTitle":"Add A-Packages increment","messageBody":"","tags":["A-Packages"],"fileTypesAndContributionMap":{"java":{"insertions":229,"deletions":150}}}]},{"date":"2022-09-06","commitResults":[{"hash":"ac2590a5dcf57fcf3e97921e027778e3385c6703","messageTitle":"Update test files after package","messageBody":"","fileTypesAndContributionMap":{"txt":{"insertions":1,"deletions":0},"bat":{"insertions":1,"deletions":1},"sh":{"insertions":2,"deletions":2}}}]}]},"authorFileTypeContributionMap":{"cheehengk":{"java":367,"md":0,"fxml":0,"sh":2,"bat":1,"gradle":0,"txt":17}},"authorContributionVariance":{"cheehengk":9011.7705},"authorDisplayNameMap":{"cheehengk":"CS2113-T17-3 KOH ..HENG"}}
