{"authorDailyContributionsMap":{"brian-vb":[{"date":"2022-09-20","commitResults":[{"hash":"236ae2286f7aa0c963d724aebad302f3b1f32ddb","messageTitle":"Level 0: Greet Implements an initial skeletal version of Duke that simply greets the user and exits.","messageBody":"","tags":["Level-1","Level-0"],"fileTypesAndContributionMap":{"java":{"insertions":3,"deletions":6}}}]},{"date":"2022-09-30","commitResults":[{"hash":"534303f59fe88c79830314c934579491ef0cd73e","messageTitle":"Level 1: Greet, Echo, Exit Implement a skeletal version of Duke that starts by greeting the user, simply echos commands entered by the user, and exits when the user types bye.","messageBody":"","tags":["Level-2"],"fileTypesAndContributionMap":{"java":{"insertions":22,"deletions":3}}},{"hash":"e1c8c4d2915bb772fa8154c5f2a940649ed0f47b","messageTitle":"Level 2: Add, List Add the ability to store whatever text entered by the user and display them back to the user when requested.","messageBody":"","tags":["Level-3"],"fileTypesAndContributionMap":{"java":{"insertions":16,"deletions":7}}},{"hash":"9daf4f7e5276553c3a2b6ee06f9b90d8966b401f","messageTitle":"Level 3: Mark as Done Add the ability to mark tasks as done. Optionally, add the ability to change the status back to not done.","messageBody":"","tags":["A-CodingStandard"],"fileTypesAndContributionMap":{"java":{"insertions":61,"deletions":15}}},{"hash":"1d3ca0b9c567f40e479adbfa00468b50e73ebc00","messageTitle":"A-CodingStandard: Follow the Coding Standard Tweak the code to comply with a given coding standard.","messageBody":"","tags":["Level-4"],"fileTypesAndContributionMap":{"java":{"insertions":37,"deletions":25}}},{"hash":"25c96e974122793070ccba8a1d0b500a25b326e2","messageTitle":"Level-4: ToDos, Events, Deadlines Add support for tracking three types of tasks:","messageBody":"ToDos: tasks without any date/time attached to it e.g., visit new theme park\nDeadlines: tasks that need to be done before a specific date/time e.g., submit report by 11/10/2019 5pm\nEvents: tasks that start at a specific time and ends at a specific time e.g., team project meeting on 2/10/2019 2-4pm\n","fileTypesAndContributionMap":{"java":{"insertions":147,"deletions":24}}},{"hash":"8de426821383b0dc4e94172f80d1c75771c4ce9b","messageTitle":"Giving credit for reused work","messageBody":"","tags":["Level-5"],"fileTypesAndContributionMap":{"java":{"insertions":14,"deletions":2}}},{"hash":"a883b885d8884e1c9e42f1918c1280265250341e","messageTitle":"Level 5: Handle Errors Teach Duke to deal with errors such as incorrect inputs entered by the user.","messageBody":"","fileTypesAndContributionMap":{"java":{"insertions":18,"deletions":8}}},{"hash":"645276af35691abe60a1b030ef11ecdde0fe6db8","messageTitle":"Update README.md","messageBody":"","tags":["A-Release"],"fileTypesAndContributionMap":{"md":{"insertions":163,"deletions":11}}}]}]},"authorFileTypeContributionMap":{"brian-vb":{"java":209,"md":157,"fxml":0,"sh":0,"bat":0,"gradle":0,"txt":0}},"authorContributionVariance":{"brian-vb":6432.71},"authorDisplayNameMap":{"brian-vb":"CS2113-W12-2 BRIA..LONG"}}
