[{"path":"src/main/java/Communication.java","fileType":"java","lines":[{"lineNumber":1,"author":{"gitId":"junhaoliu2468"},"content":"import java.util.ArrayList;","lastModifiedDate":"2022-08-25"},{"lineNumber":2,"author":{"gitId":"junhaoliu2468"},"content":"","lastModifiedDate":"2022-08-25"},{"lineNumber":3,"author":{"gitId":"junhaoliu2468"},"content":"public class Communication {","lastModifiedDate":"2022-08-25"},{"lineNumber":4,"author":{"gitId":"junhaoliu2468"},"content":"    public static void greet(){","lastModifiedDate":"2022-08-25"},{"lineNumber":5,"author":{"gitId":"junhaoliu2468"},"content":"        System.out.println(\"Hello! I\u0027m Duke \");","lastModifiedDate":"2022-08-25"},{"lineNumber":6,"author":{"gitId":"junhaoliu2468"},"content":"        System.out.println(\"What can I do for you? \\n\");","lastModifiedDate":"2022-08-25"},{"lineNumber":7,"author":{"gitId":"junhaoliu2468"},"content":"    }","lastModifiedDate":"2022-08-25"},{"lineNumber":8,"author":{"gitId":"junhaoliu2468"},"content":"","lastModifiedDate":"2022-08-25"},{"lineNumber":9,"author":{"gitId":"junhaoliu2468"},"content":"    public static void bye(){","lastModifiedDate":"2022-08-25"},{"lineNumber":10,"author":{"gitId":"junhaoliu2468"},"content":"        System.out.println(\" Bye. Hope to see you again soon! \\n\");","lastModifiedDate":"2022-08-25"},{"lineNumber":11,"author":{"gitId":"junhaoliu2468"},"content":"    }","lastModifiedDate":"2022-08-25"},{"lineNumber":12,"author":{"gitId":"junhaoliu2468"},"content":"","lastModifiedDate":"2022-08-25"},{"lineNumber":13,"author":{"gitId":"junhaoliu2468"},"content":"    public static void copy(String userInput){","lastModifiedDate":"2022-08-25"},{"lineNumber":14,"author":{"gitId":"junhaoliu2468"},"content":"        System.out.println(userInput);","lastModifiedDate":"2022-08-25"},{"lineNumber":15,"author":{"gitId":"junhaoliu2468"},"content":"    }","lastModifiedDate":"2022-08-25"},{"lineNumber":16,"author":{"gitId":"junhaoliu2468"},"content":"","lastModifiedDate":"2022-08-25"},{"lineNumber":17,"author":{"gitId":"junhaoliu2468"},"content":"    public static void list(ArrayList\u003cTask\u003e ListOfTasks) {","lastModifiedDate":"2022-08-25"},{"lineNumber":18,"author":{"gitId":"junhaoliu2468"},"content":"        for (Task task : ListOfTasks) {","lastModifiedDate":"2022-08-25"},{"lineNumber":19,"author":{"gitId":"junhaoliu2468"},"content":"            System.out.println(task.toString());","lastModifiedDate":"2022-08-30"},{"lineNumber":20,"author":{"gitId":"junhaoliu2468"},"content":"        }","lastModifiedDate":"2022-08-25"},{"lineNumber":21,"author":{"gitId":"junhaoliu2468"},"content":"    }","lastModifiedDate":"2022-08-25"},{"lineNumber":22,"author":{"gitId":"junhaoliu2468"},"content":"    public static void mark(Task task){","lastModifiedDate":"2022-08-26"},{"lineNumber":23,"author":{"gitId":"junhaoliu2468"},"content":"        System.out.println(\"Nice! I\u0027ve marked this task as done:\");","lastModifiedDate":"2022-08-26"},{"lineNumber":24,"author":{"gitId":"junhaoliu2468"},"content":"        task.UpdateStatus();","lastModifiedDate":"2022-08-26"},{"lineNumber":25,"author":{"gitId":"junhaoliu2468"},"content":"        System.out.println(task.toString());","lastModifiedDate":"2022-08-30"},{"lineNumber":26,"author":{"gitId":"junhaoliu2468"},"content":"","lastModifiedDate":"2022-08-26"},{"lineNumber":27,"author":{"gitId":"junhaoliu2468"},"content":"    }","lastModifiedDate":"2022-08-26"},{"lineNumber":28,"author":{"gitId":"junhaoliu2468"},"content":"    public static void unmark(Task task){","lastModifiedDate":"2022-08-26"},{"lineNumber":29,"author":{"gitId":"junhaoliu2468"},"content":"        System.out.println(\"OK, I\u0027ve marked this task as not done yet:\");","lastModifiedDate":"2022-08-26"},{"lineNumber":30,"author":{"gitId":"junhaoliu2468"},"content":"        task.UpdateStatus();","lastModifiedDate":"2022-08-26"},{"lineNumber":31,"author":{"gitId":"junhaoliu2468"},"content":"        System.out.println(task.toString());","lastModifiedDate":"2022-08-30"},{"lineNumber":32,"author":{"gitId":"junhaoliu2468"},"content":"","lastModifiedDate":"2022-08-26"},{"lineNumber":33,"author":{"gitId":"junhaoliu2468"},"content":"    }","lastModifiedDate":"2022-08-26"},{"lineNumber":34,"author":{"gitId":"junhaoliu2468"},"content":"","lastModifiedDate":"2022-08-25"},{"lineNumber":35,"author":{"gitId":"junhaoliu2468"},"content":"    public static Deadline addDeadline(String str){","lastModifiedDate":"2022-08-30"},{"lineNumber":36,"author":{"gitId":"junhaoliu2468"},"content":"        String action \u003d str.split(\"/\",2)[0];","lastModifiedDate":"2022-08-30"},{"lineNumber":37,"author":{"gitId":"junhaoliu2468"},"content":"        String time \u003d str.split(\"/\",2)[1].split(\"by \",2)[1];","lastModifiedDate":"2022-08-30"},{"lineNumber":38,"author":{"gitId":"junhaoliu2468"},"content":"        System.out.println(\"Got it. I\u0027ve added this task;\");","lastModifiedDate":"2022-08-30"},{"lineNumber":39,"author":{"gitId":"junhaoliu2468"},"content":"        Deadline newTask \u003d Deadline.AddTask( action , time);","lastModifiedDate":"2022-08-30"},{"lineNumber":40,"author":{"gitId":"junhaoliu2468"},"content":"        Deadline.countRemainingTasks();","lastModifiedDate":"2022-08-30"},{"lineNumber":41,"author":{"gitId":"junhaoliu2468"},"content":"        return newTask;","lastModifiedDate":"2022-08-30"},{"lineNumber":42,"author":{"gitId":"junhaoliu2468"},"content":"","lastModifiedDate":"2022-08-30"},{"lineNumber":43,"author":{"gitId":"junhaoliu2468"},"content":"    }","lastModifiedDate":"2022-08-30"},{"lineNumber":44,"author":{"gitId":"junhaoliu2468"},"content":"    public static Event addEvent(String str){","lastModifiedDate":"2022-08-30"},{"lineNumber":45,"author":{"gitId":"junhaoliu2468"},"content":"        String action \u003d str.split(\"/\",2)[0];","lastModifiedDate":"2022-08-30"},{"lineNumber":46,"author":{"gitId":"junhaoliu2468"},"content":"        String time \u003d str.split(\"/\",2)[1].split(\"at \",2)[1];","lastModifiedDate":"2022-08-30"},{"lineNumber":47,"author":{"gitId":"junhaoliu2468"},"content":"        System.out.println(\"Got it. I\u0027ve added this task;\");","lastModifiedDate":"2022-08-30"},{"lineNumber":48,"author":{"gitId":"junhaoliu2468"},"content":"        Event newEvent \u003d Event.AddEvent( action , time);","lastModifiedDate":"2022-08-30"},{"lineNumber":49,"author":{"gitId":"junhaoliu2468"},"content":"        Event.countRemainingTasks();","lastModifiedDate":"2022-08-30"},{"lineNumber":50,"author":{"gitId":"junhaoliu2468"},"content":"        return newEvent;","lastModifiedDate":"2022-08-30"},{"lineNumber":51,"author":{"gitId":"junhaoliu2468"},"content":"","lastModifiedDate":"2022-08-30"},{"lineNumber":52,"author":{"gitId":"junhaoliu2468"},"content":"    }","lastModifiedDate":"2022-08-30"},{"lineNumber":53,"author":{"gitId":"junhaoliu2468"},"content":"    public static ToDo addToDo(String str){","lastModifiedDate":"2022-08-30"},{"lineNumber":54,"author":{"gitId":"junhaoliu2468"},"content":"        System.out.println(\"Got it. I\u0027ve added this task;\");","lastModifiedDate":"2022-08-30"},{"lineNumber":55,"author":{"gitId":"junhaoliu2468"},"content":"        ToDo newTodo \u003d ToDo.addToDo(str);","lastModifiedDate":"2022-08-30"},{"lineNumber":56,"author":{"gitId":"junhaoliu2468"},"content":"        ToDo.countRemainingTasks();","lastModifiedDate":"2022-08-30"},{"lineNumber":57,"author":{"gitId":"junhaoliu2468"},"content":"        return newTodo;","lastModifiedDate":"2022-08-30"},{"lineNumber":58,"author":{"gitId":"junhaoliu2468"},"content":"","lastModifiedDate":"2022-08-30"},{"lineNumber":59,"author":{"gitId":"junhaoliu2468"},"content":"    }","lastModifiedDate":"2022-08-30"},{"lineNumber":60,"author":{"gitId":"junhaoliu2468"},"content":"","lastModifiedDate":"2022-08-30"},{"lineNumber":61,"author":{"gitId":"junhaoliu2468"},"content":"","lastModifiedDate":"2022-08-30"},{"lineNumber":62,"author":{"gitId":"junhaoliu2468"},"content":"    }","lastModifiedDate":"2022-08-25"}],"authorContributionMap":{"junhaoliu2468":62}},{"path":"src/main/java/Deadline.java","fileType":"java","lines":[{"lineNumber":1,"author":{"gitId":"junhaoliu2468"},"content":"public class Deadline extends Task {","lastModifiedDate":"2022-08-30"},{"lineNumber":2,"author":{"gitId":"junhaoliu2468"},"content":"","lastModifiedDate":"2022-08-30"},{"lineNumber":3,"author":{"gitId":"junhaoliu2468"},"content":"    protected String by;","lastModifiedDate":"2022-08-30"},{"lineNumber":4,"author":{"gitId":"junhaoliu2468"},"content":"","lastModifiedDate":"2022-08-30"},{"lineNumber":5,"author":{"gitId":"junhaoliu2468"},"content":"    public Deadline(String description, String by) {","lastModifiedDate":"2022-08-30"},{"lineNumber":6,"author":{"gitId":"junhaoliu2468"},"content":"        super(description);","lastModifiedDate":"2022-08-30"},{"lineNumber":7,"author":{"gitId":"junhaoliu2468"},"content":"        this.by \u003d by;","lastModifiedDate":"2022-08-30"},{"lineNumber":8,"author":{"gitId":"junhaoliu2468"},"content":"    }","lastModifiedDate":"2022-08-30"},{"lineNumber":9,"author":{"gitId":"junhaoliu2468"},"content":"","lastModifiedDate":"2022-08-30"},{"lineNumber":10,"author":{"gitId":"junhaoliu2468"},"content":"    public static Deadline AddTask(String name , String by){","lastModifiedDate":"2022-08-30"},{"lineNumber":11,"author":{"gitId":"junhaoliu2468"},"content":"        Deadline newDeadline \u003d new Deadline(name,by);","lastModifiedDate":"2022-08-30"},{"lineNumber":12,"author":{"gitId":"junhaoliu2468"},"content":"        System.out.println(\"\"+newDeadline.toString());","lastModifiedDate":"2022-08-30"},{"lineNumber":13,"author":{"gitId":"junhaoliu2468"},"content":"        return newDeadline;","lastModifiedDate":"2022-08-30"},{"lineNumber":14,"author":{"gitId":"junhaoliu2468"},"content":"    }","lastModifiedDate":"2022-08-30"},{"lineNumber":15,"author":{"gitId":"junhaoliu2468"},"content":"","lastModifiedDate":"2022-08-30"},{"lineNumber":16,"author":{"gitId":"junhaoliu2468"},"content":"    @Override","lastModifiedDate":"2022-08-30"},{"lineNumber":17,"author":{"gitId":"junhaoliu2468"},"content":"    public String toString() {","lastModifiedDate":"2022-08-30"},{"lineNumber":18,"author":{"gitId":"junhaoliu2468"},"content":"        return \"  [D]\" + \"[\"+this.getStatusIcon()+\"] \" + this.name + \" (by: \" + by + \")\";","lastModifiedDate":"2022-08-30"},{"lineNumber":19,"author":{"gitId":"junhaoliu2468"},"content":"    }","lastModifiedDate":"2022-08-30"},{"lineNumber":20,"author":{"gitId":"junhaoliu2468"},"content":"}","lastModifiedDate":"2022-08-30"}],"authorContributionMap":{"junhaoliu2468":20}},{"path":"src/main/java/Duke.java","fileType":"java","lines":[{"lineNumber":1,"author":{"gitId":"junhaoliu2468"},"content":"import java.util.*;","lastModifiedDate":"2022-08-25"},{"lineNumber":2,"author":{"gitId":"junhaoliu2468"},"content":"","lastModifiedDate":"2022-08-25"},{"lineNumber":3,"author":{"gitId":"-"},"content":"public class Duke {","lastModifiedDate":"2019-07-29"},{"lineNumber":4,"author":{"gitId":"junhaoliu2468"},"content":"    public static ArrayList\u003cTask\u003e ListOfTasks \u003d new ArrayList\u003c\u003e();","lastModifiedDate":"2022-08-25"},{"lineNumber":5,"author":{"gitId":"-"},"content":"    public static void main(String[] args) {","lastModifiedDate":"2019-07-29"},{"lineNumber":6,"author":{"gitId":"-"},"content":"        String logo \u003d \" ____        _        \\n\"","lastModifiedDate":"2019-07-29"},{"lineNumber":7,"author":{"gitId":"-"},"content":"                + \"|  _ \\\\ _   _| | _____ \\n\"","lastModifiedDate":"2019-07-29"},{"lineNumber":8,"author":{"gitId":"-"},"content":"                + \"| | | | | | | |/ / _ \\\\\\n\"","lastModifiedDate":"2019-07-29"},{"lineNumber":9,"author":{"gitId":"-"},"content":"                + \"| |_| | |_| |   \u003c  __/\\n\"","lastModifiedDate":"2019-07-29"},{"lineNumber":10,"author":{"gitId":"-"},"content":"                + \"|____/ \\\\__,_|_|\\\\_\\\\___|\\n\";","lastModifiedDate":"2019-07-29"},{"lineNumber":11,"author":{"gitId":"-"},"content":"        System.out.println(\"Hello from\\n\" + logo);","lastModifiedDate":"2019-07-29"},{"lineNumber":12,"author":{"gitId":"junhaoliu2468"},"content":"        proceed();","lastModifiedDate":"2022-08-25"},{"lineNumber":13,"author":{"gitId":"junhaoliu2468"},"content":"","lastModifiedDate":"2022-08-25"},{"lineNumber":14,"author":{"gitId":"junhaoliu2468"},"content":"    }","lastModifiedDate":"2022-08-25"},{"lineNumber":15,"author":{"gitId":"junhaoliu2468"},"content":"    public static void proceed(){","lastModifiedDate":"2022-08-25"},{"lineNumber":16,"author":{"gitId":"junhaoliu2468"},"content":"","lastModifiedDate":"2022-08-25"},{"lineNumber":17,"author":{"gitId":"junhaoliu2468"},"content":"        Communication.greet();","lastModifiedDate":"2022-08-25"},{"lineNumber":18,"author":{"gitId":"junhaoliu2468"},"content":"        Scanner sc \u003d new Scanner(System.in);","lastModifiedDate":"2022-08-25"},{"lineNumber":19,"author":{"gitId":"junhaoliu2468"},"content":"        boolean isDone \u003d false;","lastModifiedDate":"2022-08-30"},{"lineNumber":20,"author":{"gitId":"junhaoliu2468"},"content":"        String[] inputs;","lastModifiedDate":"2022-08-26"},{"lineNumber":21,"author":{"gitId":"junhaoliu2468"},"content":"        int TaskIndex;","lastModifiedDate":"2022-08-26"},{"lineNumber":22,"author":{"gitId":"junhaoliu2468"},"content":"        Task currTask;","lastModifiedDate":"2022-08-26"},{"lineNumber":23,"author":{"gitId":"junhaoliu2468"},"content":"","lastModifiedDate":"2022-08-25"},{"lineNumber":24,"author":{"gitId":"junhaoliu2468"},"content":"","lastModifiedDate":"2022-08-25"},{"lineNumber":25,"author":{"gitId":"junhaoliu2468"},"content":"","lastModifiedDate":"2022-08-25"},{"lineNumber":26,"author":{"gitId":"junhaoliu2468"},"content":"","lastModifiedDate":"2022-08-25"},{"lineNumber":27,"author":{"gitId":"junhaoliu2468"},"content":"","lastModifiedDate":"2022-08-25"},{"lineNumber":28,"author":{"gitId":"junhaoliu2468"},"content":"        while (!isDone){","lastModifiedDate":"2022-08-30"},{"lineNumber":29,"author":{"gitId":"junhaoliu2468"},"content":"            String inputString \u003d sc.nextLine();","lastModifiedDate":"2022-08-26"},{"lineNumber":30,"author":{"gitId":"junhaoliu2468"},"content":"            inputs \u003d inputString.split(\" \",2); // split","lastModifiedDate":"2022-08-30"},{"lineNumber":31,"author":{"gitId":"junhaoliu2468"},"content":"            if (inputs[0].equals(\"mark\")){","lastModifiedDate":"2022-08-26"},{"lineNumber":32,"author":{"gitId":"junhaoliu2468"},"content":"                inputString \u003d \"mark\";","lastModifiedDate":"2022-08-26"},{"lineNumber":33,"author":{"gitId":"junhaoliu2468"},"content":"            }","lastModifiedDate":"2022-08-26"},{"lineNumber":34,"author":{"gitId":"junhaoliu2468"},"content":"            else if (inputs[0].equals(\"unmark\")){","lastModifiedDate":"2022-08-26"},{"lineNumber":35,"author":{"gitId":"junhaoliu2468"},"content":"                inputString \u003d \"unmark\";","lastModifiedDate":"2022-08-26"},{"lineNumber":36,"author":{"gitId":"junhaoliu2468"},"content":"            }","lastModifiedDate":"2022-08-26"},{"lineNumber":37,"author":{"gitId":"junhaoliu2468"},"content":"","lastModifiedDate":"2022-08-26"},{"lineNumber":38,"author":{"gitId":"junhaoliu2468"},"content":"","lastModifiedDate":"2022-08-26"},{"lineNumber":39,"author":{"gitId":"junhaoliu2468"},"content":"","lastModifiedDate":"2022-08-26"},{"lineNumber":40,"author":{"gitId":"junhaoliu2468"},"content":"            if (inputString.equals(\"bye\")){","lastModifiedDate":"2022-08-25"},{"lineNumber":41,"author":{"gitId":"junhaoliu2468"},"content":"                isDone \u003d true;","lastModifiedDate":"2022-08-30"},{"lineNumber":42,"author":{"gitId":"junhaoliu2468"},"content":"                Communication.bye();","lastModifiedDate":"2022-08-25"},{"lineNumber":43,"author":{"gitId":"junhaoliu2468"},"content":"                break;","lastModifiedDate":"2022-08-25"},{"lineNumber":44,"author":{"gitId":"junhaoliu2468"},"content":"            }","lastModifiedDate":"2022-08-25"},{"lineNumber":45,"author":{"gitId":"junhaoliu2468"},"content":"            else if (inputString.equals(\"list\")){","lastModifiedDate":"2022-08-25"},{"lineNumber":46,"author":{"gitId":"junhaoliu2468"},"content":"                Communication.list(ListOfTasks);","lastModifiedDate":"2022-08-25"},{"lineNumber":47,"author":{"gitId":"junhaoliu2468"},"content":"","lastModifiedDate":"2022-08-25"},{"lineNumber":48,"author":{"gitId":"junhaoliu2468"},"content":"            }","lastModifiedDate":"2022-08-25"},{"lineNumber":49,"author":{"gitId":"junhaoliu2468"},"content":"            else if (inputString.equals(\"read book\")){","lastModifiedDate":"2022-08-25"},{"lineNumber":50,"author":{"gitId":"junhaoliu2468"},"content":"                ListOfTasks.add(new Task(\"read book\"));","lastModifiedDate":"2022-08-25"},{"lineNumber":51,"author":{"gitId":"junhaoliu2468"},"content":"                System.out.println(\"added: read book\");","lastModifiedDate":"2022-08-25"},{"lineNumber":52,"author":{"gitId":"junhaoliu2468"},"content":"","lastModifiedDate":"2022-08-25"},{"lineNumber":53,"author":{"gitId":"junhaoliu2468"},"content":"            }","lastModifiedDate":"2022-08-25"},{"lineNumber":54,"author":{"gitId":"junhaoliu2468"},"content":"            else if (inputString.equals(\"return book\")){","lastModifiedDate":"2022-08-25"},{"lineNumber":55,"author":{"gitId":"junhaoliu2468"},"content":"                ListOfTasks.add(new Task(\"return book\"));","lastModifiedDate":"2022-08-25"},{"lineNumber":56,"author":{"gitId":"junhaoliu2468"},"content":"                System.out.println(\"added: return book\");","lastModifiedDate":"2022-08-25"},{"lineNumber":57,"author":{"gitId":"junhaoliu2468"},"content":"","lastModifiedDate":"2022-08-25"},{"lineNumber":58,"author":{"gitId":"junhaoliu2468"},"content":"            }","lastModifiedDate":"2022-08-25"},{"lineNumber":59,"author":{"gitId":"junhaoliu2468"},"content":"            else if (inputString.equals(\"mark\")){","lastModifiedDate":"2022-08-26"},{"lineNumber":60,"author":{"gitId":"junhaoliu2468"},"content":"                TaskIndex \u003d Integer.parseInt(inputs[1]);// task no + task","lastModifiedDate":"2022-08-26"},{"lineNumber":61,"author":{"gitId":"junhaoliu2468"},"content":"                currTask \u003d ListOfTasks.get(TaskIndex-1);","lastModifiedDate":"2022-08-26"},{"lineNumber":62,"author":{"gitId":"junhaoliu2468"},"content":"                Communication.mark(currTask);","lastModifiedDate":"2022-08-26"},{"lineNumber":63,"author":{"gitId":"junhaoliu2468"},"content":"","lastModifiedDate":"2022-08-26"},{"lineNumber":64,"author":{"gitId":"junhaoliu2468"},"content":"","lastModifiedDate":"2022-08-26"},{"lineNumber":65,"author":{"gitId":"junhaoliu2468"},"content":"            }","lastModifiedDate":"2022-08-26"},{"lineNumber":66,"author":{"gitId":"junhaoliu2468"},"content":"            else if (inputString.equals(\"unmark\")){","lastModifiedDate":"2022-08-26"},{"lineNumber":67,"author":{"gitId":"junhaoliu2468"},"content":"                TaskIndex \u003d Integer.parseInt(inputs[1]);","lastModifiedDate":"2022-08-26"},{"lineNumber":68,"author":{"gitId":"junhaoliu2468"},"content":"                currTask \u003d ListOfTasks.get(TaskIndex-1);","lastModifiedDate":"2022-08-26"},{"lineNumber":69,"author":{"gitId":"junhaoliu2468"},"content":"                Communication.unmark(currTask);","lastModifiedDate":"2022-08-26"},{"lineNumber":70,"author":{"gitId":"junhaoliu2468"},"content":"            }","lastModifiedDate":"2022-08-26"},{"lineNumber":71,"author":{"gitId":"junhaoliu2468"},"content":"            else if (inputs[0].equals(\"todo\")){","lastModifiedDate":"2022-08-30"},{"lineNumber":72,"author":{"gitId":"junhaoliu2468"},"content":"                ListOfTasks.add(Communication.addToDo(inputs[1]));","lastModifiedDate":"2022-08-30"},{"lineNumber":73,"author":{"gitId":"junhaoliu2468"},"content":"            }","lastModifiedDate":"2022-08-30"},{"lineNumber":74,"author":{"gitId":"junhaoliu2468"},"content":"            else if (inputs[0].equals(\"deadline\")){","lastModifiedDate":"2022-08-30"},{"lineNumber":75,"author":{"gitId":"junhaoliu2468"},"content":"                ListOfTasks.add(Communication.addDeadline(inputs[1]));","lastModifiedDate":"2022-08-30"},{"lineNumber":76,"author":{"gitId":"junhaoliu2468"},"content":"","lastModifiedDate":"2022-08-30"},{"lineNumber":77,"author":{"gitId":"junhaoliu2468"},"content":"            }","lastModifiedDate":"2022-08-30"},{"lineNumber":78,"author":{"gitId":"junhaoliu2468"},"content":"            else if (inputs[0].equals(\"event\")){","lastModifiedDate":"2022-08-30"},{"lineNumber":79,"author":{"gitId":"junhaoliu2468"},"content":"                ListOfTasks.add(Communication.addEvent(inputs[1]));","lastModifiedDate":"2022-08-30"},{"lineNumber":80,"author":{"gitId":"junhaoliu2468"},"content":"","lastModifiedDate":"2022-08-30"},{"lineNumber":81,"author":{"gitId":"junhaoliu2468"},"content":"            }","lastModifiedDate":"2022-08-30"},{"lineNumber":82,"author":{"gitId":"junhaoliu2468"},"content":"            else{","lastModifiedDate":"2022-08-25"},{"lineNumber":83,"author":{"gitId":"junhaoliu2468"},"content":"                Communication.copy(inputString);","lastModifiedDate":"2022-08-25"},{"lineNumber":84,"author":{"gitId":"junhaoliu2468"},"content":"            }","lastModifiedDate":"2022-08-25"},{"lineNumber":85,"author":{"gitId":"junhaoliu2468"},"content":"        }","lastModifiedDate":"2022-08-25"},{"lineNumber":86,"author":{"gitId":"-"},"content":"    }","lastModifiedDate":"2019-07-29"},{"lineNumber":87,"author":{"gitId":"-"},"content":"}","lastModifiedDate":"2019-07-29"}],"authorContributionMap":{"junhaoliu2468":77,"-":10}},{"path":"src/main/java/Event.java","fileType":"java","lines":[{"lineNumber":1,"author":{"gitId":"junhaoliu2468"},"content":"public class Event extends Task {","lastModifiedDate":"2022-08-30"},{"lineNumber":2,"author":{"gitId":"junhaoliu2468"},"content":"","lastModifiedDate":"2022-08-30"},{"lineNumber":3,"author":{"gitId":"junhaoliu2468"},"content":"    protected String at;","lastModifiedDate":"2022-08-30"},{"lineNumber":4,"author":{"gitId":"junhaoliu2468"},"content":"","lastModifiedDate":"2022-08-30"},{"lineNumber":5,"author":{"gitId":"junhaoliu2468"},"content":"    public Event(String description, String at) {","lastModifiedDate":"2022-08-30"},{"lineNumber":6,"author":{"gitId":"junhaoliu2468"},"content":"        super(description);","lastModifiedDate":"2022-08-30"},{"lineNumber":7,"author":{"gitId":"junhaoliu2468"},"content":"        this.at \u003d at;","lastModifiedDate":"2022-08-30"},{"lineNumber":8,"author":{"gitId":"junhaoliu2468"},"content":"    }","lastModifiedDate":"2022-08-30"},{"lineNumber":9,"author":{"gitId":"junhaoliu2468"},"content":"","lastModifiedDate":"2022-08-30"},{"lineNumber":10,"author":{"gitId":"junhaoliu2468"},"content":"    public static Event AddEvent(String name , String at){","lastModifiedDate":"2022-08-30"},{"lineNumber":11,"author":{"gitId":"junhaoliu2468"},"content":"        Event newEvent \u003d new Event(name,at);","lastModifiedDate":"2022-08-30"},{"lineNumber":12,"author":{"gitId":"junhaoliu2468"},"content":"        System.out.println(\"\"+newEvent.toString());","lastModifiedDate":"2022-08-30"},{"lineNumber":13,"author":{"gitId":"junhaoliu2468"},"content":"        return newEvent;","lastModifiedDate":"2022-08-30"},{"lineNumber":14,"author":{"gitId":"junhaoliu2468"},"content":"    }","lastModifiedDate":"2022-08-30"},{"lineNumber":15,"author":{"gitId":"junhaoliu2468"},"content":"","lastModifiedDate":"2022-08-30"},{"lineNumber":16,"author":{"gitId":"junhaoliu2468"},"content":"    @Override","lastModifiedDate":"2022-08-30"},{"lineNumber":17,"author":{"gitId":"junhaoliu2468"},"content":"    public String toString() {","lastModifiedDate":"2022-08-30"},{"lineNumber":18,"author":{"gitId":"junhaoliu2468"},"content":"        return  \"  [E]\" + \"[\"+this.getStatusIcon()+\"] \" + this.name + \" (by: \" + at + \")\";","lastModifiedDate":"2022-08-30"},{"lineNumber":19,"author":{"gitId":"junhaoliu2468"},"content":"    }","lastModifiedDate":"2022-08-30"},{"lineNumber":20,"author":{"gitId":"junhaoliu2468"},"content":"}","lastModifiedDate":"2022-08-30"}],"authorContributionMap":{"junhaoliu2468":20}},{"path":"src/main/java/Task.java","fileType":"java","lines":[{"lineNumber":1,"author":{"gitId":"junhaoliu2468"},"content":"public class Task {","lastModifiedDate":"2022-08-25"},{"lineNumber":2,"author":{"gitId":"junhaoliu2468"},"content":"    protected String name;","lastModifiedDate":"2022-08-26"},{"lineNumber":3,"author":{"gitId":"junhaoliu2468"},"content":"    static public int currTotal \u003d 0;","lastModifiedDate":"2022-08-25"},{"lineNumber":4,"author":{"gitId":"junhaoliu2468"},"content":"    public int index;","lastModifiedDate":"2022-08-25"},{"lineNumber":5,"author":{"gitId":"junhaoliu2468"},"content":"    protected boolean isDone;","lastModifiedDate":"2022-08-26"},{"lineNumber":6,"author":{"gitId":"junhaoliu2468"},"content":"","lastModifiedDate":"2022-08-25"},{"lineNumber":7,"author":{"gitId":"junhaoliu2468"},"content":"    public Task(String name) {","lastModifiedDate":"2022-08-25"},{"lineNumber":8,"author":{"gitId":"junhaoliu2468"},"content":"        this.name \u003d name;","lastModifiedDate":"2022-08-25"},{"lineNumber":9,"author":{"gitId":"junhaoliu2468"},"content":"        this.index \u003d currTotal + 1;","lastModifiedDate":"2022-08-25"},{"lineNumber":10,"author":{"gitId":"junhaoliu2468"},"content":"        currTotal +\u003d 1;","lastModifiedDate":"2022-08-25"},{"lineNumber":11,"author":{"gitId":"junhaoliu2468"},"content":"        this.isDone \u003d false;","lastModifiedDate":"2022-08-26"},{"lineNumber":12,"author":{"gitId":"junhaoliu2468"},"content":"    }","lastModifiedDate":"2022-08-26"},{"lineNumber":13,"author":{"gitId":"junhaoliu2468"},"content":"","lastModifiedDate":"2022-08-26"},{"lineNumber":14,"author":{"gitId":"junhaoliu2468"},"content":"","lastModifiedDate":"2022-08-26"},{"lineNumber":15,"author":{"gitId":"junhaoliu2468"},"content":"    public String getStatusIcon() {","lastModifiedDate":"2022-08-26"},{"lineNumber":16,"author":{"gitId":"junhaoliu2468"},"content":"        return (isDone ? \"X\" : \" \"); // mark done task with X","lastModifiedDate":"2022-08-26"},{"lineNumber":17,"author":{"gitId":"junhaoliu2468"},"content":"    }","lastModifiedDate":"2022-08-26"},{"lineNumber":18,"author":{"gitId":"junhaoliu2468"},"content":"","lastModifiedDate":"2022-08-26"},{"lineNumber":19,"author":{"gitId":"junhaoliu2468"},"content":"    public void UpdateStatus(){","lastModifiedDate":"2022-08-26"},{"lineNumber":20,"author":{"gitId":"junhaoliu2468"},"content":"        this.isDone \u003d !this.isDone;","lastModifiedDate":"2022-08-26"},{"lineNumber":21,"author":{"gitId":"junhaoliu2468"},"content":"    }","lastModifiedDate":"2022-08-26"},{"lineNumber":22,"author":{"gitId":"junhaoliu2468"},"content":"","lastModifiedDate":"2022-08-30"},{"lineNumber":23,"author":{"gitId":"junhaoliu2468"},"content":"    public static void countRemainingTasks(){","lastModifiedDate":"2022-08-30"},{"lineNumber":24,"author":{"gitId":"junhaoliu2468"},"content":"        System.out.println(\"Now you have \"+currTotal+\" tasks in the list\");","lastModifiedDate":"2022-08-30"},{"lineNumber":25,"author":{"gitId":"junhaoliu2468"},"content":"    }","lastModifiedDate":"2022-08-30"},{"lineNumber":26,"author":{"gitId":"junhaoliu2468"},"content":"    //...","lastModifiedDate":"2022-08-26"},{"lineNumber":27,"author":{"gitId":"junhaoliu2468"},"content":"    public String toString(){","lastModifiedDate":"2022-08-30"},{"lineNumber":28,"author":{"gitId":"junhaoliu2468"},"content":"        return ( this.index + \".\"+\"[\"+this.getStatusIcon()+\"] \" + this.name);","lastModifiedDate":"2022-08-30"},{"lineNumber":29,"author":{"gitId":"junhaoliu2468"},"content":"    }","lastModifiedDate":"2022-08-25"},{"lineNumber":30,"author":{"gitId":"junhaoliu2468"},"content":"","lastModifiedDate":"2022-08-25"},{"lineNumber":31,"author":{"gitId":"junhaoliu2468"},"content":"}","lastModifiedDate":"2022-08-25"}],"authorContributionMap":{"junhaoliu2468":31}},{"path":"src/main/java/ToDo.java","fileType":"java","lines":[{"lineNumber":1,"author":{"gitId":"junhaoliu2468"},"content":"public class ToDo extends Task {","lastModifiedDate":"2022-08-30"},{"lineNumber":2,"author":{"gitId":"junhaoliu2468"},"content":"","lastModifiedDate":"2022-08-30"},{"lineNumber":3,"author":{"gitId":"junhaoliu2468"},"content":"    protected String by;","lastModifiedDate":"2022-08-30"},{"lineNumber":4,"author":{"gitId":"junhaoliu2468"},"content":"","lastModifiedDate":"2022-08-30"},{"lineNumber":5,"author":{"gitId":"junhaoliu2468"},"content":"    public ToDo(String description) {","lastModifiedDate":"2022-08-30"},{"lineNumber":6,"author":{"gitId":"junhaoliu2468"},"content":"        super(description);","lastModifiedDate":"2022-08-30"},{"lineNumber":7,"author":{"gitId":"junhaoliu2468"},"content":"","lastModifiedDate":"2022-08-30"},{"lineNumber":8,"author":{"gitId":"junhaoliu2468"},"content":"    }","lastModifiedDate":"2022-08-30"},{"lineNumber":9,"author":{"gitId":"junhaoliu2468"},"content":"","lastModifiedDate":"2022-08-30"},{"lineNumber":10,"author":{"gitId":"junhaoliu2468"},"content":"    public static ToDo addToDo(String name){","lastModifiedDate":"2022-08-30"},{"lineNumber":11,"author":{"gitId":"junhaoliu2468"},"content":"        ToDo newToDo \u003d new ToDo(name);","lastModifiedDate":"2022-08-30"},{"lineNumber":12,"author":{"gitId":"junhaoliu2468"},"content":"        System.out.println(\"\"+newToDo.toString());","lastModifiedDate":"2022-08-30"},{"lineNumber":13,"author":{"gitId":"junhaoliu2468"},"content":"        return newToDo;","lastModifiedDate":"2022-08-30"},{"lineNumber":14,"author":{"gitId":"junhaoliu2468"},"content":"    }","lastModifiedDate":"2022-08-30"},{"lineNumber":15,"author":{"gitId":"junhaoliu2468"},"content":"","lastModifiedDate":"2022-08-30"},{"lineNumber":16,"author":{"gitId":"junhaoliu2468"},"content":"","lastModifiedDate":"2022-08-30"},{"lineNumber":17,"author":{"gitId":"junhaoliu2468"},"content":"","lastModifiedDate":"2022-08-30"},{"lineNumber":18,"author":{"gitId":"junhaoliu2468"},"content":"    @Override","lastModifiedDate":"2022-08-30"},{"lineNumber":19,"author":{"gitId":"junhaoliu2468"},"content":"    public String toString() {","lastModifiedDate":"2022-08-30"},{"lineNumber":20,"author":{"gitId":"junhaoliu2468"},"content":"        return \"  [T]\" + \"[\"+this.getStatusIcon()+\"] \" + this.name;","lastModifiedDate":"2022-08-30"},{"lineNumber":21,"author":{"gitId":"junhaoliu2468"},"content":"    }","lastModifiedDate":"2022-08-30"},{"lineNumber":22,"author":{"gitId":"junhaoliu2468"},"content":"}","lastModifiedDate":"2022-08-30"}],"authorContributionMap":{"junhaoliu2468":22}},{"path":"text-ui-test/input.txt","fileType":"txt","lines":[{"lineNumber":1,"author":{"gitId":"junhaoliu2468"},"content":"todo read book","lastModifiedDate":"2022-08-30"},{"lineNumber":2,"author":{"gitId":"junhaoliu2468"},"content":"deadline return book /by June 6th","lastModifiedDate":"2022-08-30"},{"lineNumber":3,"author":{"gitId":"junhaoliu2468"},"content":"event project meeting /at Aug 6th 2-4pm","lastModifiedDate":"2022-08-30"},{"lineNumber":4,"author":{"gitId":"junhaoliu2468"},"content":"mark 1","lastModifiedDate":"2022-08-30"},{"lineNumber":5,"author":{"gitId":"junhaoliu2468"},"content":"todo join sports club","lastModifiedDate":"2022-08-30"},{"lineNumber":6,"author":{"gitId":"junhaoliu2468"},"content":"mark 4","lastModifiedDate":"2022-08-30"},{"lineNumber":7,"author":{"gitId":"junhaoliu2468"},"content":"mark 3","lastModifiedDate":"2022-08-30"},{"lineNumber":8,"author":{"gitId":"junhaoliu2468"},"content":"unmark 3","lastModifiedDate":"2022-08-30"},{"lineNumber":9,"author":{"gitId":"junhaoliu2468"},"content":"list","lastModifiedDate":"2022-08-30"},{"lineNumber":10,"author":{"gitId":"junhaoliu2468"},"content":"todo borrow book","lastModifiedDate":"2022-08-30"},{"lineNumber":11,"author":{"gitId":"junhaoliu2468"},"content":"bye","lastModifiedDate":"2022-08-30"}],"authorContributionMap":{"junhaoliu2468":11}}]
