[{"path":"src/main/java/Deadline.java","fileType":"java","lines":[{"lineNumber":1,"author":{"gitId":"nazrul0"},"content":"public class Deadline extends Task {","lastModifiedDate":"2022-08-31"},{"lineNumber":2,"author":{"gitId":"nazrul0"},"content":"","lastModifiedDate":"2022-08-31"},{"lineNumber":3,"author":{"gitId":"nazrul0"},"content":"    public Deadline(String taskName, String deadline) {","lastModifiedDate":"2022-08-31"},{"lineNumber":4,"author":{"gitId":"nazrul0"},"content":"        super(taskName);","lastModifiedDate":"2022-08-31"},{"lineNumber":5,"author":{"gitId":"nazrul0"},"content":"        super.setTaskType(\"Deadline\");","lastModifiedDate":"2022-08-31"},{"lineNumber":6,"author":{"gitId":"nazrul0"},"content":"        super.setTaskDeadline(deadline);","lastModifiedDate":"2022-08-31"},{"lineNumber":7,"author":{"gitId":"nazrul0"},"content":"    }","lastModifiedDate":"2022-08-31"},{"lineNumber":8,"author":{"gitId":"nazrul0"},"content":"","lastModifiedDate":"2022-08-31"},{"lineNumber":9,"author":{"gitId":"nazrul0"},"content":"    public Deadline(String taskName, boolean status, String deadline) {","lastModifiedDate":"2022-08-31"},{"lineNumber":10,"author":{"gitId":"nazrul0"},"content":"        super(taskName, status);","lastModifiedDate":"2022-08-31"},{"lineNumber":11,"author":{"gitId":"nazrul0"},"content":"        super.setTaskType(\"Deadline\");","lastModifiedDate":"2022-08-31"},{"lineNumber":12,"author":{"gitId":"nazrul0"},"content":"        super.setTaskDeadline(deadline);","lastModifiedDate":"2022-08-31"},{"lineNumber":13,"author":{"gitId":"nazrul0"},"content":"    }","lastModifiedDate":"2022-08-31"},{"lineNumber":14,"author":{"gitId":"nazrul0"},"content":"}","lastModifiedDate":"2022-08-31"},{"lineNumber":15,"author":{"gitId":"nazrul0"},"content":"","lastModifiedDate":"2022-08-31"}],"authorContributionMap":{"nazrul0":15}},{"path":"src/main/java/Duke.java","fileType":"java","lines":[{"lineNumber":1,"author":{"gitId":"nazrul0"},"content":"import java.util.Scanner;","lastModifiedDate":"2022-08-20"},{"lineNumber":2,"author":{"gitId":"nazrul0"},"content":"import java.util.ArrayList;","lastModifiedDate":"2022-08-23"},{"lineNumber":3,"author":{"gitId":"nazrul0"},"content":"import java.util.Arrays;","lastModifiedDate":"2022-08-23"},{"lineNumber":4,"author":{"gitId":"nazrul0"},"content":"","lastModifiedDate":"2022-08-20"},{"lineNumber":5,"author":{"gitId":"-"},"content":"public class Duke {","lastModifiedDate":"2019-07-29"},{"lineNumber":6,"author":{"gitId":"nazrul0"},"content":"    public static final int DEADLINE_STRING_LENGTH \u003d 9;     // \"deadline \"","lastModifiedDate":"2022-08-31"},{"lineNumber":7,"author":{"gitId":"nazrul0"},"content":"    public static final int BY_SEPARATOR_LENGTH \u003d 4;        // \"/by  \"","lastModifiedDate":"2022-08-31"},{"lineNumber":8,"author":{"gitId":"nazrul0"},"content":"    public static final int EVENT_STRING_LENGTH \u003d 6;        // \"event \"","lastModifiedDate":"2022-08-31"},{"lineNumber":9,"author":{"gitId":"nazrul0"},"content":"    public static final int AT_SEPARATOR_LENGTH \u003d 4;        // \"/at  \"","lastModifiedDate":"2022-08-31"},{"lineNumber":10,"author":{"gitId":"nazrul0"},"content":"    public static ArrayList\u003cTask\u003e list \u003d new ArrayList\u003cTask\u003e();","lastModifiedDate":"2022-08-23"},{"lineNumber":11,"author":{"gitId":"nazrul0"},"content":"","lastModifiedDate":"2022-08-23"},{"lineNumber":12,"author":{"gitId":"nazrul0"},"content":"    public static void printList(ArrayList\u003cTask\u003e list) {","lastModifiedDate":"2022-08-31"},{"lineNumber":13,"author":{"gitId":"nazrul0"},"content":"            System.out.println(\"        ____________________________________________\");","lastModifiedDate":"2022-08-31"},{"lineNumber":14,"author":{"gitId":"nazrul0"},"content":"            for (int i \u003d 1; i \u003c\u003d list.size(); i +\u003d 1) {","lastModifiedDate":"2022-08-31"},{"lineNumber":15,"author":{"gitId":"nazrul0"},"content":"                String taskType \u003d list.get(i-1).getTaskType();","lastModifiedDate":"2022-08-31"},{"lineNumber":16,"author":{"gitId":"nazrul0"},"content":"                String markDoneStatus \u003d list.get(i-1).isDone()?\"[X]\":\"[ ]\";","lastModifiedDate":"2022-08-31"},{"lineNumber":17,"author":{"gitId":"nazrul0"},"content":"","lastModifiedDate":"2022-08-31"},{"lineNumber":18,"author":{"gitId":"nazrul0"},"content":"                switch(taskType) {","lastModifiedDate":"2022-08-31"},{"lineNumber":19,"author":{"gitId":"nazrul0"},"content":"                case \"ToDo\":","lastModifiedDate":"2022-08-31"},{"lineNumber":20,"author":{"gitId":"nazrul0"},"content":"                    System.out.println(\"        [T]\" + markDoneStatus + \" \" + i + \". \" + list.get(i-1).getTaskName());","lastModifiedDate":"2022-08-31"},{"lineNumber":21,"author":{"gitId":"nazrul0"},"content":"                    break;","lastModifiedDate":"2022-08-31"},{"lineNumber":22,"author":{"gitId":"nazrul0"},"content":"","lastModifiedDate":"2022-08-31"},{"lineNumber":23,"author":{"gitId":"nazrul0"},"content":"                case \"Deadline\":","lastModifiedDate":"2022-08-31"},{"lineNumber":24,"author":{"gitId":"nazrul0"},"content":"                    String deadline \u003d list.get(i-1).getTaskDeadline();","lastModifiedDate":"2022-08-31"},{"lineNumber":25,"author":{"gitId":"nazrul0"},"content":"                    System.out.println(\"        [D]\" + markDoneStatus + \" \" + i + \". \" + list.get(i-1).getTaskName() +","lastModifiedDate":"2022-08-31"},{"lineNumber":26,"author":{"gitId":"nazrul0"},"content":"                            \" (by: \" + deadline + \")\");","lastModifiedDate":"2022-08-31"},{"lineNumber":27,"author":{"gitId":"nazrul0"},"content":"                    break;","lastModifiedDate":"2022-08-31"},{"lineNumber":28,"author":{"gitId":"nazrul0"},"content":"","lastModifiedDate":"2022-08-31"},{"lineNumber":29,"author":{"gitId":"nazrul0"},"content":"                case \"Event\":","lastModifiedDate":"2022-08-31"},{"lineNumber":30,"author":{"gitId":"nazrul0"},"content":"                    String eventTime \u003d list.get(i-1).getEventTime();","lastModifiedDate":"2022-08-31"},{"lineNumber":31,"author":{"gitId":"nazrul0"},"content":"                    System.out.println(\"        [E]\" + markDoneStatus + \" \" + i + \". \" + list.get(i-1).getTaskName() +","lastModifiedDate":"2022-08-31"},{"lineNumber":32,"author":{"gitId":"nazrul0"},"content":"                            \" (at: \" + eventTime + \")\");","lastModifiedDate":"2022-08-31"},{"lineNumber":33,"author":{"gitId":"nazrul0"},"content":"                    break;","lastModifiedDate":"2022-08-31"},{"lineNumber":34,"author":{"gitId":"nazrul0"},"content":"","lastModifiedDate":"2022-08-31"},{"lineNumber":35,"author":{"gitId":"nazrul0"},"content":"                default:","lastModifiedDate":"2022-08-31"},{"lineNumber":36,"author":{"gitId":"nazrul0"},"content":"                    break;","lastModifiedDate":"2022-08-31"},{"lineNumber":37,"author":{"gitId":"nazrul0"},"content":"                }","lastModifiedDate":"2022-08-31"},{"lineNumber":38,"author":{"gitId":"nazrul0"},"content":"            }","lastModifiedDate":"2022-08-31"},{"lineNumber":39,"author":{"gitId":"nazrul0"},"content":"            System.out.println(\"        ____________________________________________\");","lastModifiedDate":"2022-08-31"},{"lineNumber":40,"author":{"gitId":"nazrul0"},"content":"    }","lastModifiedDate":"2022-08-31"},{"lineNumber":41,"author":{"gitId":"nazrul0"},"content":"","lastModifiedDate":"2022-08-31"},{"lineNumber":42,"author":{"gitId":"nazrul0"},"content":"    private static void printGoodbyeMessage() {","lastModifiedDate":"2022-08-31"},{"lineNumber":43,"author":{"gitId":"nazrul0"},"content":"        System.out.println(\"____________________________________________\");","lastModifiedDate":"2022-08-31"},{"lineNumber":44,"author":{"gitId":"nazrul0"},"content":"        System.out.println(\"Bye. Hope to see you again soon!\");","lastModifiedDate":"2022-08-31"},{"lineNumber":45,"author":{"gitId":"nazrul0"},"content":"        System.out.println(\"____________________________________________\");","lastModifiedDate":"2022-08-31"},{"lineNumber":46,"author":{"gitId":"nazrul0"},"content":"    }","lastModifiedDate":"2022-08-31"},{"lineNumber":47,"author":{"gitId":"nazrul0"},"content":"","lastModifiedDate":"2022-08-31"},{"lineNumber":48,"author":{"gitId":"nazrul0"},"content":"    private static void printWelcomeMessage() {","lastModifiedDate":"2022-08-31"},{"lineNumber":49,"author":{"gitId":"-"},"content":"        String logo \u003d \" ____        _        \\n\"","lastModifiedDate":"2022-08-31"},{"lineNumber":50,"author":{"gitId":"-"},"content":"                + \"|  _ \\\\ _   _| | _____ \\n\"","lastModifiedDate":"2022-08-31"},{"lineNumber":51,"author":{"gitId":"-"},"content":"                + \"| | | | | | | |/ / _ \\\\\\n\"","lastModifiedDate":"2022-08-31"},{"lineNumber":52,"author":{"gitId":"-"},"content":"                + \"| |_| | |_| |   \u003c  __/\\n\"","lastModifiedDate":"2022-08-31"},{"lineNumber":53,"author":{"gitId":"-"},"content":"                + \"|____/ \\\\__,_|_|\\\\_\\\\___|\\n\";","lastModifiedDate":"2022-08-31"},{"lineNumber":54,"author":{"gitId":"-"},"content":"        System.out.println(\"Hello from\\n\" + logo);","lastModifiedDate":"2022-08-31"},{"lineNumber":55,"author":{"gitId":"nazrul0"},"content":"        System.out.println(\"____________________________________________\");","lastModifiedDate":"2022-08-31"},{"lineNumber":56,"author":{"gitId":"nazrul0"},"content":"        System.out.println(\"Hello! I\u0027m Duke.\");","lastModifiedDate":"2022-08-31"},{"lineNumber":57,"author":{"gitId":"nazrul0"},"content":"        System.out.println(\"What can I do for you?\");","lastModifiedDate":"2022-08-31"},{"lineNumber":58,"author":{"gitId":"nazrul0"},"content":"        System.out.println(\"____________________________________________\");","lastModifiedDate":"2022-08-31"},{"lineNumber":59,"author":{"gitId":"nazrul0"},"content":"    }","lastModifiedDate":"2022-08-31"},{"lineNumber":60,"author":{"gitId":"nazrul0"},"content":"","lastModifiedDate":"2022-08-31"},{"lineNumber":61,"author":{"gitId":"nazrul0"},"content":"    public static void handleInput() {","lastModifiedDate":"2022-08-20"},{"lineNumber":62,"author":{"gitId":"nazrul0"},"content":"        String input \u003d \"\";","lastModifiedDate":"2022-08-31"},{"lineNumber":63,"author":{"gitId":"nazrul0"},"content":"        Scanner in \u003d new Scanner(System.in);","lastModifiedDate":"2022-08-20"},{"lineNumber":64,"author":{"gitId":"nazrul0"},"content":"        input \u003d in.nextLine();","lastModifiedDate":"2022-08-23"},{"lineNumber":65,"author":{"gitId":"nazrul0"},"content":"        String[] line \u003d input.split(\" \");","lastModifiedDate":"2022-08-23"},{"lineNumber":66,"author":{"gitId":"nazrul0"},"content":"        boolean checkedInitialLine \u003d false;","lastModifiedDate":"2022-08-31"},{"lineNumber":67,"author":{"gitId":"nazrul0"},"content":"","lastModifiedDate":"2022-08-20"},{"lineNumber":68,"author":{"gitId":"nazrul0"},"content":"        while (!line[0].equals(\"bye\")) {","lastModifiedDate":"2022-08-31"},{"lineNumber":69,"author":{"gitId":"nazrul0"},"content":"            if (checkedInitialLine) {","lastModifiedDate":"2022-08-31"},{"lineNumber":70,"author":{"gitId":"nazrul0"},"content":"                input \u003d in.nextLine();","lastModifiedDate":"2022-08-31"},{"lineNumber":71,"author":{"gitId":"nazrul0"},"content":"                line \u003d input.split(\" \");","lastModifiedDate":"2022-08-31"},{"lineNumber":72,"author":{"gitId":"nazrul0"},"content":"            } else {","lastModifiedDate":"2022-08-23"},{"lineNumber":73,"author":{"gitId":"nazrul0"},"content":"                checkedInitialLine \u003d true;","lastModifiedDate":"2022-08-31"},{"lineNumber":74,"author":{"gitId":"nazrul0"},"content":"            }","lastModifiedDate":"2022-08-31"},{"lineNumber":75,"author":{"gitId":"nazrul0"},"content":"","lastModifiedDate":"2022-08-31"},{"lineNumber":76,"author":{"gitId":"nazrul0"},"content":"            switch (line[0]) {","lastModifiedDate":"2022-08-23"},{"lineNumber":77,"author":{"gitId":"nazrul0"},"content":"            case \"list\":","lastModifiedDate":"2022-08-23"},{"lineNumber":78,"author":{"gitId":"nazrul0"},"content":"                printList(list);","lastModifiedDate":"2022-08-31"},{"lineNumber":79,"author":{"gitId":"nazrul0"},"content":"                break;","lastModifiedDate":"2022-08-23"},{"lineNumber":80,"author":{"gitId":"nazrul0"},"content":"","lastModifiedDate":"2022-08-26"},{"lineNumber":81,"author":{"gitId":"nazrul0"},"content":"            case \"mark\":","lastModifiedDate":"2022-08-23"},{"lineNumber":82,"author":{"gitId":"nazrul0"},"content":"                list.get(Integer.parseInt(line[1])-1).setDone(true);","lastModifiedDate":"2022-08-31"},{"lineNumber":83,"author":{"gitId":"nazrul0"},"content":"","lastModifiedDate":"2022-08-23"},{"lineNumber":84,"author":{"gitId":"nazrul0"},"content":"                String markDone \u003d list.get(Integer.parseInt(line[1])-1).isDone()?\"[X]\":\"[ ]\";","lastModifiedDate":"2022-08-23"},{"lineNumber":85,"author":{"gitId":"nazrul0"},"content":"                System.out.println(\"        ____________________________________________\");","lastModifiedDate":"2022-08-23"},{"lineNumber":86,"author":{"gitId":"nazrul0"},"content":"                System.out.println(\"        Nice! I\u0027ve marked this task as done:\");","lastModifiedDate":"2022-08-23"},{"lineNumber":87,"author":{"gitId":"nazrul0"},"content":"                System.out.println(\"            \" + markDone + \" \" +","lastModifiedDate":"2022-08-26"},{"lineNumber":88,"author":{"gitId":"nazrul0"},"content":"                        list.get(Integer.parseInt(line[1])-1).getTaskName());","lastModifiedDate":"2022-08-26"},{"lineNumber":89,"author":{"gitId":"nazrul0"},"content":"                System.out.println(\"        ____________________________________________\");","lastModifiedDate":"2022-08-23"},{"lineNumber":90,"author":{"gitId":"nazrul0"},"content":"                break;","lastModifiedDate":"2022-08-23"},{"lineNumber":91,"author":{"gitId":"nazrul0"},"content":"","lastModifiedDate":"2022-08-26"},{"lineNumber":92,"author":{"gitId":"nazrul0"},"content":"            case \"unmark\":","lastModifiedDate":"2022-08-23"},{"lineNumber":93,"author":{"gitId":"nazrul0"},"content":"                list.get(Integer.parseInt(line[1])-1).setDone(false);","lastModifiedDate":"2022-08-31"},{"lineNumber":94,"author":{"gitId":"nazrul0"},"content":"","lastModifiedDate":"2022-08-23"},{"lineNumber":95,"author":{"gitId":"nazrul0"},"content":"                String unmarkDone \u003d list.get(Integer.parseInt(line[1])-1).isDone()?\"[X]\":\"[ ]\";","lastModifiedDate":"2022-08-23"},{"lineNumber":96,"author":{"gitId":"nazrul0"},"content":"                System.out.println(\"        ____________________________________________\");","lastModifiedDate":"2022-08-23"},{"lineNumber":97,"author":{"gitId":"nazrul0"},"content":"                System.out.println(\"        Ok. I\u0027ve marked this task as not done yet:\");","lastModifiedDate":"2022-08-23"},{"lineNumber":98,"author":{"gitId":"nazrul0"},"content":"                System.out.println(\"            \" + unmarkDone + \" \" +","lastModifiedDate":"2022-08-26"},{"lineNumber":99,"author":{"gitId":"nazrul0"},"content":"                        list.get(Integer.parseInt(line[1])-1).getTaskName());","lastModifiedDate":"2022-08-26"},{"lineNumber":100,"author":{"gitId":"nazrul0"},"content":"                System.out.println(\"        ____________________________________________\");","lastModifiedDate":"2022-08-23"},{"lineNumber":101,"author":{"gitId":"nazrul0"},"content":"                break;","lastModifiedDate":"2022-08-23"},{"lineNumber":102,"author":{"gitId":"nazrul0"},"content":"","lastModifiedDate":"2022-08-26"},{"lineNumber":103,"author":{"gitId":"nazrul0"},"content":"            case \"todo\":","lastModifiedDate":"2022-08-31"},{"lineNumber":104,"author":{"gitId":"nazrul0"},"content":"                String[] todoName \u003d Arrays.copyOfRange(line, 1, line.length);","lastModifiedDate":"2022-08-31"},{"lineNumber":105,"author":{"gitId":"nazrul0"},"content":"                list.add(new ToDo(Arrays.toString(todoName).replace(\",\", \"\")","lastModifiedDate":"2022-08-31"},{"lineNumber":106,"author":{"gitId":"nazrul0"},"content":"                        .replace(\"[\", \"\").replace(\"]\", \"\")));","lastModifiedDate":"2022-08-26"},{"lineNumber":107,"author":{"gitId":"nazrul0"},"content":"","lastModifiedDate":"2022-08-31"},{"lineNumber":108,"author":{"gitId":"nazrul0"},"content":"                System.out.println(\"        ____________________________________________\");","lastModifiedDate":"2022-08-20"},{"lineNumber":109,"author":{"gitId":"nazrul0"},"content":"                System.out.println(\"        Got it. I\u0027ve added this task:\");","lastModifiedDate":"2022-08-31"},{"lineNumber":110,"author":{"gitId":"nazrul0"},"content":"                System.out.println(\"        [T][ ] \" + Arrays.toString(todoName).replace(\",\", \"\")","lastModifiedDate":"2022-08-31"},{"lineNumber":111,"author":{"gitId":"nazrul0"},"content":"                        .replace(\"[\", \"\").replace(\"]\", \"\"));","lastModifiedDate":"2022-08-26"},{"lineNumber":112,"author":{"gitId":"nazrul0"},"content":"                System.out.println(\"        Now you have \" + list.size() + \" tasks in the list.\");","lastModifiedDate":"2022-08-31"},{"lineNumber":113,"author":{"gitId":"nazrul0"},"content":"                System.out.println(\"        ____________________________________________\");","lastModifiedDate":"2022-08-31"},{"lineNumber":114,"author":{"gitId":"nazrul0"},"content":"                break;","lastModifiedDate":"2022-08-31"},{"lineNumber":115,"author":{"gitId":"nazrul0"},"content":"","lastModifiedDate":"2022-08-31"},{"lineNumber":116,"author":{"gitId":"nazrul0"},"content":"            case \"deadline\":","lastModifiedDate":"2022-08-31"},{"lineNumber":117,"author":{"gitId":"nazrul0"},"content":"                int byIndex \u003d input.indexOf(\"/by\");","lastModifiedDate":"2022-08-31"},{"lineNumber":118,"author":{"gitId":"nazrul0"},"content":"                String deadlineName \u003d String.copyValueOf(input.toCharArray(), DEADLINE_STRING_LENGTH,","lastModifiedDate":"2022-08-31"},{"lineNumber":119,"author":{"gitId":"nazrul0"},"content":"                        byIndex-1-DEADLINE_STRING_LENGTH);","lastModifiedDate":"2022-08-31"},{"lineNumber":120,"author":{"gitId":"nazrul0"},"content":"                String taskDeadline \u003d String.copyValueOf(input.toCharArray(), byIndex+ BY_SEPARATOR_LENGTH,","lastModifiedDate":"2022-08-31"},{"lineNumber":121,"author":{"gitId":"nazrul0"},"content":"                        input.length()-byIndex-BY_SEPARATOR_LENGTH);","lastModifiedDate":"2022-08-31"},{"lineNumber":122,"author":{"gitId":"nazrul0"},"content":"                list.add(new Deadline(deadlineName, taskDeadline));","lastModifiedDate":"2022-08-31"},{"lineNumber":123,"author":{"gitId":"nazrul0"},"content":"","lastModifiedDate":"2022-08-31"},{"lineNumber":124,"author":{"gitId":"nazrul0"},"content":"                System.out.println(\"        ____________________________________________\");","lastModifiedDate":"2022-08-31"},{"lineNumber":125,"author":{"gitId":"nazrul0"},"content":"                System.out.println(\"        Got it. I\u0027ve added this task:\");","lastModifiedDate":"2022-08-31"},{"lineNumber":126,"author":{"gitId":"nazrul0"},"content":"                System.out.println(\"        [D][ ] \" + deadlineName + \" (by: \" + taskDeadline + \")\");","lastModifiedDate":"2022-08-31"},{"lineNumber":127,"author":{"gitId":"nazrul0"},"content":"                System.out.println(\"        Now you have \" + list.size() + \" tasks in the list.\");","lastModifiedDate":"2022-08-31"},{"lineNumber":128,"author":{"gitId":"nazrul0"},"content":"                System.out.println(\"        ____________________________________________\");","lastModifiedDate":"2022-08-31"},{"lineNumber":129,"author":{"gitId":"nazrul0"},"content":"                break;","lastModifiedDate":"2022-08-31"},{"lineNumber":130,"author":{"gitId":"nazrul0"},"content":"","lastModifiedDate":"2022-08-31"},{"lineNumber":131,"author":{"gitId":"nazrul0"},"content":"            case \"event\":","lastModifiedDate":"2022-08-31"},{"lineNumber":132,"author":{"gitId":"nazrul0"},"content":"                int atIndex \u003d input.indexOf(\"/at\");","lastModifiedDate":"2022-08-31"},{"lineNumber":133,"author":{"gitId":"nazrul0"},"content":"                String eventName \u003d String.copyValueOf(input.toCharArray(), EVENT_STRING_LENGTH,","lastModifiedDate":"2022-08-31"},{"lineNumber":134,"author":{"gitId":"nazrul0"},"content":"                        atIndex-1- EVENT_STRING_LENGTH);","lastModifiedDate":"2022-08-31"},{"lineNumber":135,"author":{"gitId":"nazrul0"},"content":"                String eventTime \u003d String.copyValueOf(input.toCharArray(), atIndex+ AT_SEPARATOR_LENGTH,","lastModifiedDate":"2022-08-31"},{"lineNumber":136,"author":{"gitId":"nazrul0"},"content":"                        input.length()-atIndex-AT_SEPARATOR_LENGTH);","lastModifiedDate":"2022-08-31"},{"lineNumber":137,"author":{"gitId":"nazrul0"},"content":"                list.add(new Event(eventName, eventTime));","lastModifiedDate":"2022-08-31"},{"lineNumber":138,"author":{"gitId":"nazrul0"},"content":"","lastModifiedDate":"2022-08-31"},{"lineNumber":139,"author":{"gitId":"nazrul0"},"content":"                System.out.println(\"        ____________________________________________\");","lastModifiedDate":"2022-08-31"},{"lineNumber":140,"author":{"gitId":"nazrul0"},"content":"                System.out.println(\"        Got it. I\u0027ve added this task:\");","lastModifiedDate":"2022-08-31"},{"lineNumber":141,"author":{"gitId":"nazrul0"},"content":"                System.out.println(\"        [E][ ] \" + eventName + \" (at: \" + eventTime + \")\");","lastModifiedDate":"2022-08-31"},{"lineNumber":142,"author":{"gitId":"nazrul0"},"content":"                System.out.println(\"        Now you have \" + list.size() + \" tasks in the list.\");","lastModifiedDate":"2022-08-31"},{"lineNumber":143,"author":{"gitId":"nazrul0"},"content":"                System.out.println(\"        ____________________________________________\");","lastModifiedDate":"2022-08-20"},{"lineNumber":144,"author":{"gitId":"nazrul0"},"content":"                break;","lastModifiedDate":"2022-08-23"},{"lineNumber":145,"author":{"gitId":"nazrul0"},"content":"","lastModifiedDate":"2022-08-31"},{"lineNumber":146,"author":{"gitId":"nazrul0"},"content":"            default:","lastModifiedDate":"2022-08-31"},{"lineNumber":147,"author":{"gitId":"nazrul0"},"content":"                break;","lastModifiedDate":"2022-08-31"},{"lineNumber":148,"author":{"gitId":"nazrul0"},"content":"            }","lastModifiedDate":"2022-08-31"},{"lineNumber":149,"author":{"gitId":"nazrul0"},"content":"        }","lastModifiedDate":"2022-08-31"},{"lineNumber":150,"author":{"gitId":"nazrul0"},"content":"        return;","lastModifiedDate":"2022-08-31"},{"lineNumber":151,"author":{"gitId":"nazrul0"},"content":"    }","lastModifiedDate":"2022-08-23"},{"lineNumber":152,"author":{"gitId":"nazrul0"},"content":"","lastModifiedDate":"2022-08-23"},{"lineNumber":153,"author":{"gitId":"nazrul0"},"content":"    public static void main(String[] args) {","lastModifiedDate":"2022-08-31"},{"lineNumber":154,"author":{"gitId":"nazrul0"},"content":"        printWelcomeMessage();","lastModifiedDate":"2022-08-31"},{"lineNumber":155,"author":{"gitId":"nazrul0"},"content":"        handleInput();","lastModifiedDate":"2022-08-20"},{"lineNumber":156,"author":{"gitId":"nazrul0"},"content":"        printGoodbyeMessage();","lastModifiedDate":"2022-08-31"},{"lineNumber":157,"author":{"gitId":"-"},"content":"    }","lastModifiedDate":"2022-08-20"},{"lineNumber":158,"author":{"gitId":"-"},"content":"}","lastModifiedDate":"2019-07-29"}],"authorContributionMap":{"-":9,"nazrul0":149}},{"path":"src/main/java/Event.java","fileType":"java","lines":[{"lineNumber":1,"author":{"gitId":"nazrul0"},"content":"public class Event extends Task {","lastModifiedDate":"2022-08-31"},{"lineNumber":2,"author":{"gitId":"nazrul0"},"content":"","lastModifiedDate":"2022-08-31"},{"lineNumber":3,"author":{"gitId":"nazrul0"},"content":"","lastModifiedDate":"2022-08-31"},{"lineNumber":4,"author":{"gitId":"nazrul0"},"content":"    public Event(String taskName, String eventTime) {","lastModifiedDate":"2022-08-31"},{"lineNumber":5,"author":{"gitId":"nazrul0"},"content":"        super(taskName);","lastModifiedDate":"2022-08-31"},{"lineNumber":6,"author":{"gitId":"nazrul0"},"content":"        super.setTaskType(\"Event\");","lastModifiedDate":"2022-08-31"},{"lineNumber":7,"author":{"gitId":"nazrul0"},"content":"        super.setEventTime(eventTime);","lastModifiedDate":"2022-08-31"},{"lineNumber":8,"author":{"gitId":"nazrul0"},"content":"    }","lastModifiedDate":"2022-08-31"},{"lineNumber":9,"author":{"gitId":"nazrul0"},"content":"","lastModifiedDate":"2022-08-31"},{"lineNumber":10,"author":{"gitId":"nazrul0"},"content":"    public Event(String taskName, boolean status, String eventTime) {","lastModifiedDate":"2022-08-31"},{"lineNumber":11,"author":{"gitId":"nazrul0"},"content":"        super(taskName, status);","lastModifiedDate":"2022-08-31"},{"lineNumber":12,"author":{"gitId":"nazrul0"},"content":"        super.setTaskType(\"Event\");","lastModifiedDate":"2022-08-31"},{"lineNumber":13,"author":{"gitId":"nazrul0"},"content":"        super.setEventTime(eventTime);","lastModifiedDate":"2022-08-31"},{"lineNumber":14,"author":{"gitId":"nazrul0"},"content":"    }","lastModifiedDate":"2022-08-31"},{"lineNumber":15,"author":{"gitId":"nazrul0"},"content":"}","lastModifiedDate":"2022-08-31"}],"authorContributionMap":{"nazrul0":15}},{"path":"src/main/java/Task.java","fileType":"java","lines":[{"lineNumber":1,"author":{"gitId":"nazrul0"},"content":"public class Task {","lastModifiedDate":"2022-08-23"},{"lineNumber":2,"author":{"gitId":"nazrul0"},"content":"    private String taskName \u003d \"\";","lastModifiedDate":"2022-08-31"},{"lineNumber":3,"author":{"gitId":"nazrul0"},"content":"    private String taskType \u003d \"\";","lastModifiedDate":"2022-08-31"},{"lineNumber":4,"author":{"gitId":"nazrul0"},"content":"    private String taskDeadline \u003d \"\";","lastModifiedDate":"2022-08-31"},{"lineNumber":5,"author":{"gitId":"nazrul0"},"content":"    private String eventTime \u003d \"\";","lastModifiedDate":"2022-08-31"},{"lineNumber":6,"author":{"gitId":"nazrul0"},"content":"    private boolean isDone;","lastModifiedDate":"2022-08-23"},{"lineNumber":7,"author":{"gitId":"nazrul0"},"content":"","lastModifiedDate":"2022-08-23"},{"lineNumber":8,"author":{"gitId":"nazrul0"},"content":"    public Task() {","lastModifiedDate":"2022-08-23"},{"lineNumber":9,"author":{"gitId":"nazrul0"},"content":"        this.taskName \u003d \"\";","lastModifiedDate":"2022-08-31"},{"lineNumber":10,"author":{"gitId":"nazrul0"},"content":"        this.isDone \u003d false;","lastModifiedDate":"2022-08-31"},{"lineNumber":11,"author":{"gitId":"nazrul0"},"content":"    }","lastModifiedDate":"2022-08-23"},{"lineNumber":12,"author":{"gitId":"nazrul0"},"content":"","lastModifiedDate":"2022-08-23"},{"lineNumber":13,"author":{"gitId":"nazrul0"},"content":"    public Task(String taskName) {","lastModifiedDate":"2022-08-23"},{"lineNumber":14,"author":{"gitId":"nazrul0"},"content":"        this.taskName \u003d taskName;","lastModifiedDate":"2022-08-23"},{"lineNumber":15,"author":{"gitId":"nazrul0"},"content":"        this.isDone \u003d false;","lastModifiedDate":"2022-08-31"},{"lineNumber":16,"author":{"gitId":"nazrul0"},"content":"    }","lastModifiedDate":"2022-08-23"},{"lineNumber":17,"author":{"gitId":"nazrul0"},"content":"","lastModifiedDate":"2022-08-23"},{"lineNumber":18,"author":{"gitId":"nazrul0"},"content":"    public Task(String taskName, boolean status) {","lastModifiedDate":"2022-08-23"},{"lineNumber":19,"author":{"gitId":"nazrul0"},"content":"        this.taskName \u003d taskName;","lastModifiedDate":"2022-08-23"},{"lineNumber":20,"author":{"gitId":"nazrul0"},"content":"        this.isDone \u003d status;","lastModifiedDate":"2022-08-23"},{"lineNumber":21,"author":{"gitId":"nazrul0"},"content":"    }","lastModifiedDate":"2022-08-23"},{"lineNumber":22,"author":{"gitId":"nazrul0"},"content":"","lastModifiedDate":"2022-08-23"},{"lineNumber":23,"author":{"gitId":"nazrul0"},"content":"    public String getTaskName() {","lastModifiedDate":"2022-08-23"},{"lineNumber":24,"author":{"gitId":"nazrul0"},"content":"        return taskName;","lastModifiedDate":"2022-08-23"},{"lineNumber":25,"author":{"gitId":"nazrul0"},"content":"    }","lastModifiedDate":"2022-08-23"},{"lineNumber":26,"author":{"gitId":"nazrul0"},"content":"","lastModifiedDate":"2022-08-23"},{"lineNumber":27,"author":{"gitId":"nazrul0"},"content":"    public boolean isDone() {","lastModifiedDate":"2022-08-23"},{"lineNumber":28,"author":{"gitId":"nazrul0"},"content":"        return isDone;","lastModifiedDate":"2022-08-23"},{"lineNumber":29,"author":{"gitId":"nazrul0"},"content":"    }","lastModifiedDate":"2022-08-23"},{"lineNumber":30,"author":{"gitId":"nazrul0"},"content":"","lastModifiedDate":"2022-08-23"},{"lineNumber":31,"author":{"gitId":"nazrul0"},"content":"    public void setDone(boolean done) {","lastModifiedDate":"2022-08-23"},{"lineNumber":32,"author":{"gitId":"nazrul0"},"content":"        isDone \u003d done;","lastModifiedDate":"2022-08-23"},{"lineNumber":33,"author":{"gitId":"nazrul0"},"content":"    }","lastModifiedDate":"2022-08-23"},{"lineNumber":34,"author":{"gitId":"nazrul0"},"content":"","lastModifiedDate":"2022-08-31"},{"lineNumber":35,"author":{"gitId":"nazrul0"},"content":"    public void setTaskType(String taskType) {","lastModifiedDate":"2022-08-31"},{"lineNumber":36,"author":{"gitId":"nazrul0"},"content":"        this.taskType \u003d taskType;","lastModifiedDate":"2022-08-31"},{"lineNumber":37,"author":{"gitId":"nazrul0"},"content":"    }","lastModifiedDate":"2022-08-31"},{"lineNumber":38,"author":{"gitId":"nazrul0"},"content":"","lastModifiedDate":"2022-08-31"},{"lineNumber":39,"author":{"gitId":"nazrul0"},"content":"    public String getTaskType() {","lastModifiedDate":"2022-08-31"},{"lineNumber":40,"author":{"gitId":"nazrul0"},"content":"        return taskType;","lastModifiedDate":"2022-08-31"},{"lineNumber":41,"author":{"gitId":"nazrul0"},"content":"    }","lastModifiedDate":"2022-08-31"},{"lineNumber":42,"author":{"gitId":"nazrul0"},"content":"","lastModifiedDate":"2022-08-31"},{"lineNumber":43,"author":{"gitId":"nazrul0"},"content":"    public String getTaskDeadline() {","lastModifiedDate":"2022-08-31"},{"lineNumber":44,"author":{"gitId":"nazrul0"},"content":"        return taskDeadline;","lastModifiedDate":"2022-08-31"},{"lineNumber":45,"author":{"gitId":"nazrul0"},"content":"    }","lastModifiedDate":"2022-08-31"},{"lineNumber":46,"author":{"gitId":"nazrul0"},"content":"","lastModifiedDate":"2022-08-31"},{"lineNumber":47,"author":{"gitId":"nazrul0"},"content":"    public void setTaskDeadline(String taskDeadline) {","lastModifiedDate":"2022-08-31"},{"lineNumber":48,"author":{"gitId":"nazrul0"},"content":"        this.taskDeadline \u003d taskDeadline;","lastModifiedDate":"2022-08-31"},{"lineNumber":49,"author":{"gitId":"nazrul0"},"content":"    }","lastModifiedDate":"2022-08-31"},{"lineNumber":50,"author":{"gitId":"nazrul0"},"content":"","lastModifiedDate":"2022-08-31"},{"lineNumber":51,"author":{"gitId":"nazrul0"},"content":"    public String getEventTime() {","lastModifiedDate":"2022-08-31"},{"lineNumber":52,"author":{"gitId":"nazrul0"},"content":"        return eventTime;","lastModifiedDate":"2022-08-31"},{"lineNumber":53,"author":{"gitId":"nazrul0"},"content":"    }","lastModifiedDate":"2022-08-31"},{"lineNumber":54,"author":{"gitId":"nazrul0"},"content":"","lastModifiedDate":"2022-08-31"},{"lineNumber":55,"author":{"gitId":"nazrul0"},"content":"    public void setEventTime(String eventTime) {","lastModifiedDate":"2022-08-31"},{"lineNumber":56,"author":{"gitId":"nazrul0"},"content":"        this.eventTime \u003d eventTime;","lastModifiedDate":"2022-08-31"},{"lineNumber":57,"author":{"gitId":"nazrul0"},"content":"    }","lastModifiedDate":"2022-08-31"},{"lineNumber":58,"author":{"gitId":"nazrul0"},"content":"}","lastModifiedDate":"2022-08-23"}],"authorContributionMap":{"nazrul0":58}},{"path":"src/main/java/ToDo.java","fileType":"java","lines":[{"lineNumber":1,"author":{"gitId":"nazrul0"},"content":"public class ToDo extends Task {","lastModifiedDate":"2022-08-31"},{"lineNumber":2,"author":{"gitId":"nazrul0"},"content":"    public ToDo(String taskName) {","lastModifiedDate":"2022-08-31"},{"lineNumber":3,"author":{"gitId":"nazrul0"},"content":"        super(taskName);","lastModifiedDate":"2022-08-31"},{"lineNumber":4,"author":{"gitId":"nazrul0"},"content":"        super.setTaskType(\"ToDo\");","lastModifiedDate":"2022-08-31"},{"lineNumber":5,"author":{"gitId":"nazrul0"},"content":"    }","lastModifiedDate":"2022-08-31"},{"lineNumber":6,"author":{"gitId":"nazrul0"},"content":"","lastModifiedDate":"2022-08-31"},{"lineNumber":7,"author":{"gitId":"nazrul0"},"content":"    public ToDo(String taskName, boolean status) {","lastModifiedDate":"2022-08-31"},{"lineNumber":8,"author":{"gitId":"nazrul0"},"content":"        super(taskName, status);","lastModifiedDate":"2022-08-31"},{"lineNumber":9,"author":{"gitId":"nazrul0"},"content":"        super.setTaskType(\"ToDo\");","lastModifiedDate":"2022-08-31"},{"lineNumber":10,"author":{"gitId":"nazrul0"},"content":"    }","lastModifiedDate":"2022-08-31"},{"lineNumber":11,"author":{"gitId":"nazrul0"},"content":"}","lastModifiedDate":"2022-08-31"}],"authorContributionMap":{"nazrul0":11}},{"path":"text-ui-test/input.txt","fileType":"txt","lines":[{"lineNumber":1,"author":{"gitId":"nazrul0"},"content":"todo read book","lastModifiedDate":"2022-08-31"},{"lineNumber":2,"author":{"gitId":"nazrul0"},"content":"deadline homework /by 3pm today","lastModifiedDate":"2022-08-31"},{"lineNumber":3,"author":{"gitId":"nazrul0"},"content":"event meeting /at 4pm today","lastModifiedDate":"2022-08-31"},{"lineNumber":4,"author":{"gitId":"nazrul0"},"content":"list","lastModifiedDate":"2022-08-31"},{"lineNumber":5,"author":{"gitId":"nazrul0"},"content":"mark 1","lastModifiedDate":"2022-08-31"},{"lineNumber":6,"author":{"gitId":"nazrul0"},"content":"list","lastModifiedDate":"2022-08-31"},{"lineNumber":7,"author":{"gitId":"nazrul0"},"content":"unmark 1","lastModifiedDate":"2022-08-31"},{"lineNumber":8,"author":{"gitId":"nazrul0"},"content":"list","lastModifiedDate":"2022-08-31"},{"lineNumber":9,"author":{"gitId":"nazrul0"},"content":"bye","lastModifiedDate":"2022-08-31"}],"authorContributionMap":{"nazrul0":9}}]
