{"authorDailyContributionsMap":{"nazrul0":[{"date":"2022-08-17","commitResults":[{"hash":"86c916ab0e1d7daf23ad8f8801554eeb06578637","messageTitle":"added Level 0: Greet","messageBody":"","fileTypesAndContributionMap":{"java":{"insertions":6,"deletions":0}}}]},{"date":"2022-08-20","commitResults":[{"hash":"70286ec5a666bb37932b3d28b9aba15cd8541c41","messageTitle":"added Level-1","messageBody":"","tags":["Level-1"],"fileTypesAndContributionMap":{"java":{"insertions":20,"deletions":0}}}]},{"date":"2022-08-23","commitResults":[{"hash":"9db54377f25af123341f3d9a786e1c50e34630be","messageTitle":"add Level 2","messageBody":"","tags":["Level-2"],"fileTypesAndContributionMap":{"java":{"insertions":22,"deletions":4}}},{"hash":"7c63a8c84d687213a8848d9986515d2ca098d7a7","messageTitle":"added Level-3","messageBody":"","tags":["Level-3"],"fileTypesAndContributionMap":{"java":{"insertions":66,"deletions":8}}}]},{"date":"2022-08-26","commitResults":[{"hash":"12c4a21a6291ce09a9f7c9fe0a244261612d259d","messageTitle":"Edited to adhere to coding standards","messageBody":"","fileTypesAndContributionMap":{"java":{"insertions":3,"deletions":2}}},{"hash":"a2202ea0d129348e539f3bc1fc7a1913e4e2bd83","messageTitle":"Coding standard edits","messageBody":"","tags":["A-CodingStandard"],"fileTypesAndContributionMap":{"java":{"insertions":12,"deletions":6}}}]},{"date":"2022-08-31","commitResults":[{"hash":"13cac635bf7efd2ea891b801800c3ebca70919b1","messageTitle":"added Level 4: ToDo, Event, Deadline","messageBody":"","tags":["Level-4"],"fileTypesAndContributionMap":{"java":{"insertions":170,"deletions":33}}},{"hash":"098fd7e14fe5d682fdc48a12a39ebd9a38bb65b2","messageTitle":"Added A-TextUiTesting: Automated Text UI Testing","messageBody":"","tags":["A-TextUiTesting"],"fileTypesAndContributionMap":{"txt":{"insertions":9,"deletions":0}}},{"hash":"63a9056693bae581425dc60dae20135d32f5380d","messageTitle":"added A-CodeQuality: Improve Code Quality","messageBody":"","tags":["A-CodeQuality"],"fileTypesAndContributionMap":{"java":{"insertions":35,"deletions":34}}}]}]},"authorFileTypeContributionMap":{"nazrul0":{"java":248,"md":0,"fxml":0,"sh":0,"bat":0,"gradle":0,"txt":9}},"authorContributionVariance":{"nazrul0":4034.05},"authorDisplayNameMap":{"nazrul0":"CS2113-T18-1 NAZR..URAD"}}
