{"authorDailyContributionsMap":{"nazrul0":[{"date":"2022-08-17","commitResults":[{"hash":"86c916ab0e1d7daf23ad8f8801554eeb06578637","messageTitle":"added Level 0: Greet","messageBody":"","fileTypesAndContributionMap":{"java":{"insertions":6,"deletions":0}}}]},{"date":"2022-08-20","commitResults":[{"hash":"70286ec5a666bb37932b3d28b9aba15cd8541c41","messageTitle":"added Level-1","messageBody":"","tags":["Level-1"],"fileTypesAndContributionMap":{"java":{"insertions":20,"deletions":0}}}]}]},"authorFileTypeContributionMap":{"nazrul0":{"java":26,"md":0,"fxml":0,"sh":0,"bat":0,"gradle":0,"txt":0}},"authorContributionVariance":{"nazrul0":40.098766},"authorDisplayNameMap":{"nazrul0":"NAZR..URAD"}}
