{"authorDailyContributionsMap":{"maanyos":[{"date":"2022-08-15","commitResults":[{"hash":"7b16d84402c92792e12f876be076fe6be52ea905","messageTitle":"initial commit by kaiwen","messageBody":"","tags":["Starting-point"],"fileTypesAndContributionMap":{"java":{"insertions":2,"deletions":0}}},{"hash":"a9427a0b505e5910b6c639437070d06654d4909b","messageTitle":"increment level 0","messageBody":"","tags":["Level-0"],"fileTypesAndContributionMap":{"java":{"insertions":18,"deletions":0}}}]},{"date":"2022-08-20","commitResults":[{"hash":"16aa7893d43f37bf888fec84d2bbb7dc8f6353fe","messageTitle":"increment level 1","messageBody":"","tags":["Level-1"],"fileTypesAndContributionMap":{"java":{"insertions":15,"deletions":3}}},{"hash":"e083193b257e2ba924e6670c7b945b12892e4966","messageTitle":"increment level 2","messageBody":"","tags":["Level-2"],"fileTypesAndContributionMap":{"java":{"insertions":45,"deletions":2}}},{"hash":"b26789d8ee646c0246e47ffa8f0c6e540cfe6da8","messageTitle":"increment level 3","messageBody":"","tags":["Level-3","A-CodingStandard"],"fileTypesAndContributionMap":{"java":{"insertions":57,"deletions":20}}}]},{"date":"2022-08-27","commitResults":[{"hash":"985ce4876fb36cb80f0a9ffa2c14b96d02e253cf","messageTitle":"increment level 4","messageBody":"","tags":["Level-4"],"fileTypesAndContributionMap":{"java":{"insertions":221,"deletions":64}}},{"hash":"59c9bd12423bf402a2fa85642c1e2af06c596465","messageTitle":"fix code quality, add help dialogue","messageBody":"","tags":["A-TextUiTesting","A-CodeQuality"],"fileTypesAndContributionMap":{"txt":{"insertions":4,"deletions":0},"java":{"insertions":24,"deletions":9}}}]},{"date":"2022-09-03","commitResults":[{"hash":"cd776b3e1b12340e3e2c99092bc56f17ef643dc8","messageTitle":"increment level 5, suggestions from PR review","messageBody":"","tags":["A-Exceptions"],"fileTypesAndContributionMap":{"java":{"insertions":148,"deletions":37}}},{"hash":"8f4571c4a7746919672a046c917303e2a725f4dc","messageTitle":"add packages","messageBody":"","fileTypesAndContributionMap":{"java":{"insertions":128,"deletions":87}}}]},{"date":"2022-09-11","commitResults":[{"hash":"94c736ca135dba229b5fb53b69c5d861d44b39fd","messageTitle":"increment level 6","messageBody":"","fileTypesAndContributionMap":{"java":{"insertions":67,"deletions":47}}},{"hash":"a53d781242175cccc2cd739da6d89d0c6658dd2e","messageTitle":"increment level 7","messageBody":"","fileTypesAndContributionMap":{"java":{"insertions":138,"deletions":4}}}]},{"date":"2022-09-18","commitResults":[{"hash":"271e305fd1b11529d6a4a1d3a4df65574f5e47d2","messageTitle":"Many, many, many OOP","messageBody":"","tags":["A-MoreOOP"],"fileTypesAndContributionMap":{"java":{"insertions":697,"deletions":421}}},{"hash":"3101952628be72eaa49b03c318ee565766dc1870","messageTitle":"increment level 9","messageBody":"","fileTypesAndContributionMap":{"java":{"insertions":182,"deletions":113}}}]},{"date":"2022-09-19","commitResults":[{"hash":"ef7f4ef60af172d1d43f99e53965732ddee78e1c","messageTitle":"increment level 8","messageBody":"","fileTypesAndContributionMap":{"java":{"insertions":221,"deletions":60}}},{"hash":"eaf44535c86591b4546d1436aa6a61dceb2c3a6b","messageTitle":"Add JavaDoc comments","messageBody":"","fileTypesAndContributionMap":{"java":{"insertions":375,"deletions":11}}}]},{"date":"2022-09-20","commitResults":[{"hash":"fc476404ee82c93f23a975069c6ef9af5191b97d","messageTitle":"Add user guide, add status search ability, clean up code","messageBody":"","tags":["A-UserGuide"],"fileTypesAndContributionMap":{"java":{"insertions":238,"deletions":119},"md":{"insertions":269,"deletions":15}}},{"hash":"85bd61f67404fb12c48b0e1a38b97e31446b3aae","messageTitle":"attempt to fix github page","messageBody":"","fileTypesAndContributionMap":{"md":{"insertions":36,"deletions":36}}},{"hash":"6e5a6d079e5e79565c6092ecee8ff8a08c4be0d9","messageTitle":"attempt 2 to fix github page","messageBody":"","fileTypesAndContributionMap":{"md":{"insertions":0,"deletions":26}}},{"hash":"4d2064d0c90d0409b76a7b30c12efa6a251fb55c","messageTitle":"attempt 3 to fix github page","messageBody":"","fileTypesAndContributionMap":{"md":{"insertions":34,"deletions":22}}},{"hash":"89ea04ef3bff8a21cfbd8fb81e35d26c4500870f","messageTitle":"attempt 4 to fix github page","messageBody":"","fileTypesAndContributionMap":{"md":{"insertions":14,"deletions":0}}},{"hash":"8127a34f2fc37f412175cf125795da7199bfacbb","messageTitle":"attempt 5 to fix github page","messageBody":"","fileTypesAndContributionMap":{"md":{"insertions":13,"deletions":26}}},{"hash":"2d0c0413589bb2b58659d4f7bbdda2ea6f1ffbe4","messageTitle":"attempt 6 to fix github page","messageBody":"","fileTypesAndContributionMap":{"md":{"insertions":29,"deletions":25}}},{"hash":"19ce6ef20f9cd3199a6d7a35942d46f42798ecdc","messageTitle":"attempt 7 to fix github page","messageBody":"","fileTypesAndContributionMap":{"md":{"insertions":9,"deletions":13}}}]},{"date":"2022-09-21","commitResults":[{"hash":"73e0dcf04ff701ed8e11726e6a4b47dc7eb93b27","messageTitle":"attempt 8 to fix github page","messageBody":"","fileTypesAndContributionMap":{"md":{"insertions":3,"deletions":3}}},{"hash":"f1296ac585a4fe29690286db389dd6c87d03c46b","messageTitle":"attempt 9 to fix github page","messageBody":"","fileTypesAndContributionMap":{"md":{"insertions":1,"deletions":2}}},{"hash":"18ed403b47840ee5de79000278fba2cd3caa2a02","messageTitle":"attempt 10 to fix github page","messageBody":"","fileTypesAndContributionMap":{"md":{"insertions":15,"deletions":14}}},{"hash":"ddf7fd4a5f72f2aacd74d0e4ecac04a915ab4e8d","messageTitle":"attempt 11 to fix github page","messageBody":"","fileTypesAndContributionMap":{"md":{"insertions":15,"deletions":17}}},{"hash":"bba920cb7c80c2c6c1500ddb743d7ed7a02b682c","messageTitle":"attempt 12 to fix github page","messageBody":"","fileTypesAndContributionMap":{"md":{"insertions":17,"deletions":15}}},{"hash":"eeb404371eeb6f6f5b334225d6ed955887acdc38","messageTitle":"attempt 13 to fix github page","messageBody":"","fileTypesAndContributionMap":{"md":{"insertions":1,"deletions":0}}},{"hash":"b4357f744db53c98df5c5d35b124b82e675a9071","messageTitle":"attempt 14 to fix github page","messageBody":"","fileTypesAndContributionMap":{"md":{"insertions":0,"deletions":4}}},{"hash":"dde38a14ef2096e634f91a4a7e35051118551639","messageTitle":"Abort fixes for github page","messageBody":"","fileTypesAndContributionMap":{"md":{"insertions":0,"deletions":49}}},{"hash":"bd8ac8eb5bb8a08d9582d041b6f631ef23fb63a0","messageTitle":"fix some bugs with save files","messageBody":"","tags":["A-Release"],"fileTypesAndContributionMap":{"java":{"insertions":4,"deletions":3}}}]}]},"authorFileTypeContributionMap":{"maanyos":{"java":1676,"md":201,"fxml":0,"sh":0,"bat":0,"gradle":0,"txt":4}},"authorContributionVariance":{"maanyos":78515.66},"authorDisplayNameMap":{"maanyos":"CS2113-W12-3 ZHOU..IWEN"}}
