{"authorDailyContributionsMap":{"nshian":[{"date":"2022-08-18","commitResults":[{"hash":"4010cf2f6e0cce4786ca36ba1d2abc1ba4401174","messageTitle":"Add greetUser() for Level-0 increment","messageBody":"","fileTypesAndContributionMap":{"java":{"insertions":13,"deletions":2}}},{"hash":"9d736d13f8375dae07a9f35badc8401d751bcdc6","messageTitle":"Edit greetUser()","messageBody":"","fileTypesAndContributionMap":{"java":{"insertions":0,"deletions":6}}},{"hash":"433f43c32748eae5674ed88029403f2f382383a4","messageTitle":"Edit greetUser() to include logo","messageBody":"","fileTypesAndContributionMap":{"java":{"insertions":6,"deletions":0}}},{"hash":"608ca45d6a87a8e6c3e7522c3ce4fc99d5286530","messageTitle":"Edit greetUser(), add echoToUser() and sayByeToUser() for Level-1 increment","messageBody":"","tags":["Level-1"],"fileTypesAndContributionMap":{"java":{"insertions":27,"deletions":3}}},{"hash":"e1ad09f2aa96db14decf2b65627ff61ae4bf3b83","messageTitle":"Add addToList() and printList() for Level-2 increment","messageBody":"","tags":["Level-2"],"fileTypesAndContributionMap":{"java":{"insertions":23,"deletions":1}}}]},{"date":"2022-08-20","commitResults":[{"hash":"6923f7a0f9411a7958da1282194c102ba864e11e","messageTitle":"Add Task and TaskManager classes and update main to use Task and TaskManager","messageBody":"","tags":["Level-3"],"fileTypesAndContributionMap":{"java":{"insertions":69,"deletions":26}}}]},{"date":"2022-08-24","commitResults":[{"hash":"d3d4aeff033d3e6b081f59ff965dabd6e163f900","messageTitle":"Edit Duke.java to comply with coding standard","messageBody":"","tags":["A-CodingStandard"],"fileTypesAndContributionMap":{"java":{"insertions":3,"deletions":3}}}]},{"date":"2022-08-26","commitResults":[{"hash":"38e1639726d6bb5c16448cbb3db03f72701186ea","messageTitle":"Add Deadline.java, Event.java, Todo.java and edit Duke.java, Task.java, TaskMangager.java for Level-4 Increment","messageBody":"","tags":["Level-4"],"fileTypesAndContributionMap":{"java":{"insertions":75,"deletions":10}}}]},{"date":"2022-08-27","commitResults":[{"hash":"c5531e813e95fed9ee57c25994d070176d2c293d","messageTitle":"Edit Deadline.java, Duke.java, Task.java, TaskManager.java to improve code quality","messageBody":"","tags":["A-CodeQuality"],"fileTypesAndContributionMap":{"java":{"insertions":73,"deletions":61}}}]},{"date":"2022-08-31","commitResults":[{"hash":"ae2de54b75a7a1985b6f797df371f5e7f888aa26","messageTitle":"Add files to handle exceptions and update TaskManager.java for Level-5","messageBody":"","fileTypesAndContributionMap":{"java":{"insertions":86,"deletions":46}}}]},{"date":"2022-09-02","commitResults":[{"hash":"dd455a315ae8db6cc7d4e867f0035489600c499d","messageTitle":"Move error message functions from TaskManage.java to respective files","messageBody":"","fileTypesAndContributionMap":{"java":{"insertions":14,"deletions":18}}},{"hash":"142e71b81b72addf7428dca5a2a0947ffd26f324","messageTitle":"Add new exception handlers and organise files into packages","messageBody":"","tags":["A-Exceptions"],"fileTypesAndContributionMap":{"java":{"insertions":107,"deletions":16}}},{"hash":"eba5326859c3b66b9219bc2904b7c7c2476585c2","messageTitle":"Add new exception handlers for already marked/unmarked tasks","messageBody":"","tags":["A-Packages"],"fileTypesAndContributionMap":{"java":{"insertions":45,"deletions":11}}}]},{"date":"2022-09-09","commitResults":[{"hash":"dd4984d6046e69a51f82913ed0707059871bb0ce","messageTitle":"Update TaskManager.java to support deletion and edit minor errors in other files","messageBody":"","fileTypesAndContributionMap":{"java":{"insertions":83,"deletions":25}}},{"hash":"f8562a7cbb32776a99e141689562e5921029d902","messageTitle":"Add Storage.java to support saving tasks in hard disk and add packages for cleaner code","messageBody":"","fileTypesAndContributionMap":{"java":{"insertions":237,"deletions":52}}},{"hash":"c2b8293c29864b37bbc1b96047e446872bd53894","messageTitle":"Edit Storage.java to enable proper execution of JAR file","messageBody":"","tags":["v0.1","A-Jar"],"fileTypesAndContributionMap":{"java":{"insertions":2,"deletions":2}}}]}]},"authorFileTypeContributionMap":{"nshian":{"java":533,"md":0,"fxml":0,"sh":0,"bat":0,"gradle":0,"txt":0}},"authorContributionVariance":{"nshian":7529.009},"authorDisplayNameMap":{"nshian":"CS2113-W13-2 NG S.. IAN"}}
