{"authorDailyContributionsMap":{"nshian":[{"date":"2022-08-18","commitResults":[{"hash":"4010cf2f6e0cce4786ca36ba1d2abc1ba4401174","messageTitle":"Add greetUser() for Level-0 increment","messageBody":"","fileTypesAndContributionMap":{"java":{"insertions":13,"deletions":2}}},{"hash":"9d736d13f8375dae07a9f35badc8401d751bcdc6","messageTitle":"Edit greetUser()","messageBody":"","fileTypesAndContributionMap":{"java":{"insertions":0,"deletions":6}}},{"hash":"433f43c32748eae5674ed88029403f2f382383a4","messageTitle":"Edit greetUser() to include logo","messageBody":"","fileTypesAndContributionMap":{"java":{"insertions":6,"deletions":0}}},{"hash":"608ca45d6a87a8e6c3e7522c3ce4fc99d5286530","messageTitle":"Edit greetUser(), add echoToUser() and sayByeToUser() for Level-1 increment","messageBody":"","tags":["Level-1"],"fileTypesAndContributionMap":{"java":{"insertions":27,"deletions":3}}},{"hash":"e1ad09f2aa96db14decf2b65627ff61ae4bf3b83","messageTitle":"Add addToList() and printList() for Level-2 increment","messageBody":"","tags":["Level-2"],"fileTypesAndContributionMap":{"java":{"insertions":23,"deletions":1}}}]},{"date":"2022-08-20","commitResults":[{"hash":"6923f7a0f9411a7958da1282194c102ba864e11e","messageTitle":"Add Task and TaskManager classes and update main to use Task and TaskManager","messageBody":"","tags":["Level-3"],"fileTypesAndContributionMap":{"java":{"insertions":69,"deletions":26}}}]},{"date":"2022-08-24","commitResults":[{"hash":"d3d4aeff033d3e6b081f59ff965dabd6e163f900","messageTitle":"Edit Duke.java to comply with coding standard","messageBody":"","tags":["A-CodingStandard"],"fileTypesAndContributionMap":{"java":{"insertions":3,"deletions":3}}}]},{"date":"2022-08-26","commitResults":[{"hash":"38e1639726d6bb5c16448cbb3db03f72701186ea","messageTitle":"Add Deadline.java, Event.java, Todo.java and edit Duke.java, Task.java, TaskMangager.java for Level-4 Increment","messageBody":"","tags":["Level-4"],"fileTypesAndContributionMap":{"java":{"insertions":75,"deletions":10}}}]}]},"authorFileTypeContributionMap":{"nshian":{"java":171,"md":0,"fxml":0,"sh":0,"bat":0,"gradle":0,"txt":0}},"authorContributionVariance":{"nshian":1206.2932},"authorDisplayNameMap":{"nshian":"NG S.. IAN"}}
