[{"path":"src/main/java/Duke.java","fileType":"java","lines":[{"lineNumber":1,"author":{"gitId":"HT-T"},"content":"import Tasks.*;","lastModifiedDate":"2022-09-08"},{"lineNumber":2,"author":{"gitId":"HT-T"},"content":"import Exceptions.*;","lastModifiedDate":"2022-09-08"},{"lineNumber":3,"author":{"gitId":"HT-T"},"content":"","lastModifiedDate":"2022-09-08"},{"lineNumber":4,"author":{"gitId":"HT-T"},"content":"import java.util.Scanner;","lastModifiedDate":"2022-08-26"},{"lineNumber":5,"author":{"gitId":"HT-T"},"content":"import java.util.Vector;","lastModifiedDate":"2022-08-26"},{"lineNumber":6,"author":{"gitId":"HT-T"},"content":"","lastModifiedDate":"2022-08-26"},{"lineNumber":7,"author":{"gitId":"-"},"content":"public class Duke {","lastModifiedDate":"2019-07-29"},{"lineNumber":8,"author":{"gitId":"HT-T"},"content":"    public static final int EVENT_KEYWORD_LENGTH \u003d 6;","lastModifiedDate":"2022-09-08"},{"lineNumber":9,"author":{"gitId":"HT-T"},"content":"    public static final int DEADLINE_KEYWORD_LENGTH \u003d 9;","lastModifiedDate":"2022-09-08"},{"lineNumber":10,"author":{"gitId":"HT-T"},"content":"","lastModifiedDate":"2022-09-08"},{"lineNumber":11,"author":{"gitId":"HT-T"},"content":"    protected static void printGreet(){","lastModifiedDate":"2022-09-08"},{"lineNumber":12,"author":{"gitId":"-"},"content":"        String logo \u003d \" ____        _        \\n\"","lastModifiedDate":"2022-09-08"},{"lineNumber":13,"author":{"gitId":"-"},"content":"                + \"|  _ \\\\ _   _| | _____ \\n\"","lastModifiedDate":"2022-09-08"},{"lineNumber":14,"author":{"gitId":"-"},"content":"                + \"| | | | | | | |/ / _ \\\\\\n\"","lastModifiedDate":"2022-09-08"},{"lineNumber":15,"author":{"gitId":"-"},"content":"                + \"| |_| | |_| |   \u003c  __/\\n\"","lastModifiedDate":"2022-09-08"},{"lineNumber":16,"author":{"gitId":"-"},"content":"                + \"|____/ \\\\__,_|_|\\\\_\\\\___|\\n\";","lastModifiedDate":"2022-09-08"},{"lineNumber":17,"author":{"gitId":"-"},"content":"        System.out.println(\"Hello from\\n\" + logo);","lastModifiedDate":"2022-09-08"},{"lineNumber":18,"author":{"gitId":"HT-T"},"content":"        System.out.println(\"Hello! I\u0027m Duke_HTT. \\n What can I do for you?\");","lastModifiedDate":"2022-09-08"},{"lineNumber":19,"author":{"gitId":"HT-T"},"content":"    }","lastModifiedDate":"2022-09-08"},{"lineNumber":20,"author":{"gitId":"HT-T"},"content":"","lastModifiedDate":"2022-08-26"},{"lineNumber":21,"author":{"gitId":"HT-T"},"content":"    public static void processInput(){   ","lastModifiedDate":"2022-09-08"},{"lineNumber":22,"author":{"gitId":"HT-T"},"content":"        Scanner scan \u003d new Scanner ( System.in ); ","lastModifiedDate":"2022-09-08"},{"lineNumber":23,"author":{"gitId":"HT-T"},"content":"        String inData \u003d scan.nextLine(); // user line of input","lastModifiedDate":"2022-09-08"},{"lineNumber":24,"author":{"gitId":"HT-T"},"content":"        String[] inLine \u003d inData.split(\" \"); // code process line of input into an array","lastModifiedDate":"2022-09-08"},{"lineNumber":25,"author":{"gitId":"HT-T"},"content":"        Vector\u003cTask\u003e tasks \u003d new Vector\u003c\u003e(); // list of tasks","lastModifiedDate":"2022-09-08"},{"lineNumber":26,"author":{"gitId":"HT-T"},"content":"        boolean isFirstLine \u003d false; ","lastModifiedDate":"2022-09-08"},{"lineNumber":27,"author":{"gitId":"HT-T"},"content":"","lastModifiedDate":"2022-09-01"},{"lineNumber":28,"author":{"gitId":"HT-T"},"content":"        while (!inData.equals(\"bye\")){","lastModifiedDate":"2022-09-08"},{"lineNumber":29,"author":{"gitId":"HT-T"},"content":"            if (isFirstLine) { // kick start the loop if first time","lastModifiedDate":"2022-09-08"},{"lineNumber":30,"author":{"gitId":"HT-T"},"content":"                inData \u003d scan.nextLine();","lastModifiedDate":"2022-09-08"},{"lineNumber":31,"author":{"gitId":"HT-T"},"content":"                inLine \u003d inData.split(\" \");","lastModifiedDate":"2022-09-08"},{"lineNumber":32,"author":{"gitId":"HT-T"},"content":"            } else {","lastModifiedDate":"2022-09-08"},{"lineNumber":33,"author":{"gitId":"HT-T"},"content":"                isFirstLine \u003d true;","lastModifiedDate":"2022-09-08"},{"lineNumber":34,"author":{"gitId":"HT-T"},"content":"            }","lastModifiedDate":"2022-09-01"},{"lineNumber":35,"author":{"gitId":"HT-T"},"content":"","lastModifiedDate":"2022-08-26"},{"lineNumber":36,"author":{"gitId":"HT-T"},"content":"            int inputTaskIndex \u003d Integer.parseInt(inLine[1]);","lastModifiedDate":"2022-09-08"},{"lineNumber":37,"author":{"gitId":"HT-T"},"content":"            int taskIndex \u003d inputTaskIndex - 1;","lastModifiedDate":"2022-09-08"},{"lineNumber":38,"author":{"gitId":"HT-T"},"content":"            switch (inLine[0]){","lastModifiedDate":"2022-09-08"},{"lineNumber":39,"author":{"gitId":"HT-T"},"content":"            case \"list\":","lastModifiedDate":"2022-09-08"},{"lineNumber":40,"author":{"gitId":"HT-T"},"content":"                printList(tasks);","lastModifiedDate":"2022-09-08"},{"lineNumber":41,"author":{"gitId":"HT-T"},"content":"                break;","lastModifiedDate":"2022-09-08"},{"lineNumber":42,"author":{"gitId":"HT-T"},"content":"","lastModifiedDate":"2022-09-08"},{"lineNumber":43,"author":{"gitId":"HT-T"},"content":"            case \"mark\":","lastModifiedDate":"2022-09-08"},{"lineNumber":44,"author":{"gitId":"HT-T"},"content":"            try {","lastModifiedDate":"2022-09-08"},{"lineNumber":45,"author":{"gitId":"HT-T"},"content":"                if (inputTaskIndex \u003e tasks.size() || inputTaskIndex \u003c 1) {","lastModifiedDate":"2022-09-08"},{"lineNumber":46,"author":{"gitId":"HT-T"},"content":"                    throw new InvalidListIndexException();","lastModifiedDate":"2022-09-08"},{"lineNumber":47,"author":{"gitId":"HT-T"},"content":"                }","lastModifiedDate":"2022-08-26"},{"lineNumber":48,"author":{"gitId":"HT-T"},"content":"","lastModifiedDate":"2022-08-26"},{"lineNumber":49,"author":{"gitId":"HT-T"},"content":"                tasks.get(taskIndex).setTaskDone(true);","lastModifiedDate":"2022-09-08"},{"lineNumber":50,"author":{"gitId":"HT-T"},"content":"                ","lastModifiedDate":"2022-09-08"},{"lineNumber":51,"author":{"gitId":"HT-T"},"content":"                String doneMark;","lastModifiedDate":"2022-09-08"},{"lineNumber":52,"author":{"gitId":"HT-T"},"content":"                if (tasks.get(taskIndex).getTaskDone()){","lastModifiedDate":"2022-09-08"},{"lineNumber":53,"author":{"gitId":"HT-T"},"content":"                    doneMark \u003d \"[X]\";","lastModifiedDate":"2022-09-08"},{"lineNumber":54,"author":{"gitId":"HT-T"},"content":"                } else{","lastModifiedDate":"2022-09-08"},{"lineNumber":55,"author":{"gitId":"HT-T"},"content":"                    doneMark \u003d \"[ ]\";","lastModifiedDate":"2022-09-08"},{"lineNumber":56,"author":{"gitId":"HT-T"},"content":"                }","lastModifiedDate":"2022-08-26"},{"lineNumber":57,"author":{"gitId":"HT-T"},"content":"","lastModifiedDate":"2022-08-26"},{"lineNumber":58,"author":{"gitId":"HT-T"},"content":"                System.out.println(\"Nice! I\u0027ve marked this task as done: \\n\" + doneMark +","lastModifiedDate":"2022-09-08"},{"lineNumber":59,"author":{"gitId":"HT-T"},"content":"                        tasks.get(taskIndex).getTaskTitle());","lastModifiedDate":"2022-09-08"},{"lineNumber":60,"author":{"gitId":"HT-T"},"content":"            } catch (InvalidListIndexException | NumberFormatException e) {","lastModifiedDate":"2022-09-08"},{"lineNumber":61,"author":{"gitId":"HT-T"},"content":"                System.out.println(\"Error - List index given invalid. Please check again.\");","lastModifiedDate":"2022-09-08"},{"lineNumber":62,"author":{"gitId":"HT-T"},"content":"            }","lastModifiedDate":"2022-08-26"},{"lineNumber":63,"author":{"gitId":"HT-T"},"content":"            break;","lastModifiedDate":"2022-09-08"},{"lineNumber":64,"author":{"gitId":"HT-T"},"content":"            ","lastModifiedDate":"2022-08-26"},{"lineNumber":65,"author":{"gitId":"HT-T"},"content":"            case \"unmark\":","lastModifiedDate":"2022-09-08"},{"lineNumber":66,"author":{"gitId":"HT-T"},"content":"            try {","lastModifiedDate":"2022-09-08"},{"lineNumber":67,"author":{"gitId":"HT-T"},"content":"                if (inputTaskIndex \u003e tasks.size() || inputTaskIndex \u003c 1) {","lastModifiedDate":"2022-09-08"},{"lineNumber":68,"author":{"gitId":"HT-T"},"content":"                    throw new InvalidListIndexException();","lastModifiedDate":"2022-09-08"},{"lineNumber":69,"author":{"gitId":"HT-T"},"content":"                }","lastModifiedDate":"2022-08-26"},{"lineNumber":70,"author":{"gitId":"HT-T"},"content":"","lastModifiedDate":"2022-08-26"},{"lineNumber":71,"author":{"gitId":"HT-T"},"content":"                tasks.get(taskIndex).setTaskDone(false);","lastModifiedDate":"2022-09-08"},{"lineNumber":72,"author":{"gitId":"HT-T"},"content":"                ","lastModifiedDate":"2022-09-01"},{"lineNumber":73,"author":{"gitId":"HT-T"},"content":"                String doneMark;","lastModifiedDate":"2022-09-08"},{"lineNumber":74,"author":{"gitId":"HT-T"},"content":"                if (tasks.get(taskIndex).getTaskDone()){","lastModifiedDate":"2022-09-08"},{"lineNumber":75,"author":{"gitId":"HT-T"},"content":"                    doneMark \u003d \"[X]\";","lastModifiedDate":"2022-09-08"},{"lineNumber":76,"author":{"gitId":"HT-T"},"content":"                } else{","lastModifiedDate":"2022-09-08"},{"lineNumber":77,"author":{"gitId":"HT-T"},"content":"                    doneMark \u003d \"[ ]\";","lastModifiedDate":"2022-09-08"},{"lineNumber":78,"author":{"gitId":"HT-T"},"content":"                }","lastModifiedDate":"2022-08-26"},{"lineNumber":79,"author":{"gitId":"HT-T"},"content":"","lastModifiedDate":"2022-09-01"},{"lineNumber":80,"author":{"gitId":"HT-T"},"content":"                System.out.println(\"Nice! I\u0027ve marked this task as not done: \\n\" + doneMark +","lastModifiedDate":"2022-09-08"},{"lineNumber":81,"author":{"gitId":"HT-T"},"content":"                        tasks.get(taskIndex).getTaskTitle());","lastModifiedDate":"2022-09-08"},{"lineNumber":82,"author":{"gitId":"HT-T"},"content":"            } catch (InvalidListIndexException | NumberFormatException e) {","lastModifiedDate":"2022-09-08"},{"lineNumber":83,"author":{"gitId":"HT-T"},"content":"                System.out.println(\"Error - List index given invalid. Please check again.\");","lastModifiedDate":"2022-09-08"},{"lineNumber":84,"author":{"gitId":"HT-T"},"content":"            }","lastModifiedDate":"2022-08-26"},{"lineNumber":85,"author":{"gitId":"HT-T"},"content":"            break;","lastModifiedDate":"2022-09-08"},{"lineNumber":86,"author":{"gitId":"HT-T"},"content":"            ","lastModifiedDate":"2022-09-08"},{"lineNumber":87,"author":{"gitId":"HT-T"},"content":"            case \"todo\":","lastModifiedDate":"2022-09-08"},{"lineNumber":88,"author":{"gitId":"HT-T"},"content":"            try {","lastModifiedDate":"2022-09-08"},{"lineNumber":89,"author":{"gitId":"HT-T"},"content":"                if (inLine.length \u003c\u003d 1) {","lastModifiedDate":"2022-09-08"},{"lineNumber":90,"author":{"gitId":"HT-T"},"content":"                    throw new InvalidTodoException();","lastModifiedDate":"2022-09-08"},{"lineNumber":91,"author":{"gitId":"HT-T"},"content":"                }","lastModifiedDate":"2022-09-01"},{"lineNumber":92,"author":{"gitId":"HT-T"},"content":"","lastModifiedDate":"2022-09-01"},{"lineNumber":93,"author":{"gitId":"HT-T"},"content":"                tasks.add(new ToDo(inData.substring(5)));","lastModifiedDate":"2022-09-08"},{"lineNumber":94,"author":{"gitId":"HT-T"},"content":"","lastModifiedDate":"2022-08-26"},{"lineNumber":95,"author":{"gitId":"HT-T"},"content":"                System.out.println(\"Got it. I\u0027ve added this task: \\n\" + \"[T][ ] \"","lastModifiedDate":"2022-09-08"},{"lineNumber":96,"author":{"gitId":"HT-T"},"content":"                        + inData.substring(5) ); //////////magic number problem","lastModifiedDate":"2022-09-08"},{"lineNumber":97,"author":{"gitId":"HT-T"},"content":"                System.out.println(\"Now you have \" + tasks.size() +  \" tasks in the list.\");","lastModifiedDate":"2022-09-08"},{"lineNumber":98,"author":{"gitId":"HT-T"},"content":"            } catch (InvalidTodoException e) {","lastModifiedDate":"2022-09-08"},{"lineNumber":99,"author":{"gitId":"HT-T"},"content":"                System.out.println(\"Error - Please input a description for your To do. \");","lastModifiedDate":"2022-09-08"},{"lineNumber":100,"author":{"gitId":"HT-T"},"content":"            }","lastModifiedDate":"2022-09-08"},{"lineNumber":101,"author":{"gitId":"HT-T"},"content":"            break;","lastModifiedDate":"2022-09-08"},{"lineNumber":102,"author":{"gitId":"HT-T"},"content":"","lastModifiedDate":"2022-09-08"},{"lineNumber":103,"author":{"gitId":"HT-T"},"content":"            case \"event\":","lastModifiedDate":"2022-09-08"},{"lineNumber":104,"author":{"gitId":"HT-T"},"content":"                try {","lastModifiedDate":"2022-09-08"},{"lineNumber":105,"author":{"gitId":"HT-T"},"content":"                    int taskEndIndex \u003d inData.indexOf(\"/at\");","lastModifiedDate":"2022-09-08"},{"lineNumber":106,"author":{"gitId":"HT-T"},"content":"                    if (taskEndIndex \u003d\u003d -1) { // no \"/at\"","lastModifiedDate":"2022-09-08"},{"lineNumber":107,"author":{"gitId":"HT-T"},"content":"                        throw new InvalidEventException();","lastModifiedDate":"2022-09-08"},{"lineNumber":108,"author":{"gitId":"HT-T"},"content":"                    } else if (taskEndIndex \u003c\u003d EVENT_KEYWORD_LENGTH) { // no task title","lastModifiedDate":"2022-09-08"},{"lineNumber":109,"author":{"gitId":"HT-T"},"content":"                        throw new InvalidTaskTitleException();","lastModifiedDate":"2022-09-08"},{"lineNumber":110,"author":{"gitId":"HT-T"},"content":"                    } else if (taskEndIndex + 3 \u003c\u003d inData.length()) { // no task date","lastModifiedDate":"2022-09-08"},{"lineNumber":111,"author":{"gitId":"HT-T"},"content":"                        throw new InvalidTaskDateException();","lastModifiedDate":"2022-09-08"},{"lineNumber":112,"author":{"gitId":"HT-T"},"content":"                    }","lastModifiedDate":"2022-09-08"},{"lineNumber":113,"author":{"gitId":"HT-T"},"content":"","lastModifiedDate":"2022-08-26"},{"lineNumber":114,"author":{"gitId":"HT-T"},"content":"                    String eventTitle \u003d inData.substring(EVENT_KEYWORD_LENGTH,taskEndIndex); ","lastModifiedDate":"2022-09-08"},{"lineNumber":115,"author":{"gitId":"HT-T"},"content":"                    String eventDate \u003d inData.substring(taskEndIndex + 3); /////magic number, \"/at\"","lastModifiedDate":"2022-09-08"},{"lineNumber":116,"author":{"gitId":"HT-T"},"content":"                    tasks.add(new Event(eventTitle, eventDate));","lastModifiedDate":"2022-09-08"},{"lineNumber":117,"author":{"gitId":"HT-T"},"content":"","lastModifiedDate":"2022-09-08"},{"lineNumber":118,"author":{"gitId":"HT-T"},"content":"                    System.out.println(\"Got it. I\u0027ve added this event: \\n\" + \"[E] [ ]\"","lastModifiedDate":"2022-09-08"},{"lineNumber":119,"author":{"gitId":"HT-T"},"content":"                            + eventTitle + \" (at: \" + eventDate + \")\");","lastModifiedDate":"2022-09-08"},{"lineNumber":120,"author":{"gitId":"HT-T"},"content":"                    System.out.println(\"Now you have \" + tasks.size() +  \" tasks in the list.\");","lastModifiedDate":"2022-09-08"},{"lineNumber":121,"author":{"gitId":"HT-T"},"content":"                } catch (InvalidEventException e) {","lastModifiedDate":"2022-09-08"},{"lineNumber":122,"author":{"gitId":"HT-T"},"content":"                    System.out.println(\"Error - \u0027/at\u0027 must be included.\");","lastModifiedDate":"2022-09-08"},{"lineNumber":123,"author":{"gitId":"HT-T"},"content":"                } catch (InvalidTaskTitleException e) {","lastModifiedDate":"2022-09-08"},{"lineNumber":124,"author":{"gitId":"HT-T"},"content":"                    System.out.println(\"Error - input an event description\");","lastModifiedDate":"2022-09-08"},{"lineNumber":125,"author":{"gitId":"HT-T"},"content":"                } catch (InvalidTaskDateException e) {","lastModifiedDate":"2022-09-08"},{"lineNumber":126,"author":{"gitId":"HT-T"},"content":"                    System.out.println(\"Error - input an event date.\");","lastModifiedDate":"2022-09-08"},{"lineNumber":127,"author":{"gitId":"HT-T"},"content":"                }","lastModifiedDate":"2022-09-08"},{"lineNumber":128,"author":{"gitId":"HT-T"},"content":"                break;","lastModifiedDate":"2022-09-08"},{"lineNumber":129,"author":{"gitId":"HT-T"},"content":"","lastModifiedDate":"2022-09-08"},{"lineNumber":130,"author":{"gitId":"HT-T"},"content":"            case \"deadline\":","lastModifiedDate":"2022-09-08"},{"lineNumber":131,"author":{"gitId":"HT-T"},"content":"                try {","lastModifiedDate":"2022-09-08"},{"lineNumber":132,"author":{"gitId":"HT-T"},"content":"                    int taskEndIndex \u003d inData.indexOf(\"/by\");","lastModifiedDate":"2022-09-08"},{"lineNumber":133,"author":{"gitId":"HT-T"},"content":"                    if (taskEndIndex \u003d\u003d -1) { // no \"/by\"","lastModifiedDate":"2022-09-08"},{"lineNumber":134,"author":{"gitId":"HT-T"},"content":"                        throw new InvalidDeadlineException();","lastModifiedDate":"2022-09-08"},{"lineNumber":135,"author":{"gitId":"HT-T"},"content":"                    } else if (taskEndIndex \u003c\u003d DEADLINE_KEYWORD_LENGTH) { // no task title","lastModifiedDate":"2022-09-08"},{"lineNumber":136,"author":{"gitId":"HT-T"},"content":"                        throw new InvalidTaskTitleException();","lastModifiedDate":"2022-09-08"},{"lineNumber":137,"author":{"gitId":"HT-T"},"content":"                    } else if (taskEndIndex + 3 \u003c\u003d inData.length()) { // no task date","lastModifiedDate":"2022-09-08"},{"lineNumber":138,"author":{"gitId":"HT-T"},"content":"                        throw new InvalidTaskDateException();","lastModifiedDate":"2022-09-08"},{"lineNumber":139,"author":{"gitId":"HT-T"},"content":"                    }","lastModifiedDate":"2022-09-08"},{"lineNumber":140,"author":{"gitId":"HT-T"},"content":"","lastModifiedDate":"2022-09-08"},{"lineNumber":141,"author":{"gitId":"HT-T"},"content":"                    String deadlineTitle \u003d inData.substring(DEADLINE_KEYWORD_LENGTH, taskEndIndex); ","lastModifiedDate":"2022-09-08"},{"lineNumber":142,"author":{"gitId":"HT-T"},"content":"                    String deadlineDate \u003d inData.substring(taskEndIndex + 3); //magic number, \"/by\"","lastModifiedDate":"2022-09-08"},{"lineNumber":143,"author":{"gitId":"HT-T"},"content":"                    tasks.add(new Deadline(deadlineTitle, deadlineDate));","lastModifiedDate":"2022-09-08"},{"lineNumber":144,"author":{"gitId":"HT-T"},"content":"","lastModifiedDate":"2022-08-26"},{"lineNumber":145,"author":{"gitId":"HT-T"},"content":"                    System.out.println(\"Got it. I\u0027ve added this deadline: \\n\" + \"[D] [ ]\"","lastModifiedDate":"2022-09-08"},{"lineNumber":146,"author":{"gitId":"HT-T"},"content":"                            + deadlineTitle + \" (at: \" + deadlineDate + \")\");","lastModifiedDate":"2022-09-08"},{"lineNumber":147,"author":{"gitId":"HT-T"},"content":"                    System.out.println(\"Now you have \" + tasks.size() +  \" tasks in the list.\");","lastModifiedDate":"2022-09-08"},{"lineNumber":148,"author":{"gitId":"HT-T"},"content":"","lastModifiedDate":"2022-09-08"},{"lineNumber":149,"author":{"gitId":"HT-T"},"content":"","lastModifiedDate":"2022-09-08"},{"lineNumber":150,"author":{"gitId":"HT-T"},"content":"                } catch (InvalidDeadlineException e){","lastModifiedDate":"2022-09-08"},{"lineNumber":151,"author":{"gitId":"HT-T"},"content":"                    System.out.println(\"Error - \u0027/by\u0027 must be included.\");","lastModifiedDate":"2022-09-08"},{"lineNumber":152,"author":{"gitId":"HT-T"},"content":"                } catch (InvalidTaskTitleException e) {","lastModifiedDate":"2022-09-08"},{"lineNumber":153,"author":{"gitId":"HT-T"},"content":"                    System.out.println(\"Error - input a deadline description\");","lastModifiedDate":"2022-09-08"},{"lineNumber":154,"author":{"gitId":"HT-T"},"content":"                } catch (InvalidTaskDateException e) {","lastModifiedDate":"2022-09-08"},{"lineNumber":155,"author":{"gitId":"HT-T"},"content":"                    System.out.println(\"Error - input a deadline date.\");","lastModifiedDate":"2022-09-08"},{"lineNumber":156,"author":{"gitId":"HT-T"},"content":"                }","lastModifiedDate":"2022-09-08"},{"lineNumber":157,"author":{"gitId":"HT-T"},"content":"                break;","lastModifiedDate":"2022-09-08"},{"lineNumber":158,"author":{"gitId":"HT-T"},"content":"","lastModifiedDate":"2022-09-08"},{"lineNumber":159,"author":{"gitId":"HT-T"},"content":"            default:","lastModifiedDate":"2022-09-08"},{"lineNumber":160,"author":{"gitId":"HT-T"},"content":"            try {","lastModifiedDate":"2022-09-08"},{"lineNumber":161,"author":{"gitId":"HT-T"},"content":"                throw new InvalidGeneralInputException(); // catch all other exceptions","lastModifiedDate":"2022-09-08"},{"lineNumber":162,"author":{"gitId":"HT-T"},"content":"            } catch (InvalidGeneralInputException e) {","lastModifiedDate":"2022-09-08"},{"lineNumber":163,"author":{"gitId":"HT-T"},"content":"                System.out.println(\"Error - Sorry, I do not understand this input.\");","lastModifiedDate":"2022-09-08"},{"lineNumber":164,"author":{"gitId":"HT-T"},"content":"            }","lastModifiedDate":"2022-09-08"},{"lineNumber":165,"author":{"gitId":"HT-T"},"content":"            }","lastModifiedDate":"2022-09-08"},{"lineNumber":166,"author":{"gitId":"HT-T"},"content":"        }","lastModifiedDate":"2022-09-08"},{"lineNumber":167,"author":{"gitId":"HT-T"},"content":"    }","lastModifiedDate":"2022-09-08"},{"lineNumber":168,"author":{"gitId":"HT-T"},"content":"    ","lastModifiedDate":"2022-08-26"},{"lineNumber":169,"author":{"gitId":"HT-T"},"content":"    protected static void printGoodbyeMeessage(){","lastModifiedDate":"2022-09-08"},{"lineNumber":170,"author":{"gitId":"HT-T"},"content":"        System.out.println(\"Bye. Hope to see you again soon!\");","lastModifiedDate":"2022-09-08"},{"lineNumber":171,"author":{"gitId":"HT-T"},"content":"    }","lastModifiedDate":"2022-08-26"},{"lineNumber":172,"author":{"gitId":"HT-T"},"content":"","lastModifiedDate":"2022-09-08"},{"lineNumber":173,"author":{"gitId":"HT-T"},"content":"    public static void printList(Vector \u003cTask\u003e tasks){","lastModifiedDate":"2022-09-08"},{"lineNumber":174,"author":{"gitId":"HT-T"},"content":"        for (int i \u003d 0; i \u003c tasks.size(); i++) {","lastModifiedDate":"2022-09-08"},{"lineNumber":175,"author":{"gitId":"HT-T"},"content":"            String taskType \u003d tasks.get(i).getTaskType();","lastModifiedDate":"2022-09-08"},{"lineNumber":176,"author":{"gitId":"HT-T"},"content":"            String doneMark;","lastModifiedDate":"2022-09-08"},{"lineNumber":177,"author":{"gitId":"HT-T"},"content":"            int outputIndex \u003d i + 1;","lastModifiedDate":"2022-09-08"},{"lineNumber":178,"author":{"gitId":"HT-T"},"content":"            if (tasks.get(i).getTaskDone()){","lastModifiedDate":"2022-09-08"},{"lineNumber":179,"author":{"gitId":"HT-T"},"content":"                doneMark \u003d \"[X]\";","lastModifiedDate":"2022-09-08"},{"lineNumber":180,"author":{"gitId":"HT-T"},"content":"            } else{","lastModifiedDate":"2022-08-26"},{"lineNumber":181,"author":{"gitId":"HT-T"},"content":"                doneMark \u003d \"[ ]\";","lastModifiedDate":"2022-09-08"},{"lineNumber":182,"author":{"gitId":"HT-T"},"content":"            }","lastModifiedDate":"2022-08-26"},{"lineNumber":183,"author":{"gitId":"HT-T"},"content":"","lastModifiedDate":"2022-08-26"},{"lineNumber":184,"author":{"gitId":"HT-T"},"content":"            switch(taskType) {","lastModifiedDate":"2022-09-08"},{"lineNumber":185,"author":{"gitId":"HT-T"},"content":"            ","lastModifiedDate":"2022-08-26"},{"lineNumber":186,"author":{"gitId":"HT-T"},"content":"            case \"ToDo\":","lastModifiedDate":"2022-09-08"},{"lineNumber":187,"author":{"gitId":"HT-T"},"content":"                System.out.println(\"[T]\" + doneMark + \" \" + outputIndex + \". \" + tasks.get(i).getTaskTitle());","lastModifiedDate":"2022-09-08"},{"lineNumber":188,"author":{"gitId":"HT-T"},"content":"                break;","lastModifiedDate":"2022-09-08"},{"lineNumber":189,"author":{"gitId":"HT-T"},"content":"","lastModifiedDate":"2022-08-26"},{"lineNumber":190,"author":{"gitId":"HT-T"},"content":"            case \"Deadline\":","lastModifiedDate":"2022-09-08"},{"lineNumber":191,"author":{"gitId":"HT-T"},"content":"                String deadline \u003d tasks.get(i).getTaskDeadline();","lastModifiedDate":"2022-09-08"},{"lineNumber":192,"author":{"gitId":"HT-T"},"content":"                //String outputIndex \u003d i + 1;","lastModifiedDate":"2022-09-08"},{"lineNumber":193,"author":{"gitId":"HT-T"},"content":"                System.out.println(\"[D]\" + doneMark + \" \" + outputIndex + \". \" + tasks.get(i).getTaskTitle() +","lastModifiedDate":"2022-09-08"},{"lineNumber":194,"author":{"gitId":"HT-T"},"content":"                        \" (by: \" + deadline + \")\");","lastModifiedDate":"2022-09-08"},{"lineNumber":195,"author":{"gitId":"HT-T"},"content":"                break;","lastModifiedDate":"2022-09-08"},{"lineNumber":196,"author":{"gitId":"HT-T"},"content":"","lastModifiedDate":"2022-08-26"},{"lineNumber":197,"author":{"gitId":"HT-T"},"content":"            case \"Event\":","lastModifiedDate":"2022-09-08"},{"lineNumber":198,"author":{"gitId":"HT-T"},"content":"                String eventDate \u003d tasks.get(i).getTaskDate();","lastModifiedDate":"2022-09-08"},{"lineNumber":199,"author":{"gitId":"HT-T"},"content":"                //String outputIndex \u003d i + 1;","lastModifiedDate":"2022-09-08"},{"lineNumber":200,"author":{"gitId":"HT-T"},"content":"                System.out.println(\"[E]\" + doneMark + \" \" + outputIndex + \". \" + tasks.get(i).getTaskTitle() +","lastModifiedDate":"2022-09-08"},{"lineNumber":201,"author":{"gitId":"HT-T"},"content":"                        \" (at: \" + eventDate + \")\");","lastModifiedDate":"2022-09-08"},{"lineNumber":202,"author":{"gitId":"HT-T"},"content":"                break;","lastModifiedDate":"2022-09-08"},{"lineNumber":203,"author":{"gitId":"HT-T"},"content":"","lastModifiedDate":"2022-09-08"},{"lineNumber":204,"author":{"gitId":"HT-T"},"content":"            default:","lastModifiedDate":"2022-09-08"},{"lineNumber":205,"author":{"gitId":"HT-T"},"content":"                break;","lastModifiedDate":"2022-09-08"},{"lineNumber":206,"author":{"gitId":"HT-T"},"content":"            }","lastModifiedDate":"2022-08-26"},{"lineNumber":207,"author":{"gitId":"HT-T"},"content":"        }","lastModifiedDate":"2022-08-26"},{"lineNumber":208,"author":{"gitId":"-"},"content":"    }","lastModifiedDate":"2019-07-29"},{"lineNumber":209,"author":{"gitId":"HT-T"},"content":"","lastModifiedDate":"2022-09-08"},{"lineNumber":210,"author":{"gitId":"HT-T"},"content":"    public static void main(String[] args) {","lastModifiedDate":"2022-09-08"},{"lineNumber":211,"author":{"gitId":"HT-T"},"content":"        printGreet();","lastModifiedDate":"2022-09-08"},{"lineNumber":212,"author":{"gitId":"HT-T"},"content":"        processInput();","lastModifiedDate":"2022-09-08"},{"lineNumber":213,"author":{"gitId":"HT-T"},"content":"        printGoodbyeMeessage();  ","lastModifiedDate":"2022-09-08"},{"lineNumber":214,"author":{"gitId":"-"},"content":"    }","lastModifiedDate":"2022-09-08"},{"lineNumber":215,"author":{"gitId":"-"},"content":"}","lastModifiedDate":"2019-07-29"}],"authorContributionMap":{"HT-T":205,"-":10}},{"path":"src/main/java/Exceptions/InvalidDeadlineException.java","fileType":"java","lines":[{"lineNumber":1,"author":{"gitId":"HT-T"},"content":"package Exceptions;","lastModifiedDate":"2022-09-08"},{"lineNumber":2,"author":{"gitId":"HT-T"},"content":"","lastModifiedDate":"2022-09-08"},{"lineNumber":3,"author":{"gitId":"HT-T"},"content":"public class InvalidDeadlineException extends Exception {","lastModifiedDate":"2022-09-08"},{"lineNumber":4,"author":{"gitId":"HT-T"},"content":"}","lastModifiedDate":"2022-09-08"}],"authorContributionMap":{"HT-T":4}},{"path":"src/main/java/Exceptions/InvalidEventException.java","fileType":"java","lines":[{"lineNumber":1,"author":{"gitId":"HT-T"},"content":"package Exceptions;","lastModifiedDate":"2022-09-08"},{"lineNumber":2,"author":{"gitId":"HT-T"},"content":"","lastModifiedDate":"2022-09-08"},{"lineNumber":3,"author":{"gitId":"HT-T"},"content":"public class InvalidEventException extends Exception {","lastModifiedDate":"2022-09-08"},{"lineNumber":4,"author":{"gitId":"HT-T"},"content":"}","lastModifiedDate":"2022-09-08"}],"authorContributionMap":{"HT-T":4}},{"path":"src/main/java/Exceptions/InvalidGeneralInputException.java","fileType":"java","lines":[{"lineNumber":1,"author":{"gitId":"HT-T"},"content":"package Exceptions;","lastModifiedDate":"2022-09-08"},{"lineNumber":2,"author":{"gitId":"HT-T"},"content":"","lastModifiedDate":"2022-09-08"},{"lineNumber":3,"author":{"gitId":"HT-T"},"content":"public class InvalidGeneralInputException extends Exception {","lastModifiedDate":"2022-09-08"},{"lineNumber":4,"author":{"gitId":"HT-T"},"content":"}","lastModifiedDate":"2022-09-08"}],"authorContributionMap":{"HT-T":4}},{"path":"src/main/java/Exceptions/InvalidListIndexException.java","fileType":"java","lines":[{"lineNumber":1,"author":{"gitId":"HT-T"},"content":"package Exceptions;","lastModifiedDate":"2022-09-08"},{"lineNumber":2,"author":{"gitId":"HT-T"},"content":"","lastModifiedDate":"2022-09-08"},{"lineNumber":3,"author":{"gitId":"HT-T"},"content":"public class InvalidListIndexException extends Exception {","lastModifiedDate":"2022-09-08"},{"lineNumber":4,"author":{"gitId":"HT-T"},"content":"}","lastModifiedDate":"2022-09-08"}],"authorContributionMap":{"HT-T":4}},{"path":"src/main/java/Exceptions/InvalidTaskDateException.java","fileType":"java","lines":[{"lineNumber":1,"author":{"gitId":"HT-T"},"content":"package Exceptions;","lastModifiedDate":"2022-09-08"},{"lineNumber":2,"author":{"gitId":"HT-T"},"content":"","lastModifiedDate":"2022-09-08"},{"lineNumber":3,"author":{"gitId":"HT-T"},"content":"public class InvalidTaskDateException extends Exception {","lastModifiedDate":"2022-09-08"},{"lineNumber":4,"author":{"gitId":"HT-T"},"content":"}","lastModifiedDate":"2022-09-08"}],"authorContributionMap":{"HT-T":4}},{"path":"src/main/java/Exceptions/InvalidTaskTitleException.java","fileType":"java","lines":[{"lineNumber":1,"author":{"gitId":"HT-T"},"content":"package Exceptions;","lastModifiedDate":"2022-09-08"},{"lineNumber":2,"author":{"gitId":"HT-T"},"content":"","lastModifiedDate":"2022-09-08"},{"lineNumber":3,"author":{"gitId":"HT-T"},"content":"public class InvalidTaskTitleException extends Exception {","lastModifiedDate":"2022-09-08"},{"lineNumber":4,"author":{"gitId":"HT-T"},"content":"}","lastModifiedDate":"2022-09-08"}],"authorContributionMap":{"HT-T":4}},{"path":"src/main/java/Exceptions/InvalidTodoException.java","fileType":"java","lines":[{"lineNumber":1,"author":{"gitId":"HT-T"},"content":"package Exceptions;","lastModifiedDate":"2022-09-08"},{"lineNumber":2,"author":{"gitId":"HT-T"},"content":"","lastModifiedDate":"2022-09-08"},{"lineNumber":3,"author":{"gitId":"HT-T"},"content":"public class InvalidTodoException extends Exception {","lastModifiedDate":"2022-09-08"},{"lineNumber":4,"author":{"gitId":"HT-T"},"content":"}","lastModifiedDate":"2022-09-08"}],"authorContributionMap":{"HT-T":4}},{"path":"src/main/java/Tasks/Deadline.java","fileType":"java","lines":[{"lineNumber":1,"author":{"gitId":"HT-T"},"content":"package Tasks;","lastModifiedDate":"2022-09-08"},{"lineNumber":2,"author":{"gitId":"HT-T"},"content":"","lastModifiedDate":"2022-09-08"},{"lineNumber":3,"author":{"gitId":"HT-T"},"content":"public class Deadline extends Task {","lastModifiedDate":"2022-09-08"},{"lineNumber":4,"author":{"gitId":"HT-T"},"content":"    public Deadline(String taskTitle, String deadline) {","lastModifiedDate":"2022-09-08"},{"lineNumber":5,"author":{"gitId":"HT-T"},"content":"        super(taskTitle);","lastModifiedDate":"2022-09-08"},{"lineNumber":6,"author":{"gitId":"HT-T"},"content":"        super.setTaskType(\"Deadline\");","lastModifiedDate":"2022-09-08"},{"lineNumber":7,"author":{"gitId":"HT-T"},"content":"        super.setTaskDeadline(deadline);","lastModifiedDate":"2022-09-08"},{"lineNumber":8,"author":{"gitId":"HT-T"},"content":"    }","lastModifiedDate":"2022-09-08"},{"lineNumber":9,"author":{"gitId":"HT-T"},"content":"}","lastModifiedDate":"2022-09-08"}],"authorContributionMap":{"HT-T":9}},{"path":"src/main/java/Tasks/Event.java","fileType":"java","lines":[{"lineNumber":1,"author":{"gitId":"HT-T"},"content":"package Tasks;","lastModifiedDate":"2022-09-08"},{"lineNumber":2,"author":{"gitId":"HT-T"},"content":"","lastModifiedDate":"2022-09-08"},{"lineNumber":3,"author":{"gitId":"HT-T"},"content":"public class Event extends Task {","lastModifiedDate":"2022-09-08"},{"lineNumber":4,"author":{"gitId":"HT-T"},"content":"    public Event(String taskTitle, String taskDate) {","lastModifiedDate":"2022-09-08"},{"lineNumber":5,"author":{"gitId":"HT-T"},"content":"        super(taskTitle);","lastModifiedDate":"2022-09-08"},{"lineNumber":6,"author":{"gitId":"HT-T"},"content":"        super.setTaskType(\"Event\");","lastModifiedDate":"2022-09-08"},{"lineNumber":7,"author":{"gitId":"HT-T"},"content":"        super.setTaskDate(taskDate);","lastModifiedDate":"2022-09-08"},{"lineNumber":8,"author":{"gitId":"HT-T"},"content":"    }","lastModifiedDate":"2022-09-08"},{"lineNumber":9,"author":{"gitId":"HT-T"},"content":"}","lastModifiedDate":"2022-09-08"}],"authorContributionMap":{"HT-T":9}},{"path":"src/main/java/Tasks/Task.java","fileType":"java","lines":[{"lineNumber":1,"author":{"gitId":"HT-T"},"content":"package Tasks;","lastModifiedDate":"2022-09-08"},{"lineNumber":2,"author":{"gitId":"HT-T"},"content":"","lastModifiedDate":"2022-09-08"},{"lineNumber":3,"author":{"gitId":"HT-T"},"content":"public class Task{","lastModifiedDate":"2022-09-08"},{"lineNumber":4,"author":{"gitId":"HT-T"},"content":"    protected String taskTitle;","lastModifiedDate":"2022-09-08"},{"lineNumber":5,"author":{"gitId":"HT-T"},"content":"    protected boolean taskDone;","lastModifiedDate":"2022-09-08"},{"lineNumber":6,"author":{"gitId":"HT-T"},"content":"    protected String taskType;","lastModifiedDate":"2022-09-08"},{"lineNumber":7,"author":{"gitId":"HT-T"},"content":"    protected String taskDate;","lastModifiedDate":"2022-09-08"},{"lineNumber":8,"author":{"gitId":"HT-T"},"content":"    protected String taskDeadline;","lastModifiedDate":"2022-09-08"},{"lineNumber":9,"author":{"gitId":"HT-T"},"content":"","lastModifiedDate":"2022-09-08"},{"lineNumber":10,"author":{"gitId":"HT-T"},"content":"    public Task(String taskTitle){ // constructor","lastModifiedDate":"2022-09-08"},{"lineNumber":11,"author":{"gitId":"HT-T"},"content":"        this.taskTitle \u003d taskTitle;","lastModifiedDate":"2022-09-08"},{"lineNumber":12,"author":{"gitId":"HT-T"},"content":"        this.taskDone \u003d false;","lastModifiedDate":"2022-09-08"},{"lineNumber":13,"author":{"gitId":"HT-T"},"content":"    }","lastModifiedDate":"2022-09-08"},{"lineNumber":14,"author":{"gitId":"HT-T"},"content":"","lastModifiedDate":"2022-09-08"},{"lineNumber":15,"author":{"gitId":"HT-T"},"content":"    //get methods","lastModifiedDate":"2022-09-08"},{"lineNumber":16,"author":{"gitId":"HT-T"},"content":"    public String getTaskTitle(){","lastModifiedDate":"2022-09-08"},{"lineNumber":17,"author":{"gitId":"HT-T"},"content":"        return this.taskTitle;","lastModifiedDate":"2022-09-08"},{"lineNumber":18,"author":{"gitId":"HT-T"},"content":"    }","lastModifiedDate":"2022-09-08"},{"lineNumber":19,"author":{"gitId":"HT-T"},"content":"","lastModifiedDate":"2022-09-08"},{"lineNumber":20,"author":{"gitId":"HT-T"},"content":"    public boolean getTaskDone(){","lastModifiedDate":"2022-09-08"},{"lineNumber":21,"author":{"gitId":"HT-T"},"content":"        return this.taskDone;","lastModifiedDate":"2022-09-08"},{"lineNumber":22,"author":{"gitId":"HT-T"},"content":"    }","lastModifiedDate":"2022-09-08"},{"lineNumber":23,"author":{"gitId":"HT-T"},"content":"","lastModifiedDate":"2022-09-08"},{"lineNumber":24,"author":{"gitId":"HT-T"},"content":"","lastModifiedDate":"2022-09-08"},{"lineNumber":25,"author":{"gitId":"HT-T"},"content":"    public String getTaskType(){","lastModifiedDate":"2022-09-08"},{"lineNumber":26,"author":{"gitId":"HT-T"},"content":"        return this.taskType;","lastModifiedDate":"2022-09-08"},{"lineNumber":27,"author":{"gitId":"HT-T"},"content":"    }","lastModifiedDate":"2022-09-08"},{"lineNumber":28,"author":{"gitId":"HT-T"},"content":"","lastModifiedDate":"2022-09-08"},{"lineNumber":29,"author":{"gitId":"HT-T"},"content":"    public String getTaskDate(){","lastModifiedDate":"2022-09-08"},{"lineNumber":30,"author":{"gitId":"HT-T"},"content":"        return this.taskDate;","lastModifiedDate":"2022-09-08"},{"lineNumber":31,"author":{"gitId":"HT-T"},"content":"    }","lastModifiedDate":"2022-09-08"},{"lineNumber":32,"author":{"gitId":"HT-T"},"content":"","lastModifiedDate":"2022-09-08"},{"lineNumber":33,"author":{"gitId":"HT-T"},"content":"    public String getTaskDeadline(){","lastModifiedDate":"2022-09-08"},{"lineNumber":34,"author":{"gitId":"HT-T"},"content":"        return this.taskDeadline;","lastModifiedDate":"2022-09-08"},{"lineNumber":35,"author":{"gitId":"HT-T"},"content":"    }","lastModifiedDate":"2022-09-08"},{"lineNumber":36,"author":{"gitId":"HT-T"},"content":"","lastModifiedDate":"2022-09-08"},{"lineNumber":37,"author":{"gitId":"HT-T"},"content":"    //set methods","lastModifiedDate":"2022-09-08"},{"lineNumber":38,"author":{"gitId":"HT-T"},"content":"    public void setTaskDone(boolean done){","lastModifiedDate":"2022-09-08"},{"lineNumber":39,"author":{"gitId":"HT-T"},"content":"        this.taskDone \u003d done;","lastModifiedDate":"2022-09-08"},{"lineNumber":40,"author":{"gitId":"HT-T"},"content":"    }","lastModifiedDate":"2022-09-08"},{"lineNumber":41,"author":{"gitId":"HT-T"},"content":"","lastModifiedDate":"2022-09-08"},{"lineNumber":42,"author":{"gitId":"HT-T"},"content":"    public void setTaskType(String taskType){","lastModifiedDate":"2022-09-08"},{"lineNumber":43,"author":{"gitId":"HT-T"},"content":"        this.taskType \u003d taskType;","lastModifiedDate":"2022-09-08"},{"lineNumber":44,"author":{"gitId":"HT-T"},"content":"    }","lastModifiedDate":"2022-09-08"},{"lineNumber":45,"author":{"gitId":"HT-T"},"content":"","lastModifiedDate":"2022-09-08"},{"lineNumber":46,"author":{"gitId":"HT-T"},"content":"    public void setTaskDate(String taskDate){","lastModifiedDate":"2022-09-08"},{"lineNumber":47,"author":{"gitId":"HT-T"},"content":"        this.taskDate \u003d taskDate;","lastModifiedDate":"2022-09-08"},{"lineNumber":48,"author":{"gitId":"HT-T"},"content":"    }","lastModifiedDate":"2022-09-08"},{"lineNumber":49,"author":{"gitId":"HT-T"},"content":"","lastModifiedDate":"2022-09-08"},{"lineNumber":50,"author":{"gitId":"HT-T"},"content":"    public void setTaskDeadline(String taskDeadline){","lastModifiedDate":"2022-09-08"},{"lineNumber":51,"author":{"gitId":"HT-T"},"content":"        this.taskDeadline \u003d taskDeadline;","lastModifiedDate":"2022-09-08"},{"lineNumber":52,"author":{"gitId":"HT-T"},"content":"    }","lastModifiedDate":"2022-09-08"},{"lineNumber":53,"author":{"gitId":"HT-T"},"content":"}","lastModifiedDate":"2022-09-08"}],"authorContributionMap":{"HT-T":53}},{"path":"src/main/java/Tasks/ToDo.java","fileType":"java","lines":[{"lineNumber":1,"author":{"gitId":"HT-T"},"content":"package Tasks;","lastModifiedDate":"2022-09-08"},{"lineNumber":2,"author":{"gitId":"HT-T"},"content":"","lastModifiedDate":"2022-09-08"},{"lineNumber":3,"author":{"gitId":"HT-T"},"content":"public class ToDo extends Task {","lastModifiedDate":"2022-09-08"},{"lineNumber":4,"author":{"gitId":"HT-T"},"content":"    public ToDo(String taskTitle) {","lastModifiedDate":"2022-09-08"},{"lineNumber":5,"author":{"gitId":"HT-T"},"content":"        super(taskTitle);","lastModifiedDate":"2022-09-08"},{"lineNumber":6,"author":{"gitId":"HT-T"},"content":"        super.setTaskType(\"ToDo\");","lastModifiedDate":"2022-09-08"},{"lineNumber":7,"author":{"gitId":"HT-T"},"content":"    }","lastModifiedDate":"2022-09-08"},{"lineNumber":8,"author":{"gitId":"HT-T"},"content":"}","lastModifiedDate":"2022-09-08"}],"authorContributionMap":{"HT-T":8}}]
