{"authorDailyContributionsMap":{"HT-T":[{"date":"2022-08-25","commitResults":[{"hash":"4ae595c63ae921f62f629c78b1d763bd96a85db6","messageTitle":"Add level-0","messageBody":"","tags":["Level-0"],"fileTypesAndContributionMap":{"java":{"insertions":1,"deletions":0}}}]},{"date":"2022-08-26","commitResults":[{"hash":"001241d3de0f0e229fa5690b613a68e427cd419a","messageTitle":"Level 1 commit @ 26Aug - HT","messageBody":"","tags":["Level-1"],"fileTypesAndContributionMap":{"java":{"insertions":27,"deletions":5}}},{"hash":"298e1cf0a42cfa59757b31327b43318c638eca0f","messageTitle":"Level-2 26Aug HT","messageBody":"","tags":["Level-2"],"fileTypesAndContributionMap":{"java":{"insertions":45,"deletions":4}}},{"hash":"435e7ec1cb6b05897e9673db1098d505e25e591c","messageTitle":"Level-3 Aug 26 HT","messageBody":"","tags":["Level-3"],"fileTypesAndContributionMap":{"java":{"insertions":62,"deletions":10}}},{"hash":"aa7a8525cf515c00d964f5f10dae605ea7b95de7","messageTitle":"A-CodingStandard 26Aug HT","messageBody":"","tags":["A-CodingStandard"],"fileTypesAndContributionMap":{"java":{"insertions":30,"deletions":53}}}]},{"date":"2022-08-29","commitResults":[{"hash":"24094bdbeb2cb540b3f13087e34ac4199e21b904","messageTitle":"Aug 29; for PR","messageBody":"","fileTypesAndContributionMap":{"java":{"insertions":1,"deletions":1}}}]},{"date":"2022-09-01","commitResults":[{"hash":"5ed35f0a1ab912acd70a432f50850b7acedaa50d","messageTitle":"Lvl 4 Sep 1","messageBody":"","tags":["Level-4"],"fileTypesAndContributionMap":{"java":{"insertions":50,"deletions":3}}},{"hash":"fa4aed896b7b02bc1293368b167159a696c691ce","messageTitle":"A-CodeQuality","messageBody":"","tags":["A-CodeQuality"],"fileTypesAndContributionMap":{"java":{"insertions":1,"deletions":10}}},{"hash":"287165c6b8e8782a5712fb28fe68dd1668bba09d","messageTitle":"fixed bugs","messageBody":"","fileTypesAndContributionMap":{"java":{"insertions":7,"deletions":7}}}]},{"date":"2022-09-02","commitResults":[{"hash":"8672892af91ca7ac2b61c5c3dac7d849a6a1b01c","messageTitle":"fixed bugs","messageBody":"","tags":["test-tag"],"fileTypesAndContributionMap":{"java":{"insertions":8,"deletions":8}}}]},{"date":"2022-09-08","commitResults":[{"hash":"4dade9d5c7de2a9e991eb457a765e537aa657498","messageTitle":"8 Sep: Level-5 and A-Exceptions done 1) implemented Task class OOP that was absent in level 4; 2) fixed functionality bugs 3) separated functions from Duke.java; 4) changed if-else to switch case; 5) changed implementation of inputs processing","messageBody":"","tags":["Level-5","A-Exceptions"],"fileTypesAndContributionMap":{"java":{"insertions":301,"deletions":120}}}]},{"date":"2022-09-09","commitResults":[{"hash":"8cfd2fb7b1648090bd6ad27b0dc38f2e762056c5","messageTitle":"branched","messageBody":"","fileTypesAndContributionMap":{"java":{"insertions":1,"deletions":1}}}]},{"date":"2022-09-15","commitResults":[{"hash":"cece28ca6d88d506d9d6fc1da2ccfb5e5619fffe","messageTitle":"Level-6 function","messageBody":"","fileTypesAndContributionMap":{"java":{"insertions":59,"deletions":4}}},{"hash":"9ecc7fada09f0751443c46a6a525b68219041046","messageTitle":"Level-7 funct","messageBody":"","fileTypesAndContributionMap":{"java":{"insertions":190,"deletions":5}}}]},{"date":"2022-10-04","commitResults":[{"hash":"d1ce75d00e4fd64cd6a7720cd6bb823907790971","messageTitle":"branch_level_8","messageBody":"","fileTypesAndContributionMap":{"txt":{"insertions":0,"deletions":0},"java":{"insertions":224,"deletions":107}}},{"hash":"b7c58b616058e00619396eda9892cbb177697068","messageTitle":"no message","messageBody":"","fileTypesAndContributionMap":{"txt":{"insertions":18,"deletions":0},"java":{"insertions":1213,"deletions":432},"bat":{"insertions":2,"deletions":2},"sh":{"insertions":1,"deletions":1},"md":{"insertions":222,"deletions":39}}},{"hash":"91a8a907668154a9574fe1a0a7ed6e7ab7bdc2cd","messageTitle":"Delete docs directory","messageBody":"","fileTypesAndContributionMap":{"md":{"insertions":0,"deletions":238}}},{"hash":"1a222dead55eb1b330e18d42f04e789bf03a0c5b","messageTitle":"Update input.txt","messageBody":"","fileTypesAndContributionMap":{"txt":{"insertions":1,"deletions":0}}},{"hash":"99876e565283509a5f2033350ce60f6217af5397","messageTitle":"no message","messageBody":"","fileTypesAndContributionMap":{"java":{"insertions":1,"deletions":1}}},{"hash":"468ca6f4f007aad262dc2d03f6d353537e903757","messageTitle":"User\u0027s Guide","messageBody":"","tags":["A-Release"],"fileTypesAndContributionMap":{"md":{"insertions":238,"deletions":0}}}]},{"date":"2022-10-06","commitResults":[{"hash":"2c3d4186491c025c4eea42b8d058a8b41771d1fc","messageTitle":"Update README.md","messageBody":"","fileTypesAndContributionMap":{"md":{"insertions":2,"deletions":2}}},{"hash":"745f839c36d73f5235bd293674319a32fb57b2ec","messageTitle":"Update README.md","messageBody":"","tags":["A-UserGuide"],"fileTypesAndContributionMap":{"md":{"insertions":1,"deletions":1}}}]},{"date":"2022-10-20","commitResults":[{"hash":"84c3eea31a6dfb2b33068aff35891793d6c6aaae","messageTitle":"Delete runtest.bat","messageBody":"","fileTypesAndContributionMap":{"bat":{"insertions":0,"deletions":21}}},{"hash":"00f533df76cd542a2734430fa2d54e544d654c74","messageTitle":"Delete runtest.sh","messageBody":"","fileTypesAndContributionMap":{"sh":{"insertions":0,"deletions":38}}}]}]},"authorFileTypeContributionMap":{"HT-T":{"java":1458,"md":222,"fxml":0,"sh":0,"bat":0,"gradle":0,"txt":19}},"authorContributionVariance":{"HT-T":108694.48},"authorDisplayNameMap":{"HT-T":"CS2113-T17-3 HANG..TIAN"}}
