{"authorDailyContributionsMap":{"HT-T":[{"date":"2022-08-25","commitResults":[{"hash":"4ae595c63ae921f62f629c78b1d763bd96a85db6","messageTitle":"Add level-0","messageBody":"","tags":["Level-0"],"fileTypesAndContributionMap":{"java":{"insertions":1,"deletions":0}}}]},{"date":"2022-08-26","commitResults":[{"hash":"001241d3de0f0e229fa5690b613a68e427cd419a","messageTitle":"Level 1 commit @ 26Aug - HT","messageBody":"","tags":["Level-1"],"fileTypesAndContributionMap":{"java":{"insertions":27,"deletions":5}}},{"hash":"298e1cf0a42cfa59757b31327b43318c638eca0f","messageTitle":"Level-2 26Aug HT","messageBody":"","tags":["Level-2"],"fileTypesAndContributionMap":{"java":{"insertions":45,"deletions":4}}},{"hash":"435e7ec1cb6b05897e9673db1098d505e25e591c","messageTitle":"Level-3 Aug 26 HT","messageBody":"","tags":["Level-3"],"fileTypesAndContributionMap":{"java":{"insertions":62,"deletions":10}}},{"hash":"aa7a8525cf515c00d964f5f10dae605ea7b95de7","messageTitle":"A-CodingStandard 26Aug HT","messageBody":"","tags":["A-CodingStandard"],"fileTypesAndContributionMap":{"java":{"insertions":30,"deletions":53}}}]}]},"authorFileTypeContributionMap":{"HT-T":{"java":93,"md":0,"fxml":0,"sh":0,"bat":0,"gradle":0,"txt":0}},"authorContributionVariance":{"HT-T":3463.4932},"authorDisplayNameMap":{"HT-T":"HANG..TIAN"}}
