[{"path":"src/main/java/Duke.java","fileType":"java","lines":[{"lineNumber":1,"author":{"gitId":"eehongchan"},"content":"import java.util.Scanner;","lastModifiedDate":"2022-08-22"},{"lineNumber":2,"author":{"gitId":"eehongchan"},"content":"","lastModifiedDate":"2022-08-22"},{"lineNumber":3,"author":{"gitId":"-"},"content":"public class Duke {","lastModifiedDate":"2019-07-29"},{"lineNumber":4,"author":{"gitId":"-"},"content":"    public static void main(String[] args) {","lastModifiedDate":"2019-07-29"},{"lineNumber":5,"author":{"gitId":"eehongchan"},"content":"        String line;","lastModifiedDate":"2022-08-22"},{"lineNumber":6,"author":{"gitId":"eehongchan"},"content":"        Scanner in \u003d new Scanner(System.in);","lastModifiedDate":"2022-08-22"},{"lineNumber":7,"author":{"gitId":"eehongchan"},"content":"        String[] taskList \u003d new String[100];","lastModifiedDate":"2022-08-22"},{"lineNumber":8,"author":{"gitId":"eehongchan"},"content":"        int listSize \u003d 0;","lastModifiedDate":"2022-08-22"},{"lineNumber":9,"author":{"gitId":"eehongchan"},"content":"        // Greet user","lastModifiedDate":"2022-08-22"},{"lineNumber":10,"author":{"gitId":"eehongchan"},"content":"        System.out.println(\"____________________________________________________________\\n\" +","lastModifiedDate":"2022-08-20"},{"lineNumber":11,"author":{"gitId":"eehongchan"},"content":"                \"Hello! I\u0027m Duke\\n\" +","lastModifiedDate":"2022-08-20"},{"lineNumber":12,"author":{"gitId":"eehongchan"},"content":"                \"What can I do for you?\\n\" +","lastModifiedDate":"2022-08-20"},{"lineNumber":13,"author":{"gitId":"eehongchan"},"content":"                \"____________________________________________________________\\n\");","lastModifiedDate":"2022-08-22"},{"lineNumber":14,"author":{"gitId":"eehongchan"},"content":"","lastModifiedDate":"2022-08-22"},{"lineNumber":15,"author":{"gitId":"eehongchan"},"content":"        // Wait for input","lastModifiedDate":"2022-08-22"},{"lineNumber":16,"author":{"gitId":"eehongchan"},"content":"        while (true) {","lastModifiedDate":"2022-08-22"},{"lineNumber":17,"author":{"gitId":"eehongchan"},"content":"            line \u003d in.nextLine();","lastModifiedDate":"2022-08-22"},{"lineNumber":18,"author":{"gitId":"eehongchan"},"content":"","lastModifiedDate":"2022-08-22"},{"lineNumber":19,"author":{"gitId":"eehongchan"},"content":"            if (line.equals(\"bye\")) {","lastModifiedDate":"2022-08-22"},{"lineNumber":20,"author":{"gitId":"eehongchan"},"content":"                System.out.println(\"____________________________________________________________\\n\" +","lastModifiedDate":"2022-08-22"},{"lineNumber":21,"author":{"gitId":"eehongchan"},"content":"                        \"Bye. Hope to see you again soon!\\n\" +","lastModifiedDate":"2022-08-22"},{"lineNumber":22,"author":{"gitId":"eehongchan"},"content":"                        \"____________________________________________________________\\n\");","lastModifiedDate":"2022-08-22"},{"lineNumber":23,"author":{"gitId":"eehongchan"},"content":"                break;","lastModifiedDate":"2022-08-22"},{"lineNumber":24,"author":{"gitId":"eehongchan"},"content":"            }","lastModifiedDate":"2022-08-22"},{"lineNumber":25,"author":{"gitId":"eehongchan"},"content":"            else if (line.equals(\"list\")) {","lastModifiedDate":"2022-08-22"},{"lineNumber":26,"author":{"gitId":"eehongchan"},"content":"                System.out.println(\"____________________________________________________________\");","lastModifiedDate":"2022-08-22"},{"lineNumber":27,"author":{"gitId":"eehongchan"},"content":"                    if (listSize \u003e 0) {","lastModifiedDate":"2022-08-22"},{"lineNumber":28,"author":{"gitId":"eehongchan"},"content":"                        for (int i \u003d 0; i \u003c listSize; i++) {","lastModifiedDate":"2022-08-22"},{"lineNumber":29,"author":{"gitId":"eehongchan"},"content":"                            System.out.printf(\"%d. %s\\n\", i + 1, taskList[i]);","lastModifiedDate":"2022-08-22"},{"lineNumber":30,"author":{"gitId":"eehongchan"},"content":"                        }","lastModifiedDate":"2022-08-22"},{"lineNumber":31,"author":{"gitId":"eehongchan"},"content":"                    }","lastModifiedDate":"2022-08-22"},{"lineNumber":32,"author":{"gitId":"eehongchan"},"content":"                    else {","lastModifiedDate":"2022-08-22"},{"lineNumber":33,"author":{"gitId":"eehongchan"},"content":"                        System.out.println(\"No items in list! Type something to add to list.\");","lastModifiedDate":"2022-08-22"},{"lineNumber":34,"author":{"gitId":"eehongchan"},"content":"                    }","lastModifiedDate":"2022-08-22"},{"lineNumber":35,"author":{"gitId":"eehongchan"},"content":"                System.out.println(\"____________________________________________________________\");","lastModifiedDate":"2022-08-22"},{"lineNumber":36,"author":{"gitId":"eehongchan"},"content":"            }","lastModifiedDate":"2022-08-22"},{"lineNumber":37,"author":{"gitId":"eehongchan"},"content":"            else {","lastModifiedDate":"2022-08-22"},{"lineNumber":38,"author":{"gitId":"eehongchan"},"content":"                taskList[listSize] \u003d line;","lastModifiedDate":"2022-08-22"},{"lineNumber":39,"author":{"gitId":"eehongchan"},"content":"                listSize++;","lastModifiedDate":"2022-08-22"},{"lineNumber":40,"author":{"gitId":"eehongchan"},"content":"                System.out.println(\"____________________________________________________________\\n\" +","lastModifiedDate":"2022-08-22"},{"lineNumber":41,"author":{"gitId":"eehongchan"},"content":"                        \"added: \" + line +","lastModifiedDate":"2022-08-22"},{"lineNumber":42,"author":{"gitId":"eehongchan"},"content":"                        \"\\n____________________________________________________________\\n\");","lastModifiedDate":"2022-08-22"},{"lineNumber":43,"author":{"gitId":"eehongchan"},"content":"            }","lastModifiedDate":"2022-08-22"},{"lineNumber":44,"author":{"gitId":"eehongchan"},"content":"        }","lastModifiedDate":"2022-08-22"},{"lineNumber":45,"author":{"gitId":"-"},"content":"    }","lastModifiedDate":"2019-07-29"},{"lineNumber":46,"author":{"gitId":"-"},"content":"}","lastModifiedDate":"2019-07-29"}],"authorContributionMap":{"eehongchan":42,"-":4}}]
