{"authorDailyContributionsMap":{"eehongchan":[{"date":"2022-08-20","commitResults":[{"hash":"1dc91705623d16ec70a885df3b36d7d500a05144","messageTitle":"Add skeletal version of the Duke that greets the user and exits","messageBody":"","tags":["Level-0"],"fileTypesAndContributionMap":{"java":{"insertions":7,"deletions":6}}}]},{"date":"2022-08-22","commitResults":[{"hash":"be4812617691f415477e69035b09b4442911fc9c","messageTitle":"Add functionality to echo user input and exit","messageBody":"","tags":["Level-1"],"fileTypesAndContributionMap":{"java":{"insertions":19,"deletions":3}}},{"hash":"83bb2c8e658d28f39d4bedbe66d56584a66e23bb","messageTitle":"Add task tracker","messageBody":"","tags":["Level-2"],"fileTypesAndContributionMap":{"java":{"insertions":29,"deletions":10}}},{"hash":"4a3b3945543c6609dad44ed2cb16da4f70740ae8","messageTitle":"Create class file for Task","messageBody":"","fileTypesAndContributionMap":{"java":{"insertions":26,"deletions":0}}},{"hash":"6af1dc6faecfccbb7d3f3da734affe3fe13e0bdc","messageTitle":"Add functionality to mark and unmark tasks","messageBody":"","tags":["Level-3"],"fileTypesAndContributionMap":{"java":{"insertions":83,"deletions":18}}},{"hash":"90adb1184d8ae7df6d1768f6fc2197ca2171a9b0","messageTitle":"Clean up code to coding standard","messageBody":"","tags":["A-CodingStandard"],"fileTypesAndContributionMap":{"java":{"insertions":27,"deletions":40}}}]},{"date":"2022-08-28","commitResults":[{"hash":"fecc9181a195ef1c0169e806ceaa8d8583d5ab2d","messageTitle":"Add support for new classes Todo, Deadline and Event","messageBody":"","tags":["Level-4"],"fileTypesAndContributionMap":{"java":{"insertions":167,"deletions":69}}},{"hash":"895022a0e2155984625bbe698b16946e79c2ccfc","messageTitle":"Add automated text UI testing","messageBody":"","tags":["A-TextUiTesting"],"fileTypesAndContributionMap":{"txt":{"insertions":7,"deletions":0}}},{"hash":"10013c11be76acb651add34e1a893b264982e4b1","messageTitle":"Improve coding standard and fix bugs","messageBody":"","tags":["A-CodeQuality"],"fileTypesAndContributionMap":{"java":{"insertions":51,"deletions":44}}}]},{"date":"2022-09-06","commitResults":[{"hash":"e615ba9aa616d3f4068f10b29a3f1a6de1b81997","messageTitle":"Add error checking for array size","messageBody":"","fileTypesAndContributionMap":{"java":{"insertions":11,"deletions":5}}},{"hash":"9b3040efa3e005a026c1f995f24d7a83f3a5480c","messageTitle":"Add ArrayOutOfBoundException exception class to handle user exceeding maximum array size","messageBody":"","fileTypesAndContributionMap":{"java":{"insertions":20,"deletions":5}}},{"hash":"af119b10a7b94d9f9c875b152fc46e8dea62b82f","messageTitle":"Add ArrayEmptyException exception class to handle user calling \u0027list\u0027 command on empty list","messageBody":"","fileTypesAndContributionMap":{"java":{"insertions":10,"deletions":3}}},{"hash":"3da6c66593b3a5043f5c50d022dd147d59635357","messageTitle":"Delete unwanted comment","messageBody":"","fileTypesAndContributionMap":{"java":{"insertions":1,"deletions":1}}},{"hash":"743ca05647669941779ee7bbbe4837739db44418","messageTitle":"Add classes to package duke","messageBody":"","fileTypesAndContributionMap":{"java":{"insertions":7,"deletions":0}}}]}]},"authorFileTypeContributionMap":{"eehongchan":{"java":261,"md":0,"fxml":0,"sh":0,"bat":0,"gradle":0,"txt":7}},"authorContributionVariance":{"eehongchan":6392.045},"authorDisplayNameMap":{"eehongchan":"CS2113-T17-4 CHAN..HONG"}}
