[{"path":"src/main/java/Deadline.java","fileType":"java","lines":[{"lineNumber":1,"author":{"gitId":"abhityakrishnaraj"},"content":"package main.java;","lastModifiedDate":"2022-08-30"},{"lineNumber":2,"author":{"gitId":"abhityakrishnaraj"},"content":"","lastModifiedDate":"2022-08-30"},{"lineNumber":3,"author":{"gitId":"abhityakrishnaraj"},"content":"public class Deadline extends Task{","lastModifiedDate":"2022-08-30"},{"lineNumber":4,"author":{"gitId":"abhityakrishnaraj"},"content":"    protected String date;","lastModifiedDate":"2022-08-30"},{"lineNumber":5,"author":{"gitId":"abhityakrishnaraj"},"content":"    public Deadline(String n, boolean d, String dat){","lastModifiedDate":"2022-08-30"},{"lineNumber":6,"author":{"gitId":"abhityakrishnaraj"},"content":"        super(n, d);","lastModifiedDate":"2022-08-30"},{"lineNumber":7,"author":{"gitId":"abhityakrishnaraj"},"content":"        date \u003d dat;","lastModifiedDate":"2022-08-30"},{"lineNumber":8,"author":{"gitId":"abhityakrishnaraj"},"content":"    }","lastModifiedDate":"2022-08-30"},{"lineNumber":9,"author":{"gitId":"abhityakrishnaraj"},"content":"","lastModifiedDate":"2022-08-30"},{"lineNumber":10,"author":{"gitId":"abhityakrishnaraj"},"content":"    @Override","lastModifiedDate":"2022-08-30"},{"lineNumber":11,"author":{"gitId":"abhityakrishnaraj"},"content":"    public String toString() {","lastModifiedDate":"2022-08-30"},{"lineNumber":12,"author":{"gitId":"abhityakrishnaraj"},"content":"        return \"[D]\"+super.toString()+\" (by: \"+date+\")\";","lastModifiedDate":"2022-08-30"},{"lineNumber":13,"author":{"gitId":"abhityakrishnaraj"},"content":"    }","lastModifiedDate":"2022-08-30"},{"lineNumber":14,"author":{"gitId":"abhityakrishnaraj"},"content":"}","lastModifiedDate":"2022-08-30"}],"authorContributionMap":{"abhityakrishnaraj":14}},{"path":"src/main/java/Duke.java","fileType":"java","lines":[{"lineNumber":1,"author":{"gitId":"abhityakrishnaraj"},"content":"package main.java;","lastModifiedDate":"2022-08-25"},{"lineNumber":2,"author":{"gitId":"abhityakrishnaraj"},"content":"","lastModifiedDate":"2022-08-25"},{"lineNumber":3,"author":{"gitId":"abhityakrishnaraj"},"content":"import java.util.*;","lastModifiedDate":"2022-08-25"},{"lineNumber":4,"author":{"gitId":"-"},"content":"public class Duke {","lastModifiedDate":"2019-07-29"},{"lineNumber":5,"author":{"gitId":"abhityakrishnaraj"},"content":"    public static ArrayList\u003cTask\u003e list \u003d new ArrayList\u003c\u003e();","lastModifiedDate":"2022-09-06"},{"lineNumber":6,"author":{"gitId":"-"},"content":"    public static void main(String[] args) {","lastModifiedDate":"2019-07-29"},{"lineNumber":7,"author":{"gitId":"abhityakrishnaraj"},"content":"        Scanner in \u003d new Scanner(System.in);","lastModifiedDate":"2022-08-25"},{"lineNumber":8,"author":{"gitId":"-"},"content":"        String logo \u003d \" ____        _        \\n\"","lastModifiedDate":"2019-07-29"},{"lineNumber":9,"author":{"gitId":"-"},"content":"                + \"|  _ \\\\ _   _| | _____ \\n\"","lastModifiedDate":"2019-07-29"},{"lineNumber":10,"author":{"gitId":"-"},"content":"                + \"| | | | | | | |/ / _ \\\\\\n\"","lastModifiedDate":"2019-07-29"},{"lineNumber":11,"author":{"gitId":"-"},"content":"                + \"| |_| | |_| |   \u003c  __/\\n\"","lastModifiedDate":"2019-07-29"},{"lineNumber":12,"author":{"gitId":"-"},"content":"                + \"|____/ \\\\__,_|_|\\\\_\\\\___|\\n\";","lastModifiedDate":"2019-07-29"},{"lineNumber":13,"author":{"gitId":"-"},"content":"        System.out.println(\"Hello from\\n\" + logo);","lastModifiedDate":"2019-07-29"},{"lineNumber":14,"author":{"gitId":"abhityakrishnaraj"},"content":"","lastModifiedDate":"2022-08-25"},{"lineNumber":15,"author":{"gitId":"abhityakrishnaraj"},"content":"        System.out.println(\"Hello! I\u0027m Duke\");","lastModifiedDate":"2022-08-25"},{"lineNumber":16,"author":{"gitId":"abhityakrishnaraj"},"content":"        System.out.println(\"What can I do for you\");","lastModifiedDate":"2022-08-25"},{"lineNumber":17,"author":{"gitId":"abhityakrishnaraj"},"content":"        String inp \u003d in.nextLine();","lastModifiedDate":"2022-08-30"},{"lineNumber":18,"author":{"gitId":"abhityakrishnaraj"},"content":"        while(!inp.equals(\"bye\")){","lastModifiedDate":"2022-08-30"},{"lineNumber":19,"author":{"gitId":"abhityakrishnaraj"},"content":"            if(inp.equals(\"list\")) {","lastModifiedDate":"2022-08-30"},{"lineNumber":20,"author":{"gitId":"abhityakrishnaraj"},"content":"                for (int i \u003d 1; i \u003c\u003d list.size(); i++) {","lastModifiedDate":"2022-08-25"},{"lineNumber":21,"author":{"gitId":"abhityakrishnaraj"},"content":"                    System.out.print(i + \". \");","lastModifiedDate":"2022-08-25"},{"lineNumber":22,"author":{"gitId":"abhityakrishnaraj"},"content":"                    System.out.println(list.get(i - 1));","lastModifiedDate":"2022-08-30"},{"lineNumber":23,"author":{"gitId":"abhityakrishnaraj"},"content":"                }","lastModifiedDate":"2022-08-25"},{"lineNumber":24,"author":{"gitId":"abhityakrishnaraj"},"content":"            }","lastModifiedDate":"2022-08-25"},{"lineNumber":25,"author":{"gitId":"abhityakrishnaraj"},"content":"            else if (inp.contains(\"mark\")){","lastModifiedDate":"2022-08-30"},{"lineNumber":26,"author":{"gitId":"abhityakrishnaraj"},"content":"                int num \u003d Integer.parseInt(inp.substring(inp.indexOf(\" \")+1))-1;","lastModifiedDate":"2022-08-30"},{"lineNumber":27,"author":{"gitId":"abhityakrishnaraj"},"content":"                if(num\u003elist.size()){","lastModifiedDate":"2022-08-25"},{"lineNumber":28,"author":{"gitId":"abhityakrishnaraj"},"content":"                    System.out.println(\"Out of bounds of the list\");","lastModifiedDate":"2022-08-25"},{"lineNumber":29,"author":{"gitId":"abhityakrishnaraj"},"content":"                }","lastModifiedDate":"2022-08-25"},{"lineNumber":30,"author":{"gitId":"abhityakrishnaraj"},"content":"                else{","lastModifiedDate":"2022-08-25"},{"lineNumber":31,"author":{"gitId":"abhityakrishnaraj"},"content":"                    if(inp.contains(\"unmark\")){","lastModifiedDate":"2022-08-30"},{"lineNumber":32,"author":{"gitId":"abhityakrishnaraj"},"content":"                        System.out.println(\"I have marked this task as not done yet\");","lastModifiedDate":"2022-08-25"},{"lineNumber":33,"author":{"gitId":"abhityakrishnaraj"},"content":"                        list.get(num).setDone(false);","lastModifiedDate":"2022-08-25"},{"lineNumber":34,"author":{"gitId":"abhityakrishnaraj"},"content":"                        System.out.println(list.get(num));","lastModifiedDate":"2022-08-30"},{"lineNumber":35,"author":{"gitId":"abhityakrishnaraj"},"content":"                    }","lastModifiedDate":"2022-08-25"},{"lineNumber":36,"author":{"gitId":"abhityakrishnaraj"},"content":"                    else{","lastModifiedDate":"2022-08-25"},{"lineNumber":37,"author":{"gitId":"abhityakrishnaraj"},"content":"                        System.out.println(\"I have marked this task as complete\");","lastModifiedDate":"2022-08-25"},{"lineNumber":38,"author":{"gitId":"abhityakrishnaraj"},"content":"                        list.get(num).setDone(true);","lastModifiedDate":"2022-08-25"},{"lineNumber":39,"author":{"gitId":"abhityakrishnaraj"},"content":"                        System.out.println(list.get(num));","lastModifiedDate":"2022-08-30"},{"lineNumber":40,"author":{"gitId":"abhityakrishnaraj"},"content":"                    }","lastModifiedDate":"2022-08-25"},{"lineNumber":41,"author":{"gitId":"abhityakrishnaraj"},"content":"                }","lastModifiedDate":"2022-08-25"},{"lineNumber":42,"author":{"gitId":"abhityakrishnaraj"},"content":"","lastModifiedDate":"2022-08-25"},{"lineNumber":43,"author":{"gitId":"abhityakrishnaraj"},"content":"            }","lastModifiedDate":"2022-08-25"},{"lineNumber":44,"author":{"gitId":"abhityakrishnaraj"},"content":"            else {","lastModifiedDate":"2022-08-25"},{"lineNumber":45,"author":{"gitId":"abhityakrishnaraj"},"content":"                try{","lastModifiedDate":"2022-09-06"},{"lineNumber":46,"author":{"gitId":"abhityakrishnaraj"},"content":"                    taskReader(inp);","lastModifiedDate":"2022-09-06"},{"lineNumber":47,"author":{"gitId":"abhityakrishnaraj"},"content":"                }","lastModifiedDate":"2022-09-06"},{"lineNumber":48,"author":{"gitId":"abhityakrishnaraj"},"content":"                catch (DukeException e){","lastModifiedDate":"2022-09-06"},{"lineNumber":49,"author":{"gitId":"abhityakrishnaraj"},"content":"                    e.printError();","lastModifiedDate":"2022-09-06"},{"lineNumber":50,"author":{"gitId":"abhityakrishnaraj"},"content":"                }","lastModifiedDate":"2022-09-06"},{"lineNumber":51,"author":{"gitId":"abhityakrishnaraj"},"content":"            }","lastModifiedDate":"2022-09-06"},{"lineNumber":52,"author":{"gitId":"abhityakrishnaraj"},"content":"            inp \u003d in.nextLine();","lastModifiedDate":"2022-09-06"},{"lineNumber":53,"author":{"gitId":"abhityakrishnaraj"},"content":"        }","lastModifiedDate":"2022-09-06"},{"lineNumber":54,"author":{"gitId":"abhityakrishnaraj"},"content":"        System.out.println();","lastModifiedDate":"2022-09-06"},{"lineNumber":55,"author":{"gitId":"abhityakrishnaraj"},"content":"","lastModifiedDate":"2022-08-30"},{"lineNumber":56,"author":{"gitId":"abhityakrishnaraj"},"content":"        System.out.println(\"Bye\");","lastModifiedDate":"2022-09-06"},{"lineNumber":57,"author":{"gitId":"abhityakrishnaraj"},"content":"    }","lastModifiedDate":"2022-09-06"},{"lineNumber":58,"author":{"gitId":"abhityakrishnaraj"},"content":"    public static void taskReader(String inp) throws DukeException{","lastModifiedDate":"2022-09-06"},{"lineNumber":59,"author":{"gitId":"abhityakrishnaraj"},"content":"        String comm, tas, name, date, time;","lastModifiedDate":"2022-09-06"},{"lineNumber":60,"author":{"gitId":"abhityakrishnaraj"},"content":"        try{","lastModifiedDate":"2022-09-06"},{"lineNumber":61,"author":{"gitId":"abhityakrishnaraj"},"content":"            comm \u003d inp.substring(0, inp.indexOf(\" \")).toLowerCase();","lastModifiedDate":"2022-09-06"},{"lineNumber":62,"author":{"gitId":"abhityakrishnaraj"},"content":"        }","lastModifiedDate":"2022-09-06"},{"lineNumber":63,"author":{"gitId":"abhityakrishnaraj"},"content":"        catch (StringIndexOutOfBoundsException e){","lastModifiedDate":"2022-09-06"},{"lineNumber":64,"author":{"gitId":"abhityakrishnaraj"},"content":"            throw new DukeException(inp);","lastModifiedDate":"2022-09-06"},{"lineNumber":65,"author":{"gitId":"abhityakrishnaraj"},"content":"        }","lastModifiedDate":"2022-09-06"},{"lineNumber":66,"author":{"gitId":"abhityakrishnaraj"},"content":"        try{","lastModifiedDate":"2022-09-06"},{"lineNumber":67,"author":{"gitId":"abhityakrishnaraj"},"content":"            tas \u003d inp.substring(inp.indexOf(\" \")+1);","lastModifiedDate":"2022-09-06"},{"lineNumber":68,"author":{"gitId":"abhityakrishnaraj"},"content":"        }","lastModifiedDate":"2022-09-06"},{"lineNumber":69,"author":{"gitId":"abhityakrishnaraj"},"content":"        catch (IndexOutOfBoundsException e){","lastModifiedDate":"2022-09-06"},{"lineNumber":70,"author":{"gitId":"abhityakrishnaraj"},"content":"            throw new DukeException(comm);","lastModifiedDate":"2022-09-06"},{"lineNumber":71,"author":{"gitId":"abhityakrishnaraj"},"content":"        }","lastModifiedDate":"2022-09-06"},{"lineNumber":72,"author":{"gitId":"abhityakrishnaraj"},"content":"        //System.out.println(inp+\"\\n\"+comm+\"\\n\"+tas);","lastModifiedDate":"2022-09-06"},{"lineNumber":73,"author":{"gitId":"abhityakrishnaraj"},"content":"        if(comm.equals(\"deadline\")) {","lastModifiedDate":"2022-08-30"},{"lineNumber":74,"author":{"gitId":"abhityakrishnaraj"},"content":"            try {","lastModifiedDate":"2022-09-06"},{"lineNumber":75,"author":{"gitId":"abhityakrishnaraj"},"content":"                name \u003d tas.substring(0, tas.indexOf(\"/\"));","lastModifiedDate":"2022-09-06"},{"lineNumber":76,"author":{"gitId":"abhityakrishnaraj"},"content":"                time \u003d tas.substring(tas.indexOf(\"/\"));","lastModifiedDate":"2022-09-06"},{"lineNumber":77,"author":{"gitId":"abhityakrishnaraj"},"content":"            }","lastModifiedDate":"2022-09-06"},{"lineNumber":78,"author":{"gitId":"abhityakrishnaraj"},"content":"            catch (StringIndexOutOfBoundsException e){","lastModifiedDate":"2022-09-06"},{"lineNumber":79,"author":{"gitId":"abhityakrishnaraj"},"content":"                throw new DukeException(comm, tas);","lastModifiedDate":"2022-09-06"},{"lineNumber":80,"author":{"gitId":"abhityakrishnaraj"},"content":"            }","lastModifiedDate":"2022-09-06"},{"lineNumber":81,"author":{"gitId":"abhityakrishnaraj"},"content":"            if(time.equals(\"/\")){","lastModifiedDate":"2022-09-06"},{"lineNumber":82,"author":{"gitId":"abhityakrishnaraj"},"content":"                throw new DukeException(comm, name);","lastModifiedDate":"2022-09-06"},{"lineNumber":83,"author":{"gitId":"abhityakrishnaraj"},"content":"            }","lastModifiedDate":"2022-09-06"},{"lineNumber":84,"author":{"gitId":"abhityakrishnaraj"},"content":"            date \u003d time.substring(time.indexOf(\" \")+1);","lastModifiedDate":"2022-09-06"},{"lineNumber":85,"author":{"gitId":"abhityakrishnaraj"},"content":"            list.add(new Deadline(name, false, date));","lastModifiedDate":"2022-08-30"},{"lineNumber":86,"author":{"gitId":"abhityakrishnaraj"},"content":"            printLastTask();","lastModifiedDate":"2022-09-06"},{"lineNumber":87,"author":{"gitId":"abhityakrishnaraj"},"content":"        }","lastModifiedDate":"2022-08-30"},{"lineNumber":88,"author":{"gitId":"abhityakrishnaraj"},"content":"        else if(comm.equals(\"event\")){","lastModifiedDate":"2022-08-30"},{"lineNumber":89,"author":{"gitId":"abhityakrishnaraj"},"content":"            try {","lastModifiedDate":"2022-09-06"},{"lineNumber":90,"author":{"gitId":"abhityakrishnaraj"},"content":"                name \u003d tas.substring(0, tas.indexOf(\"/\"));","lastModifiedDate":"2022-09-06"},{"lineNumber":91,"author":{"gitId":"abhityakrishnaraj"},"content":"                time \u003d tas.substring(tas.indexOf(\"/\"));","lastModifiedDate":"2022-09-06"},{"lineNumber":92,"author":{"gitId":"abhityakrishnaraj"},"content":"            }","lastModifiedDate":"2022-09-06"},{"lineNumber":93,"author":{"gitId":"abhityakrishnaraj"},"content":"            catch (StringIndexOutOfBoundsException e){","lastModifiedDate":"2022-09-06"},{"lineNumber":94,"author":{"gitId":"abhityakrishnaraj"},"content":"                throw new DukeException(comm, tas);","lastModifiedDate":"2022-09-06"},{"lineNumber":95,"author":{"gitId":"abhityakrishnaraj"},"content":"            }","lastModifiedDate":"2022-09-06"},{"lineNumber":96,"author":{"gitId":"abhityakrishnaraj"},"content":"            if(time.equals(\"/\")) {","lastModifiedDate":"2022-09-06"},{"lineNumber":97,"author":{"gitId":"abhityakrishnaraj"},"content":"                throw new DukeException(comm, name);","lastModifiedDate":"2022-09-06"},{"lineNumber":98,"author":{"gitId":"abhityakrishnaraj"},"content":"            }","lastModifiedDate":"2022-09-06"},{"lineNumber":99,"author":{"gitId":"abhityakrishnaraj"},"content":"            date \u003d time.substring(time.indexOf(\" \")+1);","lastModifiedDate":"2022-09-06"},{"lineNumber":100,"author":{"gitId":"abhityakrishnaraj"},"content":"            list.add(new Event(name, false, date));","lastModifiedDate":"2022-08-30"},{"lineNumber":101,"author":{"gitId":"abhityakrishnaraj"},"content":"            printLastTask();","lastModifiedDate":"2022-09-06"},{"lineNumber":102,"author":{"gitId":"abhityakrishnaraj"},"content":"        }","lastModifiedDate":"2022-08-30"},{"lineNumber":103,"author":{"gitId":"abhityakrishnaraj"},"content":"        else if(comm.equals(\"todo\")) {","lastModifiedDate":"2022-08-30"},{"lineNumber":104,"author":{"gitId":"abhityakrishnaraj"},"content":"            list.add(new Todo(tas, false));","lastModifiedDate":"2022-08-30"},{"lineNumber":105,"author":{"gitId":"abhityakrishnaraj"},"content":"            printLastTask();","lastModifiedDate":"2022-09-06"},{"lineNumber":106,"author":{"gitId":"abhityakrishnaraj"},"content":"        }","lastModifiedDate":"2022-08-30"},{"lineNumber":107,"author":{"gitId":"abhityakrishnaraj"},"content":"    }","lastModifiedDate":"2022-08-30"},{"lineNumber":108,"author":{"gitId":"abhityakrishnaraj"},"content":"    public static void printLastTask(){","lastModifiedDate":"2022-09-06"},{"lineNumber":109,"author":{"gitId":"abhityakrishnaraj"},"content":"        System.out.println(\"Got it. I have added this task: \");","lastModifiedDate":"2022-08-30"},{"lineNumber":110,"author":{"gitId":"abhityakrishnaraj"},"content":"        System.out.println(list.get(list.size()-1));","lastModifiedDate":"2022-08-30"},{"lineNumber":111,"author":{"gitId":"abhityakrishnaraj"},"content":"        System.out.println(\"Now you have \"+list.size()+\" tasks in your list.\");","lastModifiedDate":"2022-08-30"},{"lineNumber":112,"author":{"gitId":"-"},"content":"    }","lastModifiedDate":"2022-08-25"},{"lineNumber":113,"author":{"gitId":"-"},"content":"}","lastModifiedDate":"2019-07-29"}],"authorContributionMap":{"-":10,"abhityakrishnaraj":103}},{"path":"src/main/java/DukeException.java","fileType":"java","lines":[{"lineNumber":1,"author":{"gitId":"abhityakrishnaraj"},"content":"package main.java;","lastModifiedDate":"2022-09-06"},{"lineNumber":2,"author":{"gitId":"abhityakrishnaraj"},"content":"","lastModifiedDate":"2022-09-06"},{"lineNumber":3,"author":{"gitId":"abhityakrishnaraj"},"content":"public class DukeException extends Exception{","lastModifiedDate":"2022-09-06"},{"lineNumber":4,"author":{"gitId":"abhityakrishnaraj"},"content":"    private String type;","lastModifiedDate":"2022-09-06"},{"lineNumber":5,"author":{"gitId":"abhityakrishnaraj"},"content":"    private String name;","lastModifiedDate":"2022-09-06"},{"lineNumber":6,"author":{"gitId":"abhityakrishnaraj"},"content":"    public DukeException(String type){","lastModifiedDate":"2022-09-06"},{"lineNumber":7,"author":{"gitId":"abhityakrishnaraj"},"content":"        this.type \u003d type;","lastModifiedDate":"2022-09-06"},{"lineNumber":8,"author":{"gitId":"abhityakrishnaraj"},"content":"        name \u003d \"\";","lastModifiedDate":"2022-09-06"},{"lineNumber":9,"author":{"gitId":"abhityakrishnaraj"},"content":"    }","lastModifiedDate":"2022-09-06"},{"lineNumber":10,"author":{"gitId":"abhityakrishnaraj"},"content":"    public DukeException(String type, String name){","lastModifiedDate":"2022-09-06"},{"lineNumber":11,"author":{"gitId":"abhityakrishnaraj"},"content":"        this.type \u003d type;","lastModifiedDate":"2022-09-06"},{"lineNumber":12,"author":{"gitId":"abhityakrishnaraj"},"content":"        this.name \u003d name;","lastModifiedDate":"2022-09-06"},{"lineNumber":13,"author":{"gitId":"abhityakrishnaraj"},"content":"    }","lastModifiedDate":"2022-09-06"},{"lineNumber":14,"author":{"gitId":"abhityakrishnaraj"},"content":"    public void printError() {","lastModifiedDate":"2022-09-06"},{"lineNumber":15,"author":{"gitId":"abhityakrishnaraj"},"content":"        if (name.equals(\"\")){","lastModifiedDate":"2022-09-06"},{"lineNumber":16,"author":{"gitId":"abhityakrishnaraj"},"content":"            if (type.equals(\"todo\")||type.equals(\"deadline\")||type.equals(\"event\")) {","lastModifiedDate":"2022-09-06"},{"lineNumber":17,"author":{"gitId":"abhityakrishnaraj"},"content":"                System.out.println(type+\" command requires a description to be added to the list\");","lastModifiedDate":"2022-09-06"},{"lineNumber":18,"author":{"gitId":"abhityakrishnaraj"},"content":"            }","lastModifiedDate":"2022-09-06"},{"lineNumber":19,"author":{"gitId":"abhityakrishnaraj"},"content":"            else{","lastModifiedDate":"2022-09-06"},{"lineNumber":20,"author":{"gitId":"abhityakrishnaraj"},"content":"                System.out.println(\"I\u0027m sorry I don\u0027t know what that is, please enter another command\");","lastModifiedDate":"2022-09-06"},{"lineNumber":21,"author":{"gitId":"abhityakrishnaraj"},"content":"            }","lastModifiedDate":"2022-09-06"},{"lineNumber":22,"author":{"gitId":"abhityakrishnaraj"},"content":"        }","lastModifiedDate":"2022-09-06"},{"lineNumber":23,"author":{"gitId":"abhityakrishnaraj"},"content":"        else{","lastModifiedDate":"2022-09-06"},{"lineNumber":24,"author":{"gitId":"abhityakrishnaraj"},"content":"            System.out.println(\"Please add a date range for this event: \"+name);","lastModifiedDate":"2022-09-06"},{"lineNumber":25,"author":{"gitId":"abhityakrishnaraj"},"content":"        }","lastModifiedDate":"2022-09-06"},{"lineNumber":26,"author":{"gitId":"abhityakrishnaraj"},"content":"    }","lastModifiedDate":"2022-09-06"},{"lineNumber":27,"author":{"gitId":"abhityakrishnaraj"},"content":"}","lastModifiedDate":"2022-09-06"}],"authorContributionMap":{"abhityakrishnaraj":27}},{"path":"src/main/java/Event.java","fileType":"java","lines":[{"lineNumber":1,"author":{"gitId":"abhityakrishnaraj"},"content":"package main.java;","lastModifiedDate":"2022-08-30"},{"lineNumber":2,"author":{"gitId":"abhityakrishnaraj"},"content":"","lastModifiedDate":"2022-08-30"},{"lineNumber":3,"author":{"gitId":"abhityakrishnaraj"},"content":"public class Event extends Task{","lastModifiedDate":"2022-08-30"},{"lineNumber":4,"author":{"gitId":"abhityakrishnaraj"},"content":"    protected String date;","lastModifiedDate":"2022-08-30"},{"lineNumber":5,"author":{"gitId":"abhityakrishnaraj"},"content":"    public Event(String n, boolean d, String dat){","lastModifiedDate":"2022-08-30"},{"lineNumber":6,"author":{"gitId":"abhityakrishnaraj"},"content":"        super(n, d);","lastModifiedDate":"2022-08-30"},{"lineNumber":7,"author":{"gitId":"abhityakrishnaraj"},"content":"        date \u003d dat;","lastModifiedDate":"2022-08-30"},{"lineNumber":8,"author":{"gitId":"abhityakrishnaraj"},"content":"    }","lastModifiedDate":"2022-08-30"},{"lineNumber":9,"author":{"gitId":"abhityakrishnaraj"},"content":"","lastModifiedDate":"2022-08-30"},{"lineNumber":10,"author":{"gitId":"abhityakrishnaraj"},"content":"    @Override","lastModifiedDate":"2022-08-30"},{"lineNumber":11,"author":{"gitId":"abhityakrishnaraj"},"content":"    public String toString() {","lastModifiedDate":"2022-08-30"},{"lineNumber":12,"author":{"gitId":"abhityakrishnaraj"},"content":"        return \"[E]\"+super.toString()+\" (at: \"+date+\")\";","lastModifiedDate":"2022-08-30"},{"lineNumber":13,"author":{"gitId":"abhityakrishnaraj"},"content":"    }","lastModifiedDate":"2022-08-30"},{"lineNumber":14,"author":{"gitId":"abhityakrishnaraj"},"content":"}","lastModifiedDate":"2022-08-30"}],"authorContributionMap":{"abhityakrishnaraj":14}},{"path":"src/main/java/Task.java","fileType":"java","lines":[{"lineNumber":1,"author":{"gitId":"abhityakrishnaraj"},"content":"package main.java;","lastModifiedDate":"2022-08-25"},{"lineNumber":2,"author":{"gitId":"abhityakrishnaraj"},"content":"","lastModifiedDate":"2022-08-25"},{"lineNumber":3,"author":{"gitId":"abhityakrishnaraj"},"content":"public class Task {","lastModifiedDate":"2022-08-25"},{"lineNumber":4,"author":{"gitId":"abhityakrishnaraj"},"content":"    private String name;","lastModifiedDate":"2022-08-25"},{"lineNumber":5,"author":{"gitId":"abhityakrishnaraj"},"content":"    private boolean isDone;","lastModifiedDate":"2022-08-25"},{"lineNumber":6,"author":{"gitId":"abhityakrishnaraj"},"content":"","lastModifiedDate":"2022-08-25"},{"lineNumber":7,"author":{"gitId":"abhityakrishnaraj"},"content":"    public Task() {","lastModifiedDate":"2022-08-25"},{"lineNumber":8,"author":{"gitId":"abhityakrishnaraj"},"content":"        name \u003d \"\";","lastModifiedDate":"2022-08-25"},{"lineNumber":9,"author":{"gitId":"abhityakrishnaraj"},"content":"        isDone \u003d false;","lastModifiedDate":"2022-08-25"},{"lineNumber":10,"author":{"gitId":"abhityakrishnaraj"},"content":"    }","lastModifiedDate":"2022-08-25"},{"lineNumber":11,"author":{"gitId":"abhityakrishnaraj"},"content":"","lastModifiedDate":"2022-08-25"},{"lineNumber":12,"author":{"gitId":"abhityakrishnaraj"},"content":"    public Task(String n, boolean d) {","lastModifiedDate":"2022-08-25"},{"lineNumber":13,"author":{"gitId":"abhityakrishnaraj"},"content":"        name \u003d n;","lastModifiedDate":"2022-08-25"},{"lineNumber":14,"author":{"gitId":"abhityakrishnaraj"},"content":"        isDone \u003d d;","lastModifiedDate":"2022-08-25"},{"lineNumber":15,"author":{"gitId":"abhityakrishnaraj"},"content":"    }","lastModifiedDate":"2022-08-25"},{"lineNumber":16,"author":{"gitId":"abhityakrishnaraj"},"content":"","lastModifiedDate":"2022-08-25"},{"lineNumber":17,"author":{"gitId":"abhityakrishnaraj"},"content":"    public void setName(String n) {","lastModifiedDate":"2022-08-25"},{"lineNumber":18,"author":{"gitId":"abhityakrishnaraj"},"content":"        name \u003d n;","lastModifiedDate":"2022-08-25"},{"lineNumber":19,"author":{"gitId":"abhityakrishnaraj"},"content":"    }","lastModifiedDate":"2022-08-25"},{"lineNumber":20,"author":{"gitId":"abhityakrishnaraj"},"content":"","lastModifiedDate":"2022-08-25"},{"lineNumber":21,"author":{"gitId":"abhityakrishnaraj"},"content":"    public String getName() {","lastModifiedDate":"2022-08-25"},{"lineNumber":22,"author":{"gitId":"abhityakrishnaraj"},"content":"        return name;","lastModifiedDate":"2022-08-25"},{"lineNumber":23,"author":{"gitId":"abhityakrishnaraj"},"content":"    }","lastModifiedDate":"2022-08-25"},{"lineNumber":24,"author":{"gitId":"abhityakrishnaraj"},"content":"","lastModifiedDate":"2022-08-25"},{"lineNumber":25,"author":{"gitId":"abhityakrishnaraj"},"content":"    public void setDone(boolean d) {","lastModifiedDate":"2022-08-30"},{"lineNumber":26,"author":{"gitId":"abhityakrishnaraj"},"content":"        if (isDone \u003d\u003d d) {","lastModifiedDate":"2022-08-30"},{"lineNumber":27,"author":{"gitId":"abhityakrishnaraj"},"content":"            System.out.println(\"Task was already marked like that\");","lastModifiedDate":"2022-08-25"},{"lineNumber":28,"author":{"gitId":"abhityakrishnaraj"},"content":"        } else {","lastModifiedDate":"2022-08-25"},{"lineNumber":29,"author":{"gitId":"abhityakrishnaraj"},"content":"            isDone \u003d !isDone;","lastModifiedDate":"2022-08-25"},{"lineNumber":30,"author":{"gitId":"abhityakrishnaraj"},"content":"        }","lastModifiedDate":"2022-08-25"},{"lineNumber":31,"author":{"gitId":"abhityakrishnaraj"},"content":"    }","lastModifiedDate":"2022-08-25"},{"lineNumber":32,"author":{"gitId":"abhityakrishnaraj"},"content":"","lastModifiedDate":"2022-08-25"},{"lineNumber":33,"author":{"gitId":"abhityakrishnaraj"},"content":"    public String toString() {","lastModifiedDate":"2022-08-30"},{"lineNumber":34,"author":{"gitId":"abhityakrishnaraj"},"content":"        if (isDone) {","lastModifiedDate":"2022-08-25"},{"lineNumber":35,"author":{"gitId":"abhityakrishnaraj"},"content":"            return \"[X] \" + name;","lastModifiedDate":"2022-08-30"},{"lineNumber":36,"author":{"gitId":"abhityakrishnaraj"},"content":"        } else {","lastModifiedDate":"2022-08-25"},{"lineNumber":37,"author":{"gitId":"abhityakrishnaraj"},"content":"            return \"[ ] \" + name;","lastModifiedDate":"2022-08-30"},{"lineNumber":38,"author":{"gitId":"abhityakrishnaraj"},"content":"        }","lastModifiedDate":"2022-08-25"},{"lineNumber":39,"author":{"gitId":"abhityakrishnaraj"},"content":"    }","lastModifiedDate":"2022-08-25"},{"lineNumber":40,"author":{"gitId":"abhityakrishnaraj"},"content":"}","lastModifiedDate":"2022-08-25"}],"authorContributionMap":{"abhityakrishnaraj":40}},{"path":"src/main/java/Todo.java","fileType":"java","lines":[{"lineNumber":1,"author":{"gitId":"abhityakrishnaraj"},"content":"package main.java;","lastModifiedDate":"2022-08-30"},{"lineNumber":2,"author":{"gitId":"abhityakrishnaraj"},"content":"","lastModifiedDate":"2022-08-30"},{"lineNumber":3,"author":{"gitId":"abhityakrishnaraj"},"content":"public class Todo extends Task{","lastModifiedDate":"2022-08-30"},{"lineNumber":4,"author":{"gitId":"abhityakrishnaraj"},"content":"    public Todo(String n, boolean d){","lastModifiedDate":"2022-08-30"},{"lineNumber":5,"author":{"gitId":"abhityakrishnaraj"},"content":"        super(n, d);","lastModifiedDate":"2022-08-30"},{"lineNumber":6,"author":{"gitId":"abhityakrishnaraj"},"content":"    }","lastModifiedDate":"2022-08-30"},{"lineNumber":7,"author":{"gitId":"abhityakrishnaraj"},"content":"    public String toString(){","lastModifiedDate":"2022-08-30"},{"lineNumber":8,"author":{"gitId":"abhityakrishnaraj"},"content":"        return \"[T]\"+super.toString();","lastModifiedDate":"2022-08-30"},{"lineNumber":9,"author":{"gitId":"abhityakrishnaraj"},"content":"    }","lastModifiedDate":"2022-08-30"},{"lineNumber":10,"author":{"gitId":"abhityakrishnaraj"},"content":"}","lastModifiedDate":"2022-08-30"}],"authorContributionMap":{"abhityakrishnaraj":10}}]
