{"authorDailyContributionsMap":{"abhityakrishnaraj":[{"date":"2022-08-25","commitResults":[{"hash":"832c8b3d0228f62d33eda32dc307dd938d0c01a9","messageTitle":"Stage-0","messageBody":"","fileTypesAndContributionMap":{"java":{"insertions":6,"deletions":0}}},{"hash":"f93aca6e83bb14a07b9e05318db155191b9ad27a","messageTitle":"Level-1","messageBody":"","fileTypesAndContributionMap":{"java":{"insertions":7,"deletions":0}}},{"hash":"3eefd744d0d9c16ff0ea0ae4d95feb589822d47c","messageTitle":"Level-2","messageBody":"","fileTypesAndContributionMap":{"java":{"insertions":12,"deletions":1}}},{"hash":"0ec75cb28328469a046c014cef154bed9ea21b92","messageTitle":"Level-3","messageBody":"","fileTypesAndContributionMap":{"java":{"insertions":63,"deletions":3}}}]},{"date":"2022-08-30","commitResults":[{"hash":"1207e8af02e531d87bea056a68af1c560fbebac6","messageTitle":"Level-4","messageBody":"","fileTypesAndContributionMap":{"java":{"insertions":80,"deletions":19}}}]},{"date":"2022-09-06","commitResults":[{"hash":"3892000fba71ab076d05a18dc310f5312418cac0","messageTitle":"Level-5","messageBody":"","fileTypesAndContributionMap":{"java":{"insertions":87,"deletions":24}}}]},{"date":"2022-09-13","commitResults":[{"hash":"c5aec36f04061076f8b6ce9d419087cf881ec1cb","messageTitle":"Level-6","messageBody":"","fileTypesAndContributionMap":{"java":{"insertions":12,"deletions":0}}}]},{"date":"2022-09-16","commitResults":[{"hash":"6ee37f9cb0d24912339e3b0e9601551d0aaef80a","messageTitle":"Level-7","messageBody":"","fileTypesAndContributionMap":{"txt":{"insertions":0,"deletions":0},"java":{"insertions":120,"deletions":3}}},{"hash":"98672d709a36294c02c5a0d4c997be810457f31d","messageTitle":"A-Jar","messageBody":"","fileTypesAndContributionMap":{"java":{"insertions":8,"deletions":13}}}]}]},"authorFileTypeContributionMap":{"abhityakrishnaraj":{"java":333,"md":0,"fxml":0,"sh":0,"bat":0,"gradle":0,"txt":0}},"authorContributionVariance":{"abhityakrishnaraj":1267.7563},"authorDisplayNameMap":{"abhityakrishnaraj":"CS2113-W13-1 KRIS.. RAJ"}}
