{"authorDailyContributionsMap":{"wangtingjia":[{"date":"2022-08-13","commitResults":[{"hash":"560146211e3559f01ec632f1dd789fa354eb9fc4","messageTitle":"Add Level 0 features","messageBody":"","tags":["Level-0"],"fileTypesAndContributionMap":{"java":{"insertions":6,"deletions":6}}}]},{"date":"2022-08-20","commitResults":[{"hash":"3fe26b2eb95e1a8e1b45dacb9aafa94cbfcf06c8","messageTitle":"Add echo feature","messageBody":"","tags":["Level-1"],"fileTypesAndContributionMap":{"java":{"insertions":17,"deletions":5}}},{"hash":"4c3b71811d6186ac6fccf258aa6cd34045b8f8db","messageTitle":"Add list and add features","messageBody":"","tags":["Level-2"],"fileTypesAndContributionMap":{"java":{"insertions":21,"deletions":2}}},{"hash":"133d3c73f6de0dd7e21de28b5829a61422d40720","messageTitle":"Add mark and unmark features","messageBody":"","fileTypesAndContributionMap":{"java":{"insertions":27,"deletions":2}}}]},{"date":"2022-08-21","commitResults":[{"hash":"ebcb749b9432057a467b469061b288d558bbb8e0","messageTitle":"Add classes Task and Task Manager","messageBody":"","tags":["Level-3","A-Classes"],"fileTypesAndContributionMap":{"java":{"insertions":70,"deletions":39}}},{"hash":"a350362f3f8899c27a07f42f15b0c0a653bf6d02","messageTitle":"Improve code quality to match coding standard","messageBody":"","tags":["A-CodingStandard"],"fileTypesAndContributionMap":{"java":{"insertions":5,"deletions":4}}}]},{"date":"2022-08-27","commitResults":[{"hash":"6df6570b7264415a1b3af114b05ecf695488085b","messageTitle":"Add Level-4 Todos, Events, Deadlines features","messageBody":"","tags":["Level-4","A-Inheritance"],"fileTypesAndContributionMap":{"java":{"insertions":84,"deletions":18}}},{"hash":"bd3271fdb2e5bbdbb84ddd2de67929b92c6f5421","messageTitle":"Add automated text UI testing","messageBody":"","tags":["A-TextUiTesting"],"fileTypesAndContributionMap":{"txt":{"insertions":13,"deletions":0}}},{"hash":"bf2885c453338f5896324e6cc8b430eeda115885","messageTitle":"Improve code quality","messageBody":"","tags":["A-CodeQuality"],"fileTypesAndContributionMap":{"java":{"insertions":24,"deletions":23}}}]},{"date":"2022-09-03","commitResults":[{"hash":"308830b66c5a329f1e177dd6b26aac3a6f3fe9e8","messageTitle":"first commit on new branch","messageBody":"","fileTypesAndContributionMap":{"java":{"insertions":2,"deletions":0}}},{"hash":"2c85f967c64d73f81874a4ac229b288b701d76ea","messageTitle":"Add DukeExeception class and removed magic number in TaskManager","messageBody":"","fileTypesAndContributionMap":{"java":{"insertions":9,"deletions":3}}},{"hash":"353d333bfc27f285b71a7628a09beed8daf4975d","messageTitle":"Add Level-5 Handle errors using Exceptions","messageBody":"","fileTypesAndContributionMap":{"java":{"insertions":73,"deletions":36}}},{"hash":"422ea13af6b52949d6e89c87a6cdb965d1016f34","messageTitle":"Create packages duke and duke.task","messageBody":"","fileTypesAndContributionMap":{"java":{"insertions":18,"deletions":3}}},{"hash":"085fc4a545b912ac96e9048ccfca9e90c72a438f","messageTitle":"Edit paths in testing scripts","messageBody":"","fileTypesAndContributionMap":{"bat":{"insertions":2,"deletions":2},"sh":{"insertions":2,"deletions":2}}}]},{"date":"2022-09-10","commitResults":[{"hash":"1d7532caf1253938a409e295d791d21634b63770","messageTitle":"Add Level-6 delete feature","messageBody":"","fileTypesAndContributionMap":{"txt":{"insertions":4,"deletions":0},"java":{"insertions":32,"deletions":14}}},{"hash":"0b93b01fb3d258162b8515cc8971a60db55455a9","messageTitle":"Add Level-7 Save feature","messageBody":"","fileTypesAndContributionMap":{"java":{"insertions":125,"deletions":18}}},{"hash":"15836c1206a4c6f0c724199f62eacb8b5687fd4b","messageTitle":"Create new packages and tidy up for jar file","messageBody":"","tags":["A-Jar"],"fileTypesAndContributionMap":{"java":{"insertions":77,"deletions":23},"bat":{"insertions":3,"deletions":1}}}]},{"date":"2022-09-17","commitResults":[{"hash":"eaecdcd62f6fa39e4a9ad64ef56953c607f2bd5c","messageTitle":"Add more OOP","messageBody":"","tags":["A-MoreOOP"],"fileTypesAndContributionMap":{"txt":{"insertions":6,"deletions":0},"java":{"insertions":112,"deletions":75},"bat":{"insertions":1,"deletions":1}}},{"hash":"4900f27f01b468fca19ed383ceef3d78833282d0","messageTitle":"Add Level-9 Find function","messageBody":"","fileTypesAndContributionMap":{"java":{"insertions":19,"deletions":1}}},{"hash":"f2d7b4630fe17db672aa4fe00bf4ce5200419ac7","messageTitle":"Add catch-exceptions for Find function","messageBody":"","fileTypesAndContributionMap":{"java":{"insertions":10,"deletions":9}}},{"hash":"a46165931948244a5771d178a4803e04bf5162bf","messageTitle":"Add documentation using JavaDoc","messageBody":"","fileTypesAndContributionMap":{"java":{"insertions":142,"deletions":0}}}]},{"date":"2022-09-23","commitResults":[{"hash":"dadea5ac30884089a9d1f01ca295b1ddbea83154","messageTitle":"Add User Guide","messageBody":"","tags":["A-UserGuide"],"fileTypesAndContributionMap":{"md":{"insertions":154,"deletions":12}}},{"hash":"b27910245595c18dcfebe5d1738a571074975e63","messageTitle":"Finalize code for release","messageBody":"","fileTypesAndContributionMap":{"txt":{"insertions":2,"deletions":0}}},{"hash":"81f3ec3e85b80a51e1266530651a33a08e921d6e","messageTitle":"Update README","messageBody":"","tags":["A-Release"],"fileTypesAndContributionMap":{"md":{"insertions":1,"deletions":1}}},{"hash":"8762c73cb63488be30cdde158501ca8ded41f6df","messageTitle":"Update README","messageBody":"","fileTypesAndContributionMap":{"md":{"insertions":18,"deletions":13}}},{"hash":"5179bae5b1d3dfa068367403cde7b695c339bbfa","messageTitle":"Add documentation","messageBody":"","fileTypesAndContributionMap":{"java":{"insertions":2,"deletions":0}}}]},{"date":"2022-09-29","commitResults":[{"hash":"282876699474852d7cc6a04faad9c9b90aa59afc","messageTitle":"Update README.md","messageBody":"","fileTypesAndContributionMap":{"md":{"insertions":1,"deletions":1}}}]}]},"authorFileTypeContributionMap":{"wangtingjia":{"java":602,"md":154,"fxml":0,"sh":2,"bat":4,"gradle":0,"txt":25}},"authorContributionVariance":{"wangtingjia":6120.779},"authorDisplayNameMap":{"wangtingjia":"CS2113-W13-2 WANG..GJIA"}}
