[{"path":"src/main/java/duke/Duke.java","fileType":"java","lines":[{"lineNumber":1,"author":{"gitId":"P0tatoChips"},"content":"package duke;","lastModifiedDate":"2022-09-06"},{"lineNumber":2,"author":{"gitId":"P0tatoChips"},"content":"","lastModifiedDate":"2022-09-06"},{"lineNumber":3,"author":{"gitId":"P0tatoChips"},"content":"import duke.task.*;","lastModifiedDate":"2022-09-06"},{"lineNumber":4,"author":{"gitId":"P0tatoChips"},"content":"import duke.command.*;","lastModifiedDate":"2022-09-06"},{"lineNumber":5,"author":{"gitId":"P0tatoChips"},"content":"","lastModifiedDate":"2022-09-06"},{"lineNumber":6,"author":{"gitId":"P0tatoChips"},"content":"import java.util.Arrays;","lastModifiedDate":"2022-08-29"},{"lineNumber":7,"author":{"gitId":"P0tatoChips"},"content":"import java.util.Scanner;","lastModifiedDate":"2022-08-23"},{"lineNumber":8,"author":{"gitId":"P0tatoChips"},"content":"","lastModifiedDate":"2022-08-23"},{"lineNumber":9,"author":{"gitId":"-"},"content":"public class Duke {","lastModifiedDate":"2019-07-29"},{"lineNumber":10,"author":{"gitId":"P0tatoChips"},"content":"    public static final int MAX_NUMBER_OF_TASKS \u003d 100;","lastModifiedDate":"2022-08-29"},{"lineNumber":11,"author":{"gitId":"P0tatoChips"},"content":"","lastModifiedDate":"2022-08-29"},{"lineNumber":12,"author":{"gitId":"P0tatoChips"},"content":"    public static String truncateInput(String[] s) {","lastModifiedDate":"2022-08-29"},{"lineNumber":13,"author":{"gitId":"P0tatoChips"},"content":"        String[] copy \u003d Arrays.copyOfRange(s, 1, s.length);","lastModifiedDate":"2022-08-29"},{"lineNumber":14,"author":{"gitId":"P0tatoChips"},"content":"        return String.join(\" \", copy);","lastModifiedDate":"2022-08-31"},{"lineNumber":15,"author":{"gitId":"P0tatoChips"},"content":"    }","lastModifiedDate":"2022-08-29"},{"lineNumber":16,"author":{"gitId":"P0tatoChips"},"content":"","lastModifiedDate":"2022-08-23"},{"lineNumber":17,"author":{"gitId":"P0tatoChips"},"content":"    public static void main(String[] args) {","lastModifiedDate":"2022-08-29"},{"lineNumber":18,"author":{"gitId":"P0tatoChips"},"content":"        // prints hello greeting","lastModifiedDate":"2022-08-29"},{"lineNumber":19,"author":{"gitId":"P0tatoChips"},"content":"        Response.printGreetings(\"hello\");","lastModifiedDate":"2022-09-06"},{"lineNumber":20,"author":{"gitId":"P0tatoChips"},"content":"","lastModifiedDate":"2022-08-29"},{"lineNumber":21,"author":{"gitId":"P0tatoChips"},"content":"        String inputs;","lastModifiedDate":"2022-08-29"},{"lineNumber":22,"author":{"gitId":"P0tatoChips"},"content":"        boolean systemState \u003d true;","lastModifiedDate":"2022-08-29"},{"lineNumber":23,"author":{"gitId":"P0tatoChips"},"content":"        Task[] tasks \u003d new Task[MAX_NUMBER_OF_TASKS];","lastModifiedDate":"2022-08-29"},{"lineNumber":24,"author":{"gitId":"P0tatoChips"},"content":"        Scanner in \u003d new Scanner(System.in);","lastModifiedDate":"2022-08-29"},{"lineNumber":25,"author":{"gitId":"P0tatoChips"},"content":"","lastModifiedDate":"2022-08-29"},{"lineNumber":26,"author":{"gitId":"P0tatoChips"},"content":"        while (systemState) {","lastModifiedDate":"2022-08-29"},{"lineNumber":27,"author":{"gitId":"P0tatoChips"},"content":"            inputs \u003d in.nextLine();","lastModifiedDate":"2022-08-29"},{"lineNumber":28,"author":{"gitId":"P0tatoChips"},"content":"            String[] words \u003d inputs.split(\" \");","lastModifiedDate":"2022-08-29"},{"lineNumber":29,"author":{"gitId":"P0tatoChips"},"content":"            String keyword \u003d words[0].toLowerCase();","lastModifiedDate":"2022-08-29"},{"lineNumber":30,"author":{"gitId":"P0tatoChips"},"content":"            // previous line fixes any problem of upper/lower case problems for the command keywords","lastModifiedDate":"2022-08-29"},{"lineNumber":31,"author":{"gitId":"P0tatoChips"},"content":"            String remainingInput \u003d truncateInput(words);","lastModifiedDate":"2022-09-06"},{"lineNumber":32,"author":{"gitId":"P0tatoChips"},"content":"            // remainingInput is the input without the command keywords e.g. todo, list, mark...","lastModifiedDate":"2022-09-06"},{"lineNumber":33,"author":{"gitId":"P0tatoChips"},"content":"            Response.printLines();","lastModifiedDate":"2022-09-06"},{"lineNumber":34,"author":{"gitId":"P0tatoChips"},"content":"            Allocator.allocate(tasks, words, keyword, remainingInput);","lastModifiedDate":"2022-09-06"},{"lineNumber":35,"author":{"gitId":"P0tatoChips"},"content":"            Response.printLines();","lastModifiedDate":"2022-09-06"},{"lineNumber":36,"author":{"gitId":"P0tatoChips"},"content":"              // putting this switch statement into another function causes some variables to not be incremented","lastModifiedDate":"2022-09-06"},{"lineNumber":37,"author":{"gitId":"P0tatoChips"},"content":"","lastModifiedDate":"2022-09-06"},{"lineNumber":38,"author":{"gitId":"P0tatoChips"},"content":"            if (keyword.equals(\"bye\")) {","lastModifiedDate":"2022-09-06"},{"lineNumber":39,"author":{"gitId":"P0tatoChips"},"content":"                systemState \u003d false;","lastModifiedDate":"2022-08-29"},{"lineNumber":40,"author":{"gitId":"P0tatoChips"},"content":"            }","lastModifiedDate":"2022-09-06"},{"lineNumber":41,"author":{"gitId":"P0tatoChips"},"content":"        }","lastModifiedDate":"2022-08-23"},{"lineNumber":42,"author":{"gitId":"P0tatoChips"},"content":"    }","lastModifiedDate":"2022-08-23"},{"lineNumber":43,"author":{"gitId":"-"},"content":"}","lastModifiedDate":"2019-07-29"}],"authorContributionMap":{"P0tatoChips":41,"-":2}},{"path":"src/main/java/duke/command/Allocator.java","fileType":"java","lines":[{"lineNumber":1,"author":{"gitId":"P0tatoChips"},"content":"package duke.command;","lastModifiedDate":"2022-09-06"},{"lineNumber":2,"author":{"gitId":"P0tatoChips"},"content":"","lastModifiedDate":"2022-09-06"},{"lineNumber":3,"author":{"gitId":"P0tatoChips"},"content":"import duke.task.Task;","lastModifiedDate":"2022-09-06"},{"lineNumber":4,"author":{"gitId":"P0tatoChips"},"content":"","lastModifiedDate":"2022-09-06"},{"lineNumber":5,"author":{"gitId":"P0tatoChips"},"content":"public class Allocator {","lastModifiedDate":"2022-09-06"},{"lineNumber":6,"author":{"gitId":"P0tatoChips"},"content":"","lastModifiedDate":"2022-09-06"},{"lineNumber":7,"author":{"gitId":"P0tatoChips"},"content":"    public static void allocate(Task[] tasks, String[] words, String keyword, String remainingInput) {","lastModifiedDate":"2022-09-06"},{"lineNumber":8,"author":{"gitId":"P0tatoChips"},"content":"","lastModifiedDate":"2022-09-06"},{"lineNumber":9,"author":{"gitId":"P0tatoChips"},"content":"        switch (keyword) {","lastModifiedDate":"2022-09-06"},{"lineNumber":10,"author":{"gitId":"P0tatoChips"},"content":"        case \"bye\":","lastModifiedDate":"2022-09-06"},{"lineNumber":11,"author":{"gitId":"P0tatoChips"},"content":"            Response.printGreetings(\"bye\");","lastModifiedDate":"2022-09-06"},{"lineNumber":12,"author":{"gitId":"P0tatoChips"},"content":"            break;","lastModifiedDate":"2022-09-06"},{"lineNumber":13,"author":{"gitId":"P0tatoChips"},"content":"        case \"mark\":","lastModifiedDate":"2022-09-06"},{"lineNumber":14,"author":{"gitId":"P0tatoChips"},"content":"            Response.markResponse(tasks, Integer.parseInt(words[1]) - 1);","lastModifiedDate":"2022-09-06"},{"lineNumber":15,"author":{"gitId":"P0tatoChips"},"content":"            break;","lastModifiedDate":"2022-09-06"},{"lineNumber":16,"author":{"gitId":"P0tatoChips"},"content":"        case \"unmark\":","lastModifiedDate":"2022-09-06"},{"lineNumber":17,"author":{"gitId":"P0tatoChips"},"content":"            Response.unmarkResponse(tasks, Integer.parseInt(words[1]) - 1);","lastModifiedDate":"2022-09-06"},{"lineNumber":18,"author":{"gitId":"P0tatoChips"},"content":"            break;","lastModifiedDate":"2022-09-06"},{"lineNumber":19,"author":{"gitId":"P0tatoChips"},"content":"        case \"list\":","lastModifiedDate":"2022-09-06"},{"lineNumber":20,"author":{"gitId":"P0tatoChips"},"content":"            Response.listResponse(tasks, Task.getTaskNumber());","lastModifiedDate":"2022-09-06"},{"lineNumber":21,"author":{"gitId":"P0tatoChips"},"content":"            break;","lastModifiedDate":"2022-09-06"},{"lineNumber":22,"author":{"gitId":"P0tatoChips"},"content":"        case \"todo\":","lastModifiedDate":"2022-09-06"},{"lineNumber":23,"author":{"gitId":"P0tatoChips"},"content":"            Response.toDoResponse(tasks, remainingInput, Task.getTaskNumber());","lastModifiedDate":"2022-09-06"},{"lineNumber":24,"author":{"gitId":"P0tatoChips"},"content":"            break;","lastModifiedDate":"2022-09-06"},{"lineNumber":25,"author":{"gitId":"P0tatoChips"},"content":"        case \"deadline\":","lastModifiedDate":"2022-09-06"},{"lineNumber":26,"author":{"gitId":"P0tatoChips"},"content":"            Response.deadlineResponse(tasks, remainingInput, Task.getTaskNumber());","lastModifiedDate":"2022-09-06"},{"lineNumber":27,"author":{"gitId":"P0tatoChips"},"content":"            break;","lastModifiedDate":"2022-09-06"},{"lineNumber":28,"author":{"gitId":"P0tatoChips"},"content":"        case \"event\":","lastModifiedDate":"2022-09-06"},{"lineNumber":29,"author":{"gitId":"P0tatoChips"},"content":"            Response.eventResponse(tasks, remainingInput, Task.getTaskNumber());","lastModifiedDate":"2022-09-06"},{"lineNumber":30,"author":{"gitId":"P0tatoChips"},"content":"            break;","lastModifiedDate":"2022-09-06"},{"lineNumber":31,"author":{"gitId":"P0tatoChips"},"content":"        default:","lastModifiedDate":"2022-09-06"},{"lineNumber":32,"author":{"gitId":"P0tatoChips"},"content":"            System.out.println(\"☹ OOPS!!! I\u0027m sorry, but I don\u0027t know what that means :-(\");","lastModifiedDate":"2022-09-06"},{"lineNumber":33,"author":{"gitId":"P0tatoChips"},"content":"            break;","lastModifiedDate":"2022-09-06"},{"lineNumber":34,"author":{"gitId":"P0tatoChips"},"content":"        }","lastModifiedDate":"2022-09-06"},{"lineNumber":35,"author":{"gitId":"P0tatoChips"},"content":"    }","lastModifiedDate":"2022-09-06"},{"lineNumber":36,"author":{"gitId":"P0tatoChips"},"content":"}","lastModifiedDate":"2022-09-06"}],"authorContributionMap":{"P0tatoChips":36}},{"path":"src/main/java/duke/command/Processor.java","fileType":"java","lines":[{"lineNumber":1,"author":{"gitId":"P0tatoChips"},"content":"package duke.command;","lastModifiedDate":"2022-09-06"},{"lineNumber":2,"author":{"gitId":"P0tatoChips"},"content":"","lastModifiedDate":"2022-09-06"},{"lineNumber":3,"author":{"gitId":"P0tatoChips"},"content":"public class Processor {","lastModifiedDate":"2022-09-06"},{"lineNumber":4,"author":{"gitId":"P0tatoChips"},"content":"","lastModifiedDate":"2022-09-06"},{"lineNumber":5,"author":{"gitId":"P0tatoChips"},"content":"    /* Split input into:","lastModifiedDate":"2022-09-06"},{"lineNumber":6,"author":{"gitId":"P0tatoChips"},"content":"       keyword OR","lastModifiedDate":"2022-09-06"},{"lineNumber":7,"author":{"gitId":"P0tatoChips"},"content":"       keyword + num OR","lastModifiedDate":"2022-09-06"},{"lineNumber":8,"author":{"gitId":"P0tatoChips"},"content":"       keyword + description + /by or /at + time","lastModifiedDate":"2022-09-06"},{"lineNumber":9,"author":{"gitId":"P0tatoChips"},"content":"     */","lastModifiedDate":"2022-09-06"},{"lineNumber":10,"author":{"gitId":"P0tatoChips"},"content":"","lastModifiedDate":"2022-09-06"},{"lineNumber":11,"author":{"gitId":"P0tatoChips"},"content":"}","lastModifiedDate":"2022-09-06"}],"authorContributionMap":{"P0tatoChips":11}},{"path":"src/main/java/duke/command/Response.java","fileType":"java","lines":[{"lineNumber":1,"author":{"gitId":"P0tatoChips"},"content":"package duke.command;","lastModifiedDate":"2022-09-06"},{"lineNumber":2,"author":{"gitId":"P0tatoChips"},"content":"","lastModifiedDate":"2022-09-06"},{"lineNumber":3,"author":{"gitId":"P0tatoChips"},"content":"import duke.task.Deadline;","lastModifiedDate":"2022-09-06"},{"lineNumber":4,"author":{"gitId":"P0tatoChips"},"content":"import duke.task.Event;","lastModifiedDate":"2022-09-06"},{"lineNumber":5,"author":{"gitId":"P0tatoChips"},"content":"import duke.task.Task;","lastModifiedDate":"2022-09-06"},{"lineNumber":6,"author":{"gitId":"P0tatoChips"},"content":"import duke.task.Todo;","lastModifiedDate":"2022-09-06"},{"lineNumber":7,"author":{"gitId":"P0tatoChips"},"content":"","lastModifiedDate":"2022-09-06"},{"lineNumber":8,"author":{"gitId":"P0tatoChips"},"content":"public class Response {","lastModifiedDate":"2022-09-06"},{"lineNumber":9,"author":{"gitId":"P0tatoChips"},"content":"","lastModifiedDate":"2022-09-06"},{"lineNumber":10,"author":{"gitId":"P0tatoChips"},"content":"    public static void printLines() {","lastModifiedDate":"2022-09-06"},{"lineNumber":11,"author":{"gitId":"P0tatoChips"},"content":"        System.out.println(\"___________________________________________________________________________\");","lastModifiedDate":"2022-09-06"},{"lineNumber":12,"author":{"gitId":"P0tatoChips"},"content":"    }","lastModifiedDate":"2022-09-06"},{"lineNumber":13,"author":{"gitId":"P0tatoChips"},"content":"","lastModifiedDate":"2022-09-06"},{"lineNumber":14,"author":{"gitId":"P0tatoChips"},"content":"    public static void printGreetings(String greeting) {","lastModifiedDate":"2022-09-06"},{"lineNumber":15,"author":{"gitId":"P0tatoChips"},"content":"        if (greeting.equals(\"hello\")) {","lastModifiedDate":"2022-09-06"},{"lineNumber":16,"author":{"gitId":"P0tatoChips"},"content":"            // hello greeting","lastModifiedDate":"2022-09-06"},{"lineNumber":17,"author":{"gitId":"P0tatoChips"},"content":"            printLines();","lastModifiedDate":"2022-09-06"},{"lineNumber":18,"author":{"gitId":"P0tatoChips"},"content":"            System.out.println(\"Hello! I\u0027m Duke\" + System.lineSeparator() + \"What can I do for you?\");","lastModifiedDate":"2022-09-06"},{"lineNumber":19,"author":{"gitId":"P0tatoChips"},"content":"            printLines();","lastModifiedDate":"2022-09-06"},{"lineNumber":20,"author":{"gitId":"P0tatoChips"},"content":"        }   else {","lastModifiedDate":"2022-09-06"},{"lineNumber":21,"author":{"gitId":"P0tatoChips"},"content":"            // bye greeting","lastModifiedDate":"2022-09-06"},{"lineNumber":22,"author":{"gitId":"P0tatoChips"},"content":"            System.out.println(\"Bye. Hope to see you again soon!\");","lastModifiedDate":"2022-09-06"},{"lineNumber":23,"author":{"gitId":"P0tatoChips"},"content":"        }","lastModifiedDate":"2022-09-06"},{"lineNumber":24,"author":{"gitId":"P0tatoChips"},"content":"    }","lastModifiedDate":"2022-09-06"},{"lineNumber":25,"author":{"gitId":"P0tatoChips"},"content":"    public static void markResponse(Task[] tasks, int position) {","lastModifiedDate":"2022-09-06"},{"lineNumber":26,"author":{"gitId":"P0tatoChips"},"content":"        tasks[position].markAsDone();","lastModifiedDate":"2022-09-06"},{"lineNumber":27,"author":{"gitId":"P0tatoChips"},"content":"        System.out.println(\"Nice! I\u0027ve marked this task as done:\" + System.lineSeparator()","lastModifiedDate":"2022-09-06"},{"lineNumber":28,"author":{"gitId":"P0tatoChips"},"content":"                + tasks[position]);","lastModifiedDate":"2022-09-06"},{"lineNumber":29,"author":{"gitId":"P0tatoChips"},"content":"    }","lastModifiedDate":"2022-09-06"},{"lineNumber":30,"author":{"gitId":"P0tatoChips"},"content":"","lastModifiedDate":"2022-09-06"},{"lineNumber":31,"author":{"gitId":"P0tatoChips"},"content":"    public static void unmarkResponse(Task[] tasks, int position) {","lastModifiedDate":"2022-09-06"},{"lineNumber":32,"author":{"gitId":"P0tatoChips"},"content":"        tasks[position].unmarkAsDone();","lastModifiedDate":"2022-09-06"},{"lineNumber":33,"author":{"gitId":"P0tatoChips"},"content":"        System.out.println(\"OK, I\u0027ve marked this task as not done yet:\" + System.lineSeparator()","lastModifiedDate":"2022-09-06"},{"lineNumber":34,"author":{"gitId":"P0tatoChips"},"content":"                + tasks[position]);","lastModifiedDate":"2022-09-06"},{"lineNumber":35,"author":{"gitId":"P0tatoChips"},"content":"    }","lastModifiedDate":"2022-09-06"},{"lineNumber":36,"author":{"gitId":"P0tatoChips"},"content":"","lastModifiedDate":"2022-09-06"},{"lineNumber":37,"author":{"gitId":"P0tatoChips"},"content":"    public static void listResponse(Task[] tasks, int count) {","lastModifiedDate":"2022-09-06"},{"lineNumber":38,"author":{"gitId":"P0tatoChips"},"content":"        System.out.println(\"Here are the tasks in your list:\");","lastModifiedDate":"2022-09-06"},{"lineNumber":39,"author":{"gitId":"P0tatoChips"},"content":"        for (int i \u003d 0; i \u003c count; i++) {","lastModifiedDate":"2022-09-06"},{"lineNumber":40,"author":{"gitId":"P0tatoChips"},"content":"            System.out.println((i + 1) + \".\" + tasks[i]);","lastModifiedDate":"2022-09-06"},{"lineNumber":41,"author":{"gitId":"P0tatoChips"},"content":"        }","lastModifiedDate":"2022-09-06"},{"lineNumber":42,"author":{"gitId":"P0tatoChips"},"content":"    }","lastModifiedDate":"2022-09-06"},{"lineNumber":43,"author":{"gitId":"P0tatoChips"},"content":"","lastModifiedDate":"2022-09-06"},{"lineNumber":44,"author":{"gitId":"P0tatoChips"},"content":"    public static void toDoResponse(Task[] tasks, String input, int count) {","lastModifiedDate":"2022-09-06"},{"lineNumber":45,"author":{"gitId":"P0tatoChips"},"content":"        // System.out.println(count); // code for debugging purposes","lastModifiedDate":"2022-09-06"},{"lineNumber":46,"author":{"gitId":"P0tatoChips"},"content":"        if (input.equals(\"\")) {","lastModifiedDate":"2022-09-06"},{"lineNumber":47,"author":{"gitId":"P0tatoChips"},"content":"            System.out.println(\"☹ OOPS!!! The description of an event cannot be empty.\");","lastModifiedDate":"2022-09-06"},{"lineNumber":48,"author":{"gitId":"P0tatoChips"},"content":"            return;","lastModifiedDate":"2022-09-06"},{"lineNumber":49,"author":{"gitId":"P0tatoChips"},"content":"        }","lastModifiedDate":"2022-09-06"},{"lineNumber":50,"author":{"gitId":"P0tatoChips"},"content":"        tasks[count] \u003d new Todo(input);","lastModifiedDate":"2022-09-06"},{"lineNumber":51,"author":{"gitId":"P0tatoChips"},"content":"        System.out.println(\"Got it. I\u0027ve added this task:\" + System.lineSeparator()","lastModifiedDate":"2022-09-06"},{"lineNumber":52,"author":{"gitId":"P0tatoChips"},"content":"                + tasks[count] + System.lineSeparator() + \"Now you have \" + (count + 1)","lastModifiedDate":"2022-09-06"},{"lineNumber":53,"author":{"gitId":"P0tatoChips"},"content":"                + \" tasks in the list.\");","lastModifiedDate":"2022-09-06"},{"lineNumber":54,"author":{"gitId":"P0tatoChips"},"content":"    }","lastModifiedDate":"2022-09-06"},{"lineNumber":55,"author":{"gitId":"P0tatoChips"},"content":"","lastModifiedDate":"2022-09-06"},{"lineNumber":56,"author":{"gitId":"P0tatoChips"},"content":"    public static void deadlineResponse(Task[] tasks, String input, int count) {","lastModifiedDate":"2022-09-06"},{"lineNumber":57,"author":{"gitId":"P0tatoChips"},"content":"        // System.out.println(count); // code for debugging purposes","lastModifiedDate":"2022-09-06"},{"lineNumber":58,"author":{"gitId":"P0tatoChips"},"content":"        if (input.equals(\"\")) {","lastModifiedDate":"2022-09-06"},{"lineNumber":59,"author":{"gitId":"P0tatoChips"},"content":"            System.out.println(\"☹ OOPS!!! The description of an event cannot be empty.\");","lastModifiedDate":"2022-09-06"},{"lineNumber":60,"author":{"gitId":"P0tatoChips"},"content":"            return;","lastModifiedDate":"2022-09-06"},{"lineNumber":61,"author":{"gitId":"P0tatoChips"},"content":"        }","lastModifiedDate":"2022-09-06"},{"lineNumber":62,"author":{"gitId":"P0tatoChips"},"content":"        int byPosition \u003d input.indexOf(\"/by\");","lastModifiedDate":"2022-09-06"},{"lineNumber":63,"author":{"gitId":"P0tatoChips"},"content":"        String taskDescription \u003d input.substring(0, byPosition);","lastModifiedDate":"2022-09-06"},{"lineNumber":64,"author":{"gitId":"P0tatoChips"},"content":"        String time \u003d input.substring(byPosition + 4);","lastModifiedDate":"2022-09-06"},{"lineNumber":65,"author":{"gitId":"P0tatoChips"},"content":"        tasks[count] \u003d new Deadline(taskDescription, time);","lastModifiedDate":"2022-09-06"},{"lineNumber":66,"author":{"gitId":"P0tatoChips"},"content":"        System.out.println(\"Got it. I\u0027ve added this task:\" + System.lineSeparator()","lastModifiedDate":"2022-09-06"},{"lineNumber":67,"author":{"gitId":"P0tatoChips"},"content":"                + tasks[count] + System.lineSeparator() + \"Now you have \"","lastModifiedDate":"2022-09-06"},{"lineNumber":68,"author":{"gitId":"P0tatoChips"},"content":"                + (count + 1)  + \" tasks in the list.\");","lastModifiedDate":"2022-09-06"},{"lineNumber":69,"author":{"gitId":"P0tatoChips"},"content":"    }","lastModifiedDate":"2022-09-06"},{"lineNumber":70,"author":{"gitId":"P0tatoChips"},"content":"","lastModifiedDate":"2022-09-06"},{"lineNumber":71,"author":{"gitId":"P0tatoChips"},"content":"    public static void eventResponse(Task[] tasks, String input, int count) {","lastModifiedDate":"2022-09-06"},{"lineNumber":72,"author":{"gitId":"P0tatoChips"},"content":"        // System.out.println(count); // code for debugging purposes","lastModifiedDate":"2022-09-06"},{"lineNumber":73,"author":{"gitId":"P0tatoChips"},"content":"        if (input.equals(\"\")) {","lastModifiedDate":"2022-09-06"},{"lineNumber":74,"author":{"gitId":"P0tatoChips"},"content":"            System.out.println(\"☹ OOPS!!! The description of an event cannot be empty.\");","lastModifiedDate":"2022-09-06"},{"lineNumber":75,"author":{"gitId":"P0tatoChips"},"content":"            return;","lastModifiedDate":"2022-09-06"},{"lineNumber":76,"author":{"gitId":"P0tatoChips"},"content":"        }","lastModifiedDate":"2022-09-06"},{"lineNumber":77,"author":{"gitId":"P0tatoChips"},"content":"        int atPosition \u003d input.indexOf(\"/at\");","lastModifiedDate":"2022-09-06"},{"lineNumber":78,"author":{"gitId":"P0tatoChips"},"content":"        String taskDescription \u003d input.substring(0, atPosition);","lastModifiedDate":"2022-09-06"},{"lineNumber":79,"author":{"gitId":"P0tatoChips"},"content":"        String time \u003d input.substring(atPosition + 4);","lastModifiedDate":"2022-09-06"},{"lineNumber":80,"author":{"gitId":"P0tatoChips"},"content":"        tasks[count] \u003d new Event(taskDescription, time);","lastModifiedDate":"2022-09-06"},{"lineNumber":81,"author":{"gitId":"P0tatoChips"},"content":"        System.out.println(\"Got it. I\u0027ve added this task:\" + System.lineSeparator()","lastModifiedDate":"2022-09-06"},{"lineNumber":82,"author":{"gitId":"P0tatoChips"},"content":"                +  tasks[count] + System.lineSeparator() + \"Now you have \"","lastModifiedDate":"2022-09-06"},{"lineNumber":83,"author":{"gitId":"P0tatoChips"},"content":"                + (count + 1) + \" tasks in the list.\");","lastModifiedDate":"2022-09-06"},{"lineNumber":84,"author":{"gitId":"P0tatoChips"},"content":"    }","lastModifiedDate":"2022-09-06"},{"lineNumber":85,"author":{"gitId":"P0tatoChips"},"content":"}","lastModifiedDate":"2022-09-06"}],"authorContributionMap":{"P0tatoChips":85}},{"path":"src/main/java/duke/task/Deadline.java","fileType":"java","lines":[{"lineNumber":1,"author":{"gitId":"P0tatoChips"},"content":"package duke.task;","lastModifiedDate":"2022-09-06"},{"lineNumber":2,"author":{"gitId":"P0tatoChips"},"content":"","lastModifiedDate":"2022-09-06"},{"lineNumber":3,"author":{"gitId":"P0tatoChips"},"content":"public class Deadline extends Task {","lastModifiedDate":"2022-08-29"},{"lineNumber":4,"author":{"gitId":"P0tatoChips"},"content":"","lastModifiedDate":"2022-08-29"},{"lineNumber":5,"author":{"gitId":"P0tatoChips"},"content":"    private String by;","lastModifiedDate":"2022-09-06"},{"lineNumber":6,"author":{"gitId":"P0tatoChips"},"content":"","lastModifiedDate":"2022-08-29"},{"lineNumber":7,"author":{"gitId":"P0tatoChips"},"content":"    public Deadline(String description, String by) {","lastModifiedDate":"2022-08-29"},{"lineNumber":8,"author":{"gitId":"P0tatoChips"},"content":"        super(description);","lastModifiedDate":"2022-08-29"},{"lineNumber":9,"author":{"gitId":"P0tatoChips"},"content":"        this.by \u003d by;","lastModifiedDate":"2022-08-29"},{"lineNumber":10,"author":{"gitId":"P0tatoChips"},"content":"    }","lastModifiedDate":"2022-08-29"},{"lineNumber":11,"author":{"gitId":"P0tatoChips"},"content":"","lastModifiedDate":"2022-08-29"},{"lineNumber":12,"author":{"gitId":"P0tatoChips"},"content":"    @Override","lastModifiedDate":"2022-08-29"},{"lineNumber":13,"author":{"gitId":"P0tatoChips"},"content":"    public String toString() {","lastModifiedDate":"2022-08-29"},{"lineNumber":14,"author":{"gitId":"P0tatoChips"},"content":"        return \"[D]\" + super.toString() + \"(by: \" + by + \")\";","lastModifiedDate":"2022-08-29"},{"lineNumber":15,"author":{"gitId":"P0tatoChips"},"content":"    }","lastModifiedDate":"2022-08-29"},{"lineNumber":16,"author":{"gitId":"P0tatoChips"},"content":"}","lastModifiedDate":"2022-08-29"}],"authorContributionMap":{"P0tatoChips":16}},{"path":"src/main/java/duke/task/Event.java","fileType":"java","lines":[{"lineNumber":1,"author":{"gitId":"P0tatoChips"},"content":"package duke.task;","lastModifiedDate":"2022-09-06"},{"lineNumber":2,"author":{"gitId":"P0tatoChips"},"content":"","lastModifiedDate":"2022-09-06"},{"lineNumber":3,"author":{"gitId":"P0tatoChips"},"content":"public class Event extends Task {","lastModifiedDate":"2022-08-29"},{"lineNumber":4,"author":{"gitId":"P0tatoChips"},"content":"","lastModifiedDate":"2022-08-29"},{"lineNumber":5,"author":{"gitId":"P0tatoChips"},"content":"    private String at;","lastModifiedDate":"2022-09-06"},{"lineNumber":6,"author":{"gitId":"P0tatoChips"},"content":"","lastModifiedDate":"2022-08-29"},{"lineNumber":7,"author":{"gitId":"P0tatoChips"},"content":"    public Event(String description, String at) {","lastModifiedDate":"2022-08-30"},{"lineNumber":8,"author":{"gitId":"P0tatoChips"},"content":"        super(description);","lastModifiedDate":"2022-08-29"},{"lineNumber":9,"author":{"gitId":"P0tatoChips"},"content":"        this.at \u003d at;","lastModifiedDate":"2022-08-30"},{"lineNumber":10,"author":{"gitId":"P0tatoChips"},"content":"    }","lastModifiedDate":"2022-08-29"},{"lineNumber":11,"author":{"gitId":"P0tatoChips"},"content":"","lastModifiedDate":"2022-08-29"},{"lineNumber":12,"author":{"gitId":"P0tatoChips"},"content":"    @Override","lastModifiedDate":"2022-08-29"},{"lineNumber":13,"author":{"gitId":"P0tatoChips"},"content":"    public String toString() {","lastModifiedDate":"2022-08-29"},{"lineNumber":14,"author":{"gitId":"P0tatoChips"},"content":"        return \"[E]\" + super.toString() + \"(at: \" + at + \")\";","lastModifiedDate":"2022-08-30"},{"lineNumber":15,"author":{"gitId":"P0tatoChips"},"content":"    }","lastModifiedDate":"2022-08-29"},{"lineNumber":16,"author":{"gitId":"P0tatoChips"},"content":"}","lastModifiedDate":"2022-08-29"}],"authorContributionMap":{"P0tatoChips":16}},{"path":"src/main/java/duke/task/Task.java","fileType":"java","lines":[{"lineNumber":1,"author":{"gitId":"P0tatoChips"},"content":"package duke.task;","lastModifiedDate":"2022-09-06"},{"lineNumber":2,"author":{"gitId":"P0tatoChips"},"content":"","lastModifiedDate":"2022-09-06"},{"lineNumber":3,"author":{"gitId":"P0tatoChips"},"content":"public class Task {","lastModifiedDate":"2022-08-23"},{"lineNumber":4,"author":{"gitId":"P0tatoChips"},"content":"    private String description;","lastModifiedDate":"2022-09-06"},{"lineNumber":5,"author":{"gitId":"P0tatoChips"},"content":"    private boolean isDone;","lastModifiedDate":"2022-09-06"},{"lineNumber":6,"author":{"gitId":"P0tatoChips"},"content":"","lastModifiedDate":"2022-09-06"},{"lineNumber":7,"author":{"gitId":"P0tatoChips"},"content":"    private static int taskNumber \u003d 0;","lastModifiedDate":"2022-09-06"},{"lineNumber":8,"author":{"gitId":"P0tatoChips"},"content":"","lastModifiedDate":"2022-08-23"},{"lineNumber":9,"author":{"gitId":"P0tatoChips"},"content":"","lastModifiedDate":"2022-08-29"},{"lineNumber":10,"author":{"gitId":"P0tatoChips"},"content":"    public Task(String description) {","lastModifiedDate":"2022-08-23"},{"lineNumber":11,"author":{"gitId":"P0tatoChips"},"content":"        this.description \u003d description;","lastModifiedDate":"2022-08-23"},{"lineNumber":12,"author":{"gitId":"P0tatoChips"},"content":"        this.isDone \u003d false;","lastModifiedDate":"2022-08-23"},{"lineNumber":13,"author":{"gitId":"P0tatoChips"},"content":"        taskNumber++;","lastModifiedDate":"2022-09-06"},{"lineNumber":14,"author":{"gitId":"P0tatoChips"},"content":"    }","lastModifiedDate":"2022-08-23"},{"lineNumber":15,"author":{"gitId":"P0tatoChips"},"content":"","lastModifiedDate":"2022-08-23"},{"lineNumber":16,"author":{"gitId":"P0tatoChips"},"content":"    public String getStatusIcon() {","lastModifiedDate":"2022-08-23"},{"lineNumber":17,"author":{"gitId":"P0tatoChips"},"content":"        return (isDone ? \"X\" : \" \"); // mark done task with X","lastModifiedDate":"2022-08-23"},{"lineNumber":18,"author":{"gitId":"P0tatoChips"},"content":"    }","lastModifiedDate":"2022-08-23"},{"lineNumber":19,"author":{"gitId":"P0tatoChips"},"content":"","lastModifiedDate":"2022-08-23"},{"lineNumber":20,"author":{"gitId":"P0tatoChips"},"content":"    public void markAsDone() {","lastModifiedDate":"2022-08-23"},{"lineNumber":21,"author":{"gitId":"P0tatoChips"},"content":"        this.isDone \u003d true;","lastModifiedDate":"2022-08-23"},{"lineNumber":22,"author":{"gitId":"P0tatoChips"},"content":"    }","lastModifiedDate":"2022-08-23"},{"lineNumber":23,"author":{"gitId":"P0tatoChips"},"content":"","lastModifiedDate":"2022-08-23"},{"lineNumber":24,"author":{"gitId":"P0tatoChips"},"content":"    public void unmarkAsDone() {","lastModifiedDate":"2022-08-23"},{"lineNumber":25,"author":{"gitId":"P0tatoChips"},"content":"        this.isDone \u003d false;","lastModifiedDate":"2022-08-23"},{"lineNumber":26,"author":{"gitId":"P0tatoChips"},"content":"    }","lastModifiedDate":"2022-08-23"},{"lineNumber":27,"author":{"gitId":"P0tatoChips"},"content":"","lastModifiedDate":"2022-08-23"},{"lineNumber":28,"author":{"gitId":"P0tatoChips"},"content":"    public String getDescription() {","lastModifiedDate":"2022-08-23"},{"lineNumber":29,"author":{"gitId":"P0tatoChips"},"content":"        return description;","lastModifiedDate":"2022-08-23"},{"lineNumber":30,"author":{"gitId":"P0tatoChips"},"content":"    }","lastModifiedDate":"2022-08-23"},{"lineNumber":31,"author":{"gitId":"P0tatoChips"},"content":"","lastModifiedDate":"2022-08-29"},{"lineNumber":32,"author":{"gitId":"P0tatoChips"},"content":"    public String toString() {","lastModifiedDate":"2022-08-29"},{"lineNumber":33,"author":{"gitId":"P0tatoChips"},"content":"        return  \"[\" + getStatusIcon() + \"] \" + description;","lastModifiedDate":"2022-08-29"},{"lineNumber":34,"author":{"gitId":"P0tatoChips"},"content":"    }","lastModifiedDate":"2022-08-29"},{"lineNumber":35,"author":{"gitId":"P0tatoChips"},"content":"","lastModifiedDate":"2022-09-06"},{"lineNumber":36,"author":{"gitId":"P0tatoChips"},"content":"    public static int getTaskNumber() {","lastModifiedDate":"2022-09-06"},{"lineNumber":37,"author":{"gitId":"P0tatoChips"},"content":"        return taskNumber;","lastModifiedDate":"2022-09-06"},{"lineNumber":38,"author":{"gitId":"P0tatoChips"},"content":"    }","lastModifiedDate":"2022-09-06"},{"lineNumber":39,"author":{"gitId":"P0tatoChips"},"content":"}","lastModifiedDate":"2022-08-23"}],"authorContributionMap":{"P0tatoChips":39}},{"path":"src/main/java/duke/task/Todo.java","fileType":"java","lines":[{"lineNumber":1,"author":{"gitId":"P0tatoChips"},"content":"package duke.task;","lastModifiedDate":"2022-09-06"},{"lineNumber":2,"author":{"gitId":"P0tatoChips"},"content":"","lastModifiedDate":"2022-09-06"},{"lineNumber":3,"author":{"gitId":"P0tatoChips"},"content":"public class Todo extends Task {","lastModifiedDate":"2022-08-29"},{"lineNumber":4,"author":{"gitId":"P0tatoChips"},"content":"","lastModifiedDate":"2022-08-29"},{"lineNumber":5,"author":{"gitId":"P0tatoChips"},"content":"    public Todo(String description) {","lastModifiedDate":"2022-08-29"},{"lineNumber":6,"author":{"gitId":"P0tatoChips"},"content":"        super(description);","lastModifiedDate":"2022-08-29"},{"lineNumber":7,"author":{"gitId":"P0tatoChips"},"content":"    }","lastModifiedDate":"2022-08-29"},{"lineNumber":8,"author":{"gitId":"P0tatoChips"},"content":"","lastModifiedDate":"2022-08-29"},{"lineNumber":9,"author":{"gitId":"P0tatoChips"},"content":"    @Override","lastModifiedDate":"2022-08-29"},{"lineNumber":10,"author":{"gitId":"P0tatoChips"},"content":"    public String toString() {","lastModifiedDate":"2022-08-29"},{"lineNumber":11,"author":{"gitId":"P0tatoChips"},"content":"        return \"[T]\" + super.toString();","lastModifiedDate":"2022-08-29"},{"lineNumber":12,"author":{"gitId":"P0tatoChips"},"content":"    }","lastModifiedDate":"2022-08-29"},{"lineNumber":13,"author":{"gitId":"P0tatoChips"},"content":"}","lastModifiedDate":"2022-08-29"}],"authorContributionMap":{"P0tatoChips":13}},{"path":"text-ui-test/input.txt","fileType":"txt","lines":[{"lineNumber":1,"author":{"gitId":"P0tatoChips"},"content":"todo read book","lastModifiedDate":"2022-08-29"},{"lineNumber":2,"author":{"gitId":"P0tatoChips"},"content":"deadline return book /by Sunday","lastModifiedDate":"2022-08-29"},{"lineNumber":3,"author":{"gitId":"P0tatoChips"},"content":"event project meeting /at Mon 2-4pm","lastModifiedDate":"2022-08-29"},{"lineNumber":4,"author":{"gitId":"P0tatoChips"},"content":"deadline do homework /by no idea :-p","lastModifiedDate":"2022-08-29"},{"lineNumber":5,"author":{"gitId":"P0tatoChips"},"content":"list","lastModifiedDate":"2022-08-29"},{"lineNumber":6,"author":{"gitId":"P0tatoChips"},"content":"mark 4","lastModifiedDate":"2022-08-29"},{"lineNumber":7,"author":{"gitId":"P0tatoChips"},"content":"list","lastModifiedDate":"2022-08-29"},{"lineNumber":8,"author":{"gitId":"P0tatoChips"},"content":"unmark 4","lastModifiedDate":"2022-08-29"},{"lineNumber":9,"author":{"gitId":"P0tatoChips"},"content":"list","lastModifiedDate":"2022-08-29"},{"lineNumber":10,"author":{"gitId":"P0tatoChips"},"content":"bye","lastModifiedDate":"2022-08-29"}],"authorContributionMap":{"P0tatoChips":10}},{"path":"text-ui-test/runtest.bat","fileType":"bat","lines":[{"lineNumber":1,"author":{"gitId":"-"},"content":"@ECHO OFF","lastModifiedDate":"2020-05-25"},{"lineNumber":2,"author":{"gitId":"-"},"content":"","lastModifiedDate":"2020-05-25"},{"lineNumber":3,"author":{"gitId":"-"},"content":"REM create bin directory if it doesn\u0027t exist","lastModifiedDate":"2020-05-25"},{"lineNumber":4,"author":{"gitId":"-"},"content":"if not exist ..\\bin mkdir ..\\bin","lastModifiedDate":"2020-05-25"},{"lineNumber":5,"author":{"gitId":"-"},"content":"","lastModifiedDate":"2020-05-25"},{"lineNumber":6,"author":{"gitId":"-"},"content":"REM delete output from previous run","lastModifiedDate":"2020-05-25"},{"lineNumber":7,"author":{"gitId":"-"},"content":"if exist ACTUAL.TXT del ACTUAL.TXT","lastModifiedDate":"2020-08-25"},{"lineNumber":8,"author":{"gitId":"-"},"content":"","lastModifiedDate":"2020-05-25"},{"lineNumber":9,"author":{"gitId":"-"},"content":"REM compile the code into the bin folder","lastModifiedDate":"2020-05-25"},{"lineNumber":10,"author":{"gitId":"P0tatoChips"},"content":"javac  -cp ..\\src\\main\\java -Xlint:none -d ..\\bin ..\\src\\main\\java\\duke\\*.java","lastModifiedDate":"2022-09-06"},{"lineNumber":11,"author":{"gitId":"-"},"content":"IF ERRORLEVEL 1 (","lastModifiedDate":"2020-05-25"},{"lineNumber":12,"author":{"gitId":"-"},"content":"    echo ********** BUILD FAILURE **********","lastModifiedDate":"2020-05-25"},{"lineNumber":13,"author":{"gitId":"-"},"content":"    exit /b 1","lastModifiedDate":"2020-05-25"},{"lineNumber":14,"author":{"gitId":"-"},"content":")","lastModifiedDate":"2020-05-25"},{"lineNumber":15,"author":{"gitId":"-"},"content":"REM no error here, errorlevel \u003d\u003d 0","lastModifiedDate":"2020-05-25"},{"lineNumber":16,"author":{"gitId":"-"},"content":"","lastModifiedDate":"2020-05-25"},{"lineNumber":17,"author":{"gitId":"-"},"content":"REM run the program, feed commands from input.txt file and redirect the output to the ACTUAL.TXT","lastModifiedDate":"2020-05-25"},{"lineNumber":18,"author":{"gitId":"P0tatoChips"},"content":"java -classpath ..\\bin duke.Duke \u003c input.txt \u003e ACTUAL.TXT","lastModifiedDate":"2022-09-06"},{"lineNumber":19,"author":{"gitId":"-"},"content":"","lastModifiedDate":"2020-05-25"},{"lineNumber":20,"author":{"gitId":"-"},"content":"REM compare the output to the expected output","lastModifiedDate":"2020-05-25"},{"lineNumber":21,"author":{"gitId":"-"},"content":"FC ACTUAL.TXT EXPECTED.TXT","lastModifiedDate":"2020-05-25"}],"authorContributionMap":{"P0tatoChips":2,"-":19}}]
