{"authorDailyContributionsMap":{"P0tatoChips":[{"date":"2022-08-17","commitResults":[{"hash":"0f251c3713211608fd09005df67853b0f4b30d68","messageTitle":"Level-0","messageBody":"","fileTypesAndContributionMap":{"java":{"insertions":13,"deletions":6}}},{"hash":"6459eae9d581e825aa0b61f95d7de905d2f2d446","messageTitle":"Level-0","messageBody":"","fileTypesAndContributionMap":{"java":{"insertions":1,"deletions":1}}}]},{"date":"2022-08-23","commitResults":[{"hash":"3fab97999e670b633a998ed8077bddbd5579a050","messageTitle":"Level-1 Also changed printLines","messageBody":"","tags":["Level-1"],"fileTypesAndContributionMap":{"java":{"insertions":27,"deletions":12}}},{"hash":"c544fce757dc0b4e120fa5f6cc8204217c7eb5db","messageTitle":"Level-2","messageBody":"","tags":["Level-2"],"fileTypesAndContributionMap":{"java":{"insertions":13,"deletions":2}}},{"hash":"23ef657bf3c88a22026925641dc362abdbb5aedc","messageTitle":"Level-3 + Extension: A-Classes","messageBody":"","tags":["Level-3"],"fileTypesAndContributionMap":{"java":{"insertions":49,"deletions":9}}},{"hash":"af3e9ffbceb06a1e36160c09c2519632b4d4a72d","messageTitle":"Removed java.util.regex.PatternSyntaxException and fixed mark and unmark commands (position was 1 off)","messageBody":"","fileTypesAndContributionMap":{"java":{"insertions":8,"deletions":8}}}]},{"date":"2022-08-29","commitResults":[{"hash":"5db9a5b7e8da6ab0a50fc721c9975bb08e4b9501","messageTitle":"Changed code to follow Coding Standard","messageBody":"","tags":["A-CodingStandard"],"fileTypesAndContributionMap":{"java":{"insertions":7,"deletions":7}}},{"hash":"71cdfbe5f5b2b61f9adb8e6b6c1df90f28723e3e","messageTitle":"Add support for tracking three types of tasks: todos, deadlines and events","messageBody":"","tags":["Level-4"],"fileTypesAndContributionMap":{"java":{"insertions":78,"deletions":7}}},{"hash":"3e9318b0c157e57dfd88af73f2dff359db8b10f5","messageTitle":"Improved code quality","messageBody":"","fileTypesAndContributionMap":{"java":{"insertions":113,"deletions":67}}},{"hash":"eb4d7b4fc99ed030dde1454ab36b156b9cb94423","messageTitle":"Revert \"Improved code quality\"","messageBody":"This reverts commit 3e9318b0c157e57dfd88af73f2dff359db8b10f5.\n","fileTypesAndContributionMap":{"java":{"insertions":67,"deletions":113}}},{"hash":"0990042da02cd7097f53fe0fc741f1b72fa11375","messageTitle":"Revert \"Revert \"Improved code quality\"\"","messageBody":"This reverts commit eb4d7b4fc99ed030dde1454ab36b156b9cb94423.\n","fileTypesAndContributionMap":{"java":{"insertions":113,"deletions":67}}},{"hash":"3b791df7b0b04e2b1711f6d55491d05e2ec16271","messageTitle":"Added break; to default case in switch statement.","messageBody":"","tags":["A-CodeQuality"],"fileTypesAndContributionMap":{"java":{"insertions":1,"deletions":0}}},{"hash":"e27374c6ecd436b70abd98791a80819c8b52edfe","messageTitle":"Added Automated Text UI Testing","messageBody":"","tags":["A-TextUiTesting"],"fileTypesAndContributionMap":{"txt":{"insertions":10,"deletions":0},"bat":{"insertions":1,"deletions":1}}}]},{"date":"2022-08-30","commitResults":[{"hash":"b4be785bed353cdea95fded35f1b664b5b24bac4","messageTitle":"Made some small changes in Event.class","messageBody":"","fileTypesAndContributionMap":{"java":{"insertions":4,"deletions":4}}}]},{"date":"2022-08-31","commitResults":[{"hash":"5191e065d5482787e79eb2c89d7dbdb113b8b966","messageTitle":"Removed some redundant variables and inputs","messageBody":"","fileTypesAndContributionMap":{"java":{"insertions":5,"deletions":6}}}]},{"date":"2022-09-06","commitResults":[{"hash":"797316250045ef30b8ed9c68a8dd5c0ce2606fbf","messageTitle":"Divided classes into packages. Added classes Input and Output.","messageBody":"","fileTypesAndContributionMap":{"java":{"insertions":46,"deletions":21}}},{"hash":"8e9df143e9e4b87069cc96084a10dd65eba68efa","messageTitle":"Revert \"Divided classes into packages. Added classes Input and Output.\"","messageBody":"This reverts commit 797316250045ef30b8ed9c68a8dd5c0ce2606fbf.\n","fileTypesAndContributionMap":{"java":{"insertions":21,"deletions":46}}},{"hash":"f65e64718b37e5cb9978f7fea6bc7b22fb7aabdb","messageTitle":"Previous push failed so reverted changes. This commit will only sort current classes into Packages. Created duke and duke.task pages.","messageBody":"","tags":["A-Packages"],"fileTypesAndContributionMap":{"java":{"insertions":15,"deletions":0}}},{"hash":"4fefccef7632abc9a1fcfaf16d227dfe389b7547","messageTitle":"Added ability to handle unrecognisable command input errors.","messageBody":"","fileTypesAndContributionMap":{"java":{"insertions":1,"deletions":1}}},{"hash":"2f62575cf454e62f40963e867cb11a1b4349aef0","messageTitle":"Tried to resubmit again.","messageBody":"","fileTypesAndContributionMap":{"java":{"insertions":12,"deletions":0}}},{"hash":"ddd5421ce10bff46afdd7277732be8741faf9e2b","messageTitle":"Added java.command package that contains Allocator, Processor, Response classes. And also made some minor edits","messageBody":"","fileTypesAndContributionMap":{"java":{"insertions":155,"deletions":123},"bat":{"insertions":2,"deletions":2}}}]},{"date":"2022-09-07","commitResults":[{"hash":"3020eab206a658b8733c6369cd17be65de0a0929","messageTitle":"Completed Processor.java and made changes in other classes to adjust to fit with the Processer class","messageBody":"","fileTypesAndContributionMap":{"java":{"insertions":132,"deletions":58}}},{"hash":"e8d9342326cb2989e9f841bf1d62c234e8eea3bc","messageTitle":"Moved everything out of their packages to set up for branch-A-Packages","messageBody":"","fileTypesAndContributionMap":{"java":{"insertions":19,"deletions":22}}},{"hash":"62f7d652c04fc974326bffa25a63f13f3307e9bc","messageTitle":"Created command package containing Allocator, Processor, Response and StringTools classes","messageBody":"","fileTypesAndContributionMap":{"java":{"insertions":12,"deletions":4}}},{"hash":"75ea5c45ea5b1200c7f31dfd2c05e61a1bff23d6","messageTitle":"Created duke.task package containing Todo, Deadline, Event and Task classes","messageBody":"","fileTypesAndContributionMap":{"java":{"insertions":11,"deletions":10}}}]},{"date":"2022-09-09","commitResults":[{"hash":"110693a67247456b16101ee0ca37eb1e6658e96f","messageTitle":"Added exception package and DukeExceptions class","messageBody":"","fileTypesAndContributionMap":{"java":{"insertions":14,"deletions":4}}}]},{"date":"2022-09-12","commitResults":[{"hash":"6f089468112340c6d2c801c97bc7e5d9a84195b8","messageTitle":"Removed unnecessary Processor class. Added exception handling for mark, unmark and potentially delete.","messageBody":"","fileTypesAndContributionMap":{"java":{"insertions":80,"deletions":29}}},{"hash":"685dc315b4520f3f167c528e555d90a5ebb89eb0","messageTitle":"Added ability to handle most of the other exceptions","messageBody":"","fileTypesAndContributionMap":{"java":{"insertions":168,"deletions":50}}},{"hash":"725a791fbd5c775955f63159f1595a0f4330c4b3","messageTitle":"Moved some methods to GenericPrint class","messageBody":"","fileTypesAndContributionMap":{"java":{"insertions":77,"deletions":76}}}]},{"date":"2022-09-13","commitResults":[{"hash":"42a6cde8a02f8ad4acc4a91c1dbffe749f2512d8","messageTitle":"Added manager package. Added Parser, Ui, Command, TaskList classes as preparation for overhaul of code","messageBody":"","fileTypesAndContributionMap":{"java":{"insertions":46,"deletions":17}}}]},{"date":"2022-09-14","commitResults":[{"hash":"dc5a72b7936529a8c2361f6df3b91e7afbc0873f","messageTitle":"Moved methods around classes. Set up ArrayList","messageBody":"","fileTypesAndContributionMap":{"java":{"insertions":724,"deletions":436}}},{"hash":"33422c0a409d9e26e4cd25b0c8f3d9d7730d7ef5","messageTitle":"Fixed adding tasks","messageBody":"","fileTypesAndContributionMap":{"java":{"insertions":69,"deletions":66}}},{"hash":"d766deda4258f35d967eb2bcd70facd50e4dbb72","messageTitle":"Implemented delete command. Exceptions still don\u0027t work yet","messageBody":"","fileTypesAndContributionMap":{"java":{"insertions":69,"deletions":52}}},{"hash":"e8e41e94d38ae28abcaf687eb836fa972abbaaa7","messageTitle":"Finished and tested Level-6. Exceptions mostly work","messageBody":"","fileTypesAndContributionMap":{"java":{"insertions":160,"deletions":47}}}]},{"date":"2022-09-25","commitResults":[{"hash":"c089b2fabc860b2f381018a14d1947c6b4267fd6","messageTitle":"Changed some things based on suggestions by Prof","messageBody":"","tags":["Level-6"],"fileTypesAndContributionMap":{"java":{"insertions":84,"deletions":40}}},{"hash":"f04895d8c6b375e6a82876f043f78a65631ad8ba","messageTitle":"Started branch-Level-7","messageBody":"","fileTypesAndContributionMap":{"java":{"insertions":17,"deletions":0}}}]},{"date":"2022-09-26","commitResults":[{"hash":"9eca6ca4fb39e811e1b4cc7df574571cbe6344ea","messageTitle":"Level-7. Load and save works.","messageBody":"","fileTypesAndContributionMap":{"java":{"insertions":308,"deletions":68}}},{"hash":"bb770e296ee5f7120cf0267cf86a33af534c3aee","messageTitle":"Started Level-9","messageBody":"","fileTypesAndContributionMap":{"java":{"insertions":89,"deletions":64}}},{"hash":"32a8d712e68939858eb4b36f85e0bf52ffdbd66e","messageTitle":"Completed Level-9","messageBody":"","fileTypesAndContributionMap":{"java":{"insertions":56,"deletions":19}}},{"hash":"3e918fc4291afa83660273268ae29479f1539650","messageTitle":"A-MoreOOP","messageBody":"","fileTypesAndContributionMap":{"java":{"insertions":34,"deletions":28}}},{"hash":"8b617f812fc0fece4a5eb029dcf000150f962477","messageTitle":"Started branch-A-JavaDoc. Finished Duke.java","messageBody":"","fileTypesAndContributionMap":{"java":{"insertions":13,"deletions":8}}}]},{"date":"2022-09-27","commitResults":[{"hash":"d3f682b4f56494b67f4bbf3d28c26eda8ea32f12","messageTitle":"Completed JavaDoc comments for Command and Task packages.","messageBody":"","fileTypesAndContributionMap":{"java":{"insertions":441,"deletions":84}}},{"hash":"4f9d21fce0b95ce519612690fa86fb35a2737fb9","messageTitle":"Completed JavaDoc for exceptions and Storage package","messageBody":"","fileTypesAndContributionMap":{"java":{"insertions":233,"deletions":20}}}]},{"date":"2022-09-28","commitResults":[{"hash":"f914e3cb34ef9f6a1c0da1f48a032732070a876d","messageTitle":"Completed branch-A-JavaDoc","messageBody":"","fileTypesAndContributionMap":{"txt":{"insertions":0,"deletions":0},"java":{"insertions":417,"deletions":460}}},{"hash":"34ac85f949b77c216fca9aaf71f65caf08839575","messageTitle":"Made minor changes","messageBody":"","fileTypesAndContributionMap":{"java":{"insertions":2,"deletions":5}}}]},{"date":"2022-09-29","commitResults":[{"hash":"de9365d7f1cfd1a45b66be6f6b3b462ef713768f","messageTitle":"Fixed any problematic code, reduced redundant/useless code and renamed some variables to increase readability.","messageBody":"","fileTypesAndContributionMap":{"txt":{"insertions":16,"deletions":1},"java":{"insertions":150,"deletions":163},"md":{"insertions":1,"deletions":1}}}]},{"date":"2022-09-30","commitResults":[{"hash":"a0b0c681e737164c50cc727b901a412c6219709f","messageTitle":"Final check, fixed some bugs","messageBody":"","fileTypesAndContributionMap":{"java":{"insertions":11,"deletions":4}}},{"hash":"46ed9a465a40eb250f2f4aa47cf396d5e27ee564","messageTitle":"A-UserGuide","messageBody":"","fileTypesAndContributionMap":{"md":{"insertions":303,"deletions":9}}},{"hash":"fdf853f5f41dd558213197c4f449cea97d79429b","messageTitle":"Update README.md","messageBody":"","fileTypesAndContributionMap":{"md":{"insertions":2,"deletions":0}}},{"hash":"3befe3a01a351d36b4513bc63d06594bb2867132","messageTitle":"Minor edit in README.md","messageBody":"","fileTypesAndContributionMap":{"md":{"insertions":2,"deletions":0}}},{"hash":"e9b38c2aab8c0a47c02a9bfc6b6db5a5f4ca85bd","messageTitle":"Update README.md","messageBody":"","fileTypesAndContributionMap":{"md":{"insertions":0,"deletions":1}}},{"hash":"234da9096c1900523fd9495536c090f8ff82e3bb","messageTitle":"Revert \"Minor edit in README.md\"","messageBody":"This reverts commit 3befe3a01a351d36b4513bc63d06594bb2867132.\n","fileTypesAndContributionMap":{"md":{"insertions":0,"deletions":2}}}]}]},"authorFileTypeContributionMap":{"P0tatoChips":{"java":1859,"md":303,"fxml":0,"sh":0,"bat":2,"gradle":0,"txt":25}},"authorContributionVariance":{"P0tatoChips":94727.85},"authorDisplayNameMap":{"P0tatoChips":"CS2113T-W11-2 HEIN..YANG"}}
