{"authorDailyContributionsMap":{"P0tatoChips":[{"date":"2022-08-17","commitResults":[{"hash":"0f251c3713211608fd09005df67853b0f4b30d68","messageTitle":"Level-0","messageBody":"","fileTypesAndContributionMap":{"java":{"insertions":13,"deletions":6}}},{"hash":"6459eae9d581e825aa0b61f95d7de905d2f2d446","messageTitle":"Level-0","messageBody":"","fileTypesAndContributionMap":{"java":{"insertions":1,"deletions":1}}}]},{"date":"2022-08-23","commitResults":[{"hash":"3fab97999e670b633a998ed8077bddbd5579a050","messageTitle":"Level-1 Also changed printLines","messageBody":"","tags":["Level-1"],"fileTypesAndContributionMap":{"java":{"insertions":27,"deletions":12}}},{"hash":"c544fce757dc0b4e120fa5f6cc8204217c7eb5db","messageTitle":"Level-2","messageBody":"","tags":["Level-2"],"fileTypesAndContributionMap":{"java":{"insertions":13,"deletions":2}}},{"hash":"23ef657bf3c88a22026925641dc362abdbb5aedc","messageTitle":"Level-3 + Extension: A-Classes","messageBody":"","tags":["Level-3"],"fileTypesAndContributionMap":{"java":{"insertions":49,"deletions":9}}},{"hash":"af3e9ffbceb06a1e36160c09c2519632b4d4a72d","messageTitle":"Removed java.util.regex.PatternSyntaxException and fixed mark and unmark commands (position was 1 off)","messageBody":"","fileTypesAndContributionMap":{"java":{"insertions":8,"deletions":8}}}]},{"date":"2022-08-29","commitResults":[{"hash":"5db9a5b7e8da6ab0a50fc721c9975bb08e4b9501","messageTitle":"Changed code to follow Coding Standard","messageBody":"","tags":["A-CodingStandard"],"fileTypesAndContributionMap":{"java":{"insertions":7,"deletions":7}}},{"hash":"71cdfbe5f5b2b61f9adb8e6b6c1df90f28723e3e","messageTitle":"Add support for tracking three types of tasks: todos, deadlines and events","messageBody":"","tags":["Level-4"],"fileTypesAndContributionMap":{"java":{"insertions":78,"deletions":7}}},{"hash":"3e9318b0c157e57dfd88af73f2dff359db8b10f5","messageTitle":"Improved code quality","messageBody":"","fileTypesAndContributionMap":{"java":{"insertions":113,"deletions":67}}},{"hash":"eb4d7b4fc99ed030dde1454ab36b156b9cb94423","messageTitle":"Revert \"Improved code quality\"","messageBody":"This reverts commit 3e9318b0c157e57dfd88af73f2dff359db8b10f5.\n","fileTypesAndContributionMap":{"java":{"insertions":67,"deletions":113}}},{"hash":"0990042da02cd7097f53fe0fc741f1b72fa11375","messageTitle":"Revert \"Revert \"Improved code quality\"\"","messageBody":"This reverts commit eb4d7b4fc99ed030dde1454ab36b156b9cb94423.\n","fileTypesAndContributionMap":{"java":{"insertions":113,"deletions":67}}},{"hash":"3b791df7b0b04e2b1711f6d55491d05e2ec16271","messageTitle":"Added break; to default case in switch statement.","messageBody":"","tags":["A-CodeQuality"],"fileTypesAndContributionMap":{"java":{"insertions":1,"deletions":0}}},{"hash":"e27374c6ecd436b70abd98791a80819c8b52edfe","messageTitle":"Added Automated Text UI Testing","messageBody":"","fileTypesAndContributionMap":{"txt":{"insertions":10,"deletions":0},"bat":{"insertions":1,"deletions":1}}}]}]},"authorFileTypeContributionMap":{"P0tatoChips":{"java":198,"md":0,"fxml":0,"sh":0,"bat":1,"gradle":0,"txt":10}},"authorContributionVariance":{"P0tatoChips":22571.361},"authorDisplayNameMap":{"P0tatoChips":"CS2113T-W11-2 HEIN..YANG"}}
