[{"path":"src/main/java/duke/Duke.java","fileType":"java","lines":[{"lineNumber":1,"author":{"gitId":"Zhai-Yuxin"},"content":"package duke;","lastModifiedDate":"2022-09-07"},{"lineNumber":2,"author":{"gitId":"Zhai-Yuxin"},"content":"","lastModifiedDate":"2022-09-07"},{"lineNumber":3,"author":{"gitId":"Zhai-Yuxin"},"content":"import duke.exceptions.EmptyCommandException;","lastModifiedDate":"2022-09-07"},{"lineNumber":4,"author":{"gitId":"Zhai-Yuxin"},"content":"","lastModifiedDate":"2022-09-07"},{"lineNumber":5,"author":{"gitId":"Zhai-Yuxin"},"content":"import java.util.Scanner;","lastModifiedDate":"2022-08-21"},{"lineNumber":6,"author":{"gitId":"Zhai-Yuxin"},"content":"","lastModifiedDate":"2022-08-21"},{"lineNumber":7,"author":{"gitId":"Zhai-Yuxin"},"content":"import java.io.File;","lastModifiedDate":"2022-09-14"},{"lineNumber":8,"author":{"gitId":"Zhai-Yuxin"},"content":"import java.io.FileNotFoundException;","lastModifiedDate":"2022-09-14"},{"lineNumber":9,"author":{"gitId":"Zhai-Yuxin"},"content":"","lastModifiedDate":"2022-09-14"},{"lineNumber":10,"author":{"gitId":"-"},"content":"public class Duke {","lastModifiedDate":"2019-07-29"},{"lineNumber":11,"author":{"gitId":"Zhai-Yuxin"},"content":"","lastModifiedDate":"2022-08-21"},{"lineNumber":12,"author":{"gitId":"Zhai-Yuxin"},"content":"    public static void response(String line, TaskManager action) {","lastModifiedDate":"2022-08-21"},{"lineNumber":13,"author":{"gitId":"Zhai-Yuxin"},"content":"        String[] words \u003d line.split(\" \");","lastModifiedDate":"2022-08-29"},{"lineNumber":14,"author":{"gitId":"Zhai-Yuxin"},"content":"        String commandWord \u003d words[0];","lastModifiedDate":"2022-08-29"},{"lineNumber":15,"author":{"gitId":"Zhai-Yuxin"},"content":"        int length \u003d commandWord.length();","lastModifiedDate":"2022-08-29"},{"lineNumber":16,"author":{"gitId":"Zhai-Yuxin"},"content":"        String taskLine \u003d \" \";","lastModifiedDate":"2022-08-29"},{"lineNumber":17,"author":{"gitId":"Zhai-Yuxin"},"content":"        if (line.length() \u003e length) {","lastModifiedDate":"2022-08-29"},{"lineNumber":18,"author":{"gitId":"Zhai-Yuxin"},"content":"            taskLine \u003d line.substring(length + 1);","lastModifiedDate":"2022-08-29"},{"lineNumber":19,"author":{"gitId":"Zhai-Yuxin"},"content":"        }","lastModifiedDate":"2022-08-29"},{"lineNumber":20,"author":{"gitId":"Zhai-Yuxin"},"content":"","lastModifiedDate":"2022-08-29"},{"lineNumber":21,"author":{"gitId":"Zhai-Yuxin"},"content":"        try {","lastModifiedDate":"2022-09-07"},{"lineNumber":22,"author":{"gitId":"Zhai-Yuxin"},"content":"            specificCase(line, action, commandWord, taskLine);","lastModifiedDate":"2022-09-01"},{"lineNumber":23,"author":{"gitId":"Zhai-Yuxin"},"content":"        } catch (EmptyCommandException e) {","lastModifiedDate":"2022-09-07"},{"lineNumber":24,"author":{"gitId":"Zhai-Yuxin"},"content":"            System.out.println(\"  ____________________________________________________________\");","lastModifiedDate":"2022-09-07"},{"lineNumber":25,"author":{"gitId":"Zhai-Yuxin"},"content":"            System.out.println(\"\\tSorry what are you trying to say?\");","lastModifiedDate":"2022-09-07"},{"lineNumber":26,"author":{"gitId":"Zhai-Yuxin"},"content":"            System.out.println(\"  ____________________________________________________________\");","lastModifiedDate":"2022-09-07"},{"lineNumber":27,"author":{"gitId":"Zhai-Yuxin"},"content":"        }","lastModifiedDate":"2022-09-07"},{"lineNumber":28,"author":{"gitId":"Zhai-Yuxin"},"content":"    }","lastModifiedDate":"2022-09-01"},{"lineNumber":29,"author":{"gitId":"Zhai-Yuxin"},"content":"","lastModifiedDate":"2022-09-01"},{"lineNumber":30,"author":{"gitId":"Zhai-Yuxin"},"content":"    private static void specificCase(String line, TaskManager action, String commandWord,","lastModifiedDate":"2022-09-07"},{"lineNumber":31,"author":{"gitId":"Zhai-Yuxin"},"content":"            String taskLine) throws EmptyCommandException {","lastModifiedDate":"2022-09-07"},{"lineNumber":32,"author":{"gitId":"Zhai-Yuxin"},"content":"        String status \u003d \"start\";","lastModifiedDate":"2022-09-07"},{"lineNumber":33,"author":{"gitId":"Zhai-Yuxin"},"content":"        switch (commandWord) {","lastModifiedDate":"2022-08-29"},{"lineNumber":34,"author":{"gitId":"Zhai-Yuxin"},"content":"        case \"bye\":","lastModifiedDate":"2022-08-29"},{"lineNumber":35,"author":{"gitId":"Zhai-Yuxin"},"content":"            action.bye();","lastModifiedDate":"2022-08-21"},{"lineNumber":36,"author":{"gitId":"Zhai-Yuxin"},"content":"            break;","lastModifiedDate":"2022-08-29"},{"lineNumber":37,"author":{"gitId":"Zhai-Yuxin"},"content":"        case \"list\":","lastModifiedDate":"2022-08-29"},{"lineNumber":38,"author":{"gitId":"Zhai-Yuxin"},"content":"            action.listTasks();","lastModifiedDate":"2022-08-21"},{"lineNumber":39,"author":{"gitId":"Zhai-Yuxin"},"content":"            break;","lastModifiedDate":"2022-08-29"},{"lineNumber":40,"author":{"gitId":"Zhai-Yuxin"},"content":"        case \"mark\":","lastModifiedDate":"2022-08-29"},{"lineNumber":41,"author":{"gitId":"Zhai-Yuxin"},"content":"        case \"unmark\":","lastModifiedDate":"2022-08-29"},{"lineNumber":42,"author":{"gitId":"Zhai-Yuxin"},"content":"        case \"delete\":","lastModifiedDate":"2022-09-14"},{"lineNumber":43,"author":{"gitId":"Zhai-Yuxin"},"content":"            status \u003d action.markingOrDeleting(taskLine, commandWord);","lastModifiedDate":"2022-09-14"},{"lineNumber":44,"author":{"gitId":"Zhai-Yuxin"},"content":"            break;","lastModifiedDate":"2022-08-29"},{"lineNumber":45,"author":{"gitId":"Zhai-Yuxin"},"content":"        case \"todo\":","lastModifiedDate":"2022-08-29"},{"lineNumber":46,"author":{"gitId":"Zhai-Yuxin"},"content":"        case \"deadline\":","lastModifiedDate":"2022-08-29"},{"lineNumber":47,"author":{"gitId":"Zhai-Yuxin"},"content":"        case \"event\":","lastModifiedDate":"2022-08-29"},{"lineNumber":48,"author":{"gitId":"Zhai-Yuxin"},"content":"            status \u003d action.addTask(taskLine, commandWord);","lastModifiedDate":"2022-09-07"},{"lineNumber":49,"author":{"gitId":"Zhai-Yuxin"},"content":"            break;","lastModifiedDate":"2022-08-29"},{"lineNumber":50,"author":{"gitId":"Zhai-Yuxin"},"content":"        default:","lastModifiedDate":"2022-08-29"},{"lineNumber":51,"author":{"gitId":"Zhai-Yuxin"},"content":"            throw new EmptyCommandException();","lastModifiedDate":"2022-09-07"},{"lineNumber":52,"author":{"gitId":"Zhai-Yuxin"},"content":"        }","lastModifiedDate":"2022-08-21"},{"lineNumber":53,"author":{"gitId":"Zhai-Yuxin"},"content":"    }","lastModifiedDate":"2022-08-21"},{"lineNumber":54,"author":{"gitId":"Zhai-Yuxin"},"content":"","lastModifiedDate":"2022-08-21"},{"lineNumber":55,"author":{"gitId":"Zhai-Yuxin"},"content":"    public static void readFile(File f, TaskManager action) throws FileNotFoundException {","lastModifiedDate":"2022-09-14"},{"lineNumber":56,"author":{"gitId":"Zhai-Yuxin"},"content":"        Scanner s \u003d new Scanner(f);","lastModifiedDate":"2022-09-14"},{"lineNumber":57,"author":{"gitId":"Zhai-Yuxin"},"content":"        while (s.hasNext()) {","lastModifiedDate":"2022-09-14"},{"lineNumber":58,"author":{"gitId":"Zhai-Yuxin"},"content":"            String line \u003d s.nextLine();","lastModifiedDate":"2022-09-14"},{"lineNumber":59,"author":{"gitId":"Zhai-Yuxin"},"content":"            String[] parts \u003d line.split(\"/\");","lastModifiedDate":"2022-09-14"},{"lineNumber":60,"author":{"gitId":"Zhai-Yuxin"},"content":"            action.addExistingTasksInFile(parts);","lastModifiedDate":"2022-09-14"},{"lineNumber":61,"author":{"gitId":"Zhai-Yuxin"},"content":"        }","lastModifiedDate":"2022-09-14"},{"lineNumber":62,"author":{"gitId":"Zhai-Yuxin"},"content":"    }","lastModifiedDate":"2022-09-14"},{"lineNumber":63,"author":{"gitId":"Zhai-Yuxin"},"content":"","lastModifiedDate":"2022-09-14"},{"lineNumber":64,"author":{"gitId":"-"},"content":"    public static void main(String[] args) {","lastModifiedDate":"2019-07-29"},{"lineNumber":65,"author":{"gitId":"Zhai-Yuxin"},"content":"        Scanner in \u003d new Scanner(System.in);","lastModifiedDate":"2022-08-21"},{"lineNumber":66,"author":{"gitId":"Zhai-Yuxin"},"content":"        String line;","lastModifiedDate":"2022-08-21"},{"lineNumber":67,"author":{"gitId":"Zhai-Yuxin"},"content":"        TaskManager action \u003d new TaskManager();","lastModifiedDate":"2022-08-21"},{"lineNumber":68,"author":{"gitId":"Zhai-Yuxin"},"content":"","lastModifiedDate":"2022-08-21"},{"lineNumber":69,"author":{"gitId":"Zhai-Yuxin"},"content":"        File f \u003d new File(\"data/duke.txt\");","lastModifiedDate":"2022-09-14"},{"lineNumber":70,"author":{"gitId":"Zhai-Yuxin"},"content":"        try {","lastModifiedDate":"2022-09-14"},{"lineNumber":71,"author":{"gitId":"Zhai-Yuxin"},"content":"            readFile(f, action);","lastModifiedDate":"2022-09-14"},{"lineNumber":72,"author":{"gitId":"Zhai-Yuxin"},"content":"        } catch (FileNotFoundException e) {","lastModifiedDate":"2022-09-14"},{"lineNumber":73,"author":{"gitId":"Zhai-Yuxin"},"content":"            System.out.println(\"File not found\");","lastModifiedDate":"2022-09-14"},{"lineNumber":74,"author":{"gitId":"Zhai-Yuxin"},"content":"        }","lastModifiedDate":"2022-09-14"},{"lineNumber":75,"author":{"gitId":"Zhai-Yuxin"},"content":"","lastModifiedDate":"2022-09-14"},{"lineNumber":76,"author":{"gitId":"Zhai-Yuxin"},"content":"        action.greet();","lastModifiedDate":"2022-08-21"},{"lineNumber":77,"author":{"gitId":"Zhai-Yuxin"},"content":"        do {","lastModifiedDate":"2022-08-21"},{"lineNumber":78,"author":{"gitId":"Zhai-Yuxin"},"content":"            line \u003d in.nextLine();","lastModifiedDate":"2022-08-21"},{"lineNumber":79,"author":{"gitId":"Zhai-Yuxin"},"content":"            response(line, action);","lastModifiedDate":"2022-08-21"},{"lineNumber":80,"author":{"gitId":"Zhai-Yuxin"},"content":"        } while (!line.equals(\"bye\"));","lastModifiedDate":"2022-08-21"},{"lineNumber":81,"author":{"gitId":"-"},"content":"    }","lastModifiedDate":"2019-07-29"},{"lineNumber":82,"author":{"gitId":"-"},"content":"}","lastModifiedDate":"2019-07-29"},{"lineNumber":83,"author":{"gitId":"Zhai-Yuxin"},"content":"","lastModifiedDate":"2022-08-16"}],"authorContributionMap":{"Zhai-Yuxin":79,"-":4}},{"path":"src/main/java/duke/TaskManager.java","fileType":"java","lines":[{"lineNumber":1,"author":{"gitId":"Zhai-Yuxin"},"content":"package duke;","lastModifiedDate":"2022-09-07"},{"lineNumber":2,"author":{"gitId":"Zhai-Yuxin"},"content":"","lastModifiedDate":"2022-09-07"},{"lineNumber":3,"author":{"gitId":"Zhai-Yuxin"},"content":"import duke.exceptions.EmptyTasklineException;","lastModifiedDate":"2022-09-07"},{"lineNumber":4,"author":{"gitId":"Zhai-Yuxin"},"content":"import duke.tasks.Deadline;","lastModifiedDate":"2022-09-07"},{"lineNumber":5,"author":{"gitId":"Zhai-Yuxin"},"content":"import duke.tasks.Event;","lastModifiedDate":"2022-09-07"},{"lineNumber":6,"author":{"gitId":"Zhai-Yuxin"},"content":"import duke.tasks.Task;","lastModifiedDate":"2022-09-07"},{"lineNumber":7,"author":{"gitId":"Zhai-Yuxin"},"content":"import duke.tasks.Todo;","lastModifiedDate":"2022-09-07"},{"lineNumber":8,"author":{"gitId":"Zhai-Yuxin"},"content":"","lastModifiedDate":"2022-09-07"},{"lineNumber":9,"author":{"gitId":"Zhai-Yuxin"},"content":"import java.util.ArrayList;","lastModifiedDate":"2022-09-14"},{"lineNumber":10,"author":{"gitId":"Zhai-Yuxin"},"content":"","lastModifiedDate":"2022-09-14"},{"lineNumber":11,"author":{"gitId":"Zhai-Yuxin"},"content":"import java.io.FileWriter;","lastModifiedDate":"2022-09-14"},{"lineNumber":12,"author":{"gitId":"Zhai-Yuxin"},"content":"import java.io.IOException;","lastModifiedDate":"2022-09-14"},{"lineNumber":13,"author":{"gitId":"Zhai-Yuxin"},"content":"","lastModifiedDate":"2022-09-14"},{"lineNumber":14,"author":{"gitId":"Zhai-Yuxin"},"content":"public class TaskManager {","lastModifiedDate":"2022-08-21"},{"lineNumber":15,"author":{"gitId":"Zhai-Yuxin"},"content":"    private ArrayList\u003cTask\u003e tasks \u003d new ArrayList\u003c\u003e();","lastModifiedDate":"2022-09-14"},{"lineNumber":16,"author":{"gitId":"Zhai-Yuxin"},"content":"    private int taskCount \u003d 0;","lastModifiedDate":"2022-08-21"},{"lineNumber":17,"author":{"gitId":"Zhai-Yuxin"},"content":"","lastModifiedDate":"2022-08-21"},{"lineNumber":18,"author":{"gitId":"Zhai-Yuxin"},"content":"    public void greet() {","lastModifiedDate":"2022-08-21"},{"lineNumber":19,"author":{"gitId":"Zhai-Yuxin"},"content":"        System.out.println(\"  ____________________________________________________________\");","lastModifiedDate":"2022-08-21"},{"lineNumber":20,"author":{"gitId":"Zhai-Yuxin"},"content":"        System.out.println(\"\\tHello! I\u0027m Duke\");","lastModifiedDate":"2022-08-21"},{"lineNumber":21,"author":{"gitId":"Zhai-Yuxin"},"content":"        System.out.println(\"\\tWhat can I do for you?\");","lastModifiedDate":"2022-08-21"},{"lineNumber":22,"author":{"gitId":"Zhai-Yuxin"},"content":"        System.out.println(\"  ____________________________________________________________\");","lastModifiedDate":"2022-08-21"},{"lineNumber":23,"author":{"gitId":"Zhai-Yuxin"},"content":"    }","lastModifiedDate":"2022-08-21"},{"lineNumber":24,"author":{"gitId":"Zhai-Yuxin"},"content":"","lastModifiedDate":"2022-08-21"},{"lineNumber":25,"author":{"gitId":"Zhai-Yuxin"},"content":"    public void bye() {","lastModifiedDate":"2022-08-21"},{"lineNumber":26,"author":{"gitId":"Zhai-Yuxin"},"content":"        System.out.println(\"  ____________________________________________________________\");","lastModifiedDate":"2022-08-21"},{"lineNumber":27,"author":{"gitId":"Zhai-Yuxin"},"content":"        System.out.println(\"\\tBye. Hope to see you again soon!\");","lastModifiedDate":"2022-08-21"},{"lineNumber":28,"author":{"gitId":"Zhai-Yuxin"},"content":"        System.out.println(\"  ____________________________________________________________\");","lastModifiedDate":"2022-08-21"},{"lineNumber":29,"author":{"gitId":"Zhai-Yuxin"},"content":"    }","lastModifiedDate":"2022-08-21"},{"lineNumber":30,"author":{"gitId":"Zhai-Yuxin"},"content":"","lastModifiedDate":"2022-08-21"},{"lineNumber":31,"author":{"gitId":"Zhai-Yuxin"},"content":"    public void detectEmptyTasklineException(String taskLine) throws EmptyTasklineException {","lastModifiedDate":"2022-09-07"},{"lineNumber":32,"author":{"gitId":"Zhai-Yuxin"},"content":"        if (taskLine.equals(\" \")) {","lastModifiedDate":"2022-09-07"},{"lineNumber":33,"author":{"gitId":"Zhai-Yuxin"},"content":"            throw new EmptyTasklineException();","lastModifiedDate":"2022-09-07"},{"lineNumber":34,"author":{"gitId":"Zhai-Yuxin"},"content":"        }","lastModifiedDate":"2022-09-07"},{"lineNumber":35,"author":{"gitId":"Zhai-Yuxin"},"content":"    }","lastModifiedDate":"2022-09-07"},{"lineNumber":36,"author":{"gitId":"Zhai-Yuxin"},"content":"","lastModifiedDate":"2022-09-07"},{"lineNumber":37,"author":{"gitId":"Zhai-Yuxin"},"content":"    public String addTask(String line, String commandWord) {","lastModifiedDate":"2022-09-07"},{"lineNumber":38,"author":{"gitId":"Zhai-Yuxin"},"content":"        boolean hasException \u003d findEmptyTasklineException(line);","lastModifiedDate":"2022-09-07"},{"lineNumber":39,"author":{"gitId":"Zhai-Yuxin"},"content":"        if (hasException) {","lastModifiedDate":"2022-09-07"},{"lineNumber":40,"author":{"gitId":"Zhai-Yuxin"},"content":"            return \"exception\";","lastModifiedDate":"2022-09-07"},{"lineNumber":41,"author":{"gitId":"Zhai-Yuxin"},"content":"        }","lastModifiedDate":"2022-09-07"},{"lineNumber":42,"author":{"gitId":"Zhai-Yuxin"},"content":"","lastModifiedDate":"2022-09-07"},{"lineNumber":43,"author":{"gitId":"Zhai-Yuxin"},"content":"        separatingCommands(line, commandWord);","lastModifiedDate":"2022-09-01"},{"lineNumber":44,"author":{"gitId":"Zhai-Yuxin"},"content":"        System.out.println(\"  ____________________________________________________________\");","lastModifiedDate":"2022-09-01"},{"lineNumber":45,"author":{"gitId":"Zhai-Yuxin"},"content":"        System.out.println(\"\\tAdded:\");","lastModifiedDate":"2022-09-01"},{"lineNumber":46,"author":{"gitId":"Zhai-Yuxin"},"content":"        System.out.println(\"\\t  \" + standardFormatForEachTask(taskCount));","lastModifiedDate":"2022-09-14"},{"lineNumber":47,"author":{"gitId":"Zhai-Yuxin"},"content":"        taskCount++;","lastModifiedDate":"2022-09-01"},{"lineNumber":48,"author":{"gitId":"Zhai-Yuxin"},"content":"        System.out.println(\"\\tNow you have \" + taskCount + \" tasks in the list\");","lastModifiedDate":"2022-09-01"},{"lineNumber":49,"author":{"gitId":"Zhai-Yuxin"},"content":"        System.out.println(\"  ____________________________________________________________\");","lastModifiedDate":"2022-09-01"},{"lineNumber":50,"author":{"gitId":"Zhai-Yuxin"},"content":"        addToFile(tasks.get(taskCount - 1), taskCount);","lastModifiedDate":"2022-09-15"},{"lineNumber":51,"author":{"gitId":"Zhai-Yuxin"},"content":"        return \"done adding\";","lastModifiedDate":"2022-09-07"},{"lineNumber":52,"author":{"gitId":"Zhai-Yuxin"},"content":"    }","lastModifiedDate":"2022-09-01"},{"lineNumber":53,"author":{"gitId":"Zhai-Yuxin"},"content":"","lastModifiedDate":"2022-09-01"},{"lineNumber":54,"author":{"gitId":"Zhai-Yuxin"},"content":"    private void separatingCommands(String line, String commandWord) {","lastModifiedDate":"2022-09-01"},{"lineNumber":55,"author":{"gitId":"Zhai-Yuxin"},"content":"        if (commandWord.equals(\"todo\")) {","lastModifiedDate":"2022-08-29"},{"lineNumber":56,"author":{"gitId":"Zhai-Yuxin"},"content":"            createTodo(line);","lastModifiedDate":"2022-09-01"},{"lineNumber":57,"author":{"gitId":"Zhai-Yuxin"},"content":"        } else if (commandWord.equals(\"deadline\")) {","lastModifiedDate":"2022-08-29"},{"lineNumber":58,"author":{"gitId":"Zhai-Yuxin"},"content":"            createDeadline(line);","lastModifiedDate":"2022-09-01"},{"lineNumber":59,"author":{"gitId":"Zhai-Yuxin"},"content":"        } else if (commandWord.equals(\"event\")) {","lastModifiedDate":"2022-08-29"},{"lineNumber":60,"author":{"gitId":"Zhai-Yuxin"},"content":"            createEvent(line);","lastModifiedDate":"2022-09-01"},{"lineNumber":61,"author":{"gitId":"Zhai-Yuxin"},"content":"        }","lastModifiedDate":"2022-09-01"},{"lineNumber":62,"author":{"gitId":"Zhai-Yuxin"},"content":"    }","lastModifiedDate":"2022-09-01"},{"lineNumber":63,"author":{"gitId":"Zhai-Yuxin"},"content":"","lastModifiedDate":"2022-09-01"},{"lineNumber":64,"author":{"gitId":"Zhai-Yuxin"},"content":"    private void createTodo(String line) {","lastModifiedDate":"2022-09-01"},{"lineNumber":65,"author":{"gitId":"Zhai-Yuxin"},"content":"        tasks.add(new Todo(line));","lastModifiedDate":"2022-09-14"},{"lineNumber":66,"author":{"gitId":"Zhai-Yuxin"},"content":"    }","lastModifiedDate":"2022-09-01"},{"lineNumber":67,"author":{"gitId":"Zhai-Yuxin"},"content":"","lastModifiedDate":"2022-09-01"},{"lineNumber":68,"author":{"gitId":"Zhai-Yuxin"},"content":"    private void createEvent(String line) {","lastModifiedDate":"2022-09-01"},{"lineNumber":69,"author":{"gitId":"Zhai-Yuxin"},"content":"        int index \u003d line.indexOf(\"/at \");","lastModifiedDate":"2022-08-29"},{"lineNumber":70,"author":{"gitId":"Zhai-Yuxin"},"content":"        String at \u003d line.substring(index + 4);","lastModifiedDate":"2022-08-29"},{"lineNumber":71,"author":{"gitId":"Zhai-Yuxin"},"content":"        line \u003d line.substring(0, index - 1);","lastModifiedDate":"2022-08-29"},{"lineNumber":72,"author":{"gitId":"Zhai-Yuxin"},"content":"        tasks.add(new Event(line, at));","lastModifiedDate":"2022-09-14"},{"lineNumber":73,"author":{"gitId":"Zhai-Yuxin"},"content":"    }","lastModifiedDate":"2022-08-29"},{"lineNumber":74,"author":{"gitId":"Zhai-Yuxin"},"content":"","lastModifiedDate":"2022-09-01"},{"lineNumber":75,"author":{"gitId":"Zhai-Yuxin"},"content":"    private void createDeadline(String line) {","lastModifiedDate":"2022-09-01"},{"lineNumber":76,"author":{"gitId":"Zhai-Yuxin"},"content":"        int index \u003d line.indexOf(\"/by \");","lastModifiedDate":"2022-09-01"},{"lineNumber":77,"author":{"gitId":"Zhai-Yuxin"},"content":"        String by \u003d line.substring(index + 4);","lastModifiedDate":"2022-09-01"},{"lineNumber":78,"author":{"gitId":"Zhai-Yuxin"},"content":"        line \u003d line.substring(0, index - 1);","lastModifiedDate":"2022-09-01"},{"lineNumber":79,"author":{"gitId":"Zhai-Yuxin"},"content":"        tasks.add(new Deadline(line, by));","lastModifiedDate":"2022-09-14"},{"lineNumber":80,"author":{"gitId":"Zhai-Yuxin"},"content":"    }","lastModifiedDate":"2022-08-21"},{"lineNumber":81,"author":{"gitId":"Zhai-Yuxin"},"content":"","lastModifiedDate":"2022-08-21"},{"lineNumber":82,"author":{"gitId":"Zhai-Yuxin"},"content":"    public void listTasks() {","lastModifiedDate":"2022-08-21"},{"lineNumber":83,"author":{"gitId":"Zhai-Yuxin"},"content":"        System.out.println(\"  ____________________________________________________________\");","lastModifiedDate":"2022-08-21"},{"lineNumber":84,"author":{"gitId":"Zhai-Yuxin"},"content":"        System.out.println(\"\\tThese are the tasks in your list:\");","lastModifiedDate":"2022-08-21"},{"lineNumber":85,"author":{"gitId":"Zhai-Yuxin"},"content":"        int numbering \u003d 1;","lastModifiedDate":"2022-09-14"},{"lineNumber":86,"author":{"gitId":"Zhai-Yuxin"},"content":"        for (int i \u003d 0; i \u003c taskCount; i +\u003d 1) {","lastModifiedDate":"2022-08-21"},{"lineNumber":87,"author":{"gitId":"Zhai-Yuxin"},"content":"            System.out.println(\"\\t\" + numbering + \".\" + standardFormatForEachTask(i));","lastModifiedDate":"2022-09-14"},{"lineNumber":88,"author":{"gitId":"Zhai-Yuxin"},"content":"            numbering++;","lastModifiedDate":"2022-09-14"},{"lineNumber":89,"author":{"gitId":"Zhai-Yuxin"},"content":"        }","lastModifiedDate":"2022-08-21"},{"lineNumber":90,"author":{"gitId":"Zhai-Yuxin"},"content":"        System.out.println(\"  ____________________________________________________________\");","lastModifiedDate":"2022-08-21"},{"lineNumber":91,"author":{"gitId":"Zhai-Yuxin"},"content":"    }","lastModifiedDate":"2022-08-21"},{"lineNumber":92,"author":{"gitId":"Zhai-Yuxin"},"content":"","lastModifiedDate":"2022-08-21"},{"lineNumber":93,"author":{"gitId":"Zhai-Yuxin"},"content":"    public String markingOrDeleting(String line, String commandWord) {","lastModifiedDate":"2022-09-14"},{"lineNumber":94,"author":{"gitId":"Zhai-Yuxin"},"content":"        boolean hasException \u003d findEmptyTasklineException(line);","lastModifiedDate":"2022-09-07"},{"lineNumber":95,"author":{"gitId":"Zhai-Yuxin"},"content":"        if (hasException) {","lastModifiedDate":"2022-09-07"},{"lineNumber":96,"author":{"gitId":"Zhai-Yuxin"},"content":"            return \"exception\";","lastModifiedDate":"2022-09-07"},{"lineNumber":97,"author":{"gitId":"Zhai-Yuxin"},"content":"        }","lastModifiedDate":"2022-09-07"},{"lineNumber":98,"author":{"gitId":"Zhai-Yuxin"},"content":"","lastModifiedDate":"2022-09-07"},{"lineNumber":99,"author":{"gitId":"Zhai-Yuxin"},"content":"        if (commandWord.equals(\"mark\")) {","lastModifiedDate":"2022-09-07"},{"lineNumber":100,"author":{"gitId":"Zhai-Yuxin"},"content":"            markTask(line);","lastModifiedDate":"2022-09-07"},{"lineNumber":101,"author":{"gitId":"Zhai-Yuxin"},"content":"        } else if (commandWord.equals(\"unmark\")) {","lastModifiedDate":"2022-09-14"},{"lineNumber":102,"author":{"gitId":"Zhai-Yuxin"},"content":"            unmarkTask(line);","lastModifiedDate":"2022-09-07"},{"lineNumber":103,"author":{"gitId":"Zhai-Yuxin"},"content":"        } else {","lastModifiedDate":"2022-09-14"},{"lineNumber":104,"author":{"gitId":"Zhai-Yuxin"},"content":"            deleteTask(line);","lastModifiedDate":"2022-09-14"},{"lineNumber":105,"author":{"gitId":"Zhai-Yuxin"},"content":"        }","lastModifiedDate":"2022-09-07"},{"lineNumber":106,"author":{"gitId":"Zhai-Yuxin"},"content":"","lastModifiedDate":"2022-09-15"},{"lineNumber":107,"author":{"gitId":"Zhai-Yuxin"},"content":"        try {","lastModifiedDate":"2022-09-15"},{"lineNumber":108,"author":{"gitId":"Zhai-Yuxin"},"content":"            editionToFile();","lastModifiedDate":"2022-09-15"},{"lineNumber":109,"author":{"gitId":"Zhai-Yuxin"},"content":"        } catch (IOException e) {","lastModifiedDate":"2022-09-15"},{"lineNumber":110,"author":{"gitId":"Zhai-Yuxin"},"content":"            System.out.println(\"Something went wrong: \" + e.getMessage());","lastModifiedDate":"2022-09-15"},{"lineNumber":111,"author":{"gitId":"Zhai-Yuxin"},"content":"        }","lastModifiedDate":"2022-09-15"},{"lineNumber":112,"author":{"gitId":"Zhai-Yuxin"},"content":"","lastModifiedDate":"2022-09-15"},{"lineNumber":113,"author":{"gitId":"Zhai-Yuxin"},"content":"        return \"done marking or deleting\";","lastModifiedDate":"2022-09-14"},{"lineNumber":114,"author":{"gitId":"Zhai-Yuxin"},"content":"    }","lastModifiedDate":"2022-09-07"},{"lineNumber":115,"author":{"gitId":"Zhai-Yuxin"},"content":"","lastModifiedDate":"2022-09-07"},{"lineNumber":116,"author":{"gitId":"Zhai-Yuxin"},"content":"    private boolean findEmptyTasklineException(String line) {","lastModifiedDate":"2022-09-07"},{"lineNumber":117,"author":{"gitId":"Zhai-Yuxin"},"content":"        try {","lastModifiedDate":"2022-09-07"},{"lineNumber":118,"author":{"gitId":"Zhai-Yuxin"},"content":"            detectEmptyTasklineException(line);","lastModifiedDate":"2022-09-07"},{"lineNumber":119,"author":{"gitId":"Zhai-Yuxin"},"content":"        } catch (EmptyTasklineException e) {","lastModifiedDate":"2022-09-07"},{"lineNumber":120,"author":{"gitId":"Zhai-Yuxin"},"content":"            System.out.println(\"  ____________________________________________________________\");","lastModifiedDate":"2022-09-07"},{"lineNumber":121,"author":{"gitId":"Zhai-Yuxin"},"content":"            System.out.println(\"\\tThere is no content assigned!\");","lastModifiedDate":"2022-09-07"},{"lineNumber":122,"author":{"gitId":"Zhai-Yuxin"},"content":"            System.out.println(\"  ____________________________________________________________\");","lastModifiedDate":"2022-09-07"},{"lineNumber":123,"author":{"gitId":"Zhai-Yuxin"},"content":"            return true;","lastModifiedDate":"2022-09-07"},{"lineNumber":124,"author":{"gitId":"Zhai-Yuxin"},"content":"        }","lastModifiedDate":"2022-09-07"},{"lineNumber":125,"author":{"gitId":"Zhai-Yuxin"},"content":"        return false;","lastModifiedDate":"2022-09-07"},{"lineNumber":126,"author":{"gitId":"Zhai-Yuxin"},"content":"    }","lastModifiedDate":"2022-09-07"},{"lineNumber":127,"author":{"gitId":"Zhai-Yuxin"},"content":"","lastModifiedDate":"2022-09-07"},{"lineNumber":128,"author":{"gitId":"Zhai-Yuxin"},"content":"    public void markTask(String line) {","lastModifiedDate":"2022-08-21"},{"lineNumber":129,"author":{"gitId":"Zhai-Yuxin"},"content":"        int index \u003d Integer.parseInt(line) - 1;","lastModifiedDate":"2022-08-29"},{"lineNumber":130,"author":{"gitId":"Zhai-Yuxin"},"content":"        tasks.get(index).setCompletion(true);","lastModifiedDate":"2022-09-14"},{"lineNumber":131,"author":{"gitId":"Zhai-Yuxin"},"content":"        System.out.println(\"  ____________________________________________________________\");","lastModifiedDate":"2022-08-21"},{"lineNumber":132,"author":{"gitId":"Zhai-Yuxin"},"content":"        System.out.println(\"\\tWell done! I have marked this task as completed:\");","lastModifiedDate":"2022-08-21"},{"lineNumber":133,"author":{"gitId":"Zhai-Yuxin"},"content":"        System.out.println(\"\\t  \" + standardFormatForEachTask(index));","lastModifiedDate":"2022-09-14"},{"lineNumber":134,"author":{"gitId":"Zhai-Yuxin"},"content":"        System.out.println(\"  ____________________________________________________________\");","lastModifiedDate":"2022-08-21"},{"lineNumber":135,"author":{"gitId":"Zhai-Yuxin"},"content":"    }","lastModifiedDate":"2022-08-21"},{"lineNumber":136,"author":{"gitId":"Zhai-Yuxin"},"content":"","lastModifiedDate":"2022-08-21"},{"lineNumber":137,"author":{"gitId":"Zhai-Yuxin"},"content":"    public void unmarkTask(String line) {","lastModifiedDate":"2022-08-21"},{"lineNumber":138,"author":{"gitId":"Zhai-Yuxin"},"content":"        int index \u003d Integer.parseInt(line) - 1;","lastModifiedDate":"2022-08-29"},{"lineNumber":139,"author":{"gitId":"Zhai-Yuxin"},"content":"        tasks.get(index).setCompletion(false);","lastModifiedDate":"2022-09-14"},{"lineNumber":140,"author":{"gitId":"Zhai-Yuxin"},"content":"        System.out.println(\"  ____________________________________________________________\");","lastModifiedDate":"2022-08-21"},{"lineNumber":141,"author":{"gitId":"Zhai-Yuxin"},"content":"        System.out.println(\"\\tNoted. I have marked this task as incomplete:\");","lastModifiedDate":"2022-08-21"},{"lineNumber":142,"author":{"gitId":"Zhai-Yuxin"},"content":"        System.out.println(\"\\t  \" + standardFormatForEachTask(index));","lastModifiedDate":"2022-09-14"},{"lineNumber":143,"author":{"gitId":"Zhai-Yuxin"},"content":"        System.out.println(\"  ____________________________________________________________\");","lastModifiedDate":"2022-08-21"},{"lineNumber":144,"author":{"gitId":"Zhai-Yuxin"},"content":"    }","lastModifiedDate":"2022-08-21"},{"lineNumber":145,"author":{"gitId":"Zhai-Yuxin"},"content":"","lastModifiedDate":"2022-09-14"},{"lineNumber":146,"author":{"gitId":"Zhai-Yuxin"},"content":"    public void deleteTask(String line) {","lastModifiedDate":"2022-09-14"},{"lineNumber":147,"author":{"gitId":"Zhai-Yuxin"},"content":"        int index \u003d Integer.parseInt(line) - 1;","lastModifiedDate":"2022-09-14"},{"lineNumber":148,"author":{"gitId":"Zhai-Yuxin"},"content":"        System.out.println(\"  ____________________________________________________________\");","lastModifiedDate":"2022-09-14"},{"lineNumber":149,"author":{"gitId":"Zhai-Yuxin"},"content":"        System.out.println(\"\\tNoted. I have removed this task:\");","lastModifiedDate":"2022-09-14"},{"lineNumber":150,"author":{"gitId":"Zhai-Yuxin"},"content":"        System.out.println(\"\\t  \" + standardFormatForEachTask(index));","lastModifiedDate":"2022-09-14"},{"lineNumber":151,"author":{"gitId":"Zhai-Yuxin"},"content":"        taskCount--;","lastModifiedDate":"2022-09-14"},{"lineNumber":152,"author":{"gitId":"Zhai-Yuxin"},"content":"        System.out.println(\"\\tNow you have \" + taskCount + \" tasks in the list\");","lastModifiedDate":"2022-09-14"},{"lineNumber":153,"author":{"gitId":"Zhai-Yuxin"},"content":"        System.out.println(\"  ____________________________________________________________\");","lastModifiedDate":"2022-09-14"},{"lineNumber":154,"author":{"gitId":"Zhai-Yuxin"},"content":"        tasks.remove(index);","lastModifiedDate":"2022-09-14"},{"lineNumber":155,"author":{"gitId":"Zhai-Yuxin"},"content":"    }","lastModifiedDate":"2022-09-14"},{"lineNumber":156,"author":{"gitId":"Zhai-Yuxin"},"content":"","lastModifiedDate":"2022-09-14"},{"lineNumber":157,"author":{"gitId":"Zhai-Yuxin"},"content":"    private String standardFormatForEachTask(int index) {","lastModifiedDate":"2022-09-14"},{"lineNumber":158,"author":{"gitId":"Zhai-Yuxin"},"content":"        return tasks.get(index).getTaskType() + tasks.get(index).getStatus()","lastModifiedDate":"2022-09-14"},{"lineNumber":159,"author":{"gitId":"Zhai-Yuxin"},"content":"                + tasks.get(index).getDescription() + tasks.get(index).getAddedInfo();","lastModifiedDate":"2022-09-14"},{"lineNumber":160,"author":{"gitId":"Zhai-Yuxin"},"content":"    }","lastModifiedDate":"2022-09-14"},{"lineNumber":161,"author":{"gitId":"Zhai-Yuxin"},"content":"","lastModifiedDate":"2022-09-14"},{"lineNumber":162,"author":{"gitId":"Zhai-Yuxin"},"content":"    public void addExistingTasksInFile(String[] parts) {","lastModifiedDate":"2022-09-14"},{"lineNumber":163,"author":{"gitId":"Zhai-Yuxin"},"content":"        String taskType \u003d parts[0];","lastModifiedDate":"2022-09-14"},{"lineNumber":164,"author":{"gitId":"Zhai-Yuxin"},"content":"        String taskState \u003d parts[1];","lastModifiedDate":"2022-09-14"},{"lineNumber":165,"author":{"gitId":"Zhai-Yuxin"},"content":"        String taskDescription \u003d parts[2];","lastModifiedDate":"2022-09-14"},{"lineNumber":166,"author":{"gitId":"Zhai-Yuxin"},"content":"        String taskAdditional \u003d \"invalid\";","lastModifiedDate":"2022-09-14"},{"lineNumber":167,"author":{"gitId":"Zhai-Yuxin"},"content":"        if (parts.length \u003e 3) {","lastModifiedDate":"2022-09-14"},{"lineNumber":168,"author":{"gitId":"Zhai-Yuxin"},"content":"            taskAdditional \u003d parts[3];","lastModifiedDate":"2022-09-14"},{"lineNumber":169,"author":{"gitId":"Zhai-Yuxin"},"content":"        }","lastModifiedDate":"2022-09-14"},{"lineNumber":170,"author":{"gitId":"Zhai-Yuxin"},"content":"        if (taskType.equals(\"T\")) {","lastModifiedDate":"2022-09-14"},{"lineNumber":171,"author":{"gitId":"Zhai-Yuxin"},"content":"            tasks.add(new Todo(taskDescription));","lastModifiedDate":"2022-09-14"},{"lineNumber":172,"author":{"gitId":"Zhai-Yuxin"},"content":"        } else if (taskType.equals(\"D\")) {","lastModifiedDate":"2022-09-14"},{"lineNumber":173,"author":{"gitId":"Zhai-Yuxin"},"content":"            tasks.add(new Deadline(taskDescription, taskAdditional));","lastModifiedDate":"2022-09-14"},{"lineNumber":174,"author":{"gitId":"Zhai-Yuxin"},"content":"        } else {","lastModifiedDate":"2022-09-14"},{"lineNumber":175,"author":{"gitId":"Zhai-Yuxin"},"content":"            tasks.add(new Event(taskDescription, taskAdditional));","lastModifiedDate":"2022-09-14"},{"lineNumber":176,"author":{"gitId":"Zhai-Yuxin"},"content":"        }","lastModifiedDate":"2022-09-14"},{"lineNumber":177,"author":{"gitId":"Zhai-Yuxin"},"content":"        boolean done \u003d true;","lastModifiedDate":"2022-09-14"},{"lineNumber":178,"author":{"gitId":"Zhai-Yuxin"},"content":"        if (taskState.equals(\" \")) {","lastModifiedDate":"2022-09-14"},{"lineNumber":179,"author":{"gitId":"Zhai-Yuxin"},"content":"            done \u003d false;","lastModifiedDate":"2022-09-14"},{"lineNumber":180,"author":{"gitId":"Zhai-Yuxin"},"content":"        }","lastModifiedDate":"2022-09-14"},{"lineNumber":181,"author":{"gitId":"Zhai-Yuxin"},"content":"        tasks.get(taskCount).setCompletion(done);","lastModifiedDate":"2022-09-14"},{"lineNumber":182,"author":{"gitId":"Zhai-Yuxin"},"content":"        taskCount++;","lastModifiedDate":"2022-09-14"},{"lineNumber":183,"author":{"gitId":"Zhai-Yuxin"},"content":"    }","lastModifiedDate":"2022-09-14"},{"lineNumber":184,"author":{"gitId":"Zhai-Yuxin"},"content":"","lastModifiedDate":"2022-09-14"},{"lineNumber":185,"author":{"gitId":"Zhai-Yuxin"},"content":"    public static void addToFile(Task t, int n) {","lastModifiedDate":"2022-09-15"},{"lineNumber":186,"author":{"gitId":"Zhai-Yuxin"},"content":"        String state;","lastModifiedDate":"2022-09-14"},{"lineNumber":187,"author":{"gitId":"Zhai-Yuxin"},"content":"        if (t.getStatus().equals(\"[X]\")) {","lastModifiedDate":"2022-09-14"},{"lineNumber":188,"author":{"gitId":"Zhai-Yuxin"},"content":"            state \u003d \"X\";","lastModifiedDate":"2022-09-14"},{"lineNumber":189,"author":{"gitId":"Zhai-Yuxin"},"content":"        } else {","lastModifiedDate":"2022-09-14"},{"lineNumber":190,"author":{"gitId":"Zhai-Yuxin"},"content":"            state \u003d \" \";","lastModifiedDate":"2022-09-14"},{"lineNumber":191,"author":{"gitId":"Zhai-Yuxin"},"content":"        }","lastModifiedDate":"2022-09-14"},{"lineNumber":192,"author":{"gitId":"Zhai-Yuxin"},"content":"        String type \u003d t.getTaskType().substring(1, 2);","lastModifiedDate":"2022-09-14"},{"lineNumber":193,"author":{"gitId":"Zhai-Yuxin"},"content":"        String addedInfo \u003d t.getAddedInfo();","lastModifiedDate":"2022-09-14"},{"lineNumber":194,"author":{"gitId":"Zhai-Yuxin"},"content":"        if (addedInfo.length() \u003e 6) {","lastModifiedDate":"2022-09-14"},{"lineNumber":195,"author":{"gitId":"Zhai-Yuxin"},"content":"            int i \u003d t.getAddedInfo().indexOf(\")\");","lastModifiedDate":"2022-09-14"},{"lineNumber":196,"author":{"gitId":"Zhai-Yuxin"},"content":"            addedInfo \u003d t.getAddedInfo().substring(6, i);","lastModifiedDate":"2022-09-14"},{"lineNumber":197,"author":{"gitId":"Zhai-Yuxin"},"content":"        }","lastModifiedDate":"2022-09-14"},{"lineNumber":198,"author":{"gitId":"Zhai-Yuxin"},"content":"        try {","lastModifiedDate":"2022-09-14"},{"lineNumber":199,"author":{"gitId":"Zhai-Yuxin"},"content":"            writeToFile(\"data/duke.txt\", type + \"/\" + state + \"/\" + t.getDescription()","lastModifiedDate":"2022-09-14"},{"lineNumber":200,"author":{"gitId":"Zhai-Yuxin"},"content":"                    + \"/\" + addedInfo, n);","lastModifiedDate":"2022-09-15"},{"lineNumber":201,"author":{"gitId":"Zhai-Yuxin"},"content":"        } catch (IOException e) {","lastModifiedDate":"2022-09-14"},{"lineNumber":202,"author":{"gitId":"Zhai-Yuxin"},"content":"            System.out.println(\"Something went wrong: \" + e.getMessage());","lastModifiedDate":"2022-09-14"},{"lineNumber":203,"author":{"gitId":"Zhai-Yuxin"},"content":"        }","lastModifiedDate":"2022-09-14"},{"lineNumber":204,"author":{"gitId":"Zhai-Yuxin"},"content":"    }","lastModifiedDate":"2022-09-14"},{"lineNumber":205,"author":{"gitId":"Zhai-Yuxin"},"content":"","lastModifiedDate":"2022-09-14"},{"lineNumber":206,"author":{"gitId":"Zhai-Yuxin"},"content":"    public static void writeToFile(String filePath, String textToAdd, int n) throws IOException {","lastModifiedDate":"2022-09-15"},{"lineNumber":207,"author":{"gitId":"Zhai-Yuxin"},"content":"        FileWriter fw \u003d new FileWriter(filePath, true);","lastModifiedDate":"2022-09-14"},{"lineNumber":208,"author":{"gitId":"Zhai-Yuxin"},"content":"        if (n \u003d\u003d 1) {","lastModifiedDate":"2022-09-15"},{"lineNumber":209,"author":{"gitId":"Zhai-Yuxin"},"content":"            fw.write(textToAdd);","lastModifiedDate":"2022-09-15"},{"lineNumber":210,"author":{"gitId":"Zhai-Yuxin"},"content":"        } else {","lastModifiedDate":"2022-09-15"},{"lineNumber":211,"author":{"gitId":"Zhai-Yuxin"},"content":"            fw.write(System.lineSeparator() + textToAdd);","lastModifiedDate":"2022-09-14"},{"lineNumber":212,"author":{"gitId":"Zhai-Yuxin"},"content":"        }","lastModifiedDate":"2022-09-15"},{"lineNumber":213,"author":{"gitId":"Zhai-Yuxin"},"content":"        fw.close();","lastModifiedDate":"2022-09-14"},{"lineNumber":214,"author":{"gitId":"Zhai-Yuxin"},"content":"    }","lastModifiedDate":"2022-09-14"},{"lineNumber":215,"author":{"gitId":"Zhai-Yuxin"},"content":"","lastModifiedDate":"2022-09-15"},{"lineNumber":216,"author":{"gitId":"Zhai-Yuxin"},"content":"    public void editionToFile() throws IOException {","lastModifiedDate":"2022-09-15"},{"lineNumber":217,"author":{"gitId":"Zhai-Yuxin"},"content":"        new FileWriter(\"data/duke.txt\", false).close();","lastModifiedDate":"2022-09-15"},{"lineNumber":218,"author":{"gitId":"Zhai-Yuxin"},"content":"        int n \u003d 1;","lastModifiedDate":"2022-09-15"},{"lineNumber":219,"author":{"gitId":"Zhai-Yuxin"},"content":"        for (Task t : tasks) {","lastModifiedDate":"2022-09-15"},{"lineNumber":220,"author":{"gitId":"Zhai-Yuxin"},"content":"            addToFile(t, n);","lastModifiedDate":"2022-09-15"},{"lineNumber":221,"author":{"gitId":"Zhai-Yuxin"},"content":"            n +\u003d 1;","lastModifiedDate":"2022-09-15"},{"lineNumber":222,"author":{"gitId":"Zhai-Yuxin"},"content":"        }","lastModifiedDate":"2022-09-15"},{"lineNumber":223,"author":{"gitId":"Zhai-Yuxin"},"content":"    }","lastModifiedDate":"2022-09-15"},{"lineNumber":224,"author":{"gitId":"Zhai-Yuxin"},"content":"}","lastModifiedDate":"2022-08-21"}],"authorContributionMap":{"Zhai-Yuxin":224}},{"path":"src/main/java/duke/exceptions/EmptyCommandException.java","fileType":"java","lines":[{"lineNumber":1,"author":{"gitId":"Zhai-Yuxin"},"content":"package duke.exceptions;","lastModifiedDate":"2022-09-07"},{"lineNumber":2,"author":{"gitId":"Zhai-Yuxin"},"content":"","lastModifiedDate":"2022-09-07"},{"lineNumber":3,"author":{"gitId":"Zhai-Yuxin"},"content":"public class EmptyCommandException extends Exception {","lastModifiedDate":"2022-09-07"},{"lineNumber":4,"author":{"gitId":"Zhai-Yuxin"},"content":"}","lastModifiedDate":"2022-09-07"}],"authorContributionMap":{"Zhai-Yuxin":4}},{"path":"src/main/java/duke/exceptions/EmptyTasklineException.java","fileType":"java","lines":[{"lineNumber":1,"author":{"gitId":"Zhai-Yuxin"},"content":"package duke.exceptions;","lastModifiedDate":"2022-09-07"},{"lineNumber":2,"author":{"gitId":"Zhai-Yuxin"},"content":"","lastModifiedDate":"2022-09-07"},{"lineNumber":3,"author":{"gitId":"Zhai-Yuxin"},"content":"public class EmptyTasklineException extends Exception {","lastModifiedDate":"2022-09-07"},{"lineNumber":4,"author":{"gitId":"Zhai-Yuxin"},"content":"    ","lastModifiedDate":"2022-09-07"},{"lineNumber":5,"author":{"gitId":"Zhai-Yuxin"},"content":"}","lastModifiedDate":"2022-09-07"}],"authorContributionMap":{"Zhai-Yuxin":5}},{"path":"src/main/java/duke/tasks/Deadline.java","fileType":"java","lines":[{"lineNumber":1,"author":{"gitId":"Zhai-Yuxin"},"content":"package duke.tasks;","lastModifiedDate":"2022-09-07"},{"lineNumber":2,"author":{"gitId":"Zhai-Yuxin"},"content":"","lastModifiedDate":"2022-09-07"},{"lineNumber":3,"author":{"gitId":"Zhai-Yuxin"},"content":"public class Deadline extends Task {","lastModifiedDate":"2022-08-29"},{"lineNumber":4,"author":{"gitId":"Zhai-Yuxin"},"content":"","lastModifiedDate":"2022-08-29"},{"lineNumber":5,"author":{"gitId":"Zhai-Yuxin"},"content":"    protected String by;","lastModifiedDate":"2022-08-29"},{"lineNumber":6,"author":{"gitId":"Zhai-Yuxin"},"content":"","lastModifiedDate":"2022-08-29"},{"lineNumber":7,"author":{"gitId":"Zhai-Yuxin"},"content":"    public Deadline(String description, String by) {","lastModifiedDate":"2022-08-29"},{"lineNumber":8,"author":{"gitId":"Zhai-Yuxin"},"content":"        super(description);","lastModifiedDate":"2022-08-29"},{"lineNumber":9,"author":{"gitId":"Zhai-Yuxin"},"content":"        this.by \u003d by;","lastModifiedDate":"2022-08-29"},{"lineNumber":10,"author":{"gitId":"Zhai-Yuxin"},"content":"    }","lastModifiedDate":"2022-08-29"},{"lineNumber":11,"author":{"gitId":"Zhai-Yuxin"},"content":"","lastModifiedDate":"2022-08-29"},{"lineNumber":12,"author":{"gitId":"Zhai-Yuxin"},"content":"    @Override","lastModifiedDate":"2022-08-29"},{"lineNumber":13,"author":{"gitId":"Zhai-Yuxin"},"content":"    public String getTaskType() {","lastModifiedDate":"2022-09-07"},{"lineNumber":14,"author":{"gitId":"Zhai-Yuxin"},"content":"        return \"[D]\";","lastModifiedDate":"2022-08-29"},{"lineNumber":15,"author":{"gitId":"Zhai-Yuxin"},"content":"    }","lastModifiedDate":"2022-08-29"},{"lineNumber":16,"author":{"gitId":"Zhai-Yuxin"},"content":"","lastModifiedDate":"2022-08-29"},{"lineNumber":17,"author":{"gitId":"Zhai-Yuxin"},"content":"    @Override","lastModifiedDate":"2022-08-29"},{"lineNumber":18,"author":{"gitId":"Zhai-Yuxin"},"content":"    public String getAddedInfo() {","lastModifiedDate":"2022-08-29"},{"lineNumber":19,"author":{"gitId":"Zhai-Yuxin"},"content":"        return \" (by: \" + by + \")\";","lastModifiedDate":"2022-08-29"},{"lineNumber":20,"author":{"gitId":"Zhai-Yuxin"},"content":"    }","lastModifiedDate":"2022-08-29"},{"lineNumber":21,"author":{"gitId":"Zhai-Yuxin"},"content":"}","lastModifiedDate":"2022-08-29"}],"authorContributionMap":{"Zhai-Yuxin":21}},{"path":"src/main/java/duke/tasks/Event.java","fileType":"java","lines":[{"lineNumber":1,"author":{"gitId":"Zhai-Yuxin"},"content":"package duke.tasks;","lastModifiedDate":"2022-09-07"},{"lineNumber":2,"author":{"gitId":"Zhai-Yuxin"},"content":"","lastModifiedDate":"2022-09-07"},{"lineNumber":3,"author":{"gitId":"Zhai-Yuxin"},"content":"public class Event extends Task {","lastModifiedDate":"2022-08-29"},{"lineNumber":4,"author":{"gitId":"Zhai-Yuxin"},"content":"","lastModifiedDate":"2022-08-29"},{"lineNumber":5,"author":{"gitId":"Zhai-Yuxin"},"content":"    protected String at;","lastModifiedDate":"2022-08-29"},{"lineNumber":6,"author":{"gitId":"Zhai-Yuxin"},"content":"","lastModifiedDate":"2022-08-29"},{"lineNumber":7,"author":{"gitId":"Zhai-Yuxin"},"content":"    public Event(String description, String at) {","lastModifiedDate":"2022-08-29"},{"lineNumber":8,"author":{"gitId":"Zhai-Yuxin"},"content":"        super(description);","lastModifiedDate":"2022-08-29"},{"lineNumber":9,"author":{"gitId":"Zhai-Yuxin"},"content":"        this.at \u003d at;","lastModifiedDate":"2022-08-29"},{"lineNumber":10,"author":{"gitId":"Zhai-Yuxin"},"content":"    }","lastModifiedDate":"2022-08-29"},{"lineNumber":11,"author":{"gitId":"Zhai-Yuxin"},"content":"","lastModifiedDate":"2022-08-29"},{"lineNumber":12,"author":{"gitId":"Zhai-Yuxin"},"content":"    @Override","lastModifiedDate":"2022-08-29"},{"lineNumber":13,"author":{"gitId":"Zhai-Yuxin"},"content":"    public String getTaskType() {","lastModifiedDate":"2022-09-07"},{"lineNumber":14,"author":{"gitId":"Zhai-Yuxin"},"content":"        return \"[E]\";","lastModifiedDate":"2022-08-29"},{"lineNumber":15,"author":{"gitId":"Zhai-Yuxin"},"content":"    }","lastModifiedDate":"2022-08-29"},{"lineNumber":16,"author":{"gitId":"Zhai-Yuxin"},"content":"","lastModifiedDate":"2022-08-29"},{"lineNumber":17,"author":{"gitId":"Zhai-Yuxin"},"content":"    @Override","lastModifiedDate":"2022-08-29"},{"lineNumber":18,"author":{"gitId":"Zhai-Yuxin"},"content":"    public String getAddedInfo() {","lastModifiedDate":"2022-08-29"},{"lineNumber":19,"author":{"gitId":"Zhai-Yuxin"},"content":"        return \" (at: \" + at + \")\";","lastModifiedDate":"2022-08-29"},{"lineNumber":20,"author":{"gitId":"Zhai-Yuxin"},"content":"    }","lastModifiedDate":"2022-08-29"},{"lineNumber":21,"author":{"gitId":"Zhai-Yuxin"},"content":"}","lastModifiedDate":"2022-08-29"}],"authorContributionMap":{"Zhai-Yuxin":21}},{"path":"src/main/java/duke/tasks/Task.java","fileType":"java","lines":[{"lineNumber":1,"author":{"gitId":"Zhai-Yuxin"},"content":"package duke.tasks;","lastModifiedDate":"2022-09-07"},{"lineNumber":2,"author":{"gitId":"Zhai-Yuxin"},"content":"","lastModifiedDate":"2022-09-07"},{"lineNumber":3,"author":{"gitId":"Zhai-Yuxin"},"content":"public class Task {","lastModifiedDate":"2022-08-21"},{"lineNumber":4,"author":{"gitId":"Zhai-Yuxin"},"content":"    protected String description;","lastModifiedDate":"2022-08-29"},{"lineNumber":5,"author":{"gitId":"Zhai-Yuxin"},"content":"    protected boolean isTaskCompleted;","lastModifiedDate":"2022-09-07"},{"lineNumber":6,"author":{"gitId":"Zhai-Yuxin"},"content":"","lastModifiedDate":"2022-08-21"},{"lineNumber":7,"author":{"gitId":"Zhai-Yuxin"},"content":"    public Task(String description) {","lastModifiedDate":"2022-08-21"},{"lineNumber":8,"author":{"gitId":"Zhai-Yuxin"},"content":"        this.description \u003d description;","lastModifiedDate":"2022-08-21"},{"lineNumber":9,"author":{"gitId":"Zhai-Yuxin"},"content":"        this.isTaskCompleted \u003d false;","lastModifiedDate":"2022-09-07"},{"lineNumber":10,"author":{"gitId":"Zhai-Yuxin"},"content":"    }","lastModifiedDate":"2022-08-21"},{"lineNumber":11,"author":{"gitId":"Zhai-Yuxin"},"content":"","lastModifiedDate":"2022-08-21"},{"lineNumber":12,"author":{"gitId":"Zhai-Yuxin"},"content":"    public String getStatus() {","lastModifiedDate":"2022-08-21"},{"lineNumber":13,"author":{"gitId":"Zhai-Yuxin"},"content":"        if (isTaskCompleted) {","lastModifiedDate":"2022-09-07"},{"lineNumber":14,"author":{"gitId":"Zhai-Yuxin"},"content":"            return \"[X]\";","lastModifiedDate":"2022-08-29"},{"lineNumber":15,"author":{"gitId":"Zhai-Yuxin"},"content":"        } else {","lastModifiedDate":"2022-08-21"},{"lineNumber":16,"author":{"gitId":"Zhai-Yuxin"},"content":"            return \"[ ]\";","lastModifiedDate":"2022-08-29"},{"lineNumber":17,"author":{"gitId":"Zhai-Yuxin"},"content":"        }","lastModifiedDate":"2022-08-29"},{"lineNumber":18,"author":{"gitId":"Zhai-Yuxin"},"content":"    }","lastModifiedDate":"2022-08-29"},{"lineNumber":19,"author":{"gitId":"Zhai-Yuxin"},"content":"","lastModifiedDate":"2022-08-29"},{"lineNumber":20,"author":{"gitId":"Zhai-Yuxin"},"content":"    public String getTaskType() {","lastModifiedDate":"2022-09-07"},{"lineNumber":21,"author":{"gitId":"Zhai-Yuxin"},"content":"        return \"[ ]\";","lastModifiedDate":"2022-08-29"},{"lineNumber":22,"author":{"gitId":"Zhai-Yuxin"},"content":"    }","lastModifiedDate":"2022-08-21"},{"lineNumber":23,"author":{"gitId":"Zhai-Yuxin"},"content":"","lastModifiedDate":"2022-08-29"},{"lineNumber":24,"author":{"gitId":"Zhai-Yuxin"},"content":"    public String getAddedInfo() {","lastModifiedDate":"2022-08-29"},{"lineNumber":25,"author":{"gitId":"Zhai-Yuxin"},"content":"        return \"\";","lastModifiedDate":"2022-08-29"},{"lineNumber":26,"author":{"gitId":"Zhai-Yuxin"},"content":"    }","lastModifiedDate":"2022-08-21"},{"lineNumber":27,"author":{"gitId":"Zhai-Yuxin"},"content":"","lastModifiedDate":"2022-08-21"},{"lineNumber":28,"author":{"gitId":"Zhai-Yuxin"},"content":"    public void setCompletion(boolean isComplete) {","lastModifiedDate":"2022-08-21"},{"lineNumber":29,"author":{"gitId":"Zhai-Yuxin"},"content":"        this.isTaskCompleted \u003d isComplete;","lastModifiedDate":"2022-09-07"},{"lineNumber":30,"author":{"gitId":"Zhai-Yuxin"},"content":"    }","lastModifiedDate":"2022-08-21"},{"lineNumber":31,"author":{"gitId":"Zhai-Yuxin"},"content":"","lastModifiedDate":"2022-08-21"},{"lineNumber":32,"author":{"gitId":"Zhai-Yuxin"},"content":"    public String getDescription() {","lastModifiedDate":"2022-08-21"},{"lineNumber":33,"author":{"gitId":"Zhai-Yuxin"},"content":"        return description;","lastModifiedDate":"2022-08-21"},{"lineNumber":34,"author":{"gitId":"Zhai-Yuxin"},"content":"    }","lastModifiedDate":"2022-08-21"},{"lineNumber":35,"author":{"gitId":"Zhai-Yuxin"},"content":"}","lastModifiedDate":"2022-08-21"}],"authorContributionMap":{"Zhai-Yuxin":35}},{"path":"src/main/java/duke/tasks/Todo.java","fileType":"java","lines":[{"lineNumber":1,"author":{"gitId":"Zhai-Yuxin"},"content":"package duke.tasks;","lastModifiedDate":"2022-09-07"},{"lineNumber":2,"author":{"gitId":"Zhai-Yuxin"},"content":"","lastModifiedDate":"2022-09-07"},{"lineNumber":3,"author":{"gitId":"Zhai-Yuxin"},"content":"public class Todo extends Task {","lastModifiedDate":"2022-08-29"},{"lineNumber":4,"author":{"gitId":"Zhai-Yuxin"},"content":"","lastModifiedDate":"2022-08-29"},{"lineNumber":5,"author":{"gitId":"Zhai-Yuxin"},"content":"    public Todo(String description) {","lastModifiedDate":"2022-08-29"},{"lineNumber":6,"author":{"gitId":"Zhai-Yuxin"},"content":"        super(description);","lastModifiedDate":"2022-08-29"},{"lineNumber":7,"author":{"gitId":"Zhai-Yuxin"},"content":"    }","lastModifiedDate":"2022-08-29"},{"lineNumber":8,"author":{"gitId":"Zhai-Yuxin"},"content":"","lastModifiedDate":"2022-08-29"},{"lineNumber":9,"author":{"gitId":"Zhai-Yuxin"},"content":"    @Override","lastModifiedDate":"2022-08-29"},{"lineNumber":10,"author":{"gitId":"Zhai-Yuxin"},"content":"    public String getTaskType() {","lastModifiedDate":"2022-09-07"},{"lineNumber":11,"author":{"gitId":"Zhai-Yuxin"},"content":"        return \"[T]\";","lastModifiedDate":"2022-08-29"},{"lineNumber":12,"author":{"gitId":"Zhai-Yuxin"},"content":"    }","lastModifiedDate":"2022-08-29"},{"lineNumber":13,"author":{"gitId":"Zhai-Yuxin"},"content":"}","lastModifiedDate":"2022-08-29"}],"authorContributionMap":{"Zhai-Yuxin":13}},{"path":"text-ui-test/input.txt","fileType":"txt","lines":[{"lineNumber":1,"author":{"gitId":"Zhai-Yuxin"},"content":"list","lastModifiedDate":"2022-09-01"},{"lineNumber":2,"author":{"gitId":"Zhai-Yuxin"},"content":"todo reading books","lastModifiedDate":"2022-09-01"},{"lineNumber":3,"author":{"gitId":"Zhai-Yuxin"},"content":"deadline essay /by tmr","lastModifiedDate":"2022-09-01"},{"lineNumber":4,"author":{"gitId":"Zhai-Yuxin"},"content":"event attend tut /at monday morn","lastModifiedDate":"2022-09-01"},{"lineNumber":5,"author":{"gitId":"Zhai-Yuxin"},"content":"list","lastModifiedDate":"2022-09-01"},{"lineNumber":6,"author":{"gitId":"Zhai-Yuxin"},"content":"mark 2","lastModifiedDate":"2022-09-01"},{"lineNumber":7,"author":{"gitId":"Zhai-Yuxin"},"content":"list","lastModifiedDate":"2022-09-01"},{"lineNumber":8,"author":{"gitId":"Zhai-Yuxin"},"content":"unmark 2","lastModifiedDate":"2022-09-01"},{"lineNumber":9,"author":{"gitId":"Zhai-Yuxin"},"content":"list","lastModifiedDate":"2022-09-01"},{"lineNumber":10,"author":{"gitId":"Zhai-Yuxin"},"content":"bye","lastModifiedDate":"2022-09-01"}],"authorContributionMap":{"Zhai-Yuxin":10}}]
