{"authorDailyContributionsMap":{"Zhai-Yuxin":[{"date":"2022-08-16","commitResults":[{"hash":"ca8673805d4b6ebf867c7c8abc111d14f79cb957","messageTitle":"Add Level 0. Greet","messageBody":"","tags":["Level-0"],"fileTypesAndContributionMap":{"java":{"insertions":7,"deletions":6}}}]},{"date":"2022-08-21","commitResults":[{"hash":"09ab0a098e04371324dac20620d381ee849c6860","messageTitle":"Greet, Echo, Exit","messageBody":"","tags":["Level-1"],"fileTypesAndContributionMap":{"java":{"insertions":22,"deletions":2}}},{"hash":"0b5a21295d9ddbdf33f45cbe3a2c9782920d85a0","messageTitle":"Add, List","messageBody":"","tags":["Level-2"],"fileTypesAndContributionMap":{"java":{"insertions":19,"deletions":3}}},{"hash":"c33d768ed15263aaac54ccb38eb46d8625ec8b13","messageTitle":"Addition of classes, marking completion","messageBody":"","tags":["Level-3"],"fileTypesAndContributionMap":{"java":{"insertions":94,"deletions":29}}},{"hash":"339c1e577e0177791353f5b702d46ec24de5d9e5","messageTitle":"Corrected coding standard","messageBody":"","tags":["A-CodingStandard"],"fileTypesAndContributionMap":{"java":{"insertions":5,"deletions":5}}}]},{"date":"2022-08-29","commitResults":[{"hash":"7287dd1e9be18d28b5f8a90b425a95ad9a39319f","messageTitle":"Added Todos, Deadlines, Events, and using inheritance","messageBody":"","tags":["Level-4"],"fileTypesAndContributionMap":{"java":{"insertions":118,"deletions":25}}}]},{"date":"2022-09-01","commitResults":[{"hash":"361b851964a6aa5c312bdf02890bea5a47262f56","messageTitle":"input and expected updated","messageBody":"","tags":["A-TextUiTesting"],"fileTypesAndContributionMap":{"txt":{"insertions":10,"deletions":0},"java":{"insertions":4,"deletions":4}}},{"hash":"932c37e91ba7415fc05281a6f46238c3f95479c7","messageTitle":"extract methods using refractor","messageBody":"","tags":["A-CodeQuality"],"fileTypesAndContributionMap":{"java":{"insertions":35,"deletions":15}}}]}]},"authorFileTypeContributionMap":{"Zhai-Yuxin":{"java":221,"md":0,"fxml":0,"sh":0,"bat":0,"gradle":0,"txt":10}},"authorContributionVariance":{"Zhai-Yuxin":2359.487},"authorDisplayNameMap":{"Zhai-Yuxin":"CS2113-T17-2 ZHAI..UXIN"}}
