[{"path":"data.txt","fileType":"txt","lines":[{"lineNumber":1,"author":{"gitId":"karthikstar"},"content":"[T][X] todo read book","lastModifiedDate":"2022-09-16"},{"lineNumber":2,"author":{"gitId":"karthikstar"},"content":"[D][X] deadline return book /by June 6th","lastModifiedDate":"2022-09-30"},{"lineNumber":3,"author":{"gitId":"karthikstar"},"content":"[E][ ] event project meeting /at Aug 6th 2-4pm","lastModifiedDate":"2022-09-30"},{"lineNumber":4,"author":{"gitId":"karthikstar"},"content":"[T][ ] todo read manga","lastModifiedDate":"2022-09-30"},{"lineNumber":5,"author":{"gitId":"karthikstar"},"content":"[E][ ] event dance competition /at 23 june 2pm","lastModifiedDate":"2022-09-30"}],"authorContributionMap":{"karthikstar":5}},{"path":"docs/README.md","fileType":"md","lines":[{"lineNumber":1,"author":{"gitId":"-"},"content":"# User Guide","lastModifiedDate":"2019-07-29"},{"lineNumber":2,"author":{"gitId":"-"},"content":"","lastModifiedDate":"2019-07-29"},{"lineNumber":3,"author":{"gitId":"karthikstar"},"content":"## Welcome to Duke. How to get started?","lastModifiedDate":"2022-09-30"},{"lineNumber":4,"author":{"gitId":"karthikstar"},"content":"1. Copy the latest release jar file available on this repository into your desired folder","lastModifiedDate":"2022-09-30"},{"lineNumber":5,"author":{"gitId":"karthikstar"},"content":"2. Run terminal and change directory to the folder containing the jar file","lastModifiedDate":"2022-09-30"},{"lineNumber":6,"author":{"gitId":"karthikstar"},"content":"3. Run the jar file by keying in `java -jar \"ip.jar\"`","lastModifiedDate":"2022-09-30"},{"lineNumber":7,"author":{"gitId":"karthikstar"},"content":"## Duke Walkthrough","lastModifiedDate":"2022-09-30"},{"lineNumber":8,"author":{"gitId":"karthikstar"},"content":"1. After running the jar file, you will be greeted with the following:","lastModifiedDate":"2022-09-30"},{"lineNumber":9,"author":{"gitId":"karthikstar"},"content":"![Screenshot 2022-09-30 at 10 05 10 PM](https://user-images.githubusercontent.com/64301417/193287451-fb56a17b-e662-4faa-bf9e-95c37ba12f77.png)","lastModifiedDate":"2022-09-30"},{"lineNumber":10,"author":{"gitId":"-"},"content":"","lastModifiedDate":"2022-09-30"},{"lineNumber":11,"author":{"gitId":"-"},"content":"","lastModifiedDate":"2022-09-30"},{"lineNumber":12,"author":{"gitId":"karthikstar"},"content":"2. Key in desired commands and press enter to execute each command.","lastModifiedDate":"2022-09-30"},{"lineNumber":13,"author":{"gitId":"karthikstar"},"content":"3. To exit Duke, simply key in \"bye\".","lastModifiedDate":"2022-09-30"},{"lineNumber":14,"author":{"gitId":"-"},"content":"## Features","lastModifiedDate":"2019-07-29"},{"lineNumber":15,"author":{"gitId":"-"},"content":"","lastModifiedDate":"2022-09-30"},{"lineNumber":16,"author":{"gitId":"karthikstar"},"content":"List of commands supported by Duke:","lastModifiedDate":"2022-09-30"},{"lineNumber":17,"author":{"gitId":"karthikstar"},"content":"### list","lastModifiedDate":"2022-09-30"},{"lineNumber":18,"author":{"gitId":"karthikstar"},"content":"To display all the tasks stored in task array","lastModifiedDate":"2022-09-30"},{"lineNumber":19,"author":{"gitId":"-"},"content":"","lastModifiedDate":"2019-07-29"},{"lineNumber":20,"author":{"gitId":"karthikstar"},"content":"Expected Format: list","lastModifiedDate":"2022-09-30"},{"lineNumber":21,"author":{"gitId":"karthikstar"},"content":"![Screenshot 2022-09-30 at 10 06 05 PM](https://user-images.githubusercontent.com/64301417/193287669-2db6f6c5-e021-4ebe-9b55-c234d6cabd12.png)","lastModifiedDate":"2022-09-30"},{"lineNumber":22,"author":{"gitId":"-"},"content":"","lastModifiedDate":"2022-09-30"},{"lineNumber":23,"author":{"gitId":"-"},"content":"","lastModifiedDate":"2021-07-17"},{"lineNumber":24,"author":{"gitId":"karthikstar"},"content":"### todo","lastModifiedDate":"2022-09-30"},{"lineNumber":25,"author":{"gitId":"karthikstar"},"content":"To create a todo","lastModifiedDate":"2022-09-30"},{"lineNumber":26,"author":{"gitId":"-"},"content":"","lastModifiedDate":"2021-07-17"},{"lineNumber":27,"author":{"gitId":"karthikstar"},"content":"Expected Format: todo `taskname`","lastModifiedDate":"2022-09-30"},{"lineNumber":28,"author":{"gitId":"karthikstar"},"content":"![Screenshot 2022-09-30 at 10 06 58 PM](https://user-images.githubusercontent.com/64301417/193287844-66f350c6-4548-471d-948d-4d982b85e0ce.png)","lastModifiedDate":"2022-09-30"},{"lineNumber":29,"author":{"gitId":"-"},"content":"","lastModifiedDate":"2022-09-30"},{"lineNumber":30,"author":{"gitId":"karthikstar"},"content":"### event","lastModifiedDate":"2022-09-30"},{"lineNumber":31,"author":{"gitId":"karthikstar"},"content":"To create an event","lastModifiedDate":"2022-09-30"},{"lineNumber":32,"author":{"gitId":"-"},"content":"","lastModifiedDate":"2021-07-17"},{"lineNumber":33,"author":{"gitId":"karthikstar"},"content":"Expected Format: event `taskname` /at `dateAndTime`","lastModifiedDate":"2022-09-30"},{"lineNumber":34,"author":{"gitId":"karthikstar"},"content":"![Screenshot 2022-09-30 at 10 07 18 PM](https://user-images.githubusercontent.com/64301417/193287923-17bdcf4c-2b59-47e0-b395-c74e6c1617b4.png)","lastModifiedDate":"2022-09-30"},{"lineNumber":35,"author":{"gitId":"-"},"content":"","lastModifiedDate":"2022-09-30"},{"lineNumber":36,"author":{"gitId":"karthikstar"},"content":"### deadline","lastModifiedDate":"2022-09-30"},{"lineNumber":37,"author":{"gitId":"karthikstar"},"content":"To create a deadline","lastModifiedDate":"2022-09-30"},{"lineNumber":38,"author":{"gitId":"-"},"content":"","lastModifiedDate":"2019-07-29"},{"lineNumber":39,"author":{"gitId":"karthikstar"},"content":"Expected Format: deadline `taskname` /by `dateAndTime`","lastModifiedDate":"2022-09-30"},{"lineNumber":40,"author":{"gitId":"karthikstar"},"content":"![Screenshot 2022-09-30 at 10 07 51 PM](https://user-images.githubusercontent.com/64301417/193288026-f31d5fa9-3b40-4e8c-99ba-f8ec16b17a4d.png)","lastModifiedDate":"2022-09-30"},{"lineNumber":41,"author":{"gitId":"karthikstar"},"content":"","lastModifiedDate":"2022-09-30"},{"lineNumber":42,"author":{"gitId":"karthikstar"},"content":"","lastModifiedDate":"2022-09-30"},{"lineNumber":43,"author":{"gitId":"karthikstar"},"content":"### mark ","lastModifiedDate":"2022-09-30"},{"lineNumber":44,"author":{"gitId":"karthikstar"},"content":"To Mark a task as done","lastModifiedDate":"2022-09-30"},{"lineNumber":45,"author":{"gitId":"-"},"content":"","lastModifiedDate":"2019-07-29"},{"lineNumber":46,"author":{"gitId":"karthikstar"},"content":"Expected Format: mark `taskNumber`","lastModifiedDate":"2022-09-30"},{"lineNumber":47,"author":{"gitId":"karthikstar"},"content":"![Screenshot 2022-09-30 at 10 08 11 PM](https://user-images.githubusercontent.com/64301417/193288087-5e9e9023-6a8d-46e3-bfd7-34609ce95784.png)","lastModifiedDate":"2022-09-30"},{"lineNumber":48,"author":{"gitId":"karthikstar"},"content":"","lastModifiedDate":"2022-09-30"},{"lineNumber":49,"author":{"gitId":"-"},"content":"","lastModifiedDate":"2019-07-29"},{"lineNumber":50,"author":{"gitId":"karthikstar"},"content":"### unmark","lastModifiedDate":"2022-09-30"},{"lineNumber":51,"author":{"gitId":"karthikstar"},"content":"To mark a task as not done","lastModifiedDate":"2022-09-30"},{"lineNumber":52,"author":{"gitId":"-"},"content":"","lastModifiedDate":"2019-07-29"},{"lineNumber":53,"author":{"gitId":"karthikstar"},"content":"Expected Format: unmark `taskNumber`","lastModifiedDate":"2022-09-30"},{"lineNumber":54,"author":{"gitId":"karthikstar"},"content":"![Screenshot 2022-09-30 at 10 08 34 PM](https://user-images.githubusercontent.com/64301417/193288161-c4cb8d21-a97a-4598-a19e-aa5e59e56258.png)","lastModifiedDate":"2022-09-30"},{"lineNumber":55,"author":{"gitId":"karthikstar"},"content":"","lastModifiedDate":"2022-09-30"},{"lineNumber":56,"author":{"gitId":"karthikstar"},"content":"### delete","lastModifiedDate":"2022-09-30"},{"lineNumber":57,"author":{"gitId":"karthikstar"},"content":"To delete a task from task array","lastModifiedDate":"2022-09-30"},{"lineNumber":58,"author":{"gitId":"-"},"content":"","lastModifiedDate":"2019-07-29"},{"lineNumber":59,"author":{"gitId":"karthikstar"},"content":"Expected Format: delete `taskNumber`","lastModifiedDate":"2022-09-30"},{"lineNumber":60,"author":{"gitId":"karthikstar"},"content":"![Screenshot 2022-09-30 at 10 09 01 PM](https://user-images.githubusercontent.com/64301417/193288252-d301a30a-d5d3-46d8-b1a0-7c69c2280989.png)","lastModifiedDate":"2022-09-30"},{"lineNumber":61,"author":{"gitId":"karthikstar"},"content":"","lastModifiedDate":"2022-09-30"},{"lineNumber":62,"author":{"gitId":"karthikstar"},"content":"### find","lastModifiedDate":"2022-09-30"},{"lineNumber":63,"author":{"gitId":"karthikstar"},"content":"Find relevant tasks based on a keyword entered by user","lastModifiedDate":"2022-09-30"},{"lineNumber":64,"author":{"gitId":"-"},"content":"","lastModifiedDate":"2019-07-29"},{"lineNumber":65,"author":{"gitId":"karthikstar"},"content":"Expected Format: find `keyword`","lastModifiedDate":"2022-09-30"},{"lineNumber":66,"author":{"gitId":"karthikstar"},"content":"![Screenshot 2022-09-30 at 10 09 20 PM](https://user-images.githubusercontent.com/64301417/193288337-486caa16-2c31-4a65-94ba-b18edaabd7dc.png)","lastModifiedDate":"2022-09-30"},{"lineNumber":67,"author":{"gitId":"karthikstar"},"content":"","lastModifiedDate":"2022-09-30"},{"lineNumber":68,"author":{"gitId":"-"},"content":"","lastModifiedDate":"2019-07-29"},{"lineNumber":69,"author":{"gitId":"karthikstar"},"content":"### bye","lastModifiedDate":"2022-09-30"},{"lineNumber":70,"author":{"gitId":"karthikstar"},"content":"To exit the Duke application","lastModifiedDate":"2022-09-30"},{"lineNumber":71,"author":{"gitId":"-"},"content":"","lastModifiedDate":"2021-07-17"},{"lineNumber":72,"author":{"gitId":"karthikstar"},"content":"Expected Format: bye","lastModifiedDate":"2022-09-30"},{"lineNumber":73,"author":{"gitId":"karthikstar"},"content":"![Screenshot 2022-09-30 at 10 09 48 PM](https://user-images.githubusercontent.com/64301417/193288424-d56d2dfa-676b-481d-9a9a-15d54b5ecfb9.png)","lastModifiedDate":"2022-09-30"},{"lineNumber":74,"author":{"gitId":"-"},"content":"","lastModifiedDate":"2022-09-30"}],"authorContributionMap":{"-":22,"karthikstar":52}},{"path":"src/main/java/duke/Duke.java","fileType":"java","lines":[{"lineNumber":1,"author":{"gitId":"karthikstar"},"content":"package duke;","lastModifiedDate":"2022-09-10"},{"lineNumber":2,"author":{"gitId":"karthikstar"},"content":"","lastModifiedDate":"2022-09-30"},{"lineNumber":3,"author":{"gitId":"karthikstar"},"content":"import java.io.File;","lastModifiedDate":"2022-09-30"},{"lineNumber":4,"author":{"gitId":"karthikstar"},"content":"import java.io.FileNotFoundException;","lastModifiedDate":"2022-09-30"},{"lineNumber":5,"author":{"gitId":"karthikstar"},"content":"import java.io.FileWriter;","lastModifiedDate":"2022-09-30"},{"lineNumber":6,"author":{"gitId":"karthikstar"},"content":"import java.io.IOException;","lastModifiedDate":"2022-09-30"},{"lineNumber":7,"author":{"gitId":"karthikstar"},"content":"import java.util.Scanner;","lastModifiedDate":"2022-09-01"},{"lineNumber":8,"author":{"gitId":"karthikstar"},"content":"import duke.task.Deadline;","lastModifiedDate":"2022-09-10"},{"lineNumber":9,"author":{"gitId":"karthikstar"},"content":"import duke.task.Event;","lastModifiedDate":"2022-09-10"},{"lineNumber":10,"author":{"gitId":"karthikstar"},"content":"import duke.task.Task;","lastModifiedDate":"2022-09-10"},{"lineNumber":11,"author":{"gitId":"karthikstar"},"content":"import duke.task.Todo;","lastModifiedDate":"2022-09-10"},{"lineNumber":12,"author":{"gitId":"karthikstar"},"content":"import duke.exception.EmptyDescriptionException;","lastModifiedDate":"2022-09-10"},{"lineNumber":13,"author":{"gitId":"karthikstar"},"content":"import duke.exception.InvalidCommandException;","lastModifiedDate":"2022-09-10"},{"lineNumber":14,"author":{"gitId":"karthikstar"},"content":"import java.util.ArrayList;","lastModifiedDate":"2022-09-16"},{"lineNumber":15,"author":{"gitId":"karthikstar"},"content":"import duke.utilityfunctions.Ui;","lastModifiedDate":"2022-09-30"},{"lineNumber":16,"author":{"gitId":"karthikstar"},"content":"import duke.utilityfunctions.Filereader;","lastModifiedDate":"2022-09-16"},{"lineNumber":17,"author":{"gitId":"karthikstar"},"content":"import duke.utilityfunctions.Command;","lastModifiedDate":"2022-09-30"},{"lineNumber":18,"author":{"gitId":"-"},"content":"public class Duke {","lastModifiedDate":"2019-07-29"},{"lineNumber":19,"author":{"gitId":"karthikstar"},"content":"    /**","lastModifiedDate":"2022-09-30"},{"lineNumber":20,"author":{"gitId":"karthikstar"},"content":"     * Loads tasks from the data.txt file stored locally.","lastModifiedDate":"2022-09-30"},{"lineNumber":21,"author":{"gitId":"karthikstar"},"content":"     * @param filepath the location in which the data.txt file is stored in","lastModifiedDate":"2022-09-30"},{"lineNumber":22,"author":{"gitId":"karthikstar"},"content":"     * @param tasks the ArrayList in which tasks retrieved from the data.txt file will be stored in","lastModifiedDate":"2022-09-30"},{"lineNumber":23,"author":{"gitId":"karthikstar"},"content":"     * @throws FileNotFoundException","lastModifiedDate":"2022-09-30"},{"lineNumber":24,"author":{"gitId":"karthikstar"},"content":"     */","lastModifiedDate":"2022-09-30"},{"lineNumber":25,"author":{"gitId":"karthikstar"},"content":"    public static void loadTasksFromTextFile(String filepath, ArrayList\u003cTask\u003e tasks) throws FileNotFoundException {","lastModifiedDate":"2022-09-16"},{"lineNumber":26,"author":{"gitId":"karthikstar"},"content":"        File f \u003d new File(filepath);","lastModifiedDate":"2022-09-16"},{"lineNumber":27,"author":{"gitId":"karthikstar"},"content":"        Scanner s \u003d new Scanner(f);","lastModifiedDate":"2022-09-16"},{"lineNumber":28,"author":{"gitId":"karthikstar"},"content":"        Filereader textReader \u003d new Filereader();","lastModifiedDate":"2022-09-16"},{"lineNumber":29,"author":{"gitId":"karthikstar"},"content":"        while(s.hasNext()) {","lastModifiedDate":"2022-09-16"},{"lineNumber":30,"author":{"gitId":"karthikstar"},"content":"            tasks.add(textReader.generateTask(s.nextLine()));","lastModifiedDate":"2022-09-16"},{"lineNumber":31,"author":{"gitId":"karthikstar"},"content":"        }","lastModifiedDate":"2022-09-16"},{"lineNumber":32,"author":{"gitId":"karthikstar"},"content":"        s.close();","lastModifiedDate":"2022-09-16"},{"lineNumber":33,"author":{"gitId":"karthikstar"},"content":"    }","lastModifiedDate":"2022-09-16"},{"lineNumber":34,"author":{"gitId":"karthikstar"},"content":"","lastModifiedDate":"2022-09-16"},{"lineNumber":35,"author":{"gitId":"karthikstar"},"content":"    /**","lastModifiedDate":"2022-09-30"},{"lineNumber":36,"author":{"gitId":"karthikstar"},"content":"     * Updates the data.txt file with the new array of tasks","lastModifiedDate":"2022-09-30"},{"lineNumber":37,"author":{"gitId":"karthikstar"},"content":"     * @param filepath the location in which the data.txt file is stored in","lastModifiedDate":"2022-09-30"},{"lineNumber":38,"author":{"gitId":"karthikstar"},"content":"     * @param taskArray the ArrayList from which tasks will retrieved from, to update the data.txt file","lastModifiedDate":"2022-09-30"},{"lineNumber":39,"author":{"gitId":"karthikstar"},"content":"     * @throws IOException","lastModifiedDate":"2022-09-30"},{"lineNumber":40,"author":{"gitId":"karthikstar"},"content":"     */","lastModifiedDate":"2022-09-30"},{"lineNumber":41,"author":{"gitId":"karthikstar"},"content":"    public static void updateFile(String filepath, ArrayList\u003cTask\u003e taskArray) throws IOException {","lastModifiedDate":"2022-09-16"},{"lineNumber":42,"author":{"gitId":"karthikstar"},"content":"        FileWriter fw \u003d new FileWriter(filepath);","lastModifiedDate":"2022-09-16"},{"lineNumber":43,"author":{"gitId":"karthikstar"},"content":"        for(int i \u003d 0; i \u003c taskArray.size(); i++){","lastModifiedDate":"2022-09-16"},{"lineNumber":44,"author":{"gitId":"karthikstar"},"content":"            if(i !\u003d taskArray.size() - 1){","lastModifiedDate":"2022-09-16"},{"lineNumber":45,"author":{"gitId":"karthikstar"},"content":"                fw.write(\"[\" + taskArray.get(i).getTaskIcon() + \"]\" + \"[\" + taskArray.get(i).getStatusIcon() + \"] \" + taskArray.get(i).getRawDescription() + System.lineSeparator());","lastModifiedDate":"2022-09-16"},{"lineNumber":46,"author":{"gitId":"karthikstar"},"content":"            } else {","lastModifiedDate":"2022-09-16"},{"lineNumber":47,"author":{"gitId":"karthikstar"},"content":"                fw.write(\"[\" + taskArray.get(i).getTaskIcon() + \"]\" + \"[\" + taskArray.get(i).getStatusIcon() + \"] \" + taskArray.get(i).getRawDescription());","lastModifiedDate":"2022-09-16"},{"lineNumber":48,"author":{"gitId":"karthikstar"},"content":"            }","lastModifiedDate":"2022-09-16"},{"lineNumber":49,"author":{"gitId":"karthikstar"},"content":"        }","lastModifiedDate":"2022-09-16"},{"lineNumber":50,"author":{"gitId":"karthikstar"},"content":"        fw.close();","lastModifiedDate":"2022-09-16"},{"lineNumber":51,"author":{"gitId":"karthikstar"},"content":"    }","lastModifiedDate":"2022-09-16"},{"lineNumber":52,"author":{"gitId":"karthikstar"},"content":"","lastModifiedDate":"2022-09-16"},{"lineNumber":53,"author":{"gitId":"-"},"content":"    public static void main(String[] args) {","lastModifiedDate":"2019-07-29"},{"lineNumber":54,"author":{"gitId":"karthikstar"},"content":"        Ui ui \u003d new Ui();","lastModifiedDate":"2022-09-30"},{"lineNumber":55,"author":{"gitId":"karthikstar"},"content":"        Command command \u003d new Command();","lastModifiedDate":"2022-09-30"},{"lineNumber":56,"author":{"gitId":"karthikstar"},"content":"        ui.greet();","lastModifiedDate":"2022-09-30"},{"lineNumber":57,"author":{"gitId":"karthikstar"},"content":"        ui.drawLine();","lastModifiedDate":"2022-09-30"},{"lineNumber":58,"author":{"gitId":"karthikstar"},"content":"        ui.sayHello();","lastModifiedDate":"2022-09-30"},{"lineNumber":59,"author":{"gitId":"karthikstar"},"content":"        ui.drawLine();","lastModifiedDate":"2022-09-30"},{"lineNumber":60,"author":{"gitId":"karthikstar"},"content":"        Scanner in \u003d new Scanner(System.in);","lastModifiedDate":"2022-09-01"},{"lineNumber":61,"author":{"gitId":"karthikstar"},"content":"        String input;","lastModifiedDate":"2022-09-01"},{"lineNumber":62,"author":{"gitId":"karthikstar"},"content":"        ArrayList\u003cTask\u003e taskArray \u003d new ArrayList\u003cTask\u003e();","lastModifiedDate":"2022-09-16"},{"lineNumber":63,"author":{"gitId":"karthikstar"},"content":"        // Create data.txt file if it doesn\u0027t exist","lastModifiedDate":"2022-09-16"},{"lineNumber":64,"author":{"gitId":"karthikstar"},"content":"        try {","lastModifiedDate":"2022-09-16"},{"lineNumber":65,"author":{"gitId":"karthikstar"},"content":"            File data \u003d new File(\"data.txt\");","lastModifiedDate":"2022-09-16"},{"lineNumber":66,"author":{"gitId":"karthikstar"},"content":"            data.createNewFile();","lastModifiedDate":"2022-09-16"},{"lineNumber":67,"author":{"gitId":"karthikstar"},"content":"        } catch (IOException e) {","lastModifiedDate":"2022-09-16"},{"lineNumber":68,"author":{"gitId":"karthikstar"},"content":"            e.printStackTrace();","lastModifiedDate":"2022-09-16"},{"lineNumber":69,"author":{"gitId":"karthikstar"},"content":"        }","lastModifiedDate":"2022-09-16"},{"lineNumber":70,"author":{"gitId":"karthikstar"},"content":"        // Load Tasks from Existing data.txt File","lastModifiedDate":"2022-09-16"},{"lineNumber":71,"author":{"gitId":"karthikstar"},"content":"        try {","lastModifiedDate":"2022-09-16"},{"lineNumber":72,"author":{"gitId":"karthikstar"},"content":"            loadTasksFromTextFile(\"data.txt\", taskArray);","lastModifiedDate":"2022-09-16"},{"lineNumber":73,"author":{"gitId":"karthikstar"},"content":"        } catch (FileNotFoundException e){","lastModifiedDate":"2022-09-16"},{"lineNumber":74,"author":{"gitId":"karthikstar"},"content":"            System.out.println(\"File not found\");","lastModifiedDate":"2022-09-16"},{"lineNumber":75,"author":{"gitId":"karthikstar"},"content":"        }","lastModifiedDate":"2022-09-16"},{"lineNumber":76,"author":{"gitId":"karthikstar"},"content":"        // Read input commands","lastModifiedDate":"2022-09-16"},{"lineNumber":77,"author":{"gitId":"karthikstar"},"content":"        do {","lastModifiedDate":"2022-09-01"},{"lineNumber":78,"author":{"gitId":"karthikstar"},"content":"            input \u003d in.nextLine();","lastModifiedDate":"2022-09-01"},{"lineNumber":79,"author":{"gitId":"karthikstar"},"content":"            try {","lastModifiedDate":"2022-09-10"},{"lineNumber":80,"author":{"gitId":"karthikstar"},"content":"                String[] inputStrings \u003d input.split(\" \");","lastModifiedDate":"2022-09-10"},{"lineNumber":81,"author":{"gitId":"karthikstar"},"content":"                if(!command.isValidCommand(inputStrings[0])){","lastModifiedDate":"2022-09-30"},{"lineNumber":82,"author":{"gitId":"karthikstar"},"content":"                    throw new InvalidCommandException();","lastModifiedDate":"2022-09-10"},{"lineNumber":83,"author":{"gitId":"karthikstar"},"content":"                }","lastModifiedDate":"2022-09-10"},{"lineNumber":84,"author":{"gitId":"karthikstar"},"content":"                if(inputStrings.length \u003d\u003d 1 \u0026\u0026 !inputStrings[0].equals(\"list\") \u0026\u0026 !inputStrings[0].equals(\"bye\")){","lastModifiedDate":"2022-09-30"},{"lineNumber":85,"author":{"gitId":"karthikstar"},"content":"                    throw new EmptyDescriptionException(inputStrings[0]);","lastModifiedDate":"2022-09-10"},{"lineNumber":86,"author":{"gitId":"karthikstar"},"content":"                }","lastModifiedDate":"2022-09-10"},{"lineNumber":87,"author":{"gitId":"karthikstar"},"content":"            } catch (InvalidCommandException e){","lastModifiedDate":"2022-09-10"},{"lineNumber":88,"author":{"gitId":"karthikstar"},"content":"                ui.drawLine();","lastModifiedDate":"2022-09-30"},{"lineNumber":89,"author":{"gitId":"karthikstar"},"content":"                System.out.println(\"OOPS!!! I\u0027m sorry, but I don\u0027t know what that means :-(\");","lastModifiedDate":"2022-09-10"},{"lineNumber":90,"author":{"gitId":"karthikstar"},"content":"                ui.drawLine();","lastModifiedDate":"2022-09-30"},{"lineNumber":91,"author":{"gitId":"karthikstar"},"content":"                continue;","lastModifiedDate":"2022-09-10"},{"lineNumber":92,"author":{"gitId":"karthikstar"},"content":"            }","lastModifiedDate":"2022-09-10"},{"lineNumber":93,"author":{"gitId":"karthikstar"},"content":"            catch(EmptyDescriptionException e) {","lastModifiedDate":"2022-09-10"},{"lineNumber":94,"author":{"gitId":"karthikstar"},"content":"                ui.drawLine();","lastModifiedDate":"2022-09-30"},{"lineNumber":95,"author":{"gitId":"karthikstar"},"content":"                System.out.println(\"OOPS!!! The description of a \" + e.getMessage() + \" cannot be empty.\");","lastModifiedDate":"2022-09-10"},{"lineNumber":96,"author":{"gitId":"karthikstar"},"content":"                ui.drawLine();","lastModifiedDate":"2022-09-30"},{"lineNumber":97,"author":{"gitId":"karthikstar"},"content":"                continue;","lastModifiedDate":"2022-09-10"},{"lineNumber":98,"author":{"gitId":"karthikstar"},"content":"            }","lastModifiedDate":"2022-09-10"},{"lineNumber":99,"author":{"gitId":"karthikstar"},"content":"            if(input.equals(\"bye\")){","lastModifiedDate":"2022-09-01"},{"lineNumber":100,"author":{"gitId":"karthikstar"},"content":"                ui.drawLine();","lastModifiedDate":"2022-09-30"},{"lineNumber":101,"author":{"gitId":"karthikstar"},"content":"                ui.sayBye();","lastModifiedDate":"2022-09-30"},{"lineNumber":102,"author":{"gitId":"karthikstar"},"content":"                ui.drawLine();","lastModifiedDate":"2022-09-30"},{"lineNumber":103,"author":{"gitId":"karthikstar"},"content":"            } else if (input.equals(\"list\")){","lastModifiedDate":"2022-09-01"},{"lineNumber":104,"author":{"gitId":"karthikstar"},"content":"                ui.drawLine();","lastModifiedDate":"2022-09-30"},{"lineNumber":105,"author":{"gitId":"karthikstar"},"content":"                ui.notifyListHeader();","lastModifiedDate":"2022-09-30"},{"lineNumber":106,"author":{"gitId":"karthikstar"},"content":"                for (int i \u003d 1; i \u003c\u003d taskArray.size(); i++){","lastModifiedDate":"2022-09-16"},{"lineNumber":107,"author":{"gitId":"karthikstar"},"content":"                    ui.generateTaskStatus(taskArray.get(i-1).getTaskIcon(), taskArray.get(i-1).getStatusIcon(), taskArray.get(i-1).getDescription());","lastModifiedDate":"2022-09-30"},{"lineNumber":108,"author":{"gitId":"karthikstar"},"content":"                }","lastModifiedDate":"2022-09-01"},{"lineNumber":109,"author":{"gitId":"karthikstar"},"content":"                ui.drawLine();","lastModifiedDate":"2022-09-30"},{"lineNumber":110,"author":{"gitId":"karthikstar"},"content":"            } else if (input.contains(\"unmark\")){","lastModifiedDate":"2022-09-01"},{"lineNumber":111,"author":{"gitId":"karthikstar"},"content":"                int choiceToUnMark \u003d command.choiceParser(input);","lastModifiedDate":"2022-09-30"},{"lineNumber":112,"author":{"gitId":"karthikstar"},"content":"                taskArray.get(choiceToUnMark - 1).unMarkTask();","lastModifiedDate":"2022-09-16"},{"lineNumber":113,"author":{"gitId":"karthikstar"},"content":"                ui.notifyUnmarkedHeader();","lastModifiedDate":"2022-09-30"},{"lineNumber":114,"author":{"gitId":"karthikstar"},"content":"                ui.generateTaskStatus(taskArray.get(choiceToUnMark - 1).getTaskIcon(), taskArray.get(choiceToUnMark - 1).getStatusIcon(),taskArray.get(choiceToUnMark - 1).getDescription() );","lastModifiedDate":"2022-09-30"},{"lineNumber":115,"author":{"gitId":"karthikstar"},"content":"                try {","lastModifiedDate":"2022-09-16"},{"lineNumber":116,"author":{"gitId":"karthikstar"},"content":"                    updateFile(\"data.txt\", taskArray);","lastModifiedDate":"2022-09-16"},{"lineNumber":117,"author":{"gitId":"karthikstar"},"content":"                } catch (IOException e) {","lastModifiedDate":"2022-09-16"},{"lineNumber":118,"author":{"gitId":"karthikstar"},"content":"                    System.out.println(\"Something went wrong: \"+e.getMessage());","lastModifiedDate":"2022-09-16"},{"lineNumber":119,"author":{"gitId":"karthikstar"},"content":"                }","lastModifiedDate":"2022-09-16"},{"lineNumber":120,"author":{"gitId":"karthikstar"},"content":"                ui.drawLine();","lastModifiedDate":"2022-09-30"},{"lineNumber":121,"author":{"gitId":"karthikstar"},"content":"            } else if (input.contains(\"mark\")){","lastModifiedDate":"2022-09-01"},{"lineNumber":122,"author":{"gitId":"karthikstar"},"content":"                int choiceToMark \u003d command.choiceParser(input);","lastModifiedDate":"2022-09-30"},{"lineNumber":123,"author":{"gitId":"karthikstar"},"content":"                taskArray.get(choiceToMark - 1).markTask();","lastModifiedDate":"2022-09-16"},{"lineNumber":124,"author":{"gitId":"karthikstar"},"content":"                ui.notifyMarkedHeader();","lastModifiedDate":"2022-09-30"},{"lineNumber":125,"author":{"gitId":"karthikstar"},"content":"                ui.generateTaskStatus(taskArray.get(choiceToMark - 1).getTaskIcon(), taskArray.get(choiceToMark - 1).getStatusIcon(), taskArray.get(choiceToMark - 1).getDescription());","lastModifiedDate":"2022-09-30"},{"lineNumber":126,"author":{"gitId":"karthikstar"},"content":"                try {","lastModifiedDate":"2022-09-16"},{"lineNumber":127,"author":{"gitId":"karthikstar"},"content":"                    updateFile(\"data.txt\", taskArray);","lastModifiedDate":"2022-09-16"},{"lineNumber":128,"author":{"gitId":"karthikstar"},"content":"                } catch (IOException e) {","lastModifiedDate":"2022-09-16"},{"lineNumber":129,"author":{"gitId":"karthikstar"},"content":"                    System.out.println(\"Something went wrong: \"+e.getMessage());","lastModifiedDate":"2022-09-16"},{"lineNumber":130,"author":{"gitId":"karthikstar"},"content":"                }","lastModifiedDate":"2022-09-16"},{"lineNumber":131,"author":{"gitId":"karthikstar"},"content":"                ui.drawLine();","lastModifiedDate":"2022-09-30"},{"lineNumber":132,"author":{"gitId":"karthikstar"},"content":"            } else if(input.contains(\"find\")){","lastModifiedDate":"2022-09-30"},{"lineNumber":133,"author":{"gitId":"karthikstar"},"content":"                ui.drawLine();","lastModifiedDate":"2022-09-30"},{"lineNumber":134,"author":{"gitId":"karthikstar"},"content":"                String keyword \u003d input.split(\" \")[1];","lastModifiedDate":"2022-09-30"},{"lineNumber":135,"author":{"gitId":"karthikstar"},"content":"                System.out.println(\"Here are the matching tasks in your list:\");","lastModifiedDate":"2022-09-30"},{"lineNumber":136,"author":{"gitId":"karthikstar"},"content":"                for(int i \u003d 0; i \u003c taskArray.size(); i++){","lastModifiedDate":"2022-09-30"},{"lineNumber":137,"author":{"gitId":"karthikstar"},"content":"                    if(taskArray.get(i).getDescription().contains(keyword)){","lastModifiedDate":"2022-09-30"},{"lineNumber":138,"author":{"gitId":"karthikstar"},"content":"                        ui.generateTaskStatus(taskArray.get(i).getTaskIcon(), taskArray.get(i).getStatusIcon(), taskArray.get(i).getDescription());","lastModifiedDate":"2022-09-30"},{"lineNumber":139,"author":{"gitId":"karthikstar"},"content":"                    }","lastModifiedDate":"2022-09-30"},{"lineNumber":140,"author":{"gitId":"karthikstar"},"content":"                }","lastModifiedDate":"2022-09-30"},{"lineNumber":141,"author":{"gitId":"karthikstar"},"content":"                ui.drawLine();","lastModifiedDate":"2022-09-30"},{"lineNumber":142,"author":{"gitId":"karthikstar"},"content":"            } else if(input.contains(\"todo\")) {","lastModifiedDate":"2022-09-01"},{"lineNumber":143,"author":{"gitId":"karthikstar"},"content":"                taskArray.add(new Todo(input));","lastModifiedDate":"2022-09-16"},{"lineNumber":144,"author":{"gitId":"karthikstar"},"content":"                ui.drawLine();","lastModifiedDate":"2022-09-30"},{"lineNumber":145,"author":{"gitId":"karthikstar"},"content":"                ui.addedMsg();","lastModifiedDate":"2022-09-30"},{"lineNumber":146,"author":{"gitId":"karthikstar"},"content":"                ui.generateTaskStatus(taskArray.get(taskArray.size() - 1).getTaskIcon(), taskArray.get(taskArray.size() - 1).getStatusIcon(), taskArray.get(taskArray.size() - 1).getDescription());","lastModifiedDate":"2022-09-30"},{"lineNumber":147,"author":{"gitId":"karthikstar"},"content":"                ui.taskCountReminder(taskArray.size());","lastModifiedDate":"2022-09-30"},{"lineNumber":148,"author":{"gitId":"karthikstar"},"content":"                try {","lastModifiedDate":"2022-09-16"},{"lineNumber":149,"author":{"gitId":"karthikstar"},"content":"                    updateFile(\"data.txt\", taskArray);","lastModifiedDate":"2022-09-16"},{"lineNumber":150,"author":{"gitId":"karthikstar"},"content":"                } catch (IOException e) {","lastModifiedDate":"2022-09-16"},{"lineNumber":151,"author":{"gitId":"karthikstar"},"content":"                    System.out.println(\"Something went wrong: \"+e.getMessage());","lastModifiedDate":"2022-09-16"},{"lineNumber":152,"author":{"gitId":"karthikstar"},"content":"                }","lastModifiedDate":"2022-09-16"},{"lineNumber":153,"author":{"gitId":"karthikstar"},"content":"                ui.drawLine();","lastModifiedDate":"2022-09-30"},{"lineNumber":154,"author":{"gitId":"karthikstar"},"content":"            } else if (input.contains(\"deadline\")) {","lastModifiedDate":"2022-09-01"},{"lineNumber":155,"author":{"gitId":"karthikstar"},"content":"                taskArray.add(new Deadline(input));","lastModifiedDate":"2022-09-16"},{"lineNumber":156,"author":{"gitId":"karthikstar"},"content":"                ui.drawLine();","lastModifiedDate":"2022-09-30"},{"lineNumber":157,"author":{"gitId":"karthikstar"},"content":"                ui.addedMsg();","lastModifiedDate":"2022-09-30"},{"lineNumber":158,"author":{"gitId":"karthikstar"},"content":"                ui.generateTaskStatus(taskArray.get(taskArray.size() - 1).getTaskIcon(), taskArray.get(taskArray.size() - 1).getStatusIcon(), taskArray.get(taskArray.size() - 1).getDescription());","lastModifiedDate":"2022-09-30"},{"lineNumber":159,"author":{"gitId":"karthikstar"},"content":"                ui.taskCountReminder(taskArray.size());","lastModifiedDate":"2022-09-30"},{"lineNumber":160,"author":{"gitId":"karthikstar"},"content":"                try {","lastModifiedDate":"2022-09-16"},{"lineNumber":161,"author":{"gitId":"karthikstar"},"content":"                    updateFile(\"data.txt\", taskArray);","lastModifiedDate":"2022-09-16"},{"lineNumber":162,"author":{"gitId":"karthikstar"},"content":"                } catch (IOException e) {","lastModifiedDate":"2022-09-16"},{"lineNumber":163,"author":{"gitId":"karthikstar"},"content":"                    System.out.println(\"Something went wrong: \"+e.getMessage());","lastModifiedDate":"2022-09-16"},{"lineNumber":164,"author":{"gitId":"karthikstar"},"content":"                }","lastModifiedDate":"2022-09-16"},{"lineNumber":165,"author":{"gitId":"karthikstar"},"content":"                ui.drawLine();","lastModifiedDate":"2022-09-30"},{"lineNumber":166,"author":{"gitId":"karthikstar"},"content":"            } else if (input.contains(\"event\")) {","lastModifiedDate":"2022-09-01"},{"lineNumber":167,"author":{"gitId":"karthikstar"},"content":"                taskArray.add(new Event(input));","lastModifiedDate":"2022-09-16"},{"lineNumber":168,"author":{"gitId":"karthikstar"},"content":"                ui.drawLine();","lastModifiedDate":"2022-09-30"},{"lineNumber":169,"author":{"gitId":"karthikstar"},"content":"                ui.addedMsg();","lastModifiedDate":"2022-09-30"},{"lineNumber":170,"author":{"gitId":"karthikstar"},"content":"                ui.generateTaskStatus(taskArray.get(taskArray.size() - 1).getTaskIcon(), taskArray.get(taskArray.size() - 1).getStatusIcon(), taskArray.get(taskArray.size() - 1).getDescription());","lastModifiedDate":"2022-09-30"},{"lineNumber":171,"author":{"gitId":"karthikstar"},"content":"                ui.taskCountReminder(taskArray.size());","lastModifiedDate":"2022-09-30"},{"lineNumber":172,"author":{"gitId":"karthikstar"},"content":"                try {","lastModifiedDate":"2022-09-16"},{"lineNumber":173,"author":{"gitId":"karthikstar"},"content":"                    updateFile(\"data.txt\", taskArray);","lastModifiedDate":"2022-09-16"},{"lineNumber":174,"author":{"gitId":"karthikstar"},"content":"                } catch (IOException e) {","lastModifiedDate":"2022-09-16"},{"lineNumber":175,"author":{"gitId":"karthikstar"},"content":"                    System.out.println(\"Something went wrong: \"+e.getMessage());","lastModifiedDate":"2022-09-16"},{"lineNumber":176,"author":{"gitId":"karthikstar"},"content":"                }","lastModifiedDate":"2022-09-16"},{"lineNumber":177,"author":{"gitId":"karthikstar"},"content":"                ui.drawLine();","lastModifiedDate":"2022-09-30"},{"lineNumber":178,"author":{"gitId":"karthikstar"},"content":"            } else if (input.contains(\"delete\")) {","lastModifiedDate":"2022-09-16"},{"lineNumber":179,"author":{"gitId":"karthikstar"},"content":"                ui.drawLine();","lastModifiedDate":"2022-09-30"},{"lineNumber":180,"author":{"gitId":"karthikstar"},"content":"                int choiceToRemove \u003d command.choiceParser(input);","lastModifiedDate":"2022-09-30"},{"lineNumber":181,"author":{"gitId":"karthikstar"},"content":"                ui.notifyRemovedHeader();","lastModifiedDate":"2022-09-30"},{"lineNumber":182,"author":{"gitId":"karthikstar"},"content":"                ui.generateTaskStatus(taskArray.get(choiceToRemove-1).getTaskIcon(), taskArray.get(choiceToRemove-1).getStatusIcon(), taskArray.get(choiceToRemove-1).getDescription());","lastModifiedDate":"2022-09-30"},{"lineNumber":183,"author":{"gitId":"karthikstar"},"content":"                taskArray.remove(choiceToRemove - 1);","lastModifiedDate":"2022-09-16"},{"lineNumber":184,"author":{"gitId":"karthikstar"},"content":"                ui.taskCountReminder(taskArray.size());","lastModifiedDate":"2022-09-30"},{"lineNumber":185,"author":{"gitId":"karthikstar"},"content":"                try {","lastModifiedDate":"2022-09-16"},{"lineNumber":186,"author":{"gitId":"karthikstar"},"content":"                    updateFile(\"data.txt\", taskArray);","lastModifiedDate":"2022-09-16"},{"lineNumber":187,"author":{"gitId":"karthikstar"},"content":"                } catch (IOException e) {","lastModifiedDate":"2022-09-16"},{"lineNumber":188,"author":{"gitId":"karthikstar"},"content":"                    System.out.println(\"Something went wrong: \"+e.getMessage());","lastModifiedDate":"2022-09-16"},{"lineNumber":189,"author":{"gitId":"karthikstar"},"content":"                }","lastModifiedDate":"2022-09-16"},{"lineNumber":190,"author":{"gitId":"karthikstar"},"content":"                ui.drawLine();","lastModifiedDate":"2022-09-30"},{"lineNumber":191,"author":{"gitId":"karthikstar"},"content":"            }","lastModifiedDate":"2022-09-01"},{"lineNumber":192,"author":{"gitId":"karthikstar"},"content":"            else {","lastModifiedDate":"2022-09-01"},{"lineNumber":193,"author":{"gitId":"karthikstar"},"content":"                taskArray.add(new Task(input));","lastModifiedDate":"2022-09-16"},{"lineNumber":194,"author":{"gitId":"karthikstar"},"content":"                ui.drawLine();","lastModifiedDate":"2022-09-30"},{"lineNumber":195,"author":{"gitId":"karthikstar"},"content":"                ui.addedMsg();","lastModifiedDate":"2022-09-30"},{"lineNumber":196,"author":{"gitId":"karthikstar"},"content":"                ui.generateTaskStatus(taskArray.get(taskArray.size() - 1).getTaskIcon(), taskArray.get(taskArray.size() - 1).getStatusIcon(), taskArray.get(taskArray.size() - 1).getDescription());","lastModifiedDate":"2022-09-30"},{"lineNumber":197,"author":{"gitId":"karthikstar"},"content":"                ui.taskCountReminder(taskArray.size());","lastModifiedDate":"2022-09-30"},{"lineNumber":198,"author":{"gitId":"karthikstar"},"content":"                try {","lastModifiedDate":"2022-09-16"},{"lineNumber":199,"author":{"gitId":"karthikstar"},"content":"                    updateFile(\"data.txt\", taskArray);","lastModifiedDate":"2022-09-16"},{"lineNumber":200,"author":{"gitId":"karthikstar"},"content":"                } catch (IOException e) {","lastModifiedDate":"2022-09-16"},{"lineNumber":201,"author":{"gitId":"karthikstar"},"content":"                    System.out.println(\"Something went wrong: \"+e.getMessage());","lastModifiedDate":"2022-09-16"},{"lineNumber":202,"author":{"gitId":"karthikstar"},"content":"                }","lastModifiedDate":"2022-09-16"},{"lineNumber":203,"author":{"gitId":"karthikstar"},"content":"                ui.drawLine();","lastModifiedDate":"2022-09-30"},{"lineNumber":204,"author":{"gitId":"karthikstar"},"content":"            }","lastModifiedDate":"2022-09-01"},{"lineNumber":205,"author":{"gitId":"karthikstar"},"content":"        } while (!input.equals(\"bye\"));","lastModifiedDate":"2022-09-01"},{"lineNumber":206,"author":{"gitId":"-"},"content":"    }","lastModifiedDate":"2019-07-29"},{"lineNumber":207,"author":{"gitId":"-"},"content":"}","lastModifiedDate":"2019-07-29"}],"authorContributionMap":{"-":4,"karthikstar":203}},{"path":"src/main/java/duke/exception/EmptyDescriptionException.java","fileType":"java","lines":[{"lineNumber":1,"author":{"gitId":"karthikstar"},"content":"package duke.exception;","lastModifiedDate":"2022-09-10"},{"lineNumber":2,"author":{"gitId":"karthikstar"},"content":"","lastModifiedDate":"2022-09-30"},{"lineNumber":3,"author":{"gitId":"karthikstar"},"content":"/**","lastModifiedDate":"2022-09-30"},{"lineNumber":4,"author":{"gitId":"karthikstar"},"content":" * This class handles the exception when there is an empty description","lastModifiedDate":"2022-09-30"},{"lineNumber":5,"author":{"gitId":"karthikstar"},"content":" */","lastModifiedDate":"2022-09-30"},{"lineNumber":6,"author":{"gitId":"karthikstar"},"content":"public class EmptyDescriptionException extends Exception {","lastModifiedDate":"2022-09-10"},{"lineNumber":7,"author":{"gitId":"karthikstar"},"content":"    public EmptyDescriptionException(String s) {","lastModifiedDate":"2022-09-10"},{"lineNumber":8,"author":{"gitId":"karthikstar"},"content":"        super(s);","lastModifiedDate":"2022-09-10"},{"lineNumber":9,"author":{"gitId":"karthikstar"},"content":"    }","lastModifiedDate":"2022-09-10"},{"lineNumber":10,"author":{"gitId":"karthikstar"},"content":"}","lastModifiedDate":"2022-09-10"}],"authorContributionMap":{"karthikstar":10}},{"path":"src/main/java/duke/exception/InvalidCommandException.java","fileType":"java","lines":[{"lineNumber":1,"author":{"gitId":"karthikstar"},"content":"package duke.exception;","lastModifiedDate":"2022-09-10"},{"lineNumber":2,"author":{"gitId":"karthikstar"},"content":"","lastModifiedDate":"2022-09-30"},{"lineNumber":3,"author":{"gitId":"karthikstar"},"content":"/**","lastModifiedDate":"2022-09-30"},{"lineNumber":4,"author":{"gitId":"karthikstar"},"content":" * This class handles the exception when there is an invalid command","lastModifiedDate":"2022-09-30"},{"lineNumber":5,"author":{"gitId":"karthikstar"},"content":" */","lastModifiedDate":"2022-09-30"},{"lineNumber":6,"author":{"gitId":"karthikstar"},"content":"public class InvalidCommandException extends Exception {","lastModifiedDate":"2022-09-10"},{"lineNumber":7,"author":{"gitId":"karthikstar"},"content":"","lastModifiedDate":"2022-09-10"},{"lineNumber":8,"author":{"gitId":"karthikstar"},"content":"}","lastModifiedDate":"2022-09-10"}],"authorContributionMap":{"karthikstar":8}},{"path":"src/main/java/duke/task/Deadline.java","fileType":"java","lines":[{"lineNumber":1,"author":{"gitId":"karthikstar"},"content":"package duke.task;","lastModifiedDate":"2022-09-10"},{"lineNumber":2,"author":{"gitId":"karthikstar"},"content":"","lastModifiedDate":"2022-09-30"},{"lineNumber":3,"author":{"gitId":"karthikstar"},"content":"/**","lastModifiedDate":"2022-09-30"},{"lineNumber":4,"author":{"gitId":"karthikstar"},"content":" * This class stores the information of a task which has a Deadline","lastModifiedDate":"2022-09-30"},{"lineNumber":5,"author":{"gitId":"karthikstar"},"content":" */","lastModifiedDate":"2022-09-30"},{"lineNumber":6,"author":{"gitId":"karthikstar"},"content":"public class Deadline extends Task{","lastModifiedDate":"2022-09-01"},{"lineNumber":7,"author":{"gitId":"karthikstar"},"content":"    public String getTaskIcon() {","lastModifiedDate":"2022-09-01"},{"lineNumber":8,"author":{"gitId":"karthikstar"},"content":"        return \"D\";","lastModifiedDate":"2022-09-01"},{"lineNumber":9,"author":{"gitId":"karthikstar"},"content":"    }","lastModifiedDate":"2022-09-01"},{"lineNumber":10,"author":{"gitId":"karthikstar"},"content":"","lastModifiedDate":"2022-09-01"},{"lineNumber":11,"author":{"gitId":"karthikstar"},"content":"    public Deadline(String description) {","lastModifiedDate":"2022-09-01"},{"lineNumber":12,"author":{"gitId":"karthikstar"},"content":"        super(description);","lastModifiedDate":"2022-09-01"},{"lineNumber":13,"author":{"gitId":"karthikstar"},"content":"    }","lastModifiedDate":"2022-09-01"},{"lineNumber":14,"author":{"gitId":"karthikstar"},"content":"","lastModifiedDate":"2022-09-30"},{"lineNumber":15,"author":{"gitId":"karthikstar"},"content":"    /**","lastModifiedDate":"2022-09-30"},{"lineNumber":16,"author":{"gitId":"karthikstar"},"content":"     * Parses the input string and returns a string of String datatype, in a preferred format","lastModifiedDate":"2022-09-30"},{"lineNumber":17,"author":{"gitId":"karthikstar"},"content":"     * @return the string representing the description of the event","lastModifiedDate":"2022-09-30"},{"lineNumber":18,"author":{"gitId":"karthikstar"},"content":"     */","lastModifiedDate":"2022-09-30"},{"lineNumber":19,"author":{"gitId":"karthikstar"},"content":"    public String getDescription() {","lastModifiedDate":"2022-09-01"},{"lineNumber":20,"author":{"gitId":"karthikstar"},"content":"        int firstDivider \u003d description.indexOf(\"deadline\");","lastModifiedDate":"2022-09-01"},{"lineNumber":21,"author":{"gitId":"karthikstar"},"content":"        int secondDivider \u003d description.indexOf(\"/by\");","lastModifiedDate":"2022-09-01"},{"lineNumber":22,"author":{"gitId":"karthikstar"},"content":"        String descTask \u003d description.substring(firstDivider + \"deadline\".length() + 1,secondDivider - 1);","lastModifiedDate":"2022-09-01"},{"lineNumber":23,"author":{"gitId":"karthikstar"},"content":"        String duration \u003d description.substring(secondDivider + \"/by\".length() + 1);","lastModifiedDate":"2022-09-01"},{"lineNumber":24,"author":{"gitId":"karthikstar"},"content":"        String descString \u003d descTask + \" (by: \" + duration + \")\";","lastModifiedDate":"2022-09-01"},{"lineNumber":25,"author":{"gitId":"karthikstar"},"content":"        return descString;","lastModifiedDate":"2022-09-01"},{"lineNumber":26,"author":{"gitId":"karthikstar"},"content":"    }","lastModifiedDate":"2022-09-01"},{"lineNumber":27,"author":{"gitId":"karthikstar"},"content":"    /**","lastModifiedDate":"2022-09-30"},{"lineNumber":28,"author":{"gitId":"karthikstar"},"content":"     * Returns the raw description entered in by the user","lastModifiedDate":"2022-09-30"},{"lineNumber":29,"author":{"gitId":"karthikstar"},"content":"     * @return the raw description of a Deadline","lastModifiedDate":"2022-09-30"},{"lineNumber":30,"author":{"gitId":"karthikstar"},"content":"     */","lastModifiedDate":"2022-09-30"},{"lineNumber":31,"author":{"gitId":"karthikstar"},"content":"    public String getRawDescription() {","lastModifiedDate":"2022-09-16"},{"lineNumber":32,"author":{"gitId":"karthikstar"},"content":"        return description;","lastModifiedDate":"2022-09-16"},{"lineNumber":33,"author":{"gitId":"karthikstar"},"content":"    }","lastModifiedDate":"2022-09-16"},{"lineNumber":34,"author":{"gitId":"karthikstar"},"content":"}","lastModifiedDate":"2022-09-01"}],"authorContributionMap":{"karthikstar":34}},{"path":"src/main/java/duke/task/Event.java","fileType":"java","lines":[{"lineNumber":1,"author":{"gitId":"karthikstar"},"content":"package duke.task;","lastModifiedDate":"2022-09-10"},{"lineNumber":2,"author":{"gitId":"karthikstar"},"content":"","lastModifiedDate":"2022-09-30"},{"lineNumber":3,"author":{"gitId":"karthikstar"},"content":"/**","lastModifiedDate":"2022-09-30"},{"lineNumber":4,"author":{"gitId":"karthikstar"},"content":" * This class stores the information of a task which is an Event","lastModifiedDate":"2022-09-30"},{"lineNumber":5,"author":{"gitId":"karthikstar"},"content":" */","lastModifiedDate":"2022-09-30"},{"lineNumber":6,"author":{"gitId":"karthikstar"},"content":"public class Event extends Task{","lastModifiedDate":"2022-09-01"},{"lineNumber":7,"author":{"gitId":"karthikstar"},"content":"    public String getTaskIcon() {","lastModifiedDate":"2022-09-01"},{"lineNumber":8,"author":{"gitId":"karthikstar"},"content":"        return \"E\";","lastModifiedDate":"2022-09-01"},{"lineNumber":9,"author":{"gitId":"karthikstar"},"content":"    }","lastModifiedDate":"2022-09-01"},{"lineNumber":10,"author":{"gitId":"karthikstar"},"content":"","lastModifiedDate":"2022-09-01"},{"lineNumber":11,"author":{"gitId":"karthikstar"},"content":"    public Event(String description) {","lastModifiedDate":"2022-09-01"},{"lineNumber":12,"author":{"gitId":"karthikstar"},"content":"        super(description);","lastModifiedDate":"2022-09-01"},{"lineNumber":13,"author":{"gitId":"karthikstar"},"content":"    }","lastModifiedDate":"2022-09-01"},{"lineNumber":14,"author":{"gitId":"karthikstar"},"content":"","lastModifiedDate":"2022-09-30"},{"lineNumber":15,"author":{"gitId":"karthikstar"},"content":"    /**","lastModifiedDate":"2022-09-30"},{"lineNumber":16,"author":{"gitId":"karthikstar"},"content":"     * Parses the input string and returns a string of String datatype, in a preferred format","lastModifiedDate":"2022-09-30"},{"lineNumber":17,"author":{"gitId":"karthikstar"},"content":"     * @return the string representing the description of the event","lastModifiedDate":"2022-09-30"},{"lineNumber":18,"author":{"gitId":"karthikstar"},"content":"     */","lastModifiedDate":"2022-09-30"},{"lineNumber":19,"author":{"gitId":"karthikstar"},"content":"    public String getDescription() {","lastModifiedDate":"2022-09-01"},{"lineNumber":20,"author":{"gitId":"karthikstar"},"content":"        int firstDivider \u003d description.indexOf(\"event\");","lastModifiedDate":"2022-09-01"},{"lineNumber":21,"author":{"gitId":"karthikstar"},"content":"        int secondDivider \u003d description.indexOf(\"/at\");","lastModifiedDate":"2022-09-01"},{"lineNumber":22,"author":{"gitId":"karthikstar"},"content":"        String descTask \u003d description.substring(firstDivider + \"event\".length() + 1,secondDivider - 1);","lastModifiedDate":"2022-09-01"},{"lineNumber":23,"author":{"gitId":"karthikstar"},"content":"        String duration \u003d description.substring(secondDivider + \"/at\".length() + 1);","lastModifiedDate":"2022-09-01"},{"lineNumber":24,"author":{"gitId":"karthikstar"},"content":"        String descString \u003d descTask + \" (at: \" + duration + \")\";","lastModifiedDate":"2022-09-01"},{"lineNumber":25,"author":{"gitId":"karthikstar"},"content":"        return descString;","lastModifiedDate":"2022-09-01"},{"lineNumber":26,"author":{"gitId":"karthikstar"},"content":"    }","lastModifiedDate":"2022-09-01"},{"lineNumber":27,"author":{"gitId":"karthikstar"},"content":"","lastModifiedDate":"2022-09-30"},{"lineNumber":28,"author":{"gitId":"karthikstar"},"content":"    /**","lastModifiedDate":"2022-09-30"},{"lineNumber":29,"author":{"gitId":"karthikstar"},"content":"     * Returns the raw description entered in by the user","lastModifiedDate":"2022-09-30"},{"lineNumber":30,"author":{"gitId":"karthikstar"},"content":"     * @return the raw description of Event","lastModifiedDate":"2022-09-30"},{"lineNumber":31,"author":{"gitId":"karthikstar"},"content":"     */","lastModifiedDate":"2022-09-30"},{"lineNumber":32,"author":{"gitId":"karthikstar"},"content":"    public String getRawDescription() {","lastModifiedDate":"2022-09-16"},{"lineNumber":33,"author":{"gitId":"karthikstar"},"content":"        return description;","lastModifiedDate":"2022-09-16"},{"lineNumber":34,"author":{"gitId":"karthikstar"},"content":"    }","lastModifiedDate":"2022-09-16"},{"lineNumber":35,"author":{"gitId":"karthikstar"},"content":"}","lastModifiedDate":"2022-09-01"}],"authorContributionMap":{"karthikstar":35}},{"path":"src/main/java/duke/task/Task.java","fileType":"java","lines":[{"lineNumber":1,"author":{"gitId":"karthikstar"},"content":"package duke.task;","lastModifiedDate":"2022-09-10"},{"lineNumber":2,"author":{"gitId":"karthikstar"},"content":"","lastModifiedDate":"2022-09-30"},{"lineNumber":3,"author":{"gitId":"karthikstar"},"content":"/**","lastModifiedDate":"2022-09-30"},{"lineNumber":4,"author":{"gitId":"karthikstar"},"content":" * This class helps to store the information of a task","lastModifiedDate":"2022-09-30"},{"lineNumber":5,"author":{"gitId":"karthikstar"},"content":" */","lastModifiedDate":"2022-09-30"},{"lineNumber":6,"author":{"gitId":"karthikstar"},"content":"public class Task {","lastModifiedDate":"2022-09-01"},{"lineNumber":7,"author":{"gitId":"karthikstar"},"content":"    protected String description;","lastModifiedDate":"2022-09-01"},{"lineNumber":8,"author":{"gitId":"karthikstar"},"content":"    protected boolean isDone;","lastModifiedDate":"2022-09-01"},{"lineNumber":9,"author":{"gitId":"karthikstar"},"content":"","lastModifiedDate":"2022-09-01"},{"lineNumber":10,"author":{"gitId":"karthikstar"},"content":"    public Task(String description) {","lastModifiedDate":"2022-09-01"},{"lineNumber":11,"author":{"gitId":"karthikstar"},"content":"        this.description \u003d description;","lastModifiedDate":"2022-09-01"},{"lineNumber":12,"author":{"gitId":"karthikstar"},"content":"        this.isDone \u003d false;","lastModifiedDate":"2022-09-01"},{"lineNumber":13,"author":{"gitId":"karthikstar"},"content":"    }","lastModifiedDate":"2022-09-01"},{"lineNumber":14,"author":{"gitId":"karthikstar"},"content":"","lastModifiedDate":"2022-09-01"},{"lineNumber":15,"author":{"gitId":"karthikstar"},"content":"    /**","lastModifiedDate":"2022-09-30"},{"lineNumber":16,"author":{"gitId":"karthikstar"},"content":"     * Returns the status icon of the task, representing whether it is done or not","lastModifiedDate":"2022-09-30"},{"lineNumber":17,"author":{"gitId":"karthikstar"},"content":"     * @return the status icon, of String data type","lastModifiedDate":"2022-09-30"},{"lineNumber":18,"author":{"gitId":"karthikstar"},"content":"     */","lastModifiedDate":"2022-09-30"},{"lineNumber":19,"author":{"gitId":"karthikstar"},"content":"    public String getStatusIcon() {","lastModifiedDate":"2022-09-01"},{"lineNumber":20,"author":{"gitId":"karthikstar"},"content":"        return (isDone ? \"X\" : \" \");","lastModifiedDate":"2022-09-30"},{"lineNumber":21,"author":{"gitId":"karthikstar"},"content":"    }","lastModifiedDate":"2022-09-01"},{"lineNumber":22,"author":{"gitId":"karthikstar"},"content":"    ","lastModifiedDate":"2022-09-01"},{"lineNumber":23,"author":{"gitId":"karthikstar"},"content":"    public String getTaskIcon() {","lastModifiedDate":"2022-09-01"},{"lineNumber":24,"author":{"gitId":"karthikstar"},"content":"        return \"T\";","lastModifiedDate":"2022-09-01"},{"lineNumber":25,"author":{"gitId":"karthikstar"},"content":"    }","lastModifiedDate":"2022-09-01"},{"lineNumber":26,"author":{"gitId":"karthikstar"},"content":"","lastModifiedDate":"2022-09-01"},{"lineNumber":27,"author":{"gitId":"karthikstar"},"content":"    public String getDescription() {","lastModifiedDate":"2022-09-01"},{"lineNumber":28,"author":{"gitId":"karthikstar"},"content":"        return this.description;","lastModifiedDate":"2022-09-01"},{"lineNumber":29,"author":{"gitId":"karthikstar"},"content":"    }","lastModifiedDate":"2022-09-01"},{"lineNumber":30,"author":{"gitId":"karthikstar"},"content":"","lastModifiedDate":"2022-09-01"},{"lineNumber":31,"author":{"gitId":"karthikstar"},"content":"    public String getRawDescription() {","lastModifiedDate":"2022-09-16"},{"lineNumber":32,"author":{"gitId":"karthikstar"},"content":"        return this.description;","lastModifiedDate":"2022-09-16"},{"lineNumber":33,"author":{"gitId":"karthikstar"},"content":"    }","lastModifiedDate":"2022-09-16"},{"lineNumber":34,"author":{"gitId":"karthikstar"},"content":"","lastModifiedDate":"2022-09-30"},{"lineNumber":35,"author":{"gitId":"karthikstar"},"content":"    /**","lastModifiedDate":"2022-09-30"},{"lineNumber":36,"author":{"gitId":"karthikstar"},"content":"     * Marks task as done","lastModifiedDate":"2022-09-30"},{"lineNumber":37,"author":{"gitId":"karthikstar"},"content":"     */","lastModifiedDate":"2022-09-30"},{"lineNumber":38,"author":{"gitId":"karthikstar"},"content":"    public void markTask() {","lastModifiedDate":"2022-09-01"},{"lineNumber":39,"author":{"gitId":"karthikstar"},"content":"        this.isDone \u003d true;","lastModifiedDate":"2022-09-01"},{"lineNumber":40,"author":{"gitId":"karthikstar"},"content":"    }","lastModifiedDate":"2022-09-01"},{"lineNumber":41,"author":{"gitId":"karthikstar"},"content":"","lastModifiedDate":"2022-09-01"},{"lineNumber":42,"author":{"gitId":"karthikstar"},"content":"    /**","lastModifiedDate":"2022-09-30"},{"lineNumber":43,"author":{"gitId":"karthikstar"},"content":"     * Marks task as not done","lastModifiedDate":"2022-09-30"},{"lineNumber":44,"author":{"gitId":"karthikstar"},"content":"     */","lastModifiedDate":"2022-09-30"},{"lineNumber":45,"author":{"gitId":"karthikstar"},"content":"    public void unMarkTask() {","lastModifiedDate":"2022-09-01"},{"lineNumber":46,"author":{"gitId":"karthikstar"},"content":"        this.isDone \u003d false;","lastModifiedDate":"2022-09-01"},{"lineNumber":47,"author":{"gitId":"karthikstar"},"content":"    }","lastModifiedDate":"2022-09-01"},{"lineNumber":48,"author":{"gitId":"karthikstar"},"content":"","lastModifiedDate":"2022-09-01"},{"lineNumber":49,"author":{"gitId":"karthikstar"},"content":"}","lastModifiedDate":"2022-09-01"}],"authorContributionMap":{"karthikstar":49}},{"path":"src/main/java/duke/task/Todo.java","fileType":"java","lines":[{"lineNumber":1,"author":{"gitId":"karthikstar"},"content":"package duke.task;","lastModifiedDate":"2022-09-10"},{"lineNumber":2,"author":{"gitId":"karthikstar"},"content":"public class Todo extends Task{","lastModifiedDate":"2022-09-01"},{"lineNumber":3,"author":{"gitId":"karthikstar"},"content":"    public String getTaskIcon() {","lastModifiedDate":"2022-09-01"},{"lineNumber":4,"author":{"gitId":"karthikstar"},"content":"        return \"T\";","lastModifiedDate":"2022-09-01"},{"lineNumber":5,"author":{"gitId":"karthikstar"},"content":"    }","lastModifiedDate":"2022-09-01"},{"lineNumber":6,"author":{"gitId":"karthikstar"},"content":"","lastModifiedDate":"2022-09-01"},{"lineNumber":7,"author":{"gitId":"karthikstar"},"content":"    public Todo(String description) {","lastModifiedDate":"2022-09-01"},{"lineNumber":8,"author":{"gitId":"karthikstar"},"content":"        super(description);","lastModifiedDate":"2022-09-01"},{"lineNumber":9,"author":{"gitId":"karthikstar"},"content":"    }","lastModifiedDate":"2022-09-01"},{"lineNumber":10,"author":{"gitId":"karthikstar"},"content":"","lastModifiedDate":"2022-09-30"},{"lineNumber":11,"author":{"gitId":"karthikstar"},"content":"    /**","lastModifiedDate":"2022-09-30"},{"lineNumber":12,"author":{"gitId":"karthikstar"},"content":"     * Retrieves the description of the task","lastModifiedDate":"2022-09-30"},{"lineNumber":13,"author":{"gitId":"karthikstar"},"content":"     * @return the description of task","lastModifiedDate":"2022-09-30"},{"lineNumber":14,"author":{"gitId":"karthikstar"},"content":"     */","lastModifiedDate":"2022-09-30"},{"lineNumber":15,"author":{"gitId":"karthikstar"},"content":"    public String getDescription() {","lastModifiedDate":"2022-09-01"},{"lineNumber":16,"author":{"gitId":"karthikstar"},"content":"        int firstDivider \u003d description.indexOf(\"todo\");","lastModifiedDate":"2022-09-01"},{"lineNumber":17,"author":{"gitId":"karthikstar"},"content":"        String descTask \u003d description.substring(firstDivider);","lastModifiedDate":"2022-09-16"},{"lineNumber":18,"author":{"gitId":"karthikstar"},"content":"        return descTask;","lastModifiedDate":"2022-09-01"},{"lineNumber":19,"author":{"gitId":"karthikstar"},"content":"    }","lastModifiedDate":"2022-09-01"},{"lineNumber":20,"author":{"gitId":"karthikstar"},"content":"}","lastModifiedDate":"2022-09-01"}],"authorContributionMap":{"karthikstar":20}},{"path":"src/main/java/duke/utilityfunctions/Command.java","fileType":"java","lines":[{"lineNumber":1,"author":{"gitId":"karthikstar"},"content":"package duke.utilityfunctions;","lastModifiedDate":"2022-09-30"},{"lineNumber":2,"author":{"gitId":"karthikstar"},"content":"","lastModifiedDate":"2022-09-30"},{"lineNumber":3,"author":{"gitId":"karthikstar"},"content":"/**","lastModifiedDate":"2022-09-30"},{"lineNumber":4,"author":{"gitId":"karthikstar"},"content":" * Handles command-related behaviour for Duke, such as checking for valid commands, and parsing commands keyed in by user.","lastModifiedDate":"2022-09-30"},{"lineNumber":5,"author":{"gitId":"karthikstar"},"content":" */","lastModifiedDate":"2022-09-30"},{"lineNumber":6,"author":{"gitId":"karthikstar"},"content":"public class Command {","lastModifiedDate":"2022-09-30"},{"lineNumber":7,"author":{"gitId":"karthikstar"},"content":"    /**","lastModifiedDate":"2022-09-30"},{"lineNumber":8,"author":{"gitId":"karthikstar"},"content":"     * Takes in input string and returns a boolean value whether it is a valid command or not","lastModifiedDate":"2022-09-30"},{"lineNumber":9,"author":{"gitId":"karthikstar"},"content":"     * @param s first keyword of the string provided the user","lastModifiedDate":"2022-09-30"},{"lineNumber":10,"author":{"gitId":"karthikstar"},"content":"     * @return whether is the provided keyword a valid command or not","lastModifiedDate":"2022-09-30"},{"lineNumber":11,"author":{"gitId":"karthikstar"},"content":"     */","lastModifiedDate":"2022-09-30"},{"lineNumber":12,"author":{"gitId":"karthikstar"},"content":"    public boolean isValidCommand(String s){","lastModifiedDate":"2022-09-30"},{"lineNumber":13,"author":{"gitId":"karthikstar"},"content":"        String[] validCommandArray \u003d {\"bye\", \"list\",\"find\",\"unmark\",\"mark\",\"todo\",\"deadline\",\"event\", \"delete\"};","lastModifiedDate":"2022-09-30"},{"lineNumber":14,"author":{"gitId":"karthikstar"},"content":"        for(int i \u003d 0; i \u003c validCommandArray.length; i++) {","lastModifiedDate":"2022-09-30"},{"lineNumber":15,"author":{"gitId":"karthikstar"},"content":"            if(s.equals(validCommandArray[i])){","lastModifiedDate":"2022-09-30"},{"lineNumber":16,"author":{"gitId":"karthikstar"},"content":"                return true;","lastModifiedDate":"2022-09-30"},{"lineNumber":17,"author":{"gitId":"karthikstar"},"content":"            }","lastModifiedDate":"2022-09-30"},{"lineNumber":18,"author":{"gitId":"karthikstar"},"content":"        }","lastModifiedDate":"2022-09-30"},{"lineNumber":19,"author":{"gitId":"karthikstar"},"content":"        return false;","lastModifiedDate":"2022-09-30"},{"lineNumber":20,"author":{"gitId":"karthikstar"},"content":"    }","lastModifiedDate":"2022-09-30"},{"lineNumber":21,"author":{"gitId":"karthikstar"},"content":"","lastModifiedDate":"2022-09-30"},{"lineNumber":22,"author":{"gitId":"karthikstar"},"content":"    /**","lastModifiedDate":"2022-09-30"},{"lineNumber":23,"author":{"gitId":"karthikstar"},"content":"     * Parses a provided string and returns the choice value as an integer","lastModifiedDate":"2022-09-30"},{"lineNumber":24,"author":{"gitId":"karthikstar"},"content":"     * @param input the string provided by user","lastModifiedDate":"2022-09-30"},{"lineNumber":25,"author":{"gitId":"karthikstar"},"content":"     * @return the choice value extracted from the input string","lastModifiedDate":"2022-09-30"},{"lineNumber":26,"author":{"gitId":"karthikstar"},"content":"     */","lastModifiedDate":"2022-09-30"},{"lineNumber":27,"author":{"gitId":"karthikstar"},"content":"    public int choiceParser(String input){","lastModifiedDate":"2022-09-30"},{"lineNumber":28,"author":{"gitId":"karthikstar"},"content":"        String[] inputWords \u003d input.split(\" \");","lastModifiedDate":"2022-09-30"},{"lineNumber":29,"author":{"gitId":"karthikstar"},"content":"        int choice \u003d Integer.parseInt(inputWords[1]);","lastModifiedDate":"2022-09-30"},{"lineNumber":30,"author":{"gitId":"karthikstar"},"content":"        return choice;","lastModifiedDate":"2022-09-30"},{"lineNumber":31,"author":{"gitId":"karthikstar"},"content":"    }","lastModifiedDate":"2022-09-30"},{"lineNumber":32,"author":{"gitId":"karthikstar"},"content":"","lastModifiedDate":"2022-09-30"},{"lineNumber":33,"author":{"gitId":"karthikstar"},"content":"}","lastModifiedDate":"2022-09-30"}],"authorContributionMap":{"karthikstar":33}},{"path":"src/main/java/duke/utilityfunctions/Filereader.java","fileType":"java","lines":[{"lineNumber":1,"author":{"gitId":"karthikstar"},"content":"package duke.utilityfunctions;","lastModifiedDate":"2022-09-16"},{"lineNumber":2,"author":{"gitId":"karthikstar"},"content":"","lastModifiedDate":"2022-09-16"},{"lineNumber":3,"author":{"gitId":"karthikstar"},"content":"import duke.task.Deadline;","lastModifiedDate":"2022-09-16"},{"lineNumber":4,"author":{"gitId":"karthikstar"},"content":"import duke.task.Event;","lastModifiedDate":"2022-09-16"},{"lineNumber":5,"author":{"gitId":"karthikstar"},"content":"import duke.task.Task;","lastModifiedDate":"2022-09-16"},{"lineNumber":6,"author":{"gitId":"karthikstar"},"content":"import duke.task.Todo;","lastModifiedDate":"2022-09-16"},{"lineNumber":7,"author":{"gitId":"karthikstar"},"content":"","lastModifiedDate":"2022-09-16"},{"lineNumber":8,"author":{"gitId":"karthikstar"},"content":"/**","lastModifiedDate":"2022-09-30"},{"lineNumber":9,"author":{"gitId":"karthikstar"},"content":" * This class handles generation of tasks after user has keyed in inputs to create new todos/events/deadlines.","lastModifiedDate":"2022-09-30"},{"lineNumber":10,"author":{"gitId":"karthikstar"},"content":" */","lastModifiedDate":"2022-09-30"},{"lineNumber":11,"author":{"gitId":"karthikstar"},"content":"public class Filereader {","lastModifiedDate":"2022-09-16"},{"lineNumber":12,"author":{"gitId":"karthikstar"},"content":"    /**","lastModifiedDate":"2022-09-30"},{"lineNumber":13,"author":{"gitId":"karthikstar"},"content":"     * Generates tasks of the Task datatype by taking in input strings","lastModifiedDate":"2022-09-30"},{"lineNumber":14,"author":{"gitId":"karthikstar"},"content":"     * @param input the input string provided by the user","lastModifiedDate":"2022-09-30"},{"lineNumber":15,"author":{"gitId":"karthikstar"},"content":"     * @return the task of Task datatype","lastModifiedDate":"2022-09-30"},{"lineNumber":16,"author":{"gitId":"karthikstar"},"content":"     */","lastModifiedDate":"2022-09-30"},{"lineNumber":17,"author":{"gitId":"karthikstar"},"content":"    public Task generateTask(String input) {","lastModifiedDate":"2022-09-16"},{"lineNumber":18,"author":{"gitId":"karthikstar"},"content":"        Task task \u003d null;","lastModifiedDate":"2022-09-16"},{"lineNumber":19,"author":{"gitId":"karthikstar"},"content":"        char taskIcon \u003d input.charAt(1);","lastModifiedDate":"2022-09-16"},{"lineNumber":20,"author":{"gitId":"karthikstar"},"content":"        char taskStatus \u003d input.charAt(4);","lastModifiedDate":"2022-09-16"},{"lineNumber":21,"author":{"gitId":"karthikstar"},"content":"        if(taskIcon \u003d\u003d \u0027E\u0027){","lastModifiedDate":"2022-09-16"},{"lineNumber":22,"author":{"gitId":"karthikstar"},"content":"            int firstDivider \u003d input.indexOf(\"]\",5 );","lastModifiedDate":"2022-09-16"},{"lineNumber":23,"author":{"gitId":"karthikstar"},"content":"            String taskDesc \u003d input.substring(firstDivider + 2);","lastModifiedDate":"2022-09-16"},{"lineNumber":24,"author":{"gitId":"karthikstar"},"content":"            task \u003d new Event(taskDesc);","lastModifiedDate":"2022-09-16"},{"lineNumber":25,"author":{"gitId":"karthikstar"},"content":"        } else if (taskIcon \u003d\u003d \u0027D\u0027) {","lastModifiedDate":"2022-09-16"},{"lineNumber":26,"author":{"gitId":"karthikstar"},"content":"            int firstDivider \u003d input.indexOf(\"]\",5 );","lastModifiedDate":"2022-09-16"},{"lineNumber":27,"author":{"gitId":"karthikstar"},"content":"            String taskDesc \u003d input.substring(firstDivider + 2);","lastModifiedDate":"2022-09-16"},{"lineNumber":28,"author":{"gitId":"karthikstar"},"content":"            task \u003d new Deadline(taskDesc);","lastModifiedDate":"2022-09-16"},{"lineNumber":29,"author":{"gitId":"karthikstar"},"content":"        } else if (taskIcon \u003d\u003d \u0027T\u0027) {","lastModifiedDate":"2022-09-16"},{"lineNumber":30,"author":{"gitId":"karthikstar"},"content":"            int firstDivider \u003d input.indexOf(\"]\",5 );","lastModifiedDate":"2022-09-16"},{"lineNumber":31,"author":{"gitId":"karthikstar"},"content":"            String taskDesc \u003d input.substring(firstDivider + 2);","lastModifiedDate":"2022-09-16"},{"lineNumber":32,"author":{"gitId":"karthikstar"},"content":"            task \u003d new Todo(taskDesc);","lastModifiedDate":"2022-09-16"},{"lineNumber":33,"author":{"gitId":"karthikstar"},"content":"        }","lastModifiedDate":"2022-09-16"},{"lineNumber":34,"author":{"gitId":"karthikstar"},"content":"        if(taskStatus \u003d\u003d \u0027X\u0027){","lastModifiedDate":"2022-09-16"},{"lineNumber":35,"author":{"gitId":"karthikstar"},"content":"            task.markTask();","lastModifiedDate":"2022-09-16"},{"lineNumber":36,"author":{"gitId":"karthikstar"},"content":"        }","lastModifiedDate":"2022-09-16"},{"lineNumber":37,"author":{"gitId":"karthikstar"},"content":"        return task;","lastModifiedDate":"2022-09-16"},{"lineNumber":38,"author":{"gitId":"karthikstar"},"content":"    }","lastModifiedDate":"2022-09-16"},{"lineNumber":39,"author":{"gitId":"karthikstar"},"content":"}","lastModifiedDate":"2022-09-16"}],"authorContributionMap":{"karthikstar":39}},{"path":"src/main/java/duke/utilityfunctions/Ui.java","fileType":"java","lines":[{"lineNumber":1,"author":{"gitId":"karthikstar"},"content":"package duke.utilityfunctions;","lastModifiedDate":"2022-09-30"},{"lineNumber":2,"author":{"gitId":"karthikstar"},"content":"","lastModifiedDate":"2022-09-30"},{"lineNumber":3,"author":{"gitId":"karthikstar"},"content":"/**","lastModifiedDate":"2022-09-30"},{"lineNumber":4,"author":{"gitId":"karthikstar"},"content":" * This class handles all the UI-related behaviours for Duke","lastModifiedDate":"2022-09-30"},{"lineNumber":5,"author":{"gitId":"karthikstar"},"content":" */","lastModifiedDate":"2022-09-30"},{"lineNumber":6,"author":{"gitId":"karthikstar"},"content":"public class Ui {","lastModifiedDate":"2022-09-30"},{"lineNumber":7,"author":{"gitId":"karthikstar"},"content":"    /**","lastModifiedDate":"2022-09-30"},{"lineNumber":8,"author":{"gitId":"karthikstar"},"content":"     * Generates and prints task status for a given task","lastModifiedDate":"2022-09-30"},{"lineNumber":9,"author":{"gitId":"karthikstar"},"content":"     * @param taskIcon the icon representing type of task, whether it is a event, deadline or todo","lastModifiedDate":"2022-09-30"},{"lineNumber":10,"author":{"gitId":"karthikstar"},"content":"     * @param statusIcon the icon representing status of task, whether it is done or not","lastModifiedDate":"2022-09-30"},{"lineNumber":11,"author":{"gitId":"karthikstar"},"content":"     * @param description the description of the task","lastModifiedDate":"2022-09-30"},{"lineNumber":12,"author":{"gitId":"karthikstar"},"content":"     */","lastModifiedDate":"2022-09-30"},{"lineNumber":13,"author":{"gitId":"karthikstar"},"content":"    public void generateTaskStatus(String taskIcon, String statusIcon, String description) {","lastModifiedDate":"2022-09-30"},{"lineNumber":14,"author":{"gitId":"karthikstar"},"content":"        System.out.println(\"\\t[\" + taskIcon + \"]\" + \"[\" + statusIcon + \"] \" + description);","lastModifiedDate":"2022-09-30"},{"lineNumber":15,"author":{"gitId":"karthikstar"},"content":"    }","lastModifiedDate":"2022-09-30"},{"lineNumber":16,"author":{"gitId":"karthikstar"},"content":"    public void drawLine() {","lastModifiedDate":"2022-09-30"},{"lineNumber":17,"author":{"gitId":"karthikstar"},"content":"        System.out.println(\"------------------------------------\");","lastModifiedDate":"2022-09-30"},{"lineNumber":18,"author":{"gitId":"karthikstar"},"content":"    }","lastModifiedDate":"2022-09-30"},{"lineNumber":19,"author":{"gitId":"karthikstar"},"content":"    public void addedMsg() {","lastModifiedDate":"2022-09-30"},{"lineNumber":20,"author":{"gitId":"karthikstar"},"content":"        System.out.println(\"Got it. I\u0027ve added this task:\");","lastModifiedDate":"2022-09-30"},{"lineNumber":21,"author":{"gitId":"karthikstar"},"content":"    }","lastModifiedDate":"2022-09-30"},{"lineNumber":22,"author":{"gitId":"karthikstar"},"content":"","lastModifiedDate":"2022-09-30"},{"lineNumber":23,"author":{"gitId":"karthikstar"},"content":"    /**","lastModifiedDate":"2022-09-30"},{"lineNumber":24,"author":{"gitId":"karthikstar"},"content":"     * Prints a notification to remind user how many tasks they have in the list","lastModifiedDate":"2022-09-30"},{"lineNumber":25,"author":{"gitId":"karthikstar"},"content":"     * @param noOfTasks the number of tasks in task array","lastModifiedDate":"2022-09-30"},{"lineNumber":26,"author":{"gitId":"karthikstar"},"content":"     */","lastModifiedDate":"2022-09-30"},{"lineNumber":27,"author":{"gitId":"karthikstar"},"content":"    public void taskCountReminder(int noOfTasks) {","lastModifiedDate":"2022-09-30"},{"lineNumber":28,"author":{"gitId":"karthikstar"},"content":"        System.out.printf(\"Now you have %d tasks in the list.\\n\",noOfTasks);","lastModifiedDate":"2022-09-30"},{"lineNumber":29,"author":{"gitId":"karthikstar"},"content":"    }","lastModifiedDate":"2022-09-30"},{"lineNumber":30,"author":{"gitId":"karthikstar"},"content":"    public void notifyListHeader() {","lastModifiedDate":"2022-09-30"},{"lineNumber":31,"author":{"gitId":"karthikstar"},"content":"        System.out.println(\"Here are the tasks in your list:\");","lastModifiedDate":"2022-09-30"},{"lineNumber":32,"author":{"gitId":"karthikstar"},"content":"    }","lastModifiedDate":"2022-09-30"},{"lineNumber":33,"author":{"gitId":"karthikstar"},"content":"","lastModifiedDate":"2022-09-30"},{"lineNumber":34,"author":{"gitId":"karthikstar"},"content":"    /**","lastModifiedDate":"2022-09-30"},{"lineNumber":35,"author":{"gitId":"karthikstar"},"content":"     * Notify user that task has been unmarked","lastModifiedDate":"2022-09-30"},{"lineNumber":36,"author":{"gitId":"karthikstar"},"content":"     */","lastModifiedDate":"2022-09-30"},{"lineNumber":37,"author":{"gitId":"karthikstar"},"content":"    public void notifyUnmarkedHeader() {","lastModifiedDate":"2022-09-30"},{"lineNumber":38,"author":{"gitId":"karthikstar"},"content":"        System.out.println(\"OK, I\u0027ve marked this task as not done yet:\");","lastModifiedDate":"2022-09-30"},{"lineNumber":39,"author":{"gitId":"karthikstar"},"content":"    }","lastModifiedDate":"2022-09-30"},{"lineNumber":40,"author":{"gitId":"karthikstar"},"content":"","lastModifiedDate":"2022-09-30"},{"lineNumber":41,"author":{"gitId":"karthikstar"},"content":"    /**","lastModifiedDate":"2022-09-30"},{"lineNumber":42,"author":{"gitId":"karthikstar"},"content":"     * Notify user that task has been marked as done","lastModifiedDate":"2022-09-30"},{"lineNumber":43,"author":{"gitId":"karthikstar"},"content":"     */","lastModifiedDate":"2022-09-30"},{"lineNumber":44,"author":{"gitId":"karthikstar"},"content":"    public void notifyMarkedHeader() {","lastModifiedDate":"2022-09-30"},{"lineNumber":45,"author":{"gitId":"karthikstar"},"content":"        System.out.println(\"Nice! I\u0027ve marked this task as done:\");","lastModifiedDate":"2022-09-30"},{"lineNumber":46,"author":{"gitId":"karthikstar"},"content":"    }","lastModifiedDate":"2022-09-30"},{"lineNumber":47,"author":{"gitId":"karthikstar"},"content":"","lastModifiedDate":"2022-09-30"},{"lineNumber":48,"author":{"gitId":"karthikstar"},"content":"    public void notifyRemovedHeader() {","lastModifiedDate":"2022-09-30"},{"lineNumber":49,"author":{"gitId":"karthikstar"},"content":"        System.out.println(\"Noted. I have removed this task:\");","lastModifiedDate":"2022-09-30"},{"lineNumber":50,"author":{"gitId":"karthikstar"},"content":"    }","lastModifiedDate":"2022-09-30"},{"lineNumber":51,"author":{"gitId":"karthikstar"},"content":"","lastModifiedDate":"2022-09-30"},{"lineNumber":52,"author":{"gitId":"karthikstar"},"content":"","lastModifiedDate":"2022-09-30"},{"lineNumber":53,"author":{"gitId":"karthikstar"},"content":"    public void sayBye() {","lastModifiedDate":"2022-09-30"},{"lineNumber":54,"author":{"gitId":"karthikstar"},"content":"        System.out.println(\"Bye. Hope to see you again soon!\");","lastModifiedDate":"2022-09-30"},{"lineNumber":55,"author":{"gitId":"karthikstar"},"content":"    }","lastModifiedDate":"2022-09-30"},{"lineNumber":56,"author":{"gitId":"karthikstar"},"content":"","lastModifiedDate":"2022-09-30"},{"lineNumber":57,"author":{"gitId":"karthikstar"},"content":"    /**","lastModifiedDate":"2022-09-30"},{"lineNumber":58,"author":{"gitId":"karthikstar"},"content":"     * Greets the user with a logo","lastModifiedDate":"2022-09-30"},{"lineNumber":59,"author":{"gitId":"karthikstar"},"content":"     */","lastModifiedDate":"2022-09-30"},{"lineNumber":60,"author":{"gitId":"karthikstar"},"content":"    public void greet() {","lastModifiedDate":"2022-09-30"},{"lineNumber":61,"author":{"gitId":"karthikstar"},"content":"        String logo \u003d \" ____        _        \\n\"","lastModifiedDate":"2022-09-30"},{"lineNumber":62,"author":{"gitId":"karthikstar"},"content":"                + \"|  _ \\\\ _   _| | _____ \\n\"","lastModifiedDate":"2022-09-30"},{"lineNumber":63,"author":{"gitId":"karthikstar"},"content":"                + \"| | | | | | | |/ / _ \\\\\\n\"","lastModifiedDate":"2022-09-30"},{"lineNumber":64,"author":{"gitId":"karthikstar"},"content":"                + \"| |_| | |_| |   \u003c  __/\\n\"","lastModifiedDate":"2022-09-30"},{"lineNumber":65,"author":{"gitId":"karthikstar"},"content":"                + \"|____/ \\\\__,_|_|\\\\_\\\\___|\\n\";","lastModifiedDate":"2022-09-30"},{"lineNumber":66,"author":{"gitId":"karthikstar"},"content":"","lastModifiedDate":"2022-09-30"},{"lineNumber":67,"author":{"gitId":"karthikstar"},"content":"        System.out.println(\"Hello from\\n\" + logo);","lastModifiedDate":"2022-09-30"},{"lineNumber":68,"author":{"gitId":"karthikstar"},"content":"    }","lastModifiedDate":"2022-09-30"},{"lineNumber":69,"author":{"gitId":"karthikstar"},"content":"","lastModifiedDate":"2022-09-30"},{"lineNumber":70,"author":{"gitId":"karthikstar"},"content":"    /**","lastModifiedDate":"2022-09-30"},{"lineNumber":71,"author":{"gitId":"karthikstar"},"content":"     * Say hello to the user","lastModifiedDate":"2022-09-30"},{"lineNumber":72,"author":{"gitId":"karthikstar"},"content":"     */","lastModifiedDate":"2022-09-30"},{"lineNumber":73,"author":{"gitId":"karthikstar"},"content":"    public void sayHello() {","lastModifiedDate":"2022-09-30"},{"lineNumber":74,"author":{"gitId":"karthikstar"},"content":"        System.out.println(\"Hello! I\u0027m Duke\");","lastModifiedDate":"2022-09-30"},{"lineNumber":75,"author":{"gitId":"karthikstar"},"content":"        System.out.println(\"What can I do for you?\");","lastModifiedDate":"2022-09-30"},{"lineNumber":76,"author":{"gitId":"karthikstar"},"content":"    }","lastModifiedDate":"2022-09-30"},{"lineNumber":77,"author":{"gitId":"karthikstar"},"content":"}","lastModifiedDate":"2022-09-30"}],"authorContributionMap":{"karthikstar":77}}]
