[{"path":"src/main/java/duke/Deadline.java","fileType":"java","lines":[{"lineNumber":1,"author":{"gitId":"NayChi-7"},"content":"package duke;","lastModifiedDate":"2022-09-08"},{"lineNumber":2,"author":{"gitId":"NayChi-7"},"content":"","lastModifiedDate":"2022-09-08"},{"lineNumber":3,"author":{"gitId":"NayChi-7"},"content":"public class Deadline extends Task {","lastModifiedDate":"2022-08-30"},{"lineNumber":4,"author":{"gitId":"NayChi-7"},"content":"    protected String by;","lastModifiedDate":"2022-08-30"},{"lineNumber":5,"author":{"gitId":"NayChi-7"},"content":"","lastModifiedDate":"2022-08-30"},{"lineNumber":6,"author":{"gitId":"NayChi-7"},"content":"    public Deadline(String description, String by) {","lastModifiedDate":"2022-08-30"},{"lineNumber":7,"author":{"gitId":"NayChi-7"},"content":"        super(description);","lastModifiedDate":"2022-08-30"},{"lineNumber":8,"author":{"gitId":"NayChi-7"},"content":"        this.by \u003d by;","lastModifiedDate":"2022-08-30"},{"lineNumber":9,"author":{"gitId":"NayChi-7"},"content":"    }","lastModifiedDate":"2022-08-30"},{"lineNumber":10,"author":{"gitId":"NayChi-7"},"content":"","lastModifiedDate":"2022-08-30"},{"lineNumber":11,"author":{"gitId":"NayChi-7"},"content":"    public void setBy(String by) {","lastModifiedDate":"2022-08-30"},{"lineNumber":12,"author":{"gitId":"NayChi-7"},"content":"        this.by \u003d by;","lastModifiedDate":"2022-08-30"},{"lineNumber":13,"author":{"gitId":"NayChi-7"},"content":"    }","lastModifiedDate":"2022-08-30"},{"lineNumber":14,"author":{"gitId":"NayChi-7"},"content":"","lastModifiedDate":"2022-08-30"},{"lineNumber":15,"author":{"gitId":"NayChi-7"},"content":"    public String getBy() {","lastModifiedDate":"2022-08-30"},{"lineNumber":16,"author":{"gitId":"NayChi-7"},"content":"        return by;","lastModifiedDate":"2022-08-30"},{"lineNumber":17,"author":{"gitId":"NayChi-7"},"content":"    }","lastModifiedDate":"2022-08-30"},{"lineNumber":18,"author":{"gitId":"NayChi-7"},"content":"","lastModifiedDate":"2022-08-30"},{"lineNumber":19,"author":{"gitId":"NayChi-7"},"content":"    @Override","lastModifiedDate":"2022-08-30"},{"lineNumber":20,"author":{"gitId":"NayChi-7"},"content":"    public String toString(){","lastModifiedDate":"2022-08-30"},{"lineNumber":21,"author":{"gitId":"NayChi-7"},"content":"        return \"[D]\" + super.toString() + \"(by: \" + by + \")\";","lastModifiedDate":"2022-08-30"},{"lineNumber":22,"author":{"gitId":"NayChi-7"},"content":"    }","lastModifiedDate":"2022-08-30"},{"lineNumber":23,"author":{"gitId":"NayChi-7"},"content":"","lastModifiedDate":"2022-08-30"},{"lineNumber":24,"author":{"gitId":"NayChi-7"},"content":"}","lastModifiedDate":"2022-08-30"}],"authorContributionMap":{"NayChi-7":24}},{"path":"src/main/java/duke/Duke.java","fileType":"java","lines":[{"lineNumber":1,"author":{"gitId":"NayChi-7"},"content":"package duke;","lastModifiedDate":"2022-09-08"},{"lineNumber":2,"author":{"gitId":"NayChi-7"},"content":"","lastModifiedDate":"2022-09-08"},{"lineNumber":3,"author":{"gitId":"NayChi-7"},"content":"import java.util.Scanner;","lastModifiedDate":"2022-08-25"},{"lineNumber":4,"author":{"gitId":"-"},"content":"public class Duke {","lastModifiedDate":"2019-07-29"},{"lineNumber":5,"author":{"gitId":"NayChi-7"},"content":"    public static final String MARKDONE \u003d \"mark \";","lastModifiedDate":"2022-08-30"},{"lineNumber":6,"author":{"gitId":"NayChi-7"},"content":"    public static final String MARKUNDONE \u003d \"unmark \";","lastModifiedDate":"2022-08-30"},{"lineNumber":7,"author":{"gitId":"NayChi-7"},"content":"    public static final String TODO \u003d \"todo \";","lastModifiedDate":"2022-08-30"},{"lineNumber":8,"author":{"gitId":"NayChi-7"},"content":"    public static final String DEADLINE \u003d \"deadline \";","lastModifiedDate":"2022-08-30"},{"lineNumber":9,"author":{"gitId":"NayChi-7"},"content":"    public static final String EVENT \u003d \"event \";","lastModifiedDate":"2022-08-30"},{"lineNumber":10,"author":{"gitId":"NayChi-7"},"content":"    public static final String LIST \u003d \"list\";","lastModifiedDate":"2022-08-30"},{"lineNumber":11,"author":{"gitId":"NayChi-7"},"content":"    public static final String BYE \u003d \"bye\";","lastModifiedDate":"2022-08-30"},{"lineNumber":12,"author":{"gitId":"NayChi-7"},"content":"    public static final String AT \u003d \"/at \";","lastModifiedDate":"2022-08-30"},{"lineNumber":13,"author":{"gitId":"NayChi-7"},"content":"    public static final String BY \u003d \"/by \";","lastModifiedDate":"2022-08-30"},{"lineNumber":14,"author":{"gitId":"NayChi-7"},"content":"    public static int itemCount \u003d 0;","lastModifiedDate":"2022-08-30"},{"lineNumber":15,"author":{"gitId":"NayChi-7"},"content":"","lastModifiedDate":"2022-08-30"},{"lineNumber":16,"author":{"gitId":"NayChi-7"},"content":"    private static void printDashLine() {","lastModifiedDate":"2022-08-30"},{"lineNumber":17,"author":{"gitId":"NayChi-7"},"content":"        System.out.println(\"__________________________________________________ \\n\");","lastModifiedDate":"2022-08-30"},{"lineNumber":18,"author":{"gitId":"NayChi-7"},"content":"    }","lastModifiedDate":"2022-08-30"},{"lineNumber":19,"author":{"gitId":"NayChi-7"},"content":"","lastModifiedDate":"2022-08-30"},{"lineNumber":20,"author":{"gitId":"NayChi-7"},"content":"    private static void markDone (Task[] inputs, String input) throws DukeException{","lastModifiedDate":"2022-09-06"},{"lineNumber":21,"author":{"gitId":"NayChi-7"},"content":"        int taskNumber \u003d Integer.parseInt(input.substring(input.indexOf(MARKDONE) + MARKDONE.length()));","lastModifiedDate":"2022-08-30"},{"lineNumber":22,"author":{"gitId":"NayChi-7"},"content":"        if (taskNumber \u003c itemCount) {","lastModifiedDate":"2022-08-30"},{"lineNumber":23,"author":{"gitId":"NayChi-7"},"content":"            System.out.println(\"Okiii... This task has been marked as done\");","lastModifiedDate":"2022-09-06"},{"lineNumber":24,"author":{"gitId":"NayChi-7"},"content":"            inputs[taskNumber].markAsDone();","lastModifiedDate":"2022-08-30"},{"lineNumber":25,"author":{"gitId":"NayChi-7"},"content":"            System.out.println(inputs[taskNumber].description);","lastModifiedDate":"2022-08-30"},{"lineNumber":26,"author":{"gitId":"NayChi-7"},"content":"        } else {","lastModifiedDate":"2022-08-30"},{"lineNumber":27,"author":{"gitId":"NayChi-7"},"content":"            throw new DukeException();","lastModifiedDate":"2022-09-06"},{"lineNumber":28,"author":{"gitId":"NayChi-7"},"content":"        }","lastModifiedDate":"2022-08-30"},{"lineNumber":29,"author":{"gitId":"NayChi-7"},"content":"        printDashLine();","lastModifiedDate":"2022-08-30"},{"lineNumber":30,"author":{"gitId":"NayChi-7"},"content":"    }","lastModifiedDate":"2022-08-30"},{"lineNumber":31,"author":{"gitId":"NayChi-7"},"content":"","lastModifiedDate":"2022-08-30"},{"lineNumber":32,"author":{"gitId":"NayChi-7"},"content":"    private static void markUnDone (Task[] inputs, String input) throws DukeException{","lastModifiedDate":"2022-09-06"},{"lineNumber":33,"author":{"gitId":"NayChi-7"},"content":"        int taskNumber \u003d Integer.parseInt(input.substring(input.indexOf(MARKUNDONE) + MARKUNDONE.length()));","lastModifiedDate":"2022-08-30"},{"lineNumber":34,"author":{"gitId":"NayChi-7"},"content":"        if (taskNumber \u003c itemCount) {","lastModifiedDate":"2022-08-30"},{"lineNumber":35,"author":{"gitId":"NayChi-7"},"content":"            System.out.println(\"Okiii... This task has been marked as not done yet\");","lastModifiedDate":"2022-09-06"},{"lineNumber":36,"author":{"gitId":"NayChi-7"},"content":"            inputs[taskNumber].markAsUndone();","lastModifiedDate":"2022-08-30"},{"lineNumber":37,"author":{"gitId":"NayChi-7"},"content":"            System.out.println(inputs[taskNumber].description);","lastModifiedDate":"2022-08-30"},{"lineNumber":38,"author":{"gitId":"NayChi-7"},"content":"        } else {","lastModifiedDate":"2022-08-30"},{"lineNumber":39,"author":{"gitId":"NayChi-7"},"content":"            throw new DukeException();","lastModifiedDate":"2022-09-06"},{"lineNumber":40,"author":{"gitId":"NayChi-7"},"content":"        }","lastModifiedDate":"2022-08-30"},{"lineNumber":41,"author":{"gitId":"NayChi-7"},"content":"","lastModifiedDate":"2022-08-30"},{"lineNumber":42,"author":{"gitId":"NayChi-7"},"content":"        printDashLine();","lastModifiedDate":"2022-08-30"},{"lineNumber":43,"author":{"gitId":"NayChi-7"},"content":"    }","lastModifiedDate":"2022-08-30"},{"lineNumber":44,"author":{"gitId":"NayChi-7"},"content":"","lastModifiedDate":"2022-08-30"},{"lineNumber":45,"author":{"gitId":"NayChi-7"},"content":"    private static void listTasks (Task[] inputs){","lastModifiedDate":"2022-08-30"},{"lineNumber":46,"author":{"gitId":"NayChi-7"},"content":"        System.out.println(\"Here are the tasks in your list:\");","lastModifiedDate":"2022-08-30"},{"lineNumber":47,"author":{"gitId":"NayChi-7"},"content":"        for (int i \u003d 0; i \u003c itemCount; i++) {","lastModifiedDate":"2022-08-30"},{"lineNumber":48,"author":{"gitId":"NayChi-7"},"content":"            System.out.println(Integer.toString(i + 1) + \" \" + inputs[i].toString());","lastModifiedDate":"2022-08-30"},{"lineNumber":49,"author":{"gitId":"NayChi-7"},"content":"        }","lastModifiedDate":"2022-08-30"},{"lineNumber":50,"author":{"gitId":"NayChi-7"},"content":"        printDashLine();","lastModifiedDate":"2022-08-30"},{"lineNumber":51,"author":{"gitId":"NayChi-7"},"content":"    }","lastModifiedDate":"2022-08-30"},{"lineNumber":52,"author":{"gitId":"NayChi-7"},"content":"","lastModifiedDate":"2022-08-30"},{"lineNumber":53,"author":{"gitId":"-"},"content":"    public static void main(String[] args) {","lastModifiedDate":"2019-07-29"},{"lineNumber":54,"author":{"gitId":"NayChi-7"},"content":"        String logo \u003d \"  ____                 _     \\n\" +","lastModifiedDate":"2022-08-18"},{"lineNumber":55,"author":{"gitId":"NayChi-7"},"content":"                \" |  _ \\\\ ___  __ _  ___| |__  \\n\" +","lastModifiedDate":"2022-08-18"},{"lineNumber":56,"author":{"gitId":"NayChi-7"},"content":"                \" | |_) / _ \\\\/ _` |/ __| \u0027_ \\\\ \\n\" +","lastModifiedDate":"2022-08-18"},{"lineNumber":57,"author":{"gitId":"NayChi-7"},"content":"                \" |  __/  __/ (_| | (__| | | |\\n\" +","lastModifiedDate":"2022-08-18"},{"lineNumber":58,"author":{"gitId":"NayChi-7"},"content":"                \" |_|   \\\\___|\\\\__,_|\\\\___|_| |_|\\n\" +","lastModifiedDate":"2022-08-18"},{"lineNumber":59,"author":{"gitId":"NayChi-7"},"content":"                \"                             \";","lastModifiedDate":"2022-08-18"},{"lineNumber":60,"author":{"gitId":"NayChi-7"},"content":"        System.out.println(logo);","lastModifiedDate":"2022-08-18"},{"lineNumber":61,"author":{"gitId":"NayChi-7"},"content":"","lastModifiedDate":"2022-08-18"},{"lineNumber":62,"author":{"gitId":"NayChi-7"},"content":"        String intro \u003d \"__________________________________________________ \\n\"","lastModifiedDate":"2022-08-18"},{"lineNumber":63,"author":{"gitId":"NayChi-7"},"content":"                + \"  Hello! I\u0027m Peach  \\n\"","lastModifiedDate":"2022-08-18"},{"lineNumber":64,"author":{"gitId":"NayChi-7"},"content":"                + \"  What can I do for you? \\n\"","lastModifiedDate":"2022-08-18"},{"lineNumber":65,"author":{"gitId":"NayChi-7"},"content":"                + \"__________________________________________________ \\n\";","lastModifiedDate":"2022-08-18"},{"lineNumber":66,"author":{"gitId":"NayChi-7"},"content":"","lastModifiedDate":"2022-08-18"},{"lineNumber":67,"author":{"gitId":"NayChi-7"},"content":"        System.out.println(intro);","lastModifiedDate":"2022-08-18"},{"lineNumber":68,"author":{"gitId":"NayChi-7"},"content":"        Task[] inputs \u003d new Task[100];","lastModifiedDate":"2022-08-23"},{"lineNumber":69,"author":{"gitId":"NayChi-7"},"content":"","lastModifiedDate":"2022-08-30"},{"lineNumber":70,"author":{"gitId":"NayChi-7"},"content":"        Scanner in \u003d new Scanner(System.in);","lastModifiedDate":"2022-08-23"},{"lineNumber":71,"author":{"gitId":"NayChi-7"},"content":"        String input \u003d in.nextLine();","lastModifiedDate":"2022-08-23"},{"lineNumber":72,"author":{"gitId":"NayChi-7"},"content":"","lastModifiedDate":"2022-08-23"},{"lineNumber":73,"author":{"gitId":"NayChi-7"},"content":"        while (input.equals(BYE) \u003d\u003d false) {","lastModifiedDate":"2022-08-30"},{"lineNumber":74,"author":{"gitId":"NayChi-7"},"content":"            printDashLine();","lastModifiedDate":"2022-08-30"},{"lineNumber":75,"author":{"gitId":"NayChi-7"},"content":"            if (input.equals(LIST)) {","lastModifiedDate":"2022-08-30"},{"lineNumber":76,"author":{"gitId":"NayChi-7"},"content":"                listTasks(inputs);","lastModifiedDate":"2022-08-30"},{"lineNumber":77,"author":{"gitId":"NayChi-7"},"content":"            } else if (input.contains(MARKUNDONE)) {","lastModifiedDate":"2022-08-30"},{"lineNumber":78,"author":{"gitId":"NayChi-7"},"content":"                try {","lastModifiedDate":"2022-09-06"},{"lineNumber":79,"author":{"gitId":"NayChi-7"},"content":"                    markUnDone(inputs, input);","lastModifiedDate":"2022-08-30"},{"lineNumber":80,"author":{"gitId":"NayChi-7"},"content":"                }","lastModifiedDate":"2022-09-06"},{"lineNumber":81,"author":{"gitId":"NayChi-7"},"content":"                catch (DukeException e)","lastModifiedDate":"2022-09-06"},{"lineNumber":82,"author":{"gitId":"NayChi-7"},"content":"                {","lastModifiedDate":"2022-09-06"},{"lineNumber":83,"author":{"gitId":"NayChi-7"},"content":"                    System.out.println(\"The task number is out of bound and therefore cannot be marked undone!\");","lastModifiedDate":"2022-09-06"},{"lineNumber":84,"author":{"gitId":"NayChi-7"},"content":"                }","lastModifiedDate":"2022-09-06"},{"lineNumber":85,"author":{"gitId":"NayChi-7"},"content":"            } else if (input.contains(MARKDONE)) {","lastModifiedDate":"2022-08-30"},{"lineNumber":86,"author":{"gitId":"NayChi-7"},"content":"                try {","lastModifiedDate":"2022-09-06"},{"lineNumber":87,"author":{"gitId":"NayChi-7"},"content":"                    markDone(inputs, input);","lastModifiedDate":"2022-08-30"},{"lineNumber":88,"author":{"gitId":"NayChi-7"},"content":"                }","lastModifiedDate":"2022-09-06"},{"lineNumber":89,"author":{"gitId":"NayChi-7"},"content":"                catch (DukeException e)","lastModifiedDate":"2022-09-06"},{"lineNumber":90,"author":{"gitId":"NayChi-7"},"content":"                {","lastModifiedDate":"2022-09-06"},{"lineNumber":91,"author":{"gitId":"NayChi-7"},"content":"                    System.out.println(\"The task number is out of bound and therefore cannot be marked done!\");","lastModifiedDate":"2022-09-06"},{"lineNumber":92,"author":{"gitId":"NayChi-7"},"content":"                }","lastModifiedDate":"2022-09-06"},{"lineNumber":93,"author":{"gitId":"NayChi-7"},"content":"            } else if (input.contains(TODO)) {","lastModifiedDate":"2022-08-30"},{"lineNumber":94,"author":{"gitId":"NayChi-7"},"content":"                try {","lastModifiedDate":"2022-09-06"},{"lineNumber":95,"author":{"gitId":"NayChi-7"},"content":"                    addTodo(inputs, input);","lastModifiedDate":"2022-08-30"},{"lineNumber":96,"author":{"gitId":"NayChi-7"},"content":"                }","lastModifiedDate":"2022-08-23"},{"lineNumber":97,"author":{"gitId":"NayChi-7"},"content":"                catch (DukeException e)","lastModifiedDate":"2022-09-06"},{"lineNumber":98,"author":{"gitId":"NayChi-7"},"content":"                {","lastModifiedDate":"2022-09-06"},{"lineNumber":99,"author":{"gitId":"NayChi-7"},"content":"                    System.out.println(\"The todo input is not valid! Might be missing description!\");","lastModifiedDate":"2022-09-06"},{"lineNumber":100,"author":{"gitId":"NayChi-7"},"content":"                }","lastModifiedDate":"2022-09-06"},{"lineNumber":101,"author":{"gitId":"NayChi-7"},"content":"            }","lastModifiedDate":"2022-09-06"},{"lineNumber":102,"author":{"gitId":"NayChi-7"},"content":"            else if (input.contains(DEADLINE)) {","lastModifiedDate":"2022-08-30"},{"lineNumber":103,"author":{"gitId":"NayChi-7"},"content":"                try {","lastModifiedDate":"2022-09-06"},{"lineNumber":104,"author":{"gitId":"NayChi-7"},"content":"                    addDeadline(inputs, input);","lastModifiedDate":"2022-08-30"},{"lineNumber":105,"author":{"gitId":"NayChi-7"},"content":"                }","lastModifiedDate":"2022-08-23"},{"lineNumber":106,"author":{"gitId":"NayChi-7"},"content":"                catch (DukeException e)","lastModifiedDate":"2022-09-06"},{"lineNumber":107,"author":{"gitId":"NayChi-7"},"content":"                {","lastModifiedDate":"2022-09-06"},{"lineNumber":108,"author":{"gitId":"NayChi-7"},"content":"                    System.out.println(\"The deadline input is not valid! Might be missing description, \u0027/by\u0027 or deadline!\");","lastModifiedDate":"2022-09-06"},{"lineNumber":109,"author":{"gitId":"NayChi-7"},"content":"                }","lastModifiedDate":"2022-09-06"},{"lineNumber":110,"author":{"gitId":"NayChi-7"},"content":"            }","lastModifiedDate":"2022-09-06"},{"lineNumber":111,"author":{"gitId":"NayChi-7"},"content":"            else if (input.contains(EVENT)) {","lastModifiedDate":"2022-08-30"},{"lineNumber":112,"author":{"gitId":"NayChi-7"},"content":"                try{","lastModifiedDate":"2022-09-06"},{"lineNumber":113,"author":{"gitId":"NayChi-7"},"content":"                    addEvent(inputs, input);","lastModifiedDate":"2022-08-30"},{"lineNumber":114,"author":{"gitId":"NayChi-7"},"content":"                }","lastModifiedDate":"2022-08-23"},{"lineNumber":115,"author":{"gitId":"NayChi-7"},"content":"                catch (DukeException e){","lastModifiedDate":"2022-09-06"},{"lineNumber":116,"author":{"gitId":"NayChi-7"},"content":"                    System.out.println(\"The event input is not valid! Might be missing description, \u0027/at\u0027 or time !\");","lastModifiedDate":"2022-09-06"},{"lineNumber":117,"author":{"gitId":"NayChi-7"},"content":"                }","lastModifiedDate":"2022-09-06"},{"lineNumber":118,"author":{"gitId":"NayChi-7"},"content":"            }","lastModifiedDate":"2022-09-06"},{"lineNumber":119,"author":{"gitId":"NayChi-7"},"content":"            else {","lastModifiedDate":"2022-09-08"},{"lineNumber":120,"author":{"gitId":"NayChi-7"},"content":"                System.out.println(\"Oops... cannot recognize the input command !\");","lastModifiedDate":"2022-09-08"},{"lineNumber":121,"author":{"gitId":"NayChi-7"},"content":"            }","lastModifiedDate":"2022-09-08"},{"lineNumber":122,"author":{"gitId":"NayChi-7"},"content":"            input \u003d in.nextLine();","lastModifiedDate":"2022-08-23"},{"lineNumber":123,"author":{"gitId":"NayChi-7"},"content":"        }","lastModifiedDate":"2022-08-23"},{"lineNumber":124,"author":{"gitId":"NayChi-7"},"content":"","lastModifiedDate":"2022-08-23"},{"lineNumber":125,"author":{"gitId":"NayChi-7"},"content":"        System.out.println(\"Bye. Hope to see you again soon! \\n\");","lastModifiedDate":"2022-08-23"},{"lineNumber":126,"author":{"gitId":"NayChi-7"},"content":"","lastModifiedDate":"2022-08-18"},{"lineNumber":127,"author":{"gitId":"-"},"content":"    }","lastModifiedDate":"2019-07-29"},{"lineNumber":128,"author":{"gitId":"NayChi-7"},"content":"    private static void addEvent(Task[] inputs, String input) throws DukeException{","lastModifiedDate":"2022-09-06"},{"lineNumber":129,"author":{"gitId":"NayChi-7"},"content":"        String task \u003d input.substring(EVENT.length(), input.indexOf(AT));","lastModifiedDate":"2022-08-30"},{"lineNumber":130,"author":{"gitId":"NayChi-7"},"content":"        String time \u003d input.substring(input.indexOf(AT) + AT.length());","lastModifiedDate":"2022-08-30"},{"lineNumber":131,"author":{"gitId":"NayChi-7"},"content":"","lastModifiedDate":"2022-09-06"},{"lineNumber":132,"author":{"gitId":"NayChi-7"},"content":"        if (task.equals(\"\") || (time.equals(\"\"))){","lastModifiedDate":"2022-09-06"},{"lineNumber":133,"author":{"gitId":"NayChi-7"},"content":"            throw new DukeException();","lastModifiedDate":"2022-09-06"},{"lineNumber":134,"author":{"gitId":"NayChi-7"},"content":"        }","lastModifiedDate":"2022-09-06"},{"lineNumber":135,"author":{"gitId":"NayChi-7"},"content":"        else{","lastModifiedDate":"2022-09-06"},{"lineNumber":136,"author":{"gitId":"NayChi-7"},"content":"            inputs[itemCount] \u003d new Event(task, time);","lastModifiedDate":"2022-08-30"},{"lineNumber":137,"author":{"gitId":"NayChi-7"},"content":"            itemCount++;","lastModifiedDate":"2022-08-30"},{"lineNumber":138,"author":{"gitId":"NayChi-7"},"content":"            printDashLine();","lastModifiedDate":"2022-08-30"},{"lineNumber":139,"author":{"gitId":"NayChi-7"},"content":"            System.out.println(\"Got it. I have added this task:\");","lastModifiedDate":"2022-08-30"},{"lineNumber":140,"author":{"gitId":"NayChi-7"},"content":"            System.out.println(\"Now you have \" + Integer.toString(itemCount) + \" tasks left\");","lastModifiedDate":"2022-08-30"},{"lineNumber":141,"author":{"gitId":"NayChi-7"},"content":"            printDashLine();","lastModifiedDate":"2022-08-30"},{"lineNumber":142,"author":{"gitId":"NayChi-7"},"content":"        }","lastModifiedDate":"2022-08-30"},{"lineNumber":143,"author":{"gitId":"NayChi-7"},"content":"","lastModifiedDate":"2022-08-30"},{"lineNumber":144,"author":{"gitId":"NayChi-7"},"content":"    }","lastModifiedDate":"2022-09-06"},{"lineNumber":145,"author":{"gitId":"NayChi-7"},"content":"","lastModifiedDate":"2022-09-06"},{"lineNumber":146,"author":{"gitId":"NayChi-7"},"content":"    private static void addDeadline(Task[] inputs, String input) throws DukeException {","lastModifiedDate":"2022-09-06"},{"lineNumber":147,"author":{"gitId":"NayChi-7"},"content":"        String task \u003d input.substring(DEADLINE.length(), input.indexOf(BY));","lastModifiedDate":"2022-08-30"},{"lineNumber":148,"author":{"gitId":"NayChi-7"},"content":"        String deadline \u003d input.substring(input.indexOf(BY) + BY.length());","lastModifiedDate":"2022-08-30"},{"lineNumber":149,"author":{"gitId":"NayChi-7"},"content":"","lastModifiedDate":"2022-09-06"},{"lineNumber":150,"author":{"gitId":"NayChi-7"},"content":"        if (task.equals(\"\") || deadline.equals(\"\")){","lastModifiedDate":"2022-09-06"},{"lineNumber":151,"author":{"gitId":"NayChi-7"},"content":"            throw new DukeException();","lastModifiedDate":"2022-09-06"},{"lineNumber":152,"author":{"gitId":"NayChi-7"},"content":"        }","lastModifiedDate":"2022-09-06"},{"lineNumber":153,"author":{"gitId":"NayChi-7"},"content":"","lastModifiedDate":"2022-09-06"},{"lineNumber":154,"author":{"gitId":"NayChi-7"},"content":"        else{","lastModifiedDate":"2022-09-06"},{"lineNumber":155,"author":{"gitId":"NayChi-7"},"content":"            inputs[itemCount] \u003d new Deadline(task, deadline);","lastModifiedDate":"2022-08-30"},{"lineNumber":156,"author":{"gitId":"NayChi-7"},"content":"            itemCount++;","lastModifiedDate":"2022-08-30"},{"lineNumber":157,"author":{"gitId":"NayChi-7"},"content":"            printDashLine();","lastModifiedDate":"2022-08-30"},{"lineNumber":158,"author":{"gitId":"NayChi-7"},"content":"            System.out.println(\"Got it. I have added this task:\");","lastModifiedDate":"2022-08-30"},{"lineNumber":159,"author":{"gitId":"NayChi-7"},"content":"            System.out.println(\"Now you have \" + Integer.toString(itemCount) + \" tasks left\");","lastModifiedDate":"2022-08-30"},{"lineNumber":160,"author":{"gitId":"NayChi-7"},"content":"            printDashLine();","lastModifiedDate":"2022-08-30"},{"lineNumber":161,"author":{"gitId":"NayChi-7"},"content":"        }","lastModifiedDate":"2022-08-30"},{"lineNumber":162,"author":{"gitId":"NayChi-7"},"content":"","lastModifiedDate":"2022-08-30"},{"lineNumber":163,"author":{"gitId":"NayChi-7"},"content":"    }","lastModifiedDate":"2022-09-06"},{"lineNumber":164,"author":{"gitId":"NayChi-7"},"content":"","lastModifiedDate":"2022-09-06"},{"lineNumber":165,"author":{"gitId":"NayChi-7"},"content":"    private static void addTodo(Task[] inputs, String input) throws DukeException{","lastModifiedDate":"2022-09-06"},{"lineNumber":166,"author":{"gitId":"NayChi-7"},"content":"        String task \u003d input.substring(TODO.length());","lastModifiedDate":"2022-08-30"},{"lineNumber":167,"author":{"gitId":"NayChi-7"},"content":"        if (task.equals(\"\")){","lastModifiedDate":"2022-09-06"},{"lineNumber":168,"author":{"gitId":"NayChi-7"},"content":"            throw new DukeException();","lastModifiedDate":"2022-09-06"},{"lineNumber":169,"author":{"gitId":"NayChi-7"},"content":"        }","lastModifiedDate":"2022-09-06"},{"lineNumber":170,"author":{"gitId":"NayChi-7"},"content":"        else {","lastModifiedDate":"2022-09-06"},{"lineNumber":171,"author":{"gitId":"NayChi-7"},"content":"            inputs[itemCount] \u003d new Todo(task);","lastModifiedDate":"2022-08-30"},{"lineNumber":172,"author":{"gitId":"NayChi-7"},"content":"            itemCount++;","lastModifiedDate":"2022-08-30"},{"lineNumber":173,"author":{"gitId":"NayChi-7"},"content":"            printDashLine();","lastModifiedDate":"2022-08-30"},{"lineNumber":174,"author":{"gitId":"NayChi-7"},"content":"            System.out.println(\"Got it. I have added this task:\");","lastModifiedDate":"2022-08-30"},{"lineNumber":175,"author":{"gitId":"NayChi-7"},"content":"            System.out.println(\"Now you have \" + Integer.toString(itemCount) + \" tasks left\");","lastModifiedDate":"2022-08-30"},{"lineNumber":176,"author":{"gitId":"NayChi-7"},"content":"            printDashLine();","lastModifiedDate":"2022-08-30"},{"lineNumber":177,"author":{"gitId":"NayChi-7"},"content":"        }","lastModifiedDate":"2022-08-30"},{"lineNumber":178,"author":{"gitId":"NayChi-7"},"content":"","lastModifiedDate":"2022-09-06"},{"lineNumber":179,"author":{"gitId":"NayChi-7"},"content":"    }","lastModifiedDate":"2022-09-06"},{"lineNumber":180,"author":{"gitId":"-"},"content":"}","lastModifiedDate":"2019-07-29"},{"lineNumber":181,"author":{"gitId":"NayChi-7"},"content":"","lastModifiedDate":"2022-08-23"},{"lineNumber":182,"author":{"gitId":"NayChi-7"},"content":"","lastModifiedDate":"2022-08-23"},{"lineNumber":183,"author":{"gitId":"NayChi-7"},"content":"","lastModifiedDate":"2022-08-23"}],"authorContributionMap":{"NayChi-7":179,"-":4}},{"path":"src/main/java/duke/DukeException.java","fileType":"java","lines":[{"lineNumber":1,"author":{"gitId":"NayChi-7"},"content":"package duke;","lastModifiedDate":"2022-09-08"},{"lineNumber":2,"author":{"gitId":"NayChi-7"},"content":"","lastModifiedDate":"2022-09-08"},{"lineNumber":3,"author":{"gitId":"NayChi-7"},"content":"public class DukeException extends Exception{","lastModifiedDate":"2022-09-06"},{"lineNumber":4,"author":{"gitId":"NayChi-7"},"content":"}","lastModifiedDate":"2022-09-06"}],"authorContributionMap":{"NayChi-7":4}},{"path":"src/main/java/duke/Event.java","fileType":"java","lines":[{"lineNumber":1,"author":{"gitId":"NayChi-7"},"content":"package duke;","lastModifiedDate":"2022-09-08"},{"lineNumber":2,"author":{"gitId":"NayChi-7"},"content":"","lastModifiedDate":"2022-09-08"},{"lineNumber":3,"author":{"gitId":"NayChi-7"},"content":"public class Event extends Task{","lastModifiedDate":"2022-08-30"},{"lineNumber":4,"author":{"gitId":"NayChi-7"},"content":"    protected String at;","lastModifiedDate":"2022-08-30"},{"lineNumber":5,"author":{"gitId":"NayChi-7"},"content":"","lastModifiedDate":"2022-08-30"},{"lineNumber":6,"author":{"gitId":"NayChi-7"},"content":"    public Event(String description, String at) {","lastModifiedDate":"2022-08-30"},{"lineNumber":7,"author":{"gitId":"NayChi-7"},"content":"        super(description);","lastModifiedDate":"2022-08-30"},{"lineNumber":8,"author":{"gitId":"NayChi-7"},"content":"        this.at \u003d at;","lastModifiedDate":"2022-08-30"},{"lineNumber":9,"author":{"gitId":"NayChi-7"},"content":"    }","lastModifiedDate":"2022-08-30"},{"lineNumber":10,"author":{"gitId":"NayChi-7"},"content":"","lastModifiedDate":"2022-08-30"},{"lineNumber":11,"author":{"gitId":"NayChi-7"},"content":"    public void setAt(String at) {","lastModifiedDate":"2022-08-30"},{"lineNumber":12,"author":{"gitId":"NayChi-7"},"content":"        this.at \u003d at;","lastModifiedDate":"2022-08-30"},{"lineNumber":13,"author":{"gitId":"NayChi-7"},"content":"    }","lastModifiedDate":"2022-08-30"},{"lineNumber":14,"author":{"gitId":"NayChi-7"},"content":"","lastModifiedDate":"2022-08-30"},{"lineNumber":15,"author":{"gitId":"NayChi-7"},"content":"    public String getAt() {","lastModifiedDate":"2022-08-30"},{"lineNumber":16,"author":{"gitId":"NayChi-7"},"content":"        return at;","lastModifiedDate":"2022-08-30"},{"lineNumber":17,"author":{"gitId":"NayChi-7"},"content":"    }","lastModifiedDate":"2022-08-30"},{"lineNumber":18,"author":{"gitId":"NayChi-7"},"content":"","lastModifiedDate":"2022-08-30"},{"lineNumber":19,"author":{"gitId":"NayChi-7"},"content":"    public String toString(){","lastModifiedDate":"2022-08-30"},{"lineNumber":20,"author":{"gitId":"NayChi-7"},"content":"        return \"[E]\"+ super.toString() + \"(at: \" + at + \")\";","lastModifiedDate":"2022-08-30"},{"lineNumber":21,"author":{"gitId":"NayChi-7"},"content":"    }","lastModifiedDate":"2022-08-30"},{"lineNumber":22,"author":{"gitId":"NayChi-7"},"content":"","lastModifiedDate":"2022-08-30"},{"lineNumber":23,"author":{"gitId":"NayChi-7"},"content":"}","lastModifiedDate":"2022-08-30"}],"authorContributionMap":{"NayChi-7":23}},{"path":"src/main/java/duke/Task.java","fileType":"java","lines":[{"lineNumber":1,"author":{"gitId":"NayChi-7"},"content":"package duke;","lastModifiedDate":"2022-09-08"},{"lineNumber":2,"author":{"gitId":"NayChi-7"},"content":"","lastModifiedDate":"2022-09-08"},{"lineNumber":3,"author":{"gitId":"NayChi-7"},"content":"public class Task {","lastModifiedDate":"2022-08-23"},{"lineNumber":4,"author":{"gitId":"NayChi-7"},"content":"    protected String description;","lastModifiedDate":"2022-08-23"},{"lineNumber":5,"author":{"gitId":"NayChi-7"},"content":"    protected boolean isDone;","lastModifiedDate":"2022-08-23"},{"lineNumber":6,"author":{"gitId":"NayChi-7"},"content":"    public Task(String description) {","lastModifiedDate":"2022-08-23"},{"lineNumber":7,"author":{"gitId":"NayChi-7"},"content":"        this.description \u003d description;","lastModifiedDate":"2022-08-23"},{"lineNumber":8,"author":{"gitId":"NayChi-7"},"content":"        isDone \u003d false;","lastModifiedDate":"2022-08-30"},{"lineNumber":9,"author":{"gitId":"NayChi-7"},"content":"    }","lastModifiedDate":"2022-08-23"},{"lineNumber":10,"author":{"gitId":"NayChi-7"},"content":"","lastModifiedDate":"2022-08-23"},{"lineNumber":11,"author":{"gitId":"NayChi-7"},"content":"    public String getDescription() {","lastModifiedDate":"2022-08-30"},{"lineNumber":12,"author":{"gitId":"NayChi-7"},"content":"        return description;","lastModifiedDate":"2022-08-30"},{"lineNumber":13,"author":{"gitId":"NayChi-7"},"content":"    }","lastModifiedDate":"2022-08-23"},{"lineNumber":14,"author":{"gitId":"NayChi-7"},"content":"","lastModifiedDate":"2022-08-23"},{"lineNumber":15,"author":{"gitId":"NayChi-7"},"content":"    public void markAsDone(){","lastModifiedDate":"2022-08-23"},{"lineNumber":16,"author":{"gitId":"NayChi-7"},"content":"        isDone \u003d true;","lastModifiedDate":"2022-08-23"},{"lineNumber":17,"author":{"gitId":"NayChi-7"},"content":"    }","lastModifiedDate":"2022-08-23"},{"lineNumber":18,"author":{"gitId":"NayChi-7"},"content":"","lastModifiedDate":"2022-08-23"},{"lineNumber":19,"author":{"gitId":"NayChi-7"},"content":"    public void markAsUndone() {","lastModifiedDate":"2022-08-23"},{"lineNumber":20,"author":{"gitId":"NayChi-7"},"content":"        isDone \u003d false;","lastModifiedDate":"2022-08-23"},{"lineNumber":21,"author":{"gitId":"NayChi-7"},"content":"    }","lastModifiedDate":"2022-08-23"},{"lineNumber":22,"author":{"gitId":"NayChi-7"},"content":"","lastModifiedDate":"2022-08-23"},{"lineNumber":23,"author":{"gitId":"NayChi-7"},"content":"    public String toString() {","lastModifiedDate":"2022-08-30"},{"lineNumber":24,"author":{"gitId":"NayChi-7"},"content":"        String prefix \u003d \"[] \";","lastModifiedDate":"2022-08-30"},{"lineNumber":25,"author":{"gitId":"NayChi-7"},"content":"        if (isDone){","lastModifiedDate":"2022-08-30"},{"lineNumber":26,"author":{"gitId":"NayChi-7"},"content":"            prefix \u003d \"[X] \";","lastModifiedDate":"2022-08-30"},{"lineNumber":27,"author":{"gitId":"NayChi-7"},"content":"        }","lastModifiedDate":"2022-08-30"},{"lineNumber":28,"author":{"gitId":"NayChi-7"},"content":"        return prefix + description;","lastModifiedDate":"2022-08-30"},{"lineNumber":29,"author":{"gitId":"NayChi-7"},"content":"    }","lastModifiedDate":"2022-08-23"},{"lineNumber":30,"author":{"gitId":"NayChi-7"},"content":"}","lastModifiedDate":"2022-08-23"}],"authorContributionMap":{"NayChi-7":30}},{"path":"src/main/java/duke/Todo.java","fileType":"java","lines":[{"lineNumber":1,"author":{"gitId":"NayChi-7"},"content":"package duke;","lastModifiedDate":"2022-09-08"},{"lineNumber":2,"author":{"gitId":"NayChi-7"},"content":"","lastModifiedDate":"2022-09-08"},{"lineNumber":3,"author":{"gitId":"NayChi-7"},"content":"public class Todo extends Task {","lastModifiedDate":"2022-08-30"},{"lineNumber":4,"author":{"gitId":"NayChi-7"},"content":"","lastModifiedDate":"2022-08-30"},{"lineNumber":5,"author":{"gitId":"NayChi-7"},"content":"    public Todo(String description) {","lastModifiedDate":"2022-08-30"},{"lineNumber":6,"author":{"gitId":"NayChi-7"},"content":"        super(description);","lastModifiedDate":"2022-08-30"},{"lineNumber":7,"author":{"gitId":"NayChi-7"},"content":"    }","lastModifiedDate":"2022-08-30"},{"lineNumber":8,"author":{"gitId":"NayChi-7"},"content":"","lastModifiedDate":"2022-08-30"},{"lineNumber":9,"author":{"gitId":"NayChi-7"},"content":"    @Override","lastModifiedDate":"2022-08-30"},{"lineNumber":10,"author":{"gitId":"NayChi-7"},"content":"    public String toString(){","lastModifiedDate":"2022-08-30"},{"lineNumber":11,"author":{"gitId":"NayChi-7"},"content":"        return \"[T]\" + super.toString();","lastModifiedDate":"2022-08-30"},{"lineNumber":12,"author":{"gitId":"NayChi-7"},"content":"    }","lastModifiedDate":"2022-08-30"},{"lineNumber":13,"author":{"gitId":"NayChi-7"},"content":"","lastModifiedDate":"2022-08-30"},{"lineNumber":14,"author":{"gitId":"NayChi-7"},"content":"","lastModifiedDate":"2022-08-30"},{"lineNumber":15,"author":{"gitId":"NayChi-7"},"content":"}","lastModifiedDate":"2022-08-30"}],"authorContributionMap":{"NayChi-7":15}}]
