[{"path":"src/main/java/Duke.java","fileType":"java","lines":[{"lineNumber":1,"author":{"gitId":"-"},"content":"public class Duke {","lastModifiedDate":"2019-07-29"},{"lineNumber":2,"author":{"gitId":"-"},"content":"    public static void main(String[] args) {","lastModifiedDate":"2019-07-29"},{"lineNumber":3,"author":{"gitId":"NayChi-7"},"content":"        String logo \u003d \"  ____                 _     \\n\" +","lastModifiedDate":"2022-08-18"},{"lineNumber":4,"author":{"gitId":"NayChi-7"},"content":"                \" |  _ \\\\ ___  __ _  ___| |__  \\n\" +","lastModifiedDate":"2022-08-18"},{"lineNumber":5,"author":{"gitId":"NayChi-7"},"content":"                \" | |_) / _ \\\\/ _` |/ __| \u0027_ \\\\ \\n\" +","lastModifiedDate":"2022-08-18"},{"lineNumber":6,"author":{"gitId":"NayChi-7"},"content":"                \" |  __/  __/ (_| | (__| | | |\\n\" +","lastModifiedDate":"2022-08-18"},{"lineNumber":7,"author":{"gitId":"NayChi-7"},"content":"                \" |_|   \\\\___|\\\\__,_|\\\\___|_| |_|\\n\" +","lastModifiedDate":"2022-08-18"},{"lineNumber":8,"author":{"gitId":"NayChi-7"},"content":"                \"                             \";","lastModifiedDate":"2022-08-18"},{"lineNumber":9,"author":{"gitId":"NayChi-7"},"content":"","lastModifiedDate":"2022-08-18"},{"lineNumber":10,"author":{"gitId":"NayChi-7"},"content":"        System.out.println(logo);","lastModifiedDate":"2022-08-18"},{"lineNumber":11,"author":{"gitId":"NayChi-7"},"content":"","lastModifiedDate":"2022-08-18"},{"lineNumber":12,"author":{"gitId":"NayChi-7"},"content":"        String intro \u003d \"__________________________________________________ \\n\"","lastModifiedDate":"2022-08-18"},{"lineNumber":13,"author":{"gitId":"NayChi-7"},"content":"                + \"  Hello! I\u0027m Peach  \\n\"","lastModifiedDate":"2022-08-18"},{"lineNumber":14,"author":{"gitId":"NayChi-7"},"content":"                + \"  What can I do for you? \\n\"","lastModifiedDate":"2022-08-18"},{"lineNumber":15,"author":{"gitId":"NayChi-7"},"content":"                + \"__________________________________________________ \\n\"","lastModifiedDate":"2022-08-18"},{"lineNumber":16,"author":{"gitId":"NayChi-7"},"content":"                + \"  Bye. Hope to see you again soon! \\n\"","lastModifiedDate":"2022-08-18"},{"lineNumber":17,"author":{"gitId":"NayChi-7"},"content":"                + \"__________________________________________________ \\n\";","lastModifiedDate":"2022-08-18"},{"lineNumber":18,"author":{"gitId":"NayChi-7"},"content":"","lastModifiedDate":"2022-08-18"},{"lineNumber":19,"author":{"gitId":"NayChi-7"},"content":"        System.out.println(intro);","lastModifiedDate":"2022-08-18"},{"lineNumber":20,"author":{"gitId":"NayChi-7"},"content":"","lastModifiedDate":"2022-08-18"},{"lineNumber":21,"author":{"gitId":"-"},"content":"    }","lastModifiedDate":"2019-07-29"},{"lineNumber":22,"author":{"gitId":"-"},"content":"}","lastModifiedDate":"2019-07-29"}],"authorContributionMap":{"NayChi-7":18,"-":4}}]
