{"authorDailyContributionsMap":{"NayChi-7":[{"date":"2022-08-18","commitResults":[{"hash":"a138977baf27ffe45b76f263a83c78cf570d809b","messageTitle":"Level-0:Greet","messageBody":"","tags":["Level-0"],"fileTypesAndContributionMap":{"java":{"insertions":18,"deletions":6}}}]},{"date":"2022-08-23","commitResults":[{"hash":"e5dedad951b2c5b1089ae3c7405047129b3dec7a","messageTitle":"Added level-1","messageBody":"","tags":["Level-1"],"fileTypesAndContributionMap":{"java":{"insertions":10,"deletions":0}}},{"hash":"93594ce285b8b605503311ed1563a75704519763","messageTitle":"added level-2","messageBody":"","tags":["Level-2"],"fileTypesAndContributionMap":{"java":{"insertions":20,"deletions":3}}},{"hash":"e8a88a59be2c75a8b9aff05391b56a9024d54464","messageTitle":"added level-3 taskdone","messageBody":"","tags":["Level-3"],"fileTypesAndContributionMap":{"java":{"insertions":74,"deletions":14}}}]},{"date":"2022-08-25","commitResults":[{"hash":"4c9d5cbe2e1af0789f58ca7a5d17084a197a8d2d","messageTitle":"Applying coding standard","messageBody":"","tags":["A-CodingStandard"],"fileTypesAndContributionMap":{"java":{"insertions":6,"deletions":13}}}]},{"date":"2022-08-30","commitResults":[{"hash":"5310b9f855fea77dbc404c1502793b1dd441e634","messageTitle":"Added level 4","messageBody":"","tags":["Level-4"],"fileTypesAndContributionMap":{"java":{"insertions":160,"deletions":51}}},{"hash":"cb29b8bd42be9aec403d017985b8d1234354448b","messageTitle":"Finalised functions factoring","messageBody":"","tags":["A-CodeQuality"],"fileTypesAndContributionMap":{"java":{"insertions":34,"deletions":31}}}]},{"date":"2022-09-06","commitResults":[{"hash":"8df81ccd9cb1a5507f490af800b61d9ad3460cb4","messageTitle":"Handling Exceptions","messageBody":"","fileTypesAndContributionMap":{"java":{"insertions":82,"deletions":34}}},{"hash":"031d418765843b0897bc0ab88506576c63e18772","messageTitle":"Exception handling","messageBody":"","tags":["A-Exceptions"],"fileTypesAndContributionMap":{"java":{"insertions":2,"deletions":0}}}]},{"date":"2022-09-08","commitResults":[{"hash":"15031a551874dc51eb291bdac965311f0a0f5cbe","messageTitle":"Exception added","messageBody":"","fileTypesAndContributionMap":{"java":{"insertions":3,"deletions":0}}},{"hash":"5ac176385693238f69410e44d0832e8a04d0c8e0","messageTitle":"package creation","messageBody":"","fileTypesAndContributionMap":{"java":{"insertions":12,"deletions":0}}}]},{"date":"2022-09-13","commitResults":[{"hash":"e5ac36bb01183ddac22cc28fbeeae34ff1521e16","messageTitle":"level-6 added","messageBody":"","tags":["Level-6","A-Collections"],"fileTypesAndContributionMap":{"java":{"insertions":58,"deletions":43}}},{"hash":"6765e862c8b1991a217dab42499bc02340eef702","messageTitle":"Revert \"level-6 added\"","messageBody":"This reverts commit e5ac36bb01183ddac22cc28fbeeae34ff1521e16.\n","fileTypesAndContributionMap":{"java":{"insertions":43,"deletions":58}}},{"hash":"184d3770a2371cac156c21caa0f149cd3708fd19","messageTitle":"Revert \"Revert \"level-6 added\"\"","messageBody":"This reverts commit 6765e862c8b1991a217dab42499bc02340eef702.\n","fileTypesAndContributionMap":{"java":{"insertions":58,"deletions":43}}},{"hash":"54af5b4af208c748422144fd3e1c1380e89e2d3f","messageTitle":"added file access","messageBody":"","fileTypesAndContributionMap":{"txt":{"insertions":0,"deletions":0},"java":{"insertions":73,"deletions":8}}}]},{"date":"2022-09-30","commitResults":[{"hash":"9cde364c3ca987e319f87666c5468214f4484bad","messageTitle":"More OOPs","messageBody":"","tags":["A-MoreOOP"],"fileTypesAndContributionMap":{"txt":{"insertions":3,"deletions":0},"java":{"insertions":348,"deletions":235}}},{"hash":"59bbe8d419b33ceea09d17efe920725f20136402","messageTitle":"parser folder","messageBody":"","fileTypesAndContributionMap":{"java":{"insertions":3,"deletions":4}}},{"hash":"8199bfd2f922e45c6cc0c83ba07dce6d4e4d06e5","messageTitle":"add find method","messageBody":"","fileTypesAndContributionMap":{"txt":{"insertions":2,"deletions":2},"java":{"insertions":32,"deletions":1}}},{"hash":"95035dbb9aef5a2d9afde2e264a0632acab76127","messageTitle":"Fixed some methods based on warnings","messageBody":"","fileTypesAndContributionMap":{"java":{"insertions":15,"deletions":8}}},{"hash":"ab9590b6779fb095d57c3950c8e46a25098c9299","messageTitle":"added comments","messageBody":"","fileTypesAndContributionMap":{"java":{"insertions":249,"deletions":8}}},{"hash":"9c446b5f61ea867ce55a3a5232767327ad9a0ee5","messageTitle":"Revert \"added comments\"","messageBody":"This reverts commit ab9590b6779fb095d57c3950c8e46a25098c9299.\n","fileTypesAndContributionMap":{"java":{"insertions":8,"deletions":249}}},{"hash":"1e8975d0f9b418418b2d35ba4ae7928c52df23ad","messageTitle":"added comments","messageBody":"","tags":["A-JavaDoc"],"fileTypesAndContributionMap":{"java":{"insertions":249,"deletions":8}}},{"hash":"1313e07e48f8309f0e2bb3b545388c844605e9e7","messageTitle":"Updated readme","messageBody":"","tags":["A-UserGuide"],"fileTypesAndContributionMap":{"java":{"insertions":10,"deletions":4},"md":{"insertions":184,"deletions":11}}},{"hash":"c64a81b24a01f2ef3ff88bbf791140802761bae0","messageTitle":"Exception catching changed","messageBody":"","tags":["A-release"],"fileTypesAndContributionMap":{"txt":{"insertions":7,"deletions":3},"java":{"insertions":91,"deletions":118}}},{"hash":"7a274cbf64ad8127638682356e33083297b56bd2","messageTitle":"Final touches","messageBody":"","fileTypesAndContributionMap":{"java":{"insertions":4,"deletions":11}}}]},{"date":"2022-10-17","commitResults":[{"hash":"37755af2ee0f5731f39b1cca46e2fdcdf0afe686","messageTitle":"fixed bugs and coding standard","messageBody":"","fileTypesAndContributionMap":{"txt":{"insertions":4,"deletions":7},"java":{"insertions":177,"deletions":76}}},{"hash":"0c50bde1c2759bd1efe6795e8f3f470e261e805c","messageTitle":"catching one more exception","messageBody":"","fileTypesAndContributionMap":{"java":{"insertions":2,"deletions":0}}},{"hash":"4fc338fe61ad6a66ab69e239a7c02a8fd5364291","messageTitle":"Update README.md","messageBody":"","fileTypesAndContributionMap":{"md":{"insertions":3,"deletions":3}}}]}]},"authorFileTypeContributionMap":{"NayChi-7":{"java":823,"md":175,"fxml":0,"sh":0,"bat":0,"gradle":0,"txt":4}},"authorContributionVariance":{"NayChi-7":54775.65},"authorDisplayNameMap":{"NayChi-7":"CS2113-W12-3 NAY ..AING"}}
