{"authorDailyContributionsMap":{"NayChi-7":[{"date":"2022-08-18","commitResults":[{"hash":"a138977baf27ffe45b76f263a83c78cf570d809b","messageTitle":"Level-0:Greet","messageBody":"","tags":["Level-0"],"fileTypesAndContributionMap":{"java":{"insertions":18,"deletions":6}}}]},{"date":"2022-08-23","commitResults":[{"hash":"e5dedad951b2c5b1089ae3c7405047129b3dec7a","messageTitle":"Added level-1","messageBody":"","tags":["Level-1"],"fileTypesAndContributionMap":{"java":{"insertions":10,"deletions":0}}},{"hash":"93594ce285b8b605503311ed1563a75704519763","messageTitle":"added level-2","messageBody":"","tags":["Level-2"],"fileTypesAndContributionMap":{"java":{"insertions":20,"deletions":3}}},{"hash":"e8a88a59be2c75a8b9aff05391b56a9024d54464","messageTitle":"added level-3 taskdone","messageBody":"","tags":["Level-3"],"fileTypesAndContributionMap":{"java":{"insertions":74,"deletions":14}}}]},{"date":"2022-08-25","commitResults":[{"hash":"4c9d5cbe2e1af0789f58ca7a5d17084a197a8d2d","messageTitle":"Applying coding standard","messageBody":"","tags":["A-CodingStandard"],"fileTypesAndContributionMap":{"java":{"insertions":6,"deletions":13}}}]},{"date":"2022-08-30","commitResults":[{"hash":"5310b9f855fea77dbc404c1502793b1dd441e634","messageTitle":"Added level 4","messageBody":"","tags":["Level-4"],"fileTypesAndContributionMap":{"java":{"insertions":160,"deletions":51}}},{"hash":"cb29b8bd42be9aec403d017985b8d1234354448b","messageTitle":"Finalised functions factoring","messageBody":"","tags":["A-CodeQuality"],"fileTypesAndContributionMap":{"java":{"insertions":34,"deletions":31}}}]},{"date":"2022-09-06","commitResults":[{"hash":"8df81ccd9cb1a5507f490af800b61d9ad3460cb4","messageTitle":"Handling Exceptions","messageBody":"","fileTypesAndContributionMap":{"java":{"insertions":82,"deletions":34}}},{"hash":"031d418765843b0897bc0ab88506576c63e18772","messageTitle":"Exception handling","messageBody":"","tags":["A-Exceptions"],"fileTypesAndContributionMap":{"java":{"insertions":2,"deletions":0}}}]},{"date":"2022-09-08","commitResults":[{"hash":"15031a551874dc51eb291bdac965311f0a0f5cbe","messageTitle":"Exception added","messageBody":"","fileTypesAndContributionMap":{"java":{"insertions":3,"deletions":0}}},{"hash":"5ac176385693238f69410e44d0832e8a04d0c8e0","messageTitle":"package creation","messageBody":"","fileTypesAndContributionMap":{"java":{"insertions":12,"deletions":0}}}]},{"date":"2022-09-13","commitResults":[{"hash":"e5ac36bb01183ddac22cc28fbeeae34ff1521e16","messageTitle":"level-6 added","messageBody":"","tags":["Level-6","A-Collections"],"fileTypesAndContributionMap":{"java":{"insertions":58,"deletions":43}}},{"hash":"ff295a8b503f4a116d8f5e68118dd44729f8a6bd","messageTitle":"Revert \"level-6 added\"","messageBody":"This reverts commit e5ac36bb01183ddac22cc28fbeeae34ff1521e16.\n","fileTypesAndContributionMap":{"java":{"insertions":43,"deletions":58}}},{"hash":"1fc694004b57e5159e1f4b514d26521fe31df209","messageTitle":"Revert \"Revert \"level-6 added\"\"","messageBody":"This reverts commit ff295a8b503f4a116d8f5e68118dd44729f8a6bd.\n","fileTypesAndContributionMap":{"java":{"insertions":58,"deletions":43}}}]}]},"authorFileTypeContributionMap":{"NayChi-7":{"java":290,"md":0,"fxml":0,"sh":0,"bat":0,"gradle":0,"txt":0}},"authorContributionVariance":{"NayChi-7":5286.613},"authorDisplayNameMap":{"NayChi-7":"CS2113-W12-3 NAY ..AING"}}
