{"authorDailyContributionsMap":{"JordanKwua":[{"date":"2022-08-28","commitResults":[{"hash":"869161f5934883cc8388215e136cba7f08cf11c1","messageTitle":"Added Level-0 Increment","messageBody":"","tags":["Level-0"],"fileTypesAndContributionMap":{"java":{"insertions":3,"deletions":1}}}]},{"date":"2022-08-29","commitResults":[{"hash":"b5767cd0060df7afd82512ea7743ff6fe1e0da7e","messageTitle":"Greet, Echo, Exit","messageBody":"","tags":["Level-1"],"fileTypesAndContributionMap":{"java":{"insertions":17,"deletions":1}}},{"hash":"fa9ba6a9aad1334b0fffc4ed8af77766edbfda1d","messageTitle":"Add, List with static String array","messageBody":"","tags":["Level-2"],"fileTypesAndContributionMap":{"java":{"insertions":51,"deletions":14}}},{"hash":"12f45ec16de1081cfa636b36aec7edf8d41dc5ce","messageTitle":"Marking and unmarking of tasks, having Task as a class","messageBody":"","tags":["Level-3"],"fileTypesAndContributionMap":{"java":{"insertions":50,"deletions":6}}}]},{"date":"2022-08-31","commitResults":[{"hash":"c6c73766ce0f40ffe1d533a5274b9e0483c5b44e","messageTitle":"Fixed certain parts of the code and checked to ensure it follows coding standard","messageBody":"","tags":["A-CodingStandard"],"fileTypesAndContributionMap":{"java":{"insertions":2,"deletions":0}}}]},{"date":"2022-09-07","commitResults":[{"hash":"4f9633768ec133e4a9caad7395c84fb818b083cd","messageTitle":"Added Todo, Deadline and Event classes","messageBody":"","fileTypesAndContributionMap":{"java":{"insertions":54,"deletions":29}}},{"hash":"56468cb38f9cdcc490ba87ff8e1500d647f91d73","messageTitle":"Added function to label tasks as todo, event or deadline","messageBody":"","tags":["Level-4"],"fileTypesAndContributionMap":{"java":{"insertions":48,"deletions":30}}}]},{"date":"2022-09-08","commitResults":[{"hash":"beed8b65a2427101bf10b2e7b62c453c0520a077","messageTitle":"Fixed coding violations, updated code to improve code quality","messageBody":"","fileTypesAndContributionMap":{"java":{"insertions":64,"deletions":33}}},{"hash":"dfbfe93d83bc62b319af9ae2e21d32162cc9ad6d","messageTitle":"Added text UI testing and updated code to fix testing bug","messageBody":"","tags":["A-TextUiTesting"],"fileTypesAndContributionMap":{"txt":{"insertions":10,"deletions":0},"java":{"insertions":4,"deletions":4}}}]},{"date":"2022-09-09","commitResults":[{"hash":"37445c6c3658e36daa490e01296e4be60272c1a2","messageTitle":"Tiny fix to code to enhance code quality","messageBody":"","tags":["A-CodeQuality"],"fileTypesAndContributionMap":{"java":{"insertions":2,"deletions":1}}},{"hash":"a15894b28149defee85d48ca5fd80c0de45fd2b2","messageTitle":"Added try-catch statements to catch unchecked exceptions","messageBody":"","tags":["Level-5","A-Exceptions"],"fileTypesAndContributionMap":{"java":{"insertions":35,"deletions":17}}},{"hash":"44ee9f3e3045a0725f2c1e12015834efd4cf7ce2","messageTitle":"Added classes to package classes into duke package","messageBody":"","tags":["A-Packages"],"fileTypesAndContributionMap":{"java":{"insertions":12,"deletions":0}}}]},{"date":"2022-09-15","commitResults":[{"hash":"7117344989b6e0edb99d54bb58bdd2344cbc5eb0","messageTitle":"Converted from using arrays to using ArrayList","messageBody":"","tags":["A-Collections"],"fileTypesAndContributionMap":{"java":{"insertions":29,"deletions":32}}}]},{"date":"2022-09-16","commitResults":[{"hash":"fe11fc45a48c988de6c7e762d52b3ed9e7d3b0c4","messageTitle":"Added support for deleting tasks from the list","messageBody":"","tags":["Level-6"],"fileTypesAndContributionMap":{"java":{"insertions":14,"deletions":0}}},{"hash":"e00bf9216c20fcbfea959f4aa5c8b8c94359e41b","messageTitle":"Added ability to save and load tasks from a text file","messageBody":"","tags":["Level-7"],"fileTypesAndContributionMap":{"java":{"insertions":135,"deletions":30},"bat":{"insertions":1,"deletions":1}}},{"hash":"86c729843633e22f5922355fa8aaff7577dd7eaa","messageTitle":"Changed deletion of task to be updated for every deletion","messageBody":"","fileTypesAndContributionMap":{"java":{"insertions":17,"deletions":14}}}]},{"date":"2022-09-17","commitResults":[{"hash":"2a777bee5cf3ff05fbe3bc191c2e7924d0ced3d7","messageTitle":"File and directory for tasks to be stored in","messageBody":"","fileTypesAndContributionMap":{"txt":{"insertions":3,"deletions":0}}}]},{"date":"2022-09-28","commitResults":[{"hash":"f9dc46f8350a5a685d9ab0d09142c159550489bf","messageTitle":"Added more classes make Duke class less functional and more abstract","messageBody":"","tags":["A-MoreOOP"],"fileTypesAndContributionMap":{"java":{"insertions":425,"deletions":209}}}]}]},"authorFileTypeContributionMap":{"JordanKwua":{"java":549,"md":0,"fxml":0,"sh":0,"bat":1,"gradle":0,"txt":13}},"authorContributionVariance":{"JordanKwua":9851.859},"authorDisplayNameMap":{"JordanKwua":"CS2113-T17-1 KWUA.. REN"}}
