{"authorDailyContributionsMap":{"JordanKwua":[{"date":"2022-08-28","commitResults":[{"hash":"869161f5934883cc8388215e136cba7f08cf11c1","messageTitle":"Added Level-0 Increment","messageBody":"","tags":["Level-0"],"fileTypesAndContributionMap":{"java":{"insertions":3,"deletions":1}}}]},{"date":"2022-08-29","commitResults":[{"hash":"b5767cd0060df7afd82512ea7743ff6fe1e0da7e","messageTitle":"Greet, Echo, Exit","messageBody":"","tags":["Level-1"],"fileTypesAndContributionMap":{"java":{"insertions":17,"deletions":1}}},{"hash":"fa9ba6a9aad1334b0fffc4ed8af77766edbfda1d","messageTitle":"Add, List with static String array","messageBody":"","tags":["Level-2"],"fileTypesAndContributionMap":{"java":{"insertions":51,"deletions":14}}},{"hash":"12f45ec16de1081cfa636b36aec7edf8d41dc5ce","messageTitle":"Marking and unmarking of tasks, having Task as a class","messageBody":"","tags":["Level-3"],"fileTypesAndContributionMap":{"java":{"insertions":50,"deletions":6}}}]},{"date":"2022-08-31","commitResults":[{"hash":"c6c73766ce0f40ffe1d533a5274b9e0483c5b44e","messageTitle":"Fixed certain parts of the code and checked to ensure it follows coding standard","messageBody":"","tags":["A-CodingStandard"],"fileTypesAndContributionMap":{"java":{"insertions":2,"deletions":0}}}]},{"date":"2022-09-07","commitResults":[{"hash":"4f9633768ec133e4a9caad7395c84fb818b083cd","messageTitle":"Added Todo, Deadline and Event classes","messageBody":"","fileTypesAndContributionMap":{"java":{"insertions":54,"deletions":29}}},{"hash":"56468cb38f9cdcc490ba87ff8e1500d647f91d73","messageTitle":"Added function to label tasks as todo, event or deadline","messageBody":"","tags":["Level-4"],"fileTypesAndContributionMap":{"java":{"insertions":48,"deletions":30}}}]},{"date":"2022-09-08","commitResults":[{"hash":"beed8b65a2427101bf10b2e7b62c453c0520a077","messageTitle":"Fixed coding violations, updated code to improve code quality","messageBody":"","tags":["A-CodingQuality"],"fileTypesAndContributionMap":{"java":{"insertions":64,"deletions":33}}},{"hash":"dfbfe93d83bc62b319af9ae2e21d32162cc9ad6d","messageTitle":"Added text UI testing and updated code to fix testing bug","messageBody":"","tags":["A-TextUiTesting"],"fileTypesAndContributionMap":{"txt":{"insertions":10,"deletions":0},"java":{"insertions":4,"deletions":4}}}]}]},"authorFileTypeContributionMap":{"JordanKwua":{"java":176,"md":0,"fxml":0,"sh":0,"bat":0,"gradle":0,"txt":10}},"authorContributionVariance":{"JordanKwua":1862.7487},"authorDisplayNameMap":{"JordanKwua":"CS2113-T17-1 KWUA.. REN"}}
