{"authorDailyContributionsMap":{"OVReader":[{"date":"2022-08-22","commitResults":[{"hash":"1ee17d7742812405eebfc02debadd232a0e2021c","messageTitle":"Level 0. Greet Welcone \u0026 Goodbye Message from Chatbot","messageBody":"","tags":["Level-0"],"fileTypesAndContributionMap":{"java":{"insertions":6,"deletions":1}}}]},{"date":"2022-08-24","commitResults":[{"hash":"19526e6676ba5be624af96d79fc4a33f15c96d34","messageTitle":"Level 1. Greet, Echo, Exit","messageBody":"","tags":["Level-1"],"fileTypesAndContributionMap":{"java":{"insertions":31,"deletions":5}}},{"hash":"ff64bd2ce30b70163ee9cb592e6b9ac30142142e","messageTitle":"Level 2. Add, List","messageBody":"","tags":["Level-2"],"fileTypesAndContributionMap":{"java":{"insertions":22,"deletions":2}}}]},{"date":"2022-08-25","commitResults":[{"hash":"4ec5fa93c10de23263dd308ffb9b0cb758904dca","messageTitle":"Level 3. Mark as Done","messageBody":"","tags":["Level-3"],"fileTypesAndContributionMap":{"java":{"insertions":55,"deletions":8}}}]},{"date":"2022-08-28","commitResults":[{"hash":"5721447800b4eea5278faae9c23aa9841609bdc9","messageTitle":"A-CodingStandard","messageBody":"","tags":["A-CodingStandard"],"fileTypesAndContributionMap":{"java":{"insertions":20,"deletions":18}}}]},{"date":"2022-08-31","commitResults":[{"hash":"683242dd4850410d783fa52966dbba06d8bf977e","messageTitle":"Level 4. ToDos, Events, Deadlines","messageBody":"","tags":["Level-4","A-TextUiTesting"],"fileTypesAndContributionMap":{"txt":{"insertions":17,"deletions":0},"java":{"insertions":169,"deletions":55}}}]},{"date":"2022-09-04","commitResults":[{"hash":"bc287d91be6c5cf2cb74a44a293c8b4118561009","messageTitle":"Rectify Incorrect Code Quality","messageBody":"","tags":["A-CodeQuality"],"fileTypesAndContributionMap":{"java":{"insertions":3,"deletions":1}}},{"hash":"d5cce355f3d8507620f599afdf6174d8feaafba3","messageTitle":"Added Undefined Command Exception Handler","messageBody":"","fileTypesAndContributionMap":{"java":{"insertions":13,"deletions":0}}},{"hash":"418e1b9362c599c2959bed71a15ac8aaf32228a7","messageTitle":"Added Exception Handlers for \u0027mark\u0027 command","messageBody":"","fileTypesAndContributionMap":{"java":{"insertions":14,"deletions":6}}},{"hash":"5c43740374c8f151c38569dd80ee4633b0bb8ca5","messageTitle":"Added Exception Handlers for \u0027unmark\u0027 command","messageBody":"","fileTypesAndContributionMap":{"java":{"insertions":14,"deletions":6}}},{"hash":"58c1d27c2b128378fa8bb6d17b2fc46e14401bab","messageTitle":"Added Empty Task Description Exception Handler for \u0027todo\u0027, \u0027deadline\u0027 \u0026 \u0027event\u0027 commands","messageBody":"","fileTypesAndContributionMap":{"java":{"insertions":48,"deletions":18}}},{"hash":"805ca4462317027fe0d41fab6284dd4629dfa304","messageTitle":"Minor changes to functions/variables names","messageBody":"","fileTypesAndContributionMap":{"java":{"insertions":10,"deletions":10}}},{"hash":"4f3147c5730a6e630bb9e4ae1c72a682fedda370","messageTitle":"Added Missing Date Time Reference Exception Handler for \u0027deadline\u0027 \u0026 \u0027event\u0027 commands","messageBody":"","fileTypesAndContributionMap":{"java":{"insertions":31,"deletions":2}}},{"hash":"294616e3c2a5eae3da1ffe257701774b74342dba","messageTitle":"Resolve Empty Command \u0027bye\u0027 bug and Updated text-ui-test","messageBody":"","fileTypesAndContributionMap":{"txt":{"insertions":13,"deletions":0},"java":{"insertions":4,"deletions":4}}},{"hash":"12da7f0381890e580bbbc9e5c05b2aacb5b641f5","messageTitle":"Organize Level-5 classes into main package \u0027duke\u0027 and sub-packages \u0027duke.task\u0027 \u0026 \u0027duke.exception\u0027","messageBody":"","fileTypesAndContributionMap":{"java":{"insertions":26,"deletions":0},"bat":{"insertions":1,"deletions":1}}}]}]},"authorFileTypeContributionMap":{"OVReader":{"java":336,"md":0,"fxml":0,"sh":0,"bat":1,"gradle":0,"txt":30}},"authorContributionVariance":{"OVReader":4209.1597},"authorDisplayNameMap":{"OVReader":"CS2113-F11-1 ANG ..RCUS"}}
