{"authorDailyContributionsMap":{"OVReader":[{"date":"2022-08-22","commitResults":[{"hash":"1ee17d7742812405eebfc02debadd232a0e2021c","messageTitle":"Level 0. Greet Welcone \u0026 Goodbye Message from Chatbot","messageBody":"","tags":["Level-0"],"fileTypesAndContributionMap":{"java":{"insertions":6,"deletions":1}}}]},{"date":"2022-08-24","commitResults":[{"hash":"19526e6676ba5be624af96d79fc4a33f15c96d34","messageTitle":"Level 1. Greet, Echo, Exit","messageBody":"","tags":["Level-1"],"fileTypesAndContributionMap":{"java":{"insertions":31,"deletions":5}}},{"hash":"ff64bd2ce30b70163ee9cb592e6b9ac30142142e","messageTitle":"Level 2. Add, List","messageBody":"","tags":["Level-2"],"fileTypesAndContributionMap":{"java":{"insertions":22,"deletions":2}}}]},{"date":"2022-08-25","commitResults":[{"hash":"4ec5fa93c10de23263dd308ffb9b0cb758904dca","messageTitle":"Level 3. Mark as Done","messageBody":"","tags":["Level-3","A-CodingStandard"],"fileTypesAndContributionMap":{"java":{"insertions":55,"deletions":8}}}]}]},"authorFileTypeContributionMap":{"OVReader":{"java":104,"md":0,"fxml":0,"sh":0,"bat":0,"gradle":0,"txt":0}},"authorContributionVariance":{"OVReader":457.9184},"authorDisplayNameMap":{"OVReader":"ANG ..RCUS"}}
