[{"path":"src/main/java/Deadline.java","fileType":"java","lines":[{"lineNumber":1,"author":{"gitId":"helpdesk1234"},"content":"public class Deadline extends Task {","lastModifiedDate":"2022-08-31"},{"lineNumber":2,"author":{"gitId":"helpdesk1234"},"content":"","lastModifiedDate":"2022-08-31"},{"lineNumber":3,"author":{"gitId":"helpdesk1234"},"content":"    private String by;","lastModifiedDate":"2022-08-31"},{"lineNumber":4,"author":{"gitId":"helpdesk1234"},"content":"","lastModifiedDate":"2022-08-31"},{"lineNumber":5,"author":{"gitId":"helpdesk1234"},"content":"    public String getBy(){","lastModifiedDate":"2022-08-31"},{"lineNumber":6,"author":{"gitId":"helpdesk1234"},"content":"","lastModifiedDate":"2022-08-31"},{"lineNumber":7,"author":{"gitId":"helpdesk1234"},"content":"        return this.by;","lastModifiedDate":"2022-08-31"},{"lineNumber":8,"author":{"gitId":"helpdesk1234"},"content":"","lastModifiedDate":"2022-08-31"},{"lineNumber":9,"author":{"gitId":"helpdesk1234"},"content":"    }","lastModifiedDate":"2022-08-31"},{"lineNumber":10,"author":{"gitId":"helpdesk1234"},"content":"","lastModifiedDate":"2022-08-31"},{"lineNumber":11,"author":{"gitId":"helpdesk1234"},"content":"    public Deadline(String description, String by){","lastModifiedDate":"2022-08-31"},{"lineNumber":12,"author":{"gitId":"helpdesk1234"},"content":"        super(description);","lastModifiedDate":"2022-08-31"},{"lineNumber":13,"author":{"gitId":"helpdesk1234"},"content":"        this.by \u003d by;","lastModifiedDate":"2022-08-31"},{"lineNumber":14,"author":{"gitId":"helpdesk1234"},"content":"        this.taskType \u003d \u0027D\u0027;","lastModifiedDate":"2022-09-03"},{"lineNumber":15,"author":{"gitId":"helpdesk1234"},"content":"    }","lastModifiedDate":"2022-08-31"},{"lineNumber":16,"author":{"gitId":"helpdesk1234"},"content":"","lastModifiedDate":"2022-08-31"},{"lineNumber":17,"author":{"gitId":"helpdesk1234"},"content":"    public void setBy(String by){","lastModifiedDate":"2022-08-31"},{"lineNumber":18,"author":{"gitId":"helpdesk1234"},"content":"        this.by \u003d by;","lastModifiedDate":"2022-08-31"},{"lineNumber":19,"author":{"gitId":"helpdesk1234"},"content":"    }","lastModifiedDate":"2022-08-31"},{"lineNumber":20,"author":{"gitId":"helpdesk1234"},"content":"","lastModifiedDate":"2022-08-31"},{"lineNumber":21,"author":{"gitId":"helpdesk1234"},"content":"    @Override","lastModifiedDate":"2022-08-31"},{"lineNumber":22,"author":{"gitId":"helpdesk1234"},"content":"    public void printTask() {","lastModifiedDate":"2022-09-03"},{"lineNumber":23,"author":{"gitId":"helpdesk1234"},"content":"        super.printTask();","lastModifiedDate":"2022-09-03"},{"lineNumber":24,"author":{"gitId":"helpdesk1234"},"content":"        System.out.println(\" (\"+this.by+\")\");","lastModifiedDate":"2022-09-03"},{"lineNumber":25,"author":{"gitId":"helpdesk1234"},"content":"    }","lastModifiedDate":"2022-08-31"},{"lineNumber":26,"author":{"gitId":"helpdesk1234"},"content":"}","lastModifiedDate":"2022-08-31"}],"authorContributionMap":{"helpdesk1234":26}},{"path":"src/main/java/Duke.java","fileType":"java","lines":[{"lineNumber":1,"author":{"gitId":"-"},"content":"public class Duke {","lastModifiedDate":"2019-07-29"},{"lineNumber":2,"author":{"gitId":"-"},"content":"    public static void main(String[] args) {","lastModifiedDate":"2019-07-29"},{"lineNumber":3,"author":{"gitId":"helpdesk1234"},"content":"        DukeController dukeController \u003d new DukeController();","lastModifiedDate":"2022-08-25"},{"lineNumber":4,"author":{"gitId":"helpdesk1234"},"content":"        dukeController.printWelcome();","lastModifiedDate":"2022-08-25"},{"lineNumber":5,"author":{"gitId":"helpdesk1234"},"content":"        while (true){","lastModifiedDate":"2022-08-25"},{"lineNumber":6,"author":{"gitId":"helpdesk1234"},"content":"            dukeController.getUserInput();","lastModifiedDate":"2022-09-03"},{"lineNumber":7,"author":{"gitId":"helpdesk1234"},"content":"            dukeController.printNewLine();","lastModifiedDate":"2022-09-03"},{"lineNumber":8,"author":{"gitId":"helpdesk1234"},"content":"            dukeController.handleUserInput();","lastModifiedDate":"2022-09-03"},{"lineNumber":9,"author":{"gitId":"helpdesk1234"},"content":"        }","lastModifiedDate":"2022-08-25"},{"lineNumber":10,"author":{"gitId":"-"},"content":"    }","lastModifiedDate":"2019-07-29"},{"lineNumber":11,"author":{"gitId":"-"},"content":"}","lastModifiedDate":"2019-07-29"}],"authorContributionMap":{"helpdesk1234":7,"-":4}},{"path":"src/main/java/DukeController.java","fileType":"java","lines":[{"lineNumber":1,"author":{"gitId":"helpdesk1234"},"content":"import java.util.ArrayList;","lastModifiedDate":"2022-08-25"},{"lineNumber":2,"author":{"gitId":"helpdesk1234"},"content":"","lastModifiedDate":"2022-08-25"},{"lineNumber":3,"author":{"gitId":"helpdesk1234"},"content":"public class DukeController {","lastModifiedDate":"2022-08-25"},{"lineNumber":4,"author":{"gitId":"helpdesk1234"},"content":"    protected ArrayList\u003cTask\u003e taskList \u003d new ArrayList\u003cTask\u003e(0);","lastModifiedDate":"2022-08-25"},{"lineNumber":5,"author":{"gitId":"helpdesk1234"},"content":"    private final int FIRST_LEVEL_INDENT \u003d 1;","lastModifiedDate":"2022-09-03"},{"lineNumber":6,"author":{"gitId":"helpdesk1234"},"content":"    private final int SECOND_LEVEL_INDENT \u003d 2;","lastModifiedDate":"2022-09-03"},{"lineNumber":7,"author":{"gitId":"helpdesk1234"},"content":"    private String userInput;","lastModifiedDate":"2022-09-03"},{"lineNumber":8,"author":{"gitId":"helpdesk1234"},"content":"    private final InputParser inputParser \u003d new InputParser();","lastModifiedDate":"2022-09-03"},{"lineNumber":9,"author":{"gitId":"helpdesk1234"},"content":"","lastModifiedDate":"2022-08-25"},{"lineNumber":10,"author":{"gitId":"helpdesk1234"},"content":"    public void getUserInput(){","lastModifiedDate":"2022-09-03"},{"lineNumber":11,"author":{"gitId":"helpdesk1234"},"content":"        userInput \u003d inputParser.readInput();","lastModifiedDate":"2022-09-03"},{"lineNumber":12,"author":{"gitId":"helpdesk1234"},"content":"    }","lastModifiedDate":"2022-09-03"},{"lineNumber":13,"author":{"gitId":"helpdesk1234"},"content":"    public void handleUserInput(){","lastModifiedDate":"2022-09-03"},{"lineNumber":14,"author":{"gitId":"helpdesk1234"},"content":"        String[] parsedInput \u003d inputParser.parseInput(userInput);","lastModifiedDate":"2022-09-03"},{"lineNumber":15,"author":{"gitId":"helpdesk1234"},"content":"        String userCommand \u003d parsedInput[0];","lastModifiedDate":"2022-09-03"},{"lineNumber":16,"author":{"gitId":"helpdesk1234"},"content":"        boolean isDone \u003d false;","lastModifiedDate":"2022-09-03"},{"lineNumber":17,"author":{"gitId":"helpdesk1234"},"content":"        switch(userCommand){","lastModifiedDate":"2022-09-03"},{"lineNumber":18,"author":{"gitId":"helpdesk1234"},"content":"        case \"list\":","lastModifiedDate":"2022-09-03"},{"lineNumber":19,"author":{"gitId":"helpdesk1234"},"content":"            printTaskList();","lastModifiedDate":"2022-09-03"},{"lineNumber":20,"author":{"gitId":"helpdesk1234"},"content":"            break;","lastModifiedDate":"2022-09-03"},{"lineNumber":21,"author":{"gitId":"helpdesk1234"},"content":"        case \"todo\":","lastModifiedDate":"2022-09-03"},{"lineNumber":22,"author":{"gitId":"helpdesk1234"},"content":"        case \"deadline\":","lastModifiedDate":"2022-09-03"},{"lineNumber":23,"author":{"gitId":"helpdesk1234"},"content":"        case \"event\":","lastModifiedDate":"2022-09-03"},{"lineNumber":24,"author":{"gitId":"helpdesk1234"},"content":"            String[] details \u003d inputParser.parseTaskInformation(parsedInput[1]);","lastModifiedDate":"2022-09-03"},{"lineNumber":25,"author":{"gitId":"helpdesk1234"},"content":"            Task newTask \u003d generateTask(userCommand, details);","lastModifiedDate":"2022-09-03"},{"lineNumber":26,"author":{"gitId":"helpdesk1234"},"content":"            addTask(newTask);","lastModifiedDate":"2022-09-03"},{"lineNumber":27,"author":{"gitId":"helpdesk1234"},"content":"            break;","lastModifiedDate":"2022-09-03"},{"lineNumber":28,"author":{"gitId":"helpdesk1234"},"content":"        case \"bye\":","lastModifiedDate":"2022-09-03"},{"lineNumber":29,"author":{"gitId":"helpdesk1234"},"content":"            printGoodbye();","lastModifiedDate":"2022-09-03"},{"lineNumber":30,"author":{"gitId":"helpdesk1234"},"content":"            break;","lastModifiedDate":"2022-09-03"},{"lineNumber":31,"author":{"gitId":"helpdesk1234"},"content":"        case \"mark\":","lastModifiedDate":"2022-09-03"},{"lineNumber":32,"author":{"gitId":"helpdesk1234"},"content":"            isDone \u003d true;","lastModifiedDate":"2022-09-03"},{"lineNumber":33,"author":{"gitId":"helpdesk1234"},"content":"        case \"unmark\":","lastModifiedDate":"2022-09-03"},{"lineNumber":34,"author":{"gitId":"helpdesk1234"},"content":"            int taskIndex \u003d inputParser.parseTaskIndex(parsedInput[1]);","lastModifiedDate":"2022-09-03"},{"lineNumber":35,"author":{"gitId":"helpdesk1234"},"content":"            updateTaskStatus(taskIndex,isDone);","lastModifiedDate":"2022-09-03"},{"lineNumber":36,"author":{"gitId":"helpdesk1234"},"content":"            break;","lastModifiedDate":"2022-09-03"},{"lineNumber":37,"author":{"gitId":"helpdesk1234"},"content":"        default:","lastModifiedDate":"2022-09-03"},{"lineNumber":38,"author":{"gitId":"helpdesk1234"},"content":"            printNewLine();","lastModifiedDate":"2022-09-03"},{"lineNumber":39,"author":{"gitId":"helpdesk1234"},"content":"        }","lastModifiedDate":"2022-09-03"},{"lineNumber":40,"author":{"gitId":"helpdesk1234"},"content":"    }","lastModifiedDate":"2022-09-03"},{"lineNumber":41,"author":{"gitId":"helpdesk1234"},"content":"    public void printTaskList(){","lastModifiedDate":"2022-08-25"},{"lineNumber":42,"author":{"gitId":"helpdesk1234"},"content":"        printIndentation(FIRST_LEVEL_INDENT);","lastModifiedDate":"2022-09-03"},{"lineNumber":43,"author":{"gitId":"helpdesk1234"},"content":"        System.out.println(\"Here are the tasks in your list:\");","lastModifiedDate":"2022-09-03"},{"lineNumber":44,"author":{"gitId":"helpdesk1234"},"content":"        for (int i \u003d 0; i \u003c taskList.size(); i++){","lastModifiedDate":"2022-08-25"},{"lineNumber":45,"author":{"gitId":"helpdesk1234"},"content":"            int listIndex \u003d i+1;","lastModifiedDate":"2022-08-25"},{"lineNumber":46,"author":{"gitId":"helpdesk1234"},"content":"            Task taskToPrint \u003d taskList.get(i);","lastModifiedDate":"2022-08-25"},{"lineNumber":47,"author":{"gitId":"helpdesk1234"},"content":"            printIndentation(FIRST_LEVEL_INDENT);","lastModifiedDate":"2022-09-03"},{"lineNumber":48,"author":{"gitId":"helpdesk1234"},"content":"            System.out.print(listIndex+\".\");","lastModifiedDate":"2022-09-03"},{"lineNumber":49,"author":{"gitId":"helpdesk1234"},"content":"            taskToPrint.printTask();","lastModifiedDate":"2022-09-03"},{"lineNumber":50,"author":{"gitId":"helpdesk1234"},"content":"        }","lastModifiedDate":"2022-08-25"},{"lineNumber":51,"author":{"gitId":"helpdesk1234"},"content":"        printNewLine();","lastModifiedDate":"2022-08-25"},{"lineNumber":52,"author":{"gitId":"helpdesk1234"},"content":"    }","lastModifiedDate":"2022-08-25"},{"lineNumber":53,"author":{"gitId":"helpdesk1234"},"content":"","lastModifiedDate":"2022-08-25"},{"lineNumber":54,"author":{"gitId":"helpdesk1234"},"content":"    public Task generateTask(String taskType, String[] details){","lastModifiedDate":"2022-09-03"},{"lineNumber":55,"author":{"gitId":"helpdesk1234"},"content":"        switch (taskType){","lastModifiedDate":"2022-09-03"},{"lineNumber":56,"author":{"gitId":"helpdesk1234"},"content":"        case \"todo\":","lastModifiedDate":"2022-09-03"},{"lineNumber":57,"author":{"gitId":"helpdesk1234"},"content":"            return new ToDo(details[0]);","lastModifiedDate":"2022-09-03"},{"lineNumber":58,"author":{"gitId":"helpdesk1234"},"content":"        case \"deadline\":","lastModifiedDate":"2022-09-03"},{"lineNumber":59,"author":{"gitId":"helpdesk1234"},"content":"            return new Deadline(taskType, details[1]);","lastModifiedDate":"2022-09-03"},{"lineNumber":60,"author":{"gitId":"helpdesk1234"},"content":"        case \"event\":","lastModifiedDate":"2022-09-03"},{"lineNumber":61,"author":{"gitId":"helpdesk1234"},"content":"            return new Event(taskType, details[1]);","lastModifiedDate":"2022-09-03"},{"lineNumber":62,"author":{"gitId":"helpdesk1234"},"content":"        default:","lastModifiedDate":"2022-09-03"},{"lineNumber":63,"author":{"gitId":"helpdesk1234"},"content":"            return null;","lastModifiedDate":"2022-09-03"},{"lineNumber":64,"author":{"gitId":"helpdesk1234"},"content":"        }","lastModifiedDate":"2022-08-31"},{"lineNumber":65,"author":{"gitId":"helpdesk1234"},"content":"    }","lastModifiedDate":"2022-08-31"},{"lineNumber":66,"author":{"gitId":"helpdesk1234"},"content":"    public void addTask(Task task){","lastModifiedDate":"2022-09-03"},{"lineNumber":67,"author":{"gitId":"helpdesk1234"},"content":"        printIndentation(FIRST_LEVEL_INDENT);","lastModifiedDate":"2022-09-03"},{"lineNumber":68,"author":{"gitId":"helpdesk1234"},"content":"        System.out.println(\"Got it. I\u0027ve added this task:\");","lastModifiedDate":"2022-08-31"},{"lineNumber":69,"author":{"gitId":"helpdesk1234"},"content":"        printIndentation(SECOND_LEVEL_INDENT);","lastModifiedDate":"2022-09-03"},{"lineNumber":70,"author":{"gitId":"helpdesk1234"},"content":"        task.printTask();","lastModifiedDate":"2022-09-03"},{"lineNumber":71,"author":{"gitId":"helpdesk1234"},"content":"        taskList.add(task);","lastModifiedDate":"2022-09-03"},{"lineNumber":72,"author":{"gitId":"helpdesk1234"},"content":"        printIndentation(FIRST_LEVEL_INDENT);","lastModifiedDate":"2022-09-03"},{"lineNumber":73,"author":{"gitId":"helpdesk1234"},"content":"        printNumberOfTasks();","lastModifiedDate":"2022-09-03"},{"lineNumber":74,"author":{"gitId":"helpdesk1234"},"content":"        printNewLine();","lastModifiedDate":"2022-08-31"},{"lineNumber":75,"author":{"gitId":"helpdesk1234"},"content":"    }","lastModifiedDate":"2022-08-25"},{"lineNumber":76,"author":{"gitId":"helpdesk1234"},"content":"","lastModifiedDate":"2022-08-25"},{"lineNumber":77,"author":{"gitId":"helpdesk1234"},"content":"    public void printNumberOfTasks(){","lastModifiedDate":"2022-09-03"},{"lineNumber":78,"author":{"gitId":"helpdesk1234"},"content":"        System.out.println(\"You now have \" + taskList.size() + \" tasks\");","lastModifiedDate":"2022-09-03"},{"lineNumber":79,"author":{"gitId":"helpdesk1234"},"content":"    }","lastModifiedDate":"2022-08-25"},{"lineNumber":80,"author":{"gitId":"helpdesk1234"},"content":"    public void printNewLine(){","lastModifiedDate":"2022-08-25"},{"lineNumber":81,"author":{"gitId":"helpdesk1234"},"content":"        for (int i \u003d 0; i \u003c 60; i++) {","lastModifiedDate":"2022-08-25"},{"lineNumber":82,"author":{"gitId":"helpdesk1234"},"content":"            System.out.print(\u0027_\u0027);","lastModifiedDate":"2022-08-25"},{"lineNumber":83,"author":{"gitId":"helpdesk1234"},"content":"        }","lastModifiedDate":"2022-08-25"},{"lineNumber":84,"author":{"gitId":"helpdesk1234"},"content":"        System.out.println();","lastModifiedDate":"2022-09-03"},{"lineNumber":85,"author":{"gitId":"helpdesk1234"},"content":"    }","lastModifiedDate":"2022-08-25"},{"lineNumber":86,"author":{"gitId":"helpdesk1234"},"content":"","lastModifiedDate":"2022-08-25"},{"lineNumber":87,"author":{"gitId":"helpdesk1234"},"content":"    public void printWelcome(){","lastModifiedDate":"2022-08-25"},{"lineNumber":88,"author":{"gitId":"helpdesk1234"},"content":"        printNewLine();","lastModifiedDate":"2022-08-25"},{"lineNumber":89,"author":{"gitId":"helpdesk1234"},"content":"        printIndentation(FIRST_LEVEL_INDENT);","lastModifiedDate":"2022-09-03"},{"lineNumber":90,"author":{"gitId":"helpdesk1234"},"content":"        System.out.println(\"Hello! I\u0027m Duke\");","lastModifiedDate":"2022-08-25"},{"lineNumber":91,"author":{"gitId":"helpdesk1234"},"content":"        printIndentation(FIRST_LEVEL_INDENT);","lastModifiedDate":"2022-09-03"},{"lineNumber":92,"author":{"gitId":"helpdesk1234"},"content":"        System.out.println(\"What can I do for you?\");","lastModifiedDate":"2022-08-25"},{"lineNumber":93,"author":{"gitId":"helpdesk1234"},"content":"        printNewLine();","lastModifiedDate":"2022-08-25"},{"lineNumber":94,"author":{"gitId":"helpdesk1234"},"content":"    }","lastModifiedDate":"2022-08-25"},{"lineNumber":95,"author":{"gitId":"helpdesk1234"},"content":"","lastModifiedDate":"2022-08-25"},{"lineNumber":96,"author":{"gitId":"helpdesk1234"},"content":"    public void printGoodbye(){","lastModifiedDate":"2022-08-25"},{"lineNumber":97,"author":{"gitId":"helpdesk1234"},"content":"        printIndentation(FIRST_LEVEL_INDENT);","lastModifiedDate":"2022-09-03"},{"lineNumber":98,"author":{"gitId":"helpdesk1234"},"content":"        System.out.println(\"Bye. Hope to see you again soon!\");","lastModifiedDate":"2022-08-25"},{"lineNumber":99,"author":{"gitId":"helpdesk1234"},"content":"        printNewLine();","lastModifiedDate":"2022-08-25"},{"lineNumber":100,"author":{"gitId":"helpdesk1234"},"content":"    }","lastModifiedDate":"2022-08-25"},{"lineNumber":101,"author":{"gitId":"helpdesk1234"},"content":"","lastModifiedDate":"2022-08-25"},{"lineNumber":102,"author":{"gitId":"helpdesk1234"},"content":"    public void updateTaskStatus(int index, boolean isDone){","lastModifiedDate":"2022-09-03"},{"lineNumber":103,"author":{"gitId":"helpdesk1234"},"content":"        index--;","lastModifiedDate":"2022-08-25"},{"lineNumber":104,"author":{"gitId":"helpdesk1234"},"content":"        Task task \u003d taskList.get(index);","lastModifiedDate":"2022-08-25"},{"lineNumber":105,"author":{"gitId":"helpdesk1234"},"content":"        task.updateStatus(isDone);","lastModifiedDate":"2022-09-03"},{"lineNumber":106,"author":{"gitId":"helpdesk1234"},"content":"        printIndentation(FIRST_LEVEL_INDENT);","lastModifiedDate":"2022-09-03"},{"lineNumber":107,"author":{"gitId":"helpdesk1234"},"content":"        if (isDone){","lastModifiedDate":"2022-09-03"},{"lineNumber":108,"author":{"gitId":"helpdesk1234"},"content":"            System.out.println(\"Nice! I\u0027ve marked this task as done:\");","lastModifiedDate":"2022-08-25"},{"lineNumber":109,"author":{"gitId":"helpdesk1234"},"content":"        } else {","lastModifiedDate":"2022-09-03"},{"lineNumber":110,"author":{"gitId":"helpdesk1234"},"content":"            System.out.println(\"OK, I\u0027ve marked this task as not done yet:\");","lastModifiedDate":"2022-08-25"},{"lineNumber":111,"author":{"gitId":"helpdesk1234"},"content":"        }","lastModifiedDate":"2022-09-03"},{"lineNumber":112,"author":{"gitId":"helpdesk1234"},"content":"        printIndentation(SECOND_LEVEL_INDENT);","lastModifiedDate":"2022-09-03"},{"lineNumber":113,"author":{"gitId":"helpdesk1234"},"content":"        task.printTask();","lastModifiedDate":"2022-09-03"},{"lineNumber":114,"author":{"gitId":"helpdesk1234"},"content":"        printNewLine();","lastModifiedDate":"2022-08-25"},{"lineNumber":115,"author":{"gitId":"helpdesk1234"},"content":"    }","lastModifiedDate":"2022-09-03"},{"lineNumber":116,"author":{"gitId":"helpdesk1234"},"content":"","lastModifiedDate":"2022-08-25"},{"lineNumber":117,"author":{"gitId":"helpdesk1234"},"content":"    public void printIndentation(int spaces){","lastModifiedDate":"2022-09-03"},{"lineNumber":118,"author":{"gitId":"helpdesk1234"},"content":"        for (int i \u003d 0; i \u003c spaces; i++){","lastModifiedDate":"2022-09-03"},{"lineNumber":119,"author":{"gitId":"helpdesk1234"},"content":"            System.out.print(\u0027 \u0027);","lastModifiedDate":"2022-09-03"},{"lineNumber":120,"author":{"gitId":"helpdesk1234"},"content":"        }","lastModifiedDate":"2022-09-03"},{"lineNumber":121,"author":{"gitId":"helpdesk1234"},"content":"    }","lastModifiedDate":"2022-08-25"},{"lineNumber":122,"author":{"gitId":"helpdesk1234"},"content":"","lastModifiedDate":"2022-09-03"},{"lineNumber":123,"author":{"gitId":"helpdesk1234"},"content":"}","lastModifiedDate":"2022-08-25"}],"authorContributionMap":{"helpdesk1234":123}},{"path":"src/main/java/Event.java","fileType":"java","lines":[{"lineNumber":1,"author":{"gitId":"helpdesk1234"},"content":"public class Event extends Task {","lastModifiedDate":"2022-08-31"},{"lineNumber":2,"author":{"gitId":"helpdesk1234"},"content":"    private String timing;","lastModifiedDate":"2022-08-31"},{"lineNumber":3,"author":{"gitId":"helpdesk1234"},"content":"","lastModifiedDate":"2022-08-31"},{"lineNumber":4,"author":{"gitId":"helpdesk1234"},"content":"    public String getTiming(){","lastModifiedDate":"2022-08-31"},{"lineNumber":5,"author":{"gitId":"helpdesk1234"},"content":"        return this.timing;","lastModifiedDate":"2022-08-31"},{"lineNumber":6,"author":{"gitId":"helpdesk1234"},"content":"    }","lastModifiedDate":"2022-08-31"},{"lineNumber":7,"author":{"gitId":"helpdesk1234"},"content":"","lastModifiedDate":"2022-08-31"},{"lineNumber":8,"author":{"gitId":"helpdesk1234"},"content":"    public Event(String description, String timing){","lastModifiedDate":"2022-08-31"},{"lineNumber":9,"author":{"gitId":"helpdesk1234"},"content":"        super(description);","lastModifiedDate":"2022-08-31"},{"lineNumber":10,"author":{"gitId":"helpdesk1234"},"content":"        this.timing \u003d timing;","lastModifiedDate":"2022-08-31"},{"lineNumber":11,"author":{"gitId":"helpdesk1234"},"content":"        this.taskType \u003d \u0027E\u0027;","lastModifiedDate":"2022-09-03"},{"lineNumber":12,"author":{"gitId":"helpdesk1234"},"content":"    }","lastModifiedDate":"2022-08-31"},{"lineNumber":13,"author":{"gitId":"helpdesk1234"},"content":"","lastModifiedDate":"2022-08-31"},{"lineNumber":14,"author":{"gitId":"helpdesk1234"},"content":"    public void setTiming(String timing) {","lastModifiedDate":"2022-08-31"},{"lineNumber":15,"author":{"gitId":"helpdesk1234"},"content":"        this.timing \u003d timing;","lastModifiedDate":"2022-08-31"},{"lineNumber":16,"author":{"gitId":"helpdesk1234"},"content":"    }","lastModifiedDate":"2022-08-31"},{"lineNumber":17,"author":{"gitId":"helpdesk1234"},"content":"","lastModifiedDate":"2022-09-03"},{"lineNumber":18,"author":{"gitId":"helpdesk1234"},"content":"    @Override","lastModifiedDate":"2022-08-31"},{"lineNumber":19,"author":{"gitId":"helpdesk1234"},"content":"    public void printTask() {","lastModifiedDate":"2022-09-03"},{"lineNumber":20,"author":{"gitId":"helpdesk1234"},"content":"        super.printTask();","lastModifiedDate":"2022-09-03"},{"lineNumber":21,"author":{"gitId":"helpdesk1234"},"content":"        System.out.println(\" (\"+this.timing+\")\");","lastModifiedDate":"2022-09-03"},{"lineNumber":22,"author":{"gitId":"helpdesk1234"},"content":"    }","lastModifiedDate":"2022-08-31"},{"lineNumber":23,"author":{"gitId":"helpdesk1234"},"content":"}","lastModifiedDate":"2022-08-31"}],"authorContributionMap":{"helpdesk1234":23}},{"path":"src/main/java/InputParser.java","fileType":"java","lines":[{"lineNumber":1,"author":{"gitId":"helpdesk1234"},"content":"import java.util.Scanner;","lastModifiedDate":"2022-09-03"},{"lineNumber":2,"author":{"gitId":"helpdesk1234"},"content":"","lastModifiedDate":"2022-09-03"},{"lineNumber":3,"author":{"gitId":"helpdesk1234"},"content":"public class InputParser {","lastModifiedDate":"2022-09-03"},{"lineNumber":4,"author":{"gitId":"helpdesk1234"},"content":"    protected final Scanner INPUT \u003d new Scanner(System.in);","lastModifiedDate":"2022-09-03"},{"lineNumber":5,"author":{"gitId":"helpdesk1234"},"content":"    public String readInput(){","lastModifiedDate":"2022-09-03"},{"lineNumber":6,"author":{"gitId":"helpdesk1234"},"content":"        String input \u003d INPUT.nextLine();","lastModifiedDate":"2022-09-03"},{"lineNumber":7,"author":{"gitId":"helpdesk1234"},"content":"        return input;","lastModifiedDate":"2022-09-03"},{"lineNumber":8,"author":{"gitId":"helpdesk1234"},"content":"    }","lastModifiedDate":"2022-09-03"},{"lineNumber":9,"author":{"gitId":"helpdesk1234"},"content":"","lastModifiedDate":"2022-09-03"},{"lineNumber":10,"author":{"gitId":"helpdesk1234"},"content":"    public String[] parseInput(String userInput){","lastModifiedDate":"2022-09-03"},{"lineNumber":11,"author":{"gitId":"helpdesk1234"},"content":"        String[] parsedInput \u003d userInput.trim().split(\" +\", 2);","lastModifiedDate":"2022-09-03"},{"lineNumber":12,"author":{"gitId":"helpdesk1234"},"content":"        return parsedInput;","lastModifiedDate":"2022-09-03"},{"lineNumber":13,"author":{"gitId":"helpdesk1234"},"content":"    }","lastModifiedDate":"2022-09-03"},{"lineNumber":14,"author":{"gitId":"helpdesk1234"},"content":"","lastModifiedDate":"2022-09-03"},{"lineNumber":15,"author":{"gitId":"helpdesk1234"},"content":"    public String[] parseTaskInformation(String userInput){","lastModifiedDate":"2022-09-03"},{"lineNumber":16,"author":{"gitId":"helpdesk1234"},"content":"        String[] details \u003d userInput.split(\"/\", 2);","lastModifiedDate":"2022-09-03"},{"lineNumber":17,"author":{"gitId":"helpdesk1234"},"content":"        for (int i \u003d 0; i \u003c details.length; i++){","lastModifiedDate":"2022-09-03"},{"lineNumber":18,"author":{"gitId":"helpdesk1234"},"content":"            details[i] \u003d details[i].trim();","lastModifiedDate":"2022-09-03"},{"lineNumber":19,"author":{"gitId":"helpdesk1234"},"content":"            if (details[i].startsWith(\"by\") || details[i].startsWith(\"at\")){","lastModifiedDate":"2022-09-03"},{"lineNumber":20,"author":{"gitId":"helpdesk1234"},"content":"                details[i] \u003d details[i].substring(0,2) + \":\" + details[i].substring(2);","lastModifiedDate":"2022-09-03"},{"lineNumber":21,"author":{"gitId":"helpdesk1234"},"content":"            }","lastModifiedDate":"2022-09-03"},{"lineNumber":22,"author":{"gitId":"helpdesk1234"},"content":"        }","lastModifiedDate":"2022-09-03"},{"lineNumber":23,"author":{"gitId":"helpdesk1234"},"content":"        return details;","lastModifiedDate":"2022-09-03"},{"lineNumber":24,"author":{"gitId":"helpdesk1234"},"content":"    }","lastModifiedDate":"2022-09-03"},{"lineNumber":25,"author":{"gitId":"helpdesk1234"},"content":"","lastModifiedDate":"2022-09-03"},{"lineNumber":26,"author":{"gitId":"helpdesk1234"},"content":"    public int parseTaskIndex(String userInput){","lastModifiedDate":"2022-09-03"},{"lineNumber":27,"author":{"gitId":"helpdesk1234"},"content":"        return Integer.parseInt(userInput);","lastModifiedDate":"2022-09-03"},{"lineNumber":28,"author":{"gitId":"helpdesk1234"},"content":"","lastModifiedDate":"2022-09-03"},{"lineNumber":29,"author":{"gitId":"helpdesk1234"},"content":"    }","lastModifiedDate":"2022-09-03"},{"lineNumber":30,"author":{"gitId":"helpdesk1234"},"content":"}","lastModifiedDate":"2022-09-03"}],"authorContributionMap":{"helpdesk1234":30}},{"path":"src/main/java/Task.java","fileType":"java","lines":[{"lineNumber":1,"author":{"gitId":"helpdesk1234"},"content":"public class Task {","lastModifiedDate":"2022-08-25"},{"lineNumber":2,"author":{"gitId":"helpdesk1234"},"content":"    protected String description;","lastModifiedDate":"2022-08-25"},{"lineNumber":3,"author":{"gitId":"helpdesk1234"},"content":"    protected boolean isDone;","lastModifiedDate":"2022-08-25"},{"lineNumber":4,"author":{"gitId":"helpdesk1234"},"content":"    protected char taskType;","lastModifiedDate":"2022-09-03"},{"lineNumber":5,"author":{"gitId":"helpdesk1234"},"content":"    public Task(String description) {","lastModifiedDate":"2022-08-25"},{"lineNumber":6,"author":{"gitId":"helpdesk1234"},"content":"        this.description \u003d description;","lastModifiedDate":"2022-08-25"},{"lineNumber":7,"author":{"gitId":"helpdesk1234"},"content":"        this.isDone \u003d false;","lastModifiedDate":"2022-08-25"},{"lineNumber":8,"author":{"gitId":"helpdesk1234"},"content":"","lastModifiedDate":"2022-08-25"},{"lineNumber":9,"author":{"gitId":"helpdesk1234"},"content":"    }","lastModifiedDate":"2022-09-03"},{"lineNumber":10,"author":{"gitId":"helpdesk1234"},"content":"    public void setDone(boolean isDone){","lastModifiedDate":"2022-09-03"},{"lineNumber":11,"author":{"gitId":"helpdesk1234"},"content":"        this.isDone \u003d isDone;","lastModifiedDate":"2022-09-03"},{"lineNumber":12,"author":{"gitId":"helpdesk1234"},"content":"    }","lastModifiedDate":"2022-09-03"},{"lineNumber":13,"author":{"gitId":"helpdesk1234"},"content":"    public boolean isDone(boolean isDone){","lastModifiedDate":"2022-09-03"},{"lineNumber":14,"author":{"gitId":"helpdesk1234"},"content":"        return this.isDone;","lastModifiedDate":"2022-09-03"},{"lineNumber":15,"author":{"gitId":"helpdesk1234"},"content":"    }","lastModifiedDate":"2022-09-03"},{"lineNumber":16,"author":{"gitId":"helpdesk1234"},"content":"    public String getStatusIcon() {","lastModifiedDate":"2022-08-25"},{"lineNumber":17,"author":{"gitId":"helpdesk1234"},"content":"        return (isDone ? \"X\" : \" \"); // mark done task with X","lastModifiedDate":"2022-08-25"},{"lineNumber":18,"author":{"gitId":"helpdesk1234"},"content":"    }","lastModifiedDate":"2022-08-25"},{"lineNumber":19,"author":{"gitId":"helpdesk1234"},"content":"    public void updateStatus(boolean status){","lastModifiedDate":"2022-08-25"},{"lineNumber":20,"author":{"gitId":"helpdesk1234"},"content":"        this.isDone \u003d status;","lastModifiedDate":"2022-08-25"},{"lineNumber":21,"author":{"gitId":"helpdesk1234"},"content":"    }","lastModifiedDate":"2022-08-25"},{"lineNumber":22,"author":{"gitId":"helpdesk1234"},"content":"    public char getTaskType(){","lastModifiedDate":"2022-09-03"},{"lineNumber":23,"author":{"gitId":"helpdesk1234"},"content":"        return this.taskType;","lastModifiedDate":"2022-09-03"},{"lineNumber":24,"author":{"gitId":"helpdesk1234"},"content":"    }","lastModifiedDate":"2022-09-03"},{"lineNumber":25,"author":{"gitId":"helpdesk1234"},"content":"    public void printTask(){","lastModifiedDate":"2022-09-03"},{"lineNumber":26,"author":{"gitId":"helpdesk1234"},"content":"        System.out.print(\"[\"+getTaskType()+\"][\"+getStatusIcon()+\"] \"+description);","lastModifiedDate":"2022-09-03"},{"lineNumber":27,"author":{"gitId":"helpdesk1234"},"content":"    }","lastModifiedDate":"2022-09-03"},{"lineNumber":28,"author":{"gitId":"helpdesk1234"},"content":"}","lastModifiedDate":"2022-08-25"}],"authorContributionMap":{"helpdesk1234":28}},{"path":"src/main/java/ToDo.java","fileType":"java","lines":[{"lineNumber":1,"author":{"gitId":"helpdesk1234"},"content":"public class ToDo extends Task{","lastModifiedDate":"2022-08-31"},{"lineNumber":2,"author":{"gitId":"helpdesk1234"},"content":"","lastModifiedDate":"2022-08-31"},{"lineNumber":3,"author":{"gitId":"helpdesk1234"},"content":"    public ToDo(String description){","lastModifiedDate":"2022-08-31"},{"lineNumber":4,"author":{"gitId":"helpdesk1234"},"content":"        super(description);","lastModifiedDate":"2022-08-31"},{"lineNumber":5,"author":{"gitId":"helpdesk1234"},"content":"        this.isDone \u003d false;","lastModifiedDate":"2022-09-03"},{"lineNumber":6,"author":{"gitId":"helpdesk1234"},"content":"        this.taskType \u003d \u0027T\u0027;","lastModifiedDate":"2022-09-03"},{"lineNumber":7,"author":{"gitId":"helpdesk1234"},"content":"    }","lastModifiedDate":"2022-08-31"},{"lineNumber":8,"author":{"gitId":"helpdesk1234"},"content":"","lastModifiedDate":"2022-08-31"},{"lineNumber":9,"author":{"gitId":"helpdesk1234"},"content":"    @Override","lastModifiedDate":"2022-08-31"},{"lineNumber":10,"author":{"gitId":"helpdesk1234"},"content":"    public void printTask() {","lastModifiedDate":"2022-09-03"},{"lineNumber":11,"author":{"gitId":"helpdesk1234"},"content":"        super.printTask();","lastModifiedDate":"2022-09-03"},{"lineNumber":12,"author":{"gitId":"helpdesk1234"},"content":"        System.out.println();","lastModifiedDate":"2022-09-03"},{"lineNumber":13,"author":{"gitId":"helpdesk1234"},"content":"    }","lastModifiedDate":"2022-08-31"},{"lineNumber":14,"author":{"gitId":"helpdesk1234"},"content":"}","lastModifiedDate":"2022-08-31"}],"authorContributionMap":{"helpdesk1234":14}},{"path":"text-ui-test/input.txt","fileType":"txt","lines":[{"lineNumber":1,"author":{"gitId":"helpdesk1234"},"content":"todo return book","lastModifiedDate":"2022-09-03"},{"lineNumber":2,"author":{"gitId":"helpdesk1234"},"content":"deadline return book /by Sunday","lastModifiedDate":"2022-09-03"},{"lineNumber":3,"author":{"gitId":"helpdesk1234"},"content":"event project meeting /at Mon 2-4pm","lastModifiedDate":"2022-09-03"},{"lineNumber":4,"author":{"gitId":"helpdesk1234"},"content":"deadline do homework /by no idea :-p","lastModifiedDate":"2022-09-03"},{"lineNumber":5,"author":{"gitId":"helpdesk1234"},"content":"mark 2","lastModifiedDate":"2022-09-03"},{"lineNumber":6,"author":{"gitId":"helpdesk1234"},"content":"list","lastModifiedDate":"2022-09-03"},{"lineNumber":7,"author":{"gitId":"helpdesk1234"},"content":"mark 3","lastModifiedDate":"2022-09-03"},{"lineNumber":8,"author":{"gitId":"helpdesk1234"},"content":"list","lastModifiedDate":"2022-09-03"},{"lineNumber":9,"author":{"gitId":"helpdesk1234"},"content":"unmark 2","lastModifiedDate":"2022-09-03"},{"lineNumber":10,"author":{"gitId":"helpdesk1234"},"content":"list","lastModifiedDate":"2022-09-03"},{"lineNumber":11,"author":{"gitId":"helpdesk1234"},"content":"unmark 3","lastModifiedDate":"2022-09-03"},{"lineNumber":12,"author":{"gitId":"helpdesk1234"},"content":"list","lastModifiedDate":"2022-09-03"},{"lineNumber":13,"author":{"gitId":"helpdesk1234"},"content":"bye","lastModifiedDate":"2022-09-03"}],"authorContributionMap":{"helpdesk1234":13}}]
