{"repoSenseVersion":"50751e8b6a","reportGeneratedTime":"Mon Aug 29 23:17:12 2022 UTC+08:00","reportGenerationTime":" 27.94 second(s)","zoneId":"UTC+08:00","reportTitle":"CS2113 iP Code Dashboard","repos":[{"location":{"location":"https://github.com/dhanish265/ip.git","repoName":"ip","organization":"dhanish265","domainName":"github"},"branch":"master","displayName":"dhanish265/ip[master]","outputFolderName":"dhanish265_ip_master"},{"location":{"location":"https://github.com/insafhere/ip.git","repoName":"ip","organization":"insafhere","domainName":"github"},"branch":"master","displayName":"insafhere/ip[master]","outputFolderName":"insafhere_ip_master"},{"location":{"location":"https://github.com/snuckerzlol/ip.git","repoName":"ip","organization":"snuckerzlol","domainName":"github"},"branch":"master","displayName":"snuckerzlol/ip[master]","outputFolderName":"snuckerzlol_ip_master"},{"location":{"location":"https://github.com/NayChi-7/ip.git","repoName":"ip","organization":"NayChi-7","domainName":"github"},"branch":"master","displayName":"NayChi-7/ip[master]","outputFolderName":"NayChi-7_ip_master"},{"location":{"location":"https://github.com/shengiv/ip.git","repoName":"ip","organization":"shengiv","domainName":"github"},"branch":"master","displayName":"shengiv/ip[master]","outputFolderName":"shengiv_ip_master"},{"location":{"location":"https://github.com/AaaaaronC/ip.git","repoName":"ip","organization":"AaaaaronC","domainName":"github"},"branch":"master","displayName":"AaaaaronC/ip[master]","outputFolderName":"AaaaaronC_ip_master"},{"location":{"location":"https://github.com/gaoyunfan/ip.git","repoName":"ip","organization":"gaoyunfan","domainName":"github"},"branch":"master","displayName":"gaoyunfan/ip[master]","outputFolderName":"gaoyunfan_ip_master"},{"location":{"location":"https://github.com/junhaoliu2468/ip.git","repoName":"ip","organization":"junhaoliu2468","domainName":"github"},"branch":"master","displayName":"junhaoliu2468/ip[master]","outputFolderName":"junhaoliu2468_ip_master"},{"location":{"location":"https://github.com/nshian/ip.git","repoName":"ip","organization":"nshian","domainName":"github"},"branch":"master","displayName":"nshian/ip[master]","outputFolderName":"nshian_ip_master"},{"location":{"location":"https://github.com/joshuan98/ip.git","repoName":"ip","organization":"joshuan98","domainName":"github"},"branch":"master","displayName":"joshuan98/ip[master]","outputFolderName":"joshuan98_ip_master"},{"location":{"location":"https://github.com/helpdesk1234/ip.git","repoName":"ip","organization":"helpdesk1234","domainName":"github"},"branch":"master","displayName":"helpdesk1234/ip[master]","outputFolderName":"helpdesk1234_ip_master"},{"location":{"location":"https://github.com/jingwei55/ip.git","repoName":"ip","organization":"jingwei55","domainName":"github"},"branch":"master","displayName":"jingwei55/ip[master]","outputFolderName":"jingwei55_ip_master"},{"location":{"location":"https://github.com/jjtoh/ip.git","repoName":"ip","organization":"jjtoh","domainName":"github"},"branch":"master","displayName":"jjtoh/ip[master]","outputFolderName":"jjtoh_ip_master"},{"location":{"location":"https://github.com/chiewyx/ip.git","repoName":"ip","organization":"chiewyx","domainName":"github"},"branch":"master","displayName":"chiewyx/ip[master]","outputFolderName":"chiewyx_ip_master"},{"location":{"location":"https://github.com/eehongchan/ip.git","repoName":"ip","organization":"eehongchan","domainName":"github"},"branch":"master","displayName":"eehongchan/ip[master]","outputFolderName":"eehongchan_ip_master"},{"location":{"location":"https://github.com/deenliong/ip.git","repoName":"ip","organization":"deenliong","domainName":"github"},"branch":"master","displayName":"deenliong/ip[master]","outputFolderName":"deenliong_ip_master"},{"location":{"location":"https://github.com/redders7/ip.git","repoName":"ip","organization":"redders7","domainName":"github"},"branch":"master","displayName":"redders7/ip[master]","outputFolderName":"redders7_ip_master"},{"location":{"location":"https://github.com/kohnh/ip.git","repoName":"ip","organization":"kohnh","domainName":"github"},"branch":"master","displayName":"kohnh/ip[master]","outputFolderName":"kohnh_ip_master"},{"location":{"location":"https://github.com/JordanKwua/ip.git","repoName":"ip","organization":"JordanKwua","domainName":"github"},"branch":"master","displayName":"JordanKwua/ip[master]","outputFolderName":"JordanKwua_ip_master"},{"location":{"location":"https://github.com/winston-lim/ip.git","repoName":"ip","organization":"winston-lim","domainName":"github"},"branch":"master","displayName":"winston-lim/ip[master]","outputFolderName":"winston-lim_ip_master"},{"location":{"location":"https://github.com/jorellesee/ip.git","repoName":"ip","organization":"jorellesee","domainName":"github"},"branch":"master","displayName":"jorellesee/ip[master]","outputFolderName":"jorellesee_ip_master"},{"location":{"location":"https://github.com/chinhan99/ip.git","repoName":"ip","organization":"chinhan99","domainName":"github"},"branch":"master","displayName":"chinhan99/ip[master]","outputFolderName":"chinhan99_ip_master"},{"location":{"location":"https://github.com/malcolmang/ip.git","repoName":"ip","organization":"malcolmang","domainName":"github"},"branch":"master","displayName":"malcolmang/ip[master]","outputFolderName":"malcolmang_ip_master"},{"location":{"location":"https://github.com/wcwy/ip.git","repoName":"ip","organization":"wcwy","domainName":"github"},"branch":"master","displayName":"wcwy/ip[master]","outputFolderName":"wcwy_ip_master"},{"location":{"location":"https://github.com/chydarren/ip.git","repoName":"ip","organization":"chydarren","domainName":"github"},"branch":"master","displayName":"chydarren/ip[master]","outputFolderName":"chydarren_ip_master"},{"location":{"location":"https://github.com/OVReader/ip.git","repoName":"ip","organization":"OVReader","domainName":"github"},"branch":"master","displayName":"OVReader/ip[master]","outputFolderName":"OVReader_ip_master"},{"location":{"location":"https://github.com/cheehengk/ip.git","repoName":"ip","organization":"cheehengk","domainName":"github"},"branch":"master","displayName":"cheehengk/ip[master]","outputFolderName":"cheehengk_ip_master"},{"location":{"location":"https://github.com/owenl131/ip.git","repoName":"ip","organization":"owenl131","domainName":"github"},"branch":"master","displayName":"owenl131/ip[master]","outputFolderName":"owenl131_ip_master"},{"location":{"location":"https://github.com/wangtingjia/ip.git","repoName":"ip","organization":"wangtingjia","domainName":"github"},"branch":"master","displayName":"wangtingjia/ip[master]","outputFolderName":"wangtingjia_ip_master"},{"location":{"location":"https://github.com/Zhai-Yuxin/ip.git","repoName":"ip","organization":"Zhai-Yuxin","domainName":"github"},"branch":"master","displayName":"Zhai-Yuxin/ip[master]","outputFolderName":"Zhai-Yuxin_ip_master"},{"location":{"location":"https://github.com/alfred-leong/ip.git","repoName":"ip","organization":"alfred-leong","domainName":"github"},"branch":"master","displayName":"alfred-leong/ip[master]","outputFolderName":"alfred-leong_ip_master"},{"location":{"location":"https://github.com/CheahHaoYi/ip.git","repoName":"ip","organization":"CheahHaoYi","domainName":"github"},"branch":"master","displayName":"CheahHaoYi/ip[master]","outputFolderName":"CheahHaoYi_ip_master"},{"location":{"location":"https://github.com/Brominne/ip.git","repoName":"ip","organization":"Brominne","domainName":"github"},"branch":"master","displayName":"Brominne/ip[master]","outputFolderName":"Brominne_ip_master"},{"location":{"location":"https://github.com/pipipipi2002/ip.git","repoName":"ip","organization":"pipipipi2002","domainName":"github"},"branch":"master","displayName":"pipipipi2002/ip[master]","outputFolderName":"pipipipi2002_ip_master"},{"location":{"location":"https://github.com/nazrul0/ip.git","repoName":"ip","organization":"nazrul0","domainName":"github"},"branch":"master","displayName":"nazrul0/ip[master]","outputFolderName":"nazrul0_ip_master"},{"location":{"location":"https://github.com/HT-T/ip.git","repoName":"ip","organization":"HT-T","domainName":"github"},"branch":"master","displayName":"HT-T/ip[master]","outputFolderName":"HT-T_ip_master"},{"location":{"location":"https://github.com/kyrenechua/ip.git","repoName":"ip","organization":"kyrenechua","domainName":"github"},"branch":"master","displayName":"kyrenechua/ip[master]","outputFolderName":"kyrenechua_ip_master"},{"location":{"location":"https://github.com/maanyos/ip.git","repoName":"ip","organization":"maanyos","domainName":"github"},"branch":"master","displayName":"maanyos/ip[master]","outputFolderName":"maanyos_ip_master"},{"location":{"location":"https://github.com/ngdeqi/ip.git","repoName":"ip","organization":"ngdeqi","domainName":"github"},"branch":"master","displayName":"ngdeqi/ip[master]","outputFolderName":"ngdeqi_ip_master"},{"location":{"location":"https://github.com/qianz-z/ip.git","repoName":"ip","organization":"qianz-z","domainName":"github"},"branch":"master","displayName":"qianz-z/ip[master]","outputFolderName":"qianz-z_ip_master"},{"location":{"location":"https://github.com/ivanthengwr/ip.git","repoName":"ip","organization":"ivanthengwr","domainName":"github"},"branch":"master","displayName":"ivanthengwr/ip[master]","outputFolderName":"ivanthengwr_ip_master"},{"location":{"location":"https://github.com/Franky4566/ip.git","repoName":"ip","organization":"Franky4566","domainName":"github"},"branch":"master","displayName":"Franky4566/ip[master]","outputFolderName":"Franky4566_ip_master"},{"location":{"location":"https://github.com/bdthanh/ip.git","repoName":"ip","organization":"bdthanh","domainName":"github"},"branch":"master","displayName":"bdthanh/ip[master]","outputFolderName":"bdthanh_ip_master"},{"location":{"location":"https://github.com/FeliciaBeatrice/ip.git","repoName":"ip","organization":"FeliciaBeatrice","domainName":"github"},"branch":"master","displayName":"FeliciaBeatrice/ip[master]","outputFolderName":"FeliciaBeatrice_ip_master"},{"location":{"location":"https://github.com/amitrahman1026/ip.git","repoName":"ip","organization":"amitrahman1026","domainName":"github"},"branch":"master","displayName":"amitrahman1026/ip[master]","outputFolderName":"amitrahman1026_ip_master"},{"location":{"location":"https://github.com/wilsonngja/ip.git","repoName":"ip","organization":"wilsonngja","domainName":"github"},"branch":"master","displayName":"wilsonngja/ip[master]","outputFolderName":"wilsonngja_ip_master"},{"location":{"location":"https://github.com/zoranabc201/ip.git","repoName":"ip","organization":"zoranabc201","domainName":"github"},"branch":"master","displayName":"zoranabc201/ip[master]","outputFolderName":"zoranabc201_ip_master"},{"location":{"location":"https://github.com/Brandon-OS/ip.git","repoName":"ip","organization":"Brandon-OS","domainName":"github"},"branch":"master","displayName":"Brandon-OS/ip[master]","outputFolderName":"Brandon-OS_ip_master"},{"location":{"location":"https://github.com/sylviahe171/ip.git","repoName":"ip","organization":"sylviahe171","domainName":"github"},"branch":"master","displayName":"sylviahe171/ip[master]","outputFolderName":"sylviahe171_ip_master"},{"location":{"location":"https://github.com/abhityakrishnaraj/ip.git","repoName":"ip","organization":"abhityakrishnaraj","domainName":"github"},"branch":"master","displayName":"abhityakrishnaraj/ip[master]","outputFolderName":"abhityakrishnaraj_ip_master"},{"location":{"location":"https://github.com/ChengYoghurt/ip.git","repoName":"ip","organization":"ChengYoghurt","domainName":"github"},"branch":"master","displayName":"ChengYoghurt/ip[master]","outputFolderName":"ChengYoghurt_ip_master"},{"location":{"location":"https://github.com/nvknow/ip.git","repoName":"ip","organization":"nvknow","domainName":"github"},"branch":"master","displayName":"nvknow/ip[master]","outputFolderName":"nvknow_ip_master"},{"location":{"location":"https://github.com/matthewphua/ip.git","repoName":"ip","organization":"matthewphua","domainName":"github"},"branch":"master","displayName":"matthewphua/ip[master]","outputFolderName":"matthewphua_ip_master"},{"location":{"location":"https://github.com/RiaVora/ip.git","repoName":"ip","organization":"RiaVora","domainName":"github"},"branch":"master","displayName":"RiaVora/ip[master]","outputFolderName":"RiaVora_ip_master"},{"location":{"location":"https://github.com/karthikstar/ip.git","repoName":"ip","organization":"karthikstar","domainName":"github"},"branch":"master","displayName":"karthikstar/ip[master]","outputFolderName":"karthikstar_ip_master"},{"location":{"location":"https://github.com/Than-Duc-Huy/ip.git","repoName":"ip","organization":"Than-Duc-Huy","domainName":"github"},"branch":"master","displayName":"Than-Duc-Huy/ip[master]","outputFolderName":"Than-Duc-Huy_ip_master"},{"location":{"location":"https://github.com/AmethystQ/ip.git","repoName":"ip","organization":"AmethystQ","domainName":"github"},"branch":"master","displayName":"AmethystQ/ip[master]","outputFolderName":"AmethystQ_ip_master"},{"location":{"location":"https://github.com/kaseykwok/ip.git","repoName":"ip","organization":"kaseykwok","domainName":"github"},"branch":"master","displayName":"kaseykwok/ip[master]","outputFolderName":"kaseykwok_ip_master"},{"location":{"location":"https://github.com/Markusteim/ip.git","repoName":"ip","organization":"Markusteim","domainName":"github"},"branch":"master","displayName":"Markusteim/ip[master]","outputFolderName":"Markusteim_ip_master"},{"location":{"location":"https://github.com/paullowse/ip.git","repoName":"ip","organization":"paullowse","domainName":"github"},"branch":"master","displayName":"paullowse/ip[master]","outputFolderName":"paullowse_ip_master"},{"location":{"location":"https://github.com/morbenami1/ip.git","repoName":"ip","organization":"morbenami1","domainName":"github"},"branch":"master","displayName":"morbenami1/ip[master]","outputFolderName":"morbenami1_ip_master"},{"location":{"location":"https://github.com/Frank-HP-Chang/ip.git","repoName":"ip","organization":"Frank-HP-Chang","domainName":"github"},"branch":"master","displayName":"Frank-HP-Chang/ip[master]","outputFolderName":"Frank-HP-Chang_ip_master"},{"location":{"location":"https://github.com/zheqis12138/ip.git","repoName":"ip","organization":"zheqis12138","domainName":"github"},"branch":"master","displayName":"zheqis12138/ip[master]","outputFolderName":"zheqis12138_ip_master"},{"location":{"location":"https://github.com/penguin-s/ip.git","repoName":"ip","organization":"penguin-s","domainName":"github"},"branch":"master","displayName":"penguin-s/ip[master]","outputFolderName":"penguin-s_ip_master"},{"location":{"location":"https://github.com/P0tatoChips/ip.git","repoName":"ip","organization":"P0tatoChips","domainName":"github"},"branch":"master","displayName":"P0tatoChips/ip[master]","outputFolderName":"P0tatoChips_ip_master"},{"location":{"location":"https://github.com/gitpancaked/ip.git","repoName":"ip","organization":"gitpancaked","domainName":"github"},"branch":"master","displayName":"gitpancaked/ip[master]","outputFolderName":"gitpancaked_ip_master"},{"location":{"location":"https://github.com/LokQiJun/ip.git","repoName":"ip","organization":"LokQiJun","domainName":"github"},"branch":"master","displayName":"LokQiJun/ip[master]","outputFolderName":"LokQiJun_ip_master"},{"location":{"location":"https://github.com/jeyvia/ip.git","repoName":"ip","organization":"jeyvia","domainName":"github"},"branch":"master","displayName":"jeyvia/ip[master]","outputFolderName":"jeyvia_ip_master"},{"location":{"location":"https://github.com/deveshl/ip.git","repoName":"ip","organization":"deveshl","domainName":"github"},"branch":"master","displayName":"deveshl/ip[master]","outputFolderName":"deveshl_ip_master"},{"location":{"location":"https://github.com/xzynos/ip.git","repoName":"ip","organization":"xzynos","domainName":"github"},"branch":"master","displayName":"xzynos/ip[master]","outputFolderName":"xzynos_ip_master"},{"location":{"location":"https://github.com/yuu-chennn/ip.git","repoName":"ip","organization":"yuu-chennn","domainName":"github"},"branch":"master","displayName":"yuu-chennn/ip[master]","outputFolderName":"yuu-chennn_ip_master"}],"errorSet":[{"repoName":"ishitamandal06/ip[master]","errorMessage":"Failed to clone from https://github.com/ishitamandal06/ip.git"},{"repoName":"https://github.com/CheahHaoYi /ip.git","errorMessage":"https://github.com/CheahHaoYi /ip.git is an invalid remote URL."},{"repoName":"brian-vb/ip[master]","errorMessage":"Failed to clone from https://github.com/brian-vb/ip.git"},{"repoName":"lcsroy/ip[master]","errorMessage":"Failed to clone from https://github.com/lcsroy/ip.git"},{"repoName":"indraneelrp/ip[master]","errorMessage":"Failed to clone from https://github.com/indraneelrp/ip.git"},{"repoName":"yongjicode/ip[master]","errorMessage":"Failed to clone from https://github.com/yongjicode/ip.git"}],"sinceDate":"2022-08-12","untilDate":"2022-08-29","isSinceDateProvided":true,"isUntilDateProvided":false,"supportedDomainUrlMap":{"NOT_RECOGNIZED":{"BRANCH":"","REPO_URL":"UNSUPPORTED","BASE_URL":"UNSUPPORTED","HISTORY_PATH":"","COMMIT_PATH":"","BLAME_PATH":""},"github":{"BRANCH":"tree/$BRANCH","REPO_URL":"https://github.com/$ORGANIZATION/$REPO_NAME/","BASE_URL":"https://github.com/","HISTORY_PATH":"commits/$BRANCH/$FILE_PATH","COMMIT_PATH":"commit/$COMMIT_HASH","BLAME_PATH":"blame/$BRANCH/$FILE_PATH"}}}
