[{"path":"src/main/java/Duke.java","fileType":"java","lines":[{"lineNumber":1,"author":{"gitId":"zheqis12138"},"content":"import duke.Deadline;","lastModifiedDate":"2022-09-17"},{"lineNumber":2,"author":{"gitId":"zheqis12138"},"content":"import duke.Event;","lastModifiedDate":"2022-09-17"},{"lineNumber":3,"author":{"gitId":"zheqis12138"},"content":"import duke.Task;","lastModifiedDate":"2022-09-17"},{"lineNumber":4,"author":{"gitId":"zheqis12138"},"content":"import duke.ToDo;","lastModifiedDate":"2022-09-17"},{"lineNumber":5,"author":{"gitId":"zheqis12138"},"content":"","lastModifiedDate":"2022-09-17"},{"lineNumber":6,"author":{"gitId":"zheqis12138"},"content":"import java.util.Scanner;","lastModifiedDate":"2022-08-27"},{"lineNumber":7,"author":{"gitId":"zheqis12138"},"content":"import java.util.Arrays;","lastModifiedDate":"2022-09-06"},{"lineNumber":8,"author":{"gitId":"zheqis12138"},"content":"import java.util.ArrayList;","lastModifiedDate":"2022-09-17"},{"lineNumber":9,"author":{"gitId":"zheqis12138"},"content":"","lastModifiedDate":"2022-08-27"},{"lineNumber":10,"author":{"gitId":"-"},"content":"public class Duke {","lastModifiedDate":"2019-07-29"},{"lineNumber":11,"author":{"gitId":"zheqis12138"},"content":"","lastModifiedDate":"2022-08-27"},{"lineNumber":12,"author":{"gitId":"zheqis12138"},"content":"    public static final String BYE \u003d \"bye\";","lastModifiedDate":"2022-08-27"},{"lineNumber":13,"author":{"gitId":"zheqis12138"},"content":"","lastModifiedDate":"2022-08-27"},{"lineNumber":14,"author":{"gitId":"-"},"content":"    public static void main(String[] args) {","lastModifiedDate":"2019-07-29"},{"lineNumber":15,"author":{"gitId":"zheqis12138"},"content":"        printWelcomeMessage();","lastModifiedDate":"2022-08-27"},{"lineNumber":16,"author":{"gitId":"zheqis12138"},"content":"        ArrayList\u003cTask\u003e taskLists \u003d new ArrayList\u003cTask\u003e();","lastModifiedDate":"2022-09-17"},{"lineNumber":17,"author":{"gitId":"zheqis12138"},"content":"","lastModifiedDate":"2022-08-30"},{"lineNumber":18,"author":{"gitId":"zheqis12138"},"content":"","lastModifiedDate":"2022-08-27"},{"lineNumber":19,"author":{"gitId":"zheqis12138"},"content":"        String userInput \u003d getUserInput();","lastModifiedDate":"2022-08-27"},{"lineNumber":20,"author":{"gitId":"zheqis12138"},"content":"","lastModifiedDate":"2022-08-30"},{"lineNumber":21,"author":{"gitId":"zheqis12138"},"content":"        while(!userInput.equals(\"bye\")){","lastModifiedDate":"2022-08-30"},{"lineNumber":22,"author":{"gitId":"zheqis12138"},"content":"            String[] userInputSplit \u003d userInput.split(\" \");","lastModifiedDate":"2022-08-31"},{"lineNumber":23,"author":{"gitId":"zheqis12138"},"content":"            switch(userInputSplit[0]){","lastModifiedDate":"2022-08-31"},{"lineNumber":24,"author":{"gitId":"zheqis12138"},"content":"            case \"list\":","lastModifiedDate":"2022-08-30"},{"lineNumber":25,"author":{"gitId":"zheqis12138"},"content":"                printTaskList(taskLists, Task.numOfTasks);","lastModifiedDate":"2022-08-31"},{"lineNumber":26,"author":{"gitId":"zheqis12138"},"content":"                break;","lastModifiedDate":"2022-08-30"},{"lineNumber":27,"author":{"gitId":"zheqis12138"},"content":"","lastModifiedDate":"2022-08-30"},{"lineNumber":28,"author":{"gitId":"zheqis12138"},"content":"            case \"mark\":","lastModifiedDate":"2022-08-31"},{"lineNumber":29,"author":{"gitId":"zheqis12138"},"content":"                int markDoneIndex \u003d Integer.parseInt(userInputSplit[1]) - 1;","lastModifiedDate":"2022-08-31"},{"lineNumber":30,"author":{"gitId":"zheqis12138"},"content":"                taskLists.get(markDoneIndex).setIsDone(true);","lastModifiedDate":"2022-09-17"},{"lineNumber":31,"author":{"gitId":"zheqis12138"},"content":"                printSetDoneMessage(taskLists.get(markDoneIndex));","lastModifiedDate":"2022-09-17"},{"lineNumber":32,"author":{"gitId":"zheqis12138"},"content":"                break;","lastModifiedDate":"2022-08-31"},{"lineNumber":33,"author":{"gitId":"zheqis12138"},"content":"","lastModifiedDate":"2022-08-31"},{"lineNumber":34,"author":{"gitId":"zheqis12138"},"content":"            case \"todo\":","lastModifiedDate":"2022-09-06"},{"lineNumber":35,"author":{"gitId":"zheqis12138"},"content":"                try{","lastModifiedDate":"2022-09-08"},{"lineNumber":36,"author":{"gitId":"zheqis12138"},"content":"                    addTodo(taskLists, userInputSplit);","lastModifiedDate":"2022-09-06"},{"lineNumber":37,"author":{"gitId":"zheqis12138"},"content":"                }","lastModifiedDate":"2022-09-08"},{"lineNumber":38,"author":{"gitId":"zheqis12138"},"content":"                catch(EmptyDescriptionException e){","lastModifiedDate":"2022-09-08"},{"lineNumber":39,"author":{"gitId":"zheqis12138"},"content":"                    System.out.println(e);","lastModifiedDate":"2022-09-08"},{"lineNumber":40,"author":{"gitId":"zheqis12138"},"content":"                }","lastModifiedDate":"2022-09-08"},{"lineNumber":41,"author":{"gitId":"zheqis12138"},"content":"","lastModifiedDate":"2022-09-08"},{"lineNumber":42,"author":{"gitId":"zheqis12138"},"content":"                break;","lastModifiedDate":"2022-09-06"},{"lineNumber":43,"author":{"gitId":"zheqis12138"},"content":"","lastModifiedDate":"2022-09-06"},{"lineNumber":44,"author":{"gitId":"zheqis12138"},"content":"            case \"event\":","lastModifiedDate":"2022-09-06"},{"lineNumber":45,"author":{"gitId":"zheqis12138"},"content":"                try{","lastModifiedDate":"2022-09-17"},{"lineNumber":46,"author":{"gitId":"zheqis12138"},"content":"                    addEvent(taskLists, userInputSplit);","lastModifiedDate":"2022-09-06"},{"lineNumber":47,"author":{"gitId":"zheqis12138"},"content":"                }","lastModifiedDate":"2022-09-17"},{"lineNumber":48,"author":{"gitId":"zheqis12138"},"content":"                catch(StringIndexOutOfBoundsException e){","lastModifiedDate":"2022-09-17"},{"lineNumber":49,"author":{"gitId":"zheqis12138"},"content":"                    System.out.println(e.toString());","lastModifiedDate":"2022-09-17"},{"lineNumber":50,"author":{"gitId":"zheqis12138"},"content":"                };","lastModifiedDate":"2022-09-17"},{"lineNumber":51,"author":{"gitId":"zheqis12138"},"content":"                break;","lastModifiedDate":"2022-09-06"},{"lineNumber":52,"author":{"gitId":"zheqis12138"},"content":"","lastModifiedDate":"2022-09-06"},{"lineNumber":53,"author":{"gitId":"zheqis12138"},"content":"            case \"deadline\":","lastModifiedDate":"2022-09-06"},{"lineNumber":54,"author":{"gitId":"zheqis12138"},"content":"                addDeadline(taskLists, userInputSplit);","lastModifiedDate":"2022-09-06"},{"lineNumber":55,"author":{"gitId":"zheqis12138"},"content":"                break;","lastModifiedDate":"2022-09-06"},{"lineNumber":56,"author":{"gitId":"zheqis12138"},"content":"","lastModifiedDate":"2022-09-06"},{"lineNumber":57,"author":{"gitId":"zheqis12138"},"content":"","lastModifiedDate":"2022-09-06"},{"lineNumber":58,"author":{"gitId":"zheqis12138"},"content":"            case \"unmark\":","lastModifiedDate":"2022-08-31"},{"lineNumber":59,"author":{"gitId":"zheqis12138"},"content":"                int markNotDoneIndex \u003d Integer.parseInt(userInputSplit[1]) - 1;","lastModifiedDate":"2022-08-31"},{"lineNumber":60,"author":{"gitId":"zheqis12138"},"content":"                taskLists.get(markNotDoneIndex).setIsDone(false);","lastModifiedDate":"2022-09-17"},{"lineNumber":61,"author":{"gitId":"zheqis12138"},"content":"                printSetNotDoneMessage(taskLists.get(markNotDoneIndex));","lastModifiedDate":"2022-09-17"},{"lineNumber":62,"author":{"gitId":"zheqis12138"},"content":"                break;","lastModifiedDate":"2022-09-17"},{"lineNumber":63,"author":{"gitId":"zheqis12138"},"content":"","lastModifiedDate":"2022-09-17"},{"lineNumber":64,"author":{"gitId":"zheqis12138"},"content":"            case \"delete\":","lastModifiedDate":"2022-09-17"},{"lineNumber":65,"author":{"gitId":"zheqis12138"},"content":"                int deleteIndex \u003d Integer.parseInt(userInputSplit[1]) - 1;","lastModifiedDate":"2022-09-17"},{"lineNumber":66,"author":{"gitId":"zheqis12138"},"content":"                deleteTask(taskLists, deleteIndex);","lastModifiedDate":"2022-09-17"},{"lineNumber":67,"author":{"gitId":"zheqis12138"},"content":"                break;","lastModifiedDate":"2022-08-31"},{"lineNumber":68,"author":{"gitId":"zheqis12138"},"content":"","lastModifiedDate":"2022-08-31"},{"lineNumber":69,"author":{"gitId":"zheqis12138"},"content":"                default:","lastModifiedDate":"2022-09-08"},{"lineNumber":70,"author":{"gitId":"zheqis12138"},"content":"                printDontKnowMessage();","lastModifiedDate":"2022-09-08"},{"lineNumber":71,"author":{"gitId":"zheqis12138"},"content":"            }","lastModifiedDate":"2022-08-30"},{"lineNumber":72,"author":{"gitId":"zheqis12138"},"content":"            userInput \u003d getUserInput();","lastModifiedDate":"2022-08-27"},{"lineNumber":73,"author":{"gitId":"zheqis12138"},"content":"        }","lastModifiedDate":"2022-08-27"},{"lineNumber":74,"author":{"gitId":"zheqis12138"},"content":"","lastModifiedDate":"2022-08-27"},{"lineNumber":75,"author":{"gitId":"zheqis12138"},"content":"        printByeMessage();","lastModifiedDate":"2022-08-27"},{"lineNumber":76,"author":{"gitId":"-"},"content":"    }","lastModifiedDate":"2022-08-27"},{"lineNumber":77,"author":{"gitId":"zheqis12138"},"content":"","lastModifiedDate":"2022-08-27"},{"lineNumber":78,"author":{"gitId":"zheqis12138"},"content":"    private static void deleteTask(ArrayList\u003cTask\u003e taskLists, int deleteIndex) {","lastModifiedDate":"2022-09-17"},{"lineNumber":79,"author":{"gitId":"zheqis12138"},"content":"        System.out.println(\"    ____________________________________________________________\");","lastModifiedDate":"2022-09-17"},{"lineNumber":80,"author":{"gitId":"zheqis12138"},"content":"        System.out.println(\"     Noted. I\u0027ve removed this task:\");","lastModifiedDate":"2022-09-17"},{"lineNumber":81,"author":{"gitId":"zheqis12138"},"content":"        System.out.println(String.format(\"       %s\", taskLists.get(deleteIndex).toString()));","lastModifiedDate":"2022-09-17"},{"lineNumber":82,"author":{"gitId":"zheqis12138"},"content":"        taskLists.remove(deleteIndex);","lastModifiedDate":"2022-09-17"},{"lineNumber":83,"author":{"gitId":"zheqis12138"},"content":"        Task.numOfTasks --;","lastModifiedDate":"2022-09-17"},{"lineNumber":84,"author":{"gitId":"zheqis12138"},"content":"        System.out.println(\"     Now you have \" + Task.numOfTasks + \" tasks in the list.\");","lastModifiedDate":"2022-09-17"},{"lineNumber":85,"author":{"gitId":"zheqis12138"},"content":"        System.out.println(\"    ____________________________________________________________\");","lastModifiedDate":"2022-09-17"},{"lineNumber":86,"author":{"gitId":"zheqis12138"},"content":"    }","lastModifiedDate":"2022-09-17"},{"lineNumber":87,"author":{"gitId":"zheqis12138"},"content":"","lastModifiedDate":"2022-09-17"},{"lineNumber":88,"author":{"gitId":"zheqis12138"},"content":"    private static void addTodo(ArrayList\u003cTask\u003e taskLists, String[] userInputSplit) throws EmptyDescriptionException {","lastModifiedDate":"2022-09-17"},{"lineNumber":89,"author":{"gitId":"zheqis12138"},"content":"        if (userInputSplit.length \u003c 2){","lastModifiedDate":"2022-09-08"},{"lineNumber":90,"author":{"gitId":"zheqis12138"},"content":"            throw new EmptyDescriptionException();","lastModifiedDate":"2022-09-08"},{"lineNumber":91,"author":{"gitId":"zheqis12138"},"content":"        }","lastModifiedDate":"2022-09-08"},{"lineNumber":92,"author":{"gitId":"zheqis12138"},"content":"        String[] inputArrayWithoutType \u003d Arrays.copyOfRange(userInputSplit,1, userInputSplit.length);","lastModifiedDate":"2022-09-06"},{"lineNumber":93,"author":{"gitId":"zheqis12138"},"content":"        String description \u003d String.join(\" \", inputArrayWithoutType);","lastModifiedDate":"2022-09-06"},{"lineNumber":94,"author":{"gitId":"zheqis12138"},"content":"        ToDo newToDo \u003d new ToDo(description);","lastModifiedDate":"2022-09-06"},{"lineNumber":95,"author":{"gitId":"zheqis12138"},"content":"        taskLists.add(newToDo);","lastModifiedDate":"2022-09-17"},{"lineNumber":96,"author":{"gitId":"zheqis12138"},"content":"        Task.numOfTasks ++;","lastModifiedDate":"2022-09-06"},{"lineNumber":97,"author":{"gitId":"zheqis12138"},"content":"        printEchoInput(newToDo);","lastModifiedDate":"2022-09-06"},{"lineNumber":98,"author":{"gitId":"zheqis12138"},"content":"    }","lastModifiedDate":"2022-09-06"},{"lineNumber":99,"author":{"gitId":"zheqis12138"},"content":"","lastModifiedDate":"2022-09-06"},{"lineNumber":100,"author":{"gitId":"zheqis12138"},"content":"    private static void addEvent(ArrayList\u003cTask\u003e taskLists, String[] userInputSplit) throws StringIndexOutOfBoundsException{","lastModifiedDate":"2022-09-17"},{"lineNumber":101,"author":{"gitId":"zheqis12138"},"content":"","lastModifiedDate":"2022-09-17"},{"lineNumber":102,"author":{"gitId":"zheqis12138"},"content":"        String[] inputArrayWithoutType \u003d Arrays.copyOfRange(userInputSplit, 1, userInputSplit.length);","lastModifiedDate":"2022-09-06"},{"lineNumber":103,"author":{"gitId":"zheqis12138"},"content":"        String inputWithoutType \u003d String.join(\" \", inputArrayWithoutType);","lastModifiedDate":"2022-09-06"},{"lineNumber":104,"author":{"gitId":"zheqis12138"},"content":"        if (inputWithoutType.length() \u003c 3){","lastModifiedDate":"2022-09-17"},{"lineNumber":105,"author":{"gitId":"zheqis12138"},"content":"            throw new StringIndexOutOfBoundsException();","lastModifiedDate":"2022-09-17"},{"lineNumber":106,"author":{"gitId":"zheqis12138"},"content":"        }","lastModifiedDate":"2022-09-17"},{"lineNumber":107,"author":{"gitId":"zheqis12138"},"content":"        String description \u003d inputWithoutType.split(\" /at \")[0];","lastModifiedDate":"2022-09-06"},{"lineNumber":108,"author":{"gitId":"zheqis12138"},"content":"        String time \u003d inputWithoutType.split(\" /at \")[1];","lastModifiedDate":"2022-09-06"},{"lineNumber":109,"author":{"gitId":"zheqis12138"},"content":"        Event newEvent \u003d new Event(description, time);","lastModifiedDate":"2022-09-06"},{"lineNumber":110,"author":{"gitId":"zheqis12138"},"content":"        taskLists.add(newEvent);","lastModifiedDate":"2022-09-17"},{"lineNumber":111,"author":{"gitId":"zheqis12138"},"content":"        Task.numOfTasks ++;","lastModifiedDate":"2022-09-06"},{"lineNumber":112,"author":{"gitId":"zheqis12138"},"content":"        printEchoInput(newEvent);","lastModifiedDate":"2022-09-06"},{"lineNumber":113,"author":{"gitId":"zheqis12138"},"content":"    }","lastModifiedDate":"2022-09-06"},{"lineNumber":114,"author":{"gitId":"zheqis12138"},"content":"    // add exception","lastModifiedDate":"2022-09-17"},{"lineNumber":115,"author":{"gitId":"zheqis12138"},"content":"","lastModifiedDate":"2022-09-06"},{"lineNumber":116,"author":{"gitId":"zheqis12138"},"content":"    private static void addDeadline(ArrayList\u003cTask\u003e taskLists, String[] userInputSplit) {","lastModifiedDate":"2022-09-17"},{"lineNumber":117,"author":{"gitId":"zheqis12138"},"content":"        String[] inputArrayWithoutType \u003d Arrays.copyOfRange(userInputSplit,1, userInputSplit.length);","lastModifiedDate":"2022-09-06"},{"lineNumber":118,"author":{"gitId":"zheqis12138"},"content":"        String inputWithoutType \u003d String.join(\" \", inputArrayWithoutType);","lastModifiedDate":"2022-09-06"},{"lineNumber":119,"author":{"gitId":"zheqis12138"},"content":"        String description \u003d inputWithoutType.split(\" /by \")[0];","lastModifiedDate":"2022-09-06"},{"lineNumber":120,"author":{"gitId":"zheqis12138"},"content":"        String deadline \u003d inputWithoutType.split(\" /by \")[1];","lastModifiedDate":"2022-09-06"},{"lineNumber":121,"author":{"gitId":"zheqis12138"},"content":"        Deadline newDeadline \u003d new Deadline(description, deadline);","lastModifiedDate":"2022-09-06"},{"lineNumber":122,"author":{"gitId":"zheqis12138"},"content":"        taskLists.add(newDeadline);","lastModifiedDate":"2022-09-17"},{"lineNumber":123,"author":{"gitId":"zheqis12138"},"content":"        Task.numOfTasks ++;","lastModifiedDate":"2022-09-06"},{"lineNumber":124,"author":{"gitId":"zheqis12138"},"content":"        printEchoInput(newDeadline);","lastModifiedDate":"2022-09-06"},{"lineNumber":125,"author":{"gitId":"zheqis12138"},"content":"    }","lastModifiedDate":"2022-09-06"},{"lineNumber":126,"author":{"gitId":"zheqis12138"},"content":"    // add exception","lastModifiedDate":"2022-09-17"},{"lineNumber":127,"author":{"gitId":"zheqis12138"},"content":"","lastModifiedDate":"2022-09-06"},{"lineNumber":128,"author":{"gitId":"zheqis12138"},"content":"    private static void printDontKnowMessage(){","lastModifiedDate":"2022-09-08"},{"lineNumber":129,"author":{"gitId":"zheqis12138"},"content":"        String dontKnowMessage \u003d \"    ____________________________________________________________\\n\"","lastModifiedDate":"2022-09-08"},{"lineNumber":130,"author":{"gitId":"zheqis12138"},"content":"                        + \"     ☹ OOPS!!! I\u0027m sorry, but I don\u0027t know what that means :-(\\n\"","lastModifiedDate":"2022-09-08"},{"lineNumber":131,"author":{"gitId":"zheqis12138"},"content":"                        + \"    ____________________________________________________________\";","lastModifiedDate":"2022-09-08"},{"lineNumber":132,"author":{"gitId":"zheqis12138"},"content":"        System.out.println(dontKnowMessage);","lastModifiedDate":"2022-09-08"},{"lineNumber":133,"author":{"gitId":"zheqis12138"},"content":"    }","lastModifiedDate":"2022-09-08"},{"lineNumber":134,"author":{"gitId":"zheqis12138"},"content":"","lastModifiedDate":"2022-09-08"},{"lineNumber":135,"author":{"gitId":"zheqis12138"},"content":"    public static String getUserInput(){","lastModifiedDate":"2022-08-27"},{"lineNumber":136,"author":{"gitId":"zheqis12138"},"content":"        String line;","lastModifiedDate":"2022-08-27"},{"lineNumber":137,"author":{"gitId":"zheqis12138"},"content":"        Scanner in \u003d new Scanner(System.in);","lastModifiedDate":"2022-08-27"},{"lineNumber":138,"author":{"gitId":"zheqis12138"},"content":"        line \u003d in.nextLine();","lastModifiedDate":"2022-08-27"},{"lineNumber":139,"author":{"gitId":"zheqis12138"},"content":"        return line;","lastModifiedDate":"2022-08-27"},{"lineNumber":140,"author":{"gitId":"zheqis12138"},"content":"    }","lastModifiedDate":"2022-08-27"},{"lineNumber":141,"author":{"gitId":"zheqis12138"},"content":"","lastModifiedDate":"2022-08-27"},{"lineNumber":142,"author":{"gitId":"zheqis12138"},"content":"    public static void printEchoInput(Task task){","lastModifiedDate":"2022-09-06"},{"lineNumber":143,"author":{"gitId":"zheqis12138"},"content":"        System.out.println(\"    ____________________________________________________________\");","lastModifiedDate":"2022-09-06"},{"lineNumber":144,"author":{"gitId":"zheqis12138"},"content":"        System.out.println(\"     Got it. I\u0027ve added this task:\");","lastModifiedDate":"2022-09-06"},{"lineNumber":145,"author":{"gitId":"zheqis12138"},"content":"        System.out.println(String.format(\"       %s\", task.toString()));","lastModifiedDate":"2022-09-06"},{"lineNumber":146,"author":{"gitId":"zheqis12138"},"content":"        System.out.println(String.format(\"     Now you have %d tasks in the list.\", Task.numOfTasks));","lastModifiedDate":"2022-09-06"},{"lineNumber":147,"author":{"gitId":"zheqis12138"},"content":"        System.out.println(\"    ____________________________________________________________\");","lastModifiedDate":"2022-09-06"},{"lineNumber":148,"author":{"gitId":"zheqis12138"},"content":"    }","lastModifiedDate":"2022-08-27"},{"lineNumber":149,"author":{"gitId":"zheqis12138"},"content":"","lastModifiedDate":"2022-08-27"},{"lineNumber":150,"author":{"gitId":"zheqis12138"},"content":"    public static void printWelcomeMessage() {","lastModifiedDate":"2022-08-30"},{"lineNumber":151,"author":{"gitId":"zheqis12138"},"content":"        String welcomeMessage \u003d","lastModifiedDate":"2022-08-27"},{"lineNumber":152,"author":{"gitId":"zheqis12138"},"content":"                \"    ____________________________________________________________\\n\"","lastModifiedDate":"2022-08-26"},{"lineNumber":153,"author":{"gitId":"zheqis12138"},"content":"                + \"     Hello! I\u0027m Duke\\n\"","lastModifiedDate":"2022-08-26"},{"lineNumber":154,"author":{"gitId":"zheqis12138"},"content":"                + \"     What can I do for you?\\n\"","lastModifiedDate":"2022-08-27"},{"lineNumber":155,"author":{"gitId":"zheqis12138"},"content":"                + \"    ____________________________________________________________\";","lastModifiedDate":"2022-08-27"},{"lineNumber":156,"author":{"gitId":"zheqis12138"},"content":"        System.out.println(welcomeMessage);","lastModifiedDate":"2022-08-27"},{"lineNumber":157,"author":{"gitId":"zheqis12138"},"content":"    }","lastModifiedDate":"2022-08-27"},{"lineNumber":158,"author":{"gitId":"zheqis12138"},"content":"","lastModifiedDate":"2022-08-26"},{"lineNumber":159,"author":{"gitId":"zheqis12138"},"content":"    public static void printByeMessage() {","lastModifiedDate":"2022-08-30"},{"lineNumber":160,"author":{"gitId":"zheqis12138"},"content":"        String byeMessage \u003d","lastModifiedDate":"2022-08-27"},{"lineNumber":161,"author":{"gitId":"zheqis12138"},"content":"                \"    ____________________________________________________________\\n\"","lastModifiedDate":"2022-08-26"},{"lineNumber":162,"author":{"gitId":"zheqis12138"},"content":"                + \"     Bye. Hope to see you again soon!\\n\"","lastModifiedDate":"2022-08-26"},{"lineNumber":163,"author":{"gitId":"zheqis12138"},"content":"                + \"    ____________________________________________________________\";","lastModifiedDate":"2022-08-27"},{"lineNumber":164,"author":{"gitId":"zheqis12138"},"content":"        System.out.println(byeMessage);","lastModifiedDate":"2022-08-27"},{"lineNumber":165,"author":{"gitId":"-"},"content":"    }","lastModifiedDate":"2019-07-29"},{"lineNumber":166,"author":{"gitId":"zheqis12138"},"content":"","lastModifiedDate":"2022-08-27"},{"lineNumber":167,"author":{"gitId":"zheqis12138"},"content":"    // replace count","lastModifiedDate":"2022-09-06"},{"lineNumber":168,"author":{"gitId":"zheqis12138"},"content":"    public static void printTaskList(ArrayList\u003cTask\u003e taskLists, int count){","lastModifiedDate":"2022-09-17"},{"lineNumber":169,"author":{"gitId":"zheqis12138"},"content":"        System.out.println(\"    ____________________________________________________________\");","lastModifiedDate":"2022-08-30"},{"lineNumber":170,"author":{"gitId":"zheqis12138"},"content":"        System.out.println(\"     Here are the tasks in your list:\");","lastModifiedDate":"2022-08-31"},{"lineNumber":171,"author":{"gitId":"zheqis12138"},"content":"        for (int i\u003d0; i\u003ccount; i++){","lastModifiedDate":"2022-08-30"},{"lineNumber":172,"author":{"gitId":"zheqis12138"},"content":"            Task currTask \u003d taskLists.get(i);","lastModifiedDate":"2022-09-17"},{"lineNumber":173,"author":{"gitId":"zheqis12138"},"content":"","lastModifiedDate":"2022-08-31"},{"lineNumber":174,"author":{"gitId":"zheqis12138"},"content":"            int index \u003d i + 1;","lastModifiedDate":"2022-08-30"},{"lineNumber":175,"author":{"gitId":"zheqis12138"},"content":"            System.out.println(\"     \" + index + \".\" + currTask.toString());","lastModifiedDate":"2022-09-06"},{"lineNumber":176,"author":{"gitId":"zheqis12138"},"content":"        }","lastModifiedDate":"2022-08-30"},{"lineNumber":177,"author":{"gitId":"zheqis12138"},"content":"        System.out.println(\"    ____________________________________________________________\");","lastModifiedDate":"2022-08-30"},{"lineNumber":178,"author":{"gitId":"zheqis12138"},"content":"    }","lastModifiedDate":"2022-08-30"},{"lineNumber":179,"author":{"gitId":"zheqis12138"},"content":"","lastModifiedDate":"2022-08-30"},{"lineNumber":180,"author":{"gitId":"zheqis12138"},"content":"    public static void printSetDoneMessage(Task task){","lastModifiedDate":"2022-08-31"},{"lineNumber":181,"author":{"gitId":"zheqis12138"},"content":"        System.out.println(\"    ____________________________________________________________\");","lastModifiedDate":"2022-08-31"},{"lineNumber":182,"author":{"gitId":"zheqis12138"},"content":"        System.out.println(\"     Nice! I\u0027ve marked this task as done:\");","lastModifiedDate":"2022-08-31"},{"lineNumber":183,"author":{"gitId":"zheqis12138"},"content":"        System.out.println(\"       \" + task.toString());","lastModifiedDate":"2022-09-06"},{"lineNumber":184,"author":{"gitId":"zheqis12138"},"content":"        System.out.println(\"    ____________________________________________________________\");","lastModifiedDate":"2022-08-31"},{"lineNumber":185,"author":{"gitId":"zheqis12138"},"content":"    }","lastModifiedDate":"2022-08-31"},{"lineNumber":186,"author":{"gitId":"zheqis12138"},"content":"","lastModifiedDate":"2022-08-31"},{"lineNumber":187,"author":{"gitId":"zheqis12138"},"content":"    public static void printSetNotDoneMessage(Task task){","lastModifiedDate":"2022-08-31"},{"lineNumber":188,"author":{"gitId":"zheqis12138"},"content":"        System.out.println(\"    ____________________________________________________________\");","lastModifiedDate":"2022-08-31"},{"lineNumber":189,"author":{"gitId":"zheqis12138"},"content":"        System.out.println(\"     OK, I\u0027ve marked this task as not done yet:\");","lastModifiedDate":"2022-08-31"},{"lineNumber":190,"author":{"gitId":"zheqis12138"},"content":"        System.out.println(\"       \" + task.toString());","lastModifiedDate":"2022-09-06"},{"lineNumber":191,"author":{"gitId":"zheqis12138"},"content":"        System.out.println(\"    ____________________________________________________________\");","lastModifiedDate":"2022-08-31"},{"lineNumber":192,"author":{"gitId":"zheqis12138"},"content":"    }","lastModifiedDate":"2022-08-31"},{"lineNumber":193,"author":{"gitId":"zheqis12138"},"content":"","lastModifiedDate":"2022-08-31"},{"lineNumber":194,"author":{"gitId":"zheqis12138"},"content":"","lastModifiedDate":"2022-08-27"},{"lineNumber":195,"author":{"gitId":"-"},"content":"}","lastModifiedDate":"2019-07-29"},{"lineNumber":196,"author":{"gitId":"zheqis12138"},"content":"","lastModifiedDate":"2022-09-17"},{"lineNumber":197,"author":{"gitId":"zheqis12138"},"content":"//Impliment save","lastModifiedDate":"2022-09-17"}],"authorContributionMap":{"zheqis12138":192,"-":5}},{"path":"src/main/java/EmptyDescriptionException.java","fileType":"java","lines":[{"lineNumber":1,"author":{"gitId":"zheqis12138"},"content":"public class EmptyDescriptionException extends Exception{","lastModifiedDate":"2022-09-08"},{"lineNumber":2,"author":{"gitId":"zheqis12138"},"content":"    public String toString(){","lastModifiedDate":"2022-09-08"},{"lineNumber":3,"author":{"gitId":"zheqis12138"},"content":"        String errorMessage \u003d \"    ____________________________________________________________\\n\"","lastModifiedDate":"2022-09-08"},{"lineNumber":4,"author":{"gitId":"zheqis12138"},"content":"                            + \"     ☹ OOPS!!! The description of a todo cannot be empty.\\n\"","lastModifiedDate":"2022-09-08"},{"lineNumber":5,"author":{"gitId":"zheqis12138"},"content":"                            + \"    ____________________________________________________________\\n\";","lastModifiedDate":"2022-09-08"},{"lineNumber":6,"author":{"gitId":"zheqis12138"},"content":"        return errorMessage;","lastModifiedDate":"2022-09-08"},{"lineNumber":7,"author":{"gitId":"zheqis12138"},"content":"    }","lastModifiedDate":"2022-09-08"},{"lineNumber":8,"author":{"gitId":"zheqis12138"},"content":"}","lastModifiedDate":"2022-09-08"}],"authorContributionMap":{"zheqis12138":8}},{"path":"src/main/java/StringIndexOutOfBoundsException.java","fileType":"java","lines":[{"lineNumber":1,"author":{"gitId":"zheqis12138"},"content":"public class StringIndexOutOfBoundsException extends Exception{","lastModifiedDate":"2022-09-17"},{"lineNumber":2,"author":{"gitId":"zheqis12138"},"content":"    public String toString(){","lastModifiedDate":"2022-09-17"},{"lineNumber":3,"author":{"gitId":"zheqis12138"},"content":"        String errorMessage \u003d \"    ____________________________________________________________\\n\"","lastModifiedDate":"2022-09-17"},{"lineNumber":4,"author":{"gitId":"zheqis12138"},"content":"                + \"     ☹ OOPS!!! The please give a valid input.\\n\"","lastModifiedDate":"2022-09-17"},{"lineNumber":5,"author":{"gitId":"zheqis12138"},"content":"                + \"    ____________________________________________________________\\n\";","lastModifiedDate":"2022-09-17"},{"lineNumber":6,"author":{"gitId":"zheqis12138"},"content":"        return errorMessage;","lastModifiedDate":"2022-09-17"},{"lineNumber":7,"author":{"gitId":"zheqis12138"},"content":"    }","lastModifiedDate":"2022-09-17"},{"lineNumber":8,"author":{"gitId":"zheqis12138"},"content":"}","lastModifiedDate":"2022-09-17"}],"authorContributionMap":{"zheqis12138":8}},{"path":"src/main/java/duke/Deadline.java","fileType":"java","lines":[{"lineNumber":1,"author":{"gitId":"zheqis12138"},"content":"package duke;","lastModifiedDate":"2022-09-17"},{"lineNumber":2,"author":{"gitId":"zheqis12138"},"content":"","lastModifiedDate":"2022-09-17"},{"lineNumber":3,"author":{"gitId":"zheqis12138"},"content":"public class Deadline extends Task{","lastModifiedDate":"2022-09-06"},{"lineNumber":4,"author":{"gitId":"zheqis12138"},"content":"    protected String deadline;","lastModifiedDate":"2022-09-06"},{"lineNumber":5,"author":{"gitId":"zheqis12138"},"content":"","lastModifiedDate":"2022-09-06"},{"lineNumber":6,"author":{"gitId":"zheqis12138"},"content":"    public Deadline(String description, String deadline){","lastModifiedDate":"2022-09-06"},{"lineNumber":7,"author":{"gitId":"zheqis12138"},"content":"        super(description);","lastModifiedDate":"2022-09-06"},{"lineNumber":8,"author":{"gitId":"zheqis12138"},"content":"        this.deadline \u003d deadline;","lastModifiedDate":"2022-09-06"},{"lineNumber":9,"author":{"gitId":"zheqis12138"},"content":"    }","lastModifiedDate":"2022-09-06"},{"lineNumber":10,"author":{"gitId":"zheqis12138"},"content":"","lastModifiedDate":"2022-09-06"},{"lineNumber":11,"author":{"gitId":"zheqis12138"},"content":"    public String toString(){","lastModifiedDate":"2022-09-06"},{"lineNumber":12,"author":{"gitId":"zheqis12138"},"content":"        return String.format(\"[D]%s (by: %s)\", super.toString(), deadline);","lastModifiedDate":"2022-09-06"},{"lineNumber":13,"author":{"gitId":"zheqis12138"},"content":"    }","lastModifiedDate":"2022-09-06"},{"lineNumber":14,"author":{"gitId":"zheqis12138"},"content":"}","lastModifiedDate":"2022-09-06"}],"authorContributionMap":{"zheqis12138":14}},{"path":"src/main/java/duke/Event.java","fileType":"java","lines":[{"lineNumber":1,"author":{"gitId":"zheqis12138"},"content":"package duke;","lastModifiedDate":"2022-09-17"},{"lineNumber":2,"author":{"gitId":"zheqis12138"},"content":"","lastModifiedDate":"2022-09-17"},{"lineNumber":3,"author":{"gitId":"zheqis12138"},"content":"public class Event extends Task{","lastModifiedDate":"2022-09-06"},{"lineNumber":4,"author":{"gitId":"zheqis12138"},"content":"    protected String time;","lastModifiedDate":"2022-09-06"},{"lineNumber":5,"author":{"gitId":"zheqis12138"},"content":"","lastModifiedDate":"2022-09-06"},{"lineNumber":6,"author":{"gitId":"zheqis12138"},"content":"    public Event(String description, String time){","lastModifiedDate":"2022-09-06"},{"lineNumber":7,"author":{"gitId":"zheqis12138"},"content":"        super(description);","lastModifiedDate":"2022-09-06"},{"lineNumber":8,"author":{"gitId":"zheqis12138"},"content":"        this.time \u003d time;","lastModifiedDate":"2022-09-06"},{"lineNumber":9,"author":{"gitId":"zheqis12138"},"content":"    }","lastModifiedDate":"2022-09-06"},{"lineNumber":10,"author":{"gitId":"zheqis12138"},"content":"","lastModifiedDate":"2022-09-06"},{"lineNumber":11,"author":{"gitId":"zheqis12138"},"content":"    public String toString(){","lastModifiedDate":"2022-09-06"},{"lineNumber":12,"author":{"gitId":"zheqis12138"},"content":"        return String.format(\"[E]%s (at: %s)\", super.toString(), time);","lastModifiedDate":"2022-09-06"},{"lineNumber":13,"author":{"gitId":"zheqis12138"},"content":"    }","lastModifiedDate":"2022-09-06"},{"lineNumber":14,"author":{"gitId":"zheqis12138"},"content":"}","lastModifiedDate":"2022-09-06"}],"authorContributionMap":{"zheqis12138":14}},{"path":"src/main/java/duke/Task.java","fileType":"java","lines":[{"lineNumber":1,"author":{"gitId":"zheqis12138"},"content":"package duke;","lastModifiedDate":"2022-09-17"},{"lineNumber":2,"author":{"gitId":"zheqis12138"},"content":"","lastModifiedDate":"2022-09-17"},{"lineNumber":3,"author":{"gitId":"zheqis12138"},"content":"public class Task {","lastModifiedDate":"2022-08-31"},{"lineNumber":4,"author":{"gitId":"zheqis12138"},"content":"    private boolean isDone;","lastModifiedDate":"2022-08-31"},{"lineNumber":5,"author":{"gitId":"zheqis12138"},"content":"    String description;","lastModifiedDate":"2022-08-31"},{"lineNumber":6,"author":{"gitId":"zheqis12138"},"content":"    public static int numOfTasks \u003d 0;","lastModifiedDate":"2022-08-31"},{"lineNumber":7,"author":{"gitId":"zheqis12138"},"content":"","lastModifiedDate":"2022-08-31"},{"lineNumber":8,"author":{"gitId":"zheqis12138"},"content":"    public Task (String description){","lastModifiedDate":"2022-08-31"},{"lineNumber":9,"author":{"gitId":"zheqis12138"},"content":"        this.description \u003d description;","lastModifiedDate":"2022-08-31"},{"lineNumber":10,"author":{"gitId":"zheqis12138"},"content":"        isDone \u003d false;","lastModifiedDate":"2022-08-31"},{"lineNumber":11,"author":{"gitId":"zheqis12138"},"content":"    }","lastModifiedDate":"2022-08-31"},{"lineNumber":12,"author":{"gitId":"zheqis12138"},"content":"","lastModifiedDate":"2022-08-31"},{"lineNumber":13,"author":{"gitId":"zheqis12138"},"content":"    public boolean getIsDone(){","lastModifiedDate":"2022-08-31"},{"lineNumber":14,"author":{"gitId":"zheqis12138"},"content":"        return isDone;","lastModifiedDate":"2022-08-31"},{"lineNumber":15,"author":{"gitId":"zheqis12138"},"content":"    }","lastModifiedDate":"2022-08-31"},{"lineNumber":16,"author":{"gitId":"zheqis12138"},"content":"","lastModifiedDate":"2022-08-31"},{"lineNumber":17,"author":{"gitId":"zheqis12138"},"content":"    public String getDescription(){","lastModifiedDate":"2022-08-31"},{"lineNumber":18,"author":{"gitId":"zheqis12138"},"content":"        return description;","lastModifiedDate":"2022-08-31"},{"lineNumber":19,"author":{"gitId":"zheqis12138"},"content":"    }","lastModifiedDate":"2022-08-31"},{"lineNumber":20,"author":{"gitId":"zheqis12138"},"content":"","lastModifiedDate":"2022-08-31"},{"lineNumber":21,"author":{"gitId":"zheqis12138"},"content":"    public void setIsDone(boolean isDone){","lastModifiedDate":"2022-08-31"},{"lineNumber":22,"author":{"gitId":"zheqis12138"},"content":"        this.isDone \u003d isDone;","lastModifiedDate":"2022-08-31"},{"lineNumber":23,"author":{"gitId":"zheqis12138"},"content":"    }","lastModifiedDate":"2022-08-31"},{"lineNumber":24,"author":{"gitId":"zheqis12138"},"content":"","lastModifiedDate":"2022-08-31"},{"lineNumber":25,"author":{"gitId":"zheqis12138"},"content":"    public static int getNumOfTasks(){","lastModifiedDate":"2022-08-31"},{"lineNumber":26,"author":{"gitId":"zheqis12138"},"content":"        return numOfTasks;","lastModifiedDate":"2022-08-31"},{"lineNumber":27,"author":{"gitId":"zheqis12138"},"content":"    }","lastModifiedDate":"2022-08-31"},{"lineNumber":28,"author":{"gitId":"zheqis12138"},"content":"","lastModifiedDate":"2022-09-06"},{"lineNumber":29,"author":{"gitId":"zheqis12138"},"content":"    public String toString(){","lastModifiedDate":"2022-09-06"},{"lineNumber":30,"author":{"gitId":"zheqis12138"},"content":"        String isDoneNotation;","lastModifiedDate":"2022-09-06"},{"lineNumber":31,"author":{"gitId":"zheqis12138"},"content":"        if (isDone \u003d\u003d true){","lastModifiedDate":"2022-09-06"},{"lineNumber":32,"author":{"gitId":"zheqis12138"},"content":"            isDoneNotation \u003d \"[X]\";","lastModifiedDate":"2022-09-06"},{"lineNumber":33,"author":{"gitId":"zheqis12138"},"content":"        }","lastModifiedDate":"2022-09-06"},{"lineNumber":34,"author":{"gitId":"zheqis12138"},"content":"        else {isDoneNotation \u003d \"[ ]\";}","lastModifiedDate":"2022-09-06"},{"lineNumber":35,"author":{"gitId":"zheqis12138"},"content":"","lastModifiedDate":"2022-09-06"},{"lineNumber":36,"author":{"gitId":"zheqis12138"},"content":"        return isDoneNotation + \" \" + description;","lastModifiedDate":"2022-09-06"},{"lineNumber":37,"author":{"gitId":"zheqis12138"},"content":"    }","lastModifiedDate":"2022-09-06"},{"lineNumber":38,"author":{"gitId":"zheqis12138"},"content":"}","lastModifiedDate":"2022-08-31"}],"authorContributionMap":{"zheqis12138":38}},{"path":"src/main/java/duke/ToDo.java","fileType":"java","lines":[{"lineNumber":1,"author":{"gitId":"zheqis12138"},"content":"package duke;","lastModifiedDate":"2022-09-17"},{"lineNumber":2,"author":{"gitId":"zheqis12138"},"content":"","lastModifiedDate":"2022-09-17"},{"lineNumber":3,"author":{"gitId":"zheqis12138"},"content":"public class ToDo extends Task{","lastModifiedDate":"2022-09-06"},{"lineNumber":4,"author":{"gitId":"zheqis12138"},"content":"","lastModifiedDate":"2022-09-06"},{"lineNumber":5,"author":{"gitId":"zheqis12138"},"content":"    public ToDo(String description){","lastModifiedDate":"2022-09-06"},{"lineNumber":6,"author":{"gitId":"zheqis12138"},"content":"        super(description);","lastModifiedDate":"2022-09-06"},{"lineNumber":7,"author":{"gitId":"zheqis12138"},"content":"    }","lastModifiedDate":"2022-09-06"},{"lineNumber":8,"author":{"gitId":"zheqis12138"},"content":"","lastModifiedDate":"2022-09-06"},{"lineNumber":9,"author":{"gitId":"zheqis12138"},"content":"    public String toString(){","lastModifiedDate":"2022-09-06"},{"lineNumber":10,"author":{"gitId":"zheqis12138"},"content":"        return String.format(\"[T]%s\", super.toString());","lastModifiedDate":"2022-09-06"},{"lineNumber":11,"author":{"gitId":"zheqis12138"},"content":"    }","lastModifiedDate":"2022-09-06"},{"lineNumber":12,"author":{"gitId":"zheqis12138"},"content":"}","lastModifiedDate":"2022-09-06"}],"authorContributionMap":{"zheqis12138":12}}]
