{"authorDailyContributionsMap":{"zheqis12138":[{"date":"2022-08-26","commitResults":[{"hash":"b76cb0d20ab26a59b839ead12492b78257ea7eb6","messageTitle":"Level-0","messageBody":"","tags":["Level-0"],"fileTypesAndContributionMap":{"java":{"insertions":10,"deletions":6}}}]},{"date":"2022-08-27","commitResults":[{"hash":"aed9a477ac8a2044aac63c96f84e2e556857e719","messageTitle":"Echos commands entered by the user","messageBody":"","tags":["Level-1"],"fileTypesAndContributionMap":{"java":{"insertions":46,"deletions":6}}}]},{"date":"2022-08-30","commitResults":[{"hash":"152c9917ab3d1fc4010e484eff7ca46ec05ff5a9","messageTitle":"Add, List","messageBody":"","tags":["Level-2"],"fileTypesAndContributionMap":{"java":{"insertions":36,"deletions":15}}}]},{"date":"2022-08-31","commitResults":[{"hash":"a54482c9f34a71aeeecde2e7ea148827f48393a1","messageTitle":"Mark as Done","messageBody":"","tags":["Level-3"],"fileTypesAndContributionMap":{"java":{"insertions":72,"deletions":8}}}]},{"date":"2022-09-06","commitResults":[{"hash":"aa1c3ef088a9319d77a061f39869f714541d1bf9","messageTitle":"ToDos, Events, Deadlines","messageBody":"","tags":["Level-4"],"fileTypesAndContributionMap":{"java":{"insertions":91,"deletions":22}}},{"hash":"4db3198525f53afd1252671dadef7b5dd64fff97","messageTitle":"Code quality","messageBody":"","tags":["A-CodingStandard","A-CodeQuality"],"fileTypesAndContributionMap":{"java":{"insertions":34,"deletions":22}}}]}]},"authorFileTypeContributionMap":{"zheqis12138":{"java":215,"md":0,"fxml":0,"sh":0,"bat":0,"gradle":0,"txt":0}},"authorContributionVariance":{"zheqis12138":1358.2072},"authorDisplayNameMap":{"zheqis12138":"CS2113-F11-2 SHEN..HEQI"}}
