[{"path":"src/main/java/Duke.java","fileType":"java","lines":[{"lineNumber":1,"author":{"gitId":"-"},"content":"public class Duke {","lastModifiedDate":"2019-07-29"},{"lineNumber":2,"author":{"gitId":"-"},"content":"    public static void main(String[] args) {","lastModifiedDate":"2019-07-29"},{"lineNumber":3,"author":{"gitId":"FeliciaBeatrice"},"content":"        System.out.println(\"-------------------------\u003c3-------------------------\");","lastModifiedDate":"2022-08-18"},{"lineNumber":4,"author":{"gitId":"FeliciaBeatrice"},"content":"        System.out.println(\"Hello! I\u0027m Albot, your only best friend :D\");","lastModifiedDate":"2022-08-18"},{"lineNumber":5,"author":{"gitId":"FeliciaBeatrice"},"content":"        System.out.println(\"What can I do for you today? ^^\");","lastModifiedDate":"2022-08-18"},{"lineNumber":6,"author":{"gitId":"FeliciaBeatrice"},"content":"        System.out.println();","lastModifiedDate":"2022-08-18"},{"lineNumber":7,"author":{"gitId":"FeliciaBeatrice"},"content":"        System.out.println(\"-------------------------\u003c3-------------------------\");","lastModifiedDate":"2022-08-18"},{"lineNumber":8,"author":{"gitId":"FeliciaBeatrice"},"content":"        System.out.println(\"Why are you shutting me down? :D\");","lastModifiedDate":"2022-08-18"},{"lineNumber":9,"author":{"gitId":"FeliciaBeatrice"},"content":"        System.out.println(\"But anyways, bye. Hope to see you again soon!\");","lastModifiedDate":"2022-08-18"},{"lineNumber":10,"author":{"gitId":"FeliciaBeatrice"},"content":"        System.out.println();","lastModifiedDate":"2022-08-18"},{"lineNumber":11,"author":{"gitId":"FeliciaBeatrice"},"content":"        System.out.println(\"-------------------------\u003c3-------------------------\");","lastModifiedDate":"2022-08-18"},{"lineNumber":12,"author":{"gitId":"-"},"content":"    }","lastModifiedDate":"2019-07-29"},{"lineNumber":13,"author":{"gitId":"-"},"content":"}","lastModifiedDate":"2019-07-29"}],"authorContributionMap":{"FeliciaBeatrice":9,"-":4}}]
