[{"path":"src/main/java/duke/Deadline.java","fileType":"java","lines":[{"lineNumber":1,"author":{"gitId":"FeliciaBeatrice"},"content":"package duke;","lastModifiedDate":"2022-09-08"},{"lineNumber":2,"author":{"gitId":"FeliciaBeatrice"},"content":"","lastModifiedDate":"2022-09-08"},{"lineNumber":3,"author":{"gitId":"FeliciaBeatrice"},"content":"public class Deadline extends Task {","lastModifiedDate":"2022-08-31"},{"lineNumber":4,"author":{"gitId":"FeliciaBeatrice"},"content":"    protected String by;","lastModifiedDate":"2022-08-31"},{"lineNumber":5,"author":{"gitId":"FeliciaBeatrice"},"content":"","lastModifiedDate":"2022-08-31"},{"lineNumber":6,"author":{"gitId":"FeliciaBeatrice"},"content":"    public Deadline(String description, String by) {","lastModifiedDate":"2022-08-31"},{"lineNumber":7,"author":{"gitId":"FeliciaBeatrice"},"content":"        super(description);","lastModifiedDate":"2022-08-31"},{"lineNumber":8,"author":{"gitId":"FeliciaBeatrice"},"content":"        this.by \u003d by;","lastModifiedDate":"2022-08-31"},{"lineNumber":9,"author":{"gitId":"FeliciaBeatrice"},"content":"    }","lastModifiedDate":"2022-08-31"},{"lineNumber":10,"author":{"gitId":"FeliciaBeatrice"},"content":"","lastModifiedDate":"2022-08-31"},{"lineNumber":11,"author":{"gitId":"FeliciaBeatrice"},"content":"    @Override","lastModifiedDate":"2022-08-31"},{"lineNumber":12,"author":{"gitId":"FeliciaBeatrice"},"content":"    public String toString() {","lastModifiedDate":"2022-08-31"},{"lineNumber":13,"author":{"gitId":"FeliciaBeatrice"},"content":"        return \"[D]\" + super.toString() + \" (by: \" + by + \")\";","lastModifiedDate":"2022-08-31"},{"lineNumber":14,"author":{"gitId":"FeliciaBeatrice"},"content":"    }","lastModifiedDate":"2022-08-31"},{"lineNumber":15,"author":{"gitId":"FeliciaBeatrice"},"content":"}","lastModifiedDate":"2022-08-31"}],"authorContributionMap":{"FeliciaBeatrice":15}},{"path":"src/main/java/duke/Duke.java","fileType":"java","lines":[{"lineNumber":1,"author":{"gitId":"FeliciaBeatrice"},"content":"package duke;","lastModifiedDate":"2022-09-08"},{"lineNumber":2,"author":{"gitId":"FeliciaBeatrice"},"content":"","lastModifiedDate":"2022-09-08"},{"lineNumber":3,"author":{"gitId":"FeliciaBeatrice"},"content":"import java.io.FileNotFoundException;","lastModifiedDate":"2022-09-15"},{"lineNumber":4,"author":{"gitId":"FeliciaBeatrice"},"content":"import java.io.FileWriter;","lastModifiedDate":"2022-09-15"},{"lineNumber":5,"author":{"gitId":"FeliciaBeatrice"},"content":"import java.io.IOException;","lastModifiedDate":"2022-09-15"},{"lineNumber":6,"author":{"gitId":"FeliciaBeatrice"},"content":"import java.util.ArrayList;","lastModifiedDate":"2022-09-15"},{"lineNumber":7,"author":{"gitId":"FeliciaBeatrice"},"content":"import java.util.Scanner;","lastModifiedDate":"2022-08-25"},{"lineNumber":8,"author":{"gitId":"FeliciaBeatrice"},"content":"import java.io.File;","lastModifiedDate":"2022-09-15"},{"lineNumber":9,"author":{"gitId":"FeliciaBeatrice"},"content":"","lastModifiedDate":"2022-08-25"},{"lineNumber":10,"author":{"gitId":"-"},"content":"public class Duke {","lastModifiedDate":"2019-07-29"},{"lineNumber":11,"author":{"gitId":"FeliciaBeatrice"},"content":"    static final int MAX_TASKS \u003d 100;","lastModifiedDate":"2022-09-08"},{"lineNumber":12,"author":{"gitId":"FeliciaBeatrice"},"content":"    static final String EXCEPTION_1 \u003d \"Empty Description\";","lastModifiedDate":"2022-09-08"},{"lineNumber":13,"author":{"gitId":"FeliciaBeatrice"},"content":"    static final String EXCEPTION_2 \u003d \"Other Command\";","lastModifiedDate":"2022-09-08"},{"lineNumber":14,"author":{"gitId":"FeliciaBeatrice"},"content":"    static final String EXCEPTION_3 \u003d \"Mark/Unmark Out of Bounds\";","lastModifiedDate":"2022-09-08"},{"lineNumber":15,"author":{"gitId":"FeliciaBeatrice"},"content":"    static final String EXCEPTION_4 \u003d \"File Not Found\";","lastModifiedDate":"2022-09-15"},{"lineNumber":16,"author":{"gitId":"FeliciaBeatrice"},"content":"","lastModifiedDate":"2022-09-08"},{"lineNumber":17,"author":{"gitId":"FeliciaBeatrice"},"content":"    public static ArrayList\u003cTask\u003e tasks \u003d new ArrayList\u003c\u003e();","lastModifiedDate":"2022-09-15"},{"lineNumber":18,"author":{"gitId":"FeliciaBeatrice"},"content":"    public static int numberOfTasks \u003d 0;","lastModifiedDate":"2022-09-15"},{"lineNumber":19,"author":{"gitId":"FeliciaBeatrice"},"content":"","lastModifiedDate":"2022-08-25"},{"lineNumber":20,"author":{"gitId":"FeliciaBeatrice"},"content":"    public static void printDivider() {","lastModifiedDate":"2022-08-25"},{"lineNumber":21,"author":{"gitId":"FeliciaBeatrice"},"content":"        System.out.println(\"\\t----------------------------------------------------\");","lastModifiedDate":"2022-08-26"},{"lineNumber":22,"author":{"gitId":"FeliciaBeatrice"},"content":"    }","lastModifiedDate":"2022-08-25"},{"lineNumber":23,"author":{"gitId":"FeliciaBeatrice"},"content":"","lastModifiedDate":"2022-08-25"},{"lineNumber":24,"author":{"gitId":"FeliciaBeatrice"},"content":"    public static void printGreeting() {","lastModifiedDate":"2022-08-25"},{"lineNumber":25,"author":{"gitId":"FeliciaBeatrice"},"content":"        printDivider();","lastModifiedDate":"2022-08-25"},{"lineNumber":26,"author":{"gitId":"FeliciaBeatrice"},"content":"        System.out.println(\"\\tHello! I\u0027m Albot, your new best friend! ᕙ(`▿´)ᕗ\");","lastModifiedDate":"2022-08-26"},{"lineNumber":27,"author":{"gitId":"FeliciaBeatrice"},"content":"        System.out.println(\"\\tWhat can I do for you today, friend? ʕ•́ᴥ•̀ʔっ♡\");","lastModifiedDate":"2022-08-26"},{"lineNumber":28,"author":{"gitId":"FeliciaBeatrice"},"content":"        System.out.println();","lastModifiedDate":"2022-08-18"},{"lineNumber":29,"author":{"gitId":"FeliciaBeatrice"},"content":"        printDivider();","lastModifiedDate":"2022-08-25"},{"lineNumber":30,"author":{"gitId":"FeliciaBeatrice"},"content":"    }","lastModifiedDate":"2022-08-25"},{"lineNumber":31,"author":{"gitId":"FeliciaBeatrice"},"content":"","lastModifiedDate":"2022-08-25"},{"lineNumber":32,"author":{"gitId":"FeliciaBeatrice"},"content":"    public static void printExitMessage() {","lastModifiedDate":"2022-08-25"},{"lineNumber":33,"author":{"gitId":"FeliciaBeatrice"},"content":"        printDivider();","lastModifiedDate":"2022-08-25"},{"lineNumber":34,"author":{"gitId":"FeliciaBeatrice"},"content":"        System.out.println(\"\\tAww, you\u0027re leaving already? I\u0027m gonna miss you (╥﹏╥)\");","lastModifiedDate":"2022-08-26"},{"lineNumber":35,"author":{"gitId":"FeliciaBeatrice"},"content":"        System.out.println(\"\\tBut anyways bye! Hope to see you again soon, friend! (ɔ◔‿◔)ɔ ♥\");","lastModifiedDate":"2022-08-26"},{"lineNumber":36,"author":{"gitId":"FeliciaBeatrice"},"content":"        System.out.println();","lastModifiedDate":"2022-08-25"},{"lineNumber":37,"author":{"gitId":"FeliciaBeatrice"},"content":"        printDivider();","lastModifiedDate":"2022-08-25"},{"lineNumber":38,"author":{"gitId":"FeliciaBeatrice"},"content":"    }","lastModifiedDate":"2022-08-25"},{"lineNumber":39,"author":{"gitId":"FeliciaBeatrice"},"content":"","lastModifiedDate":"2022-08-25"},{"lineNumber":40,"author":{"gitId":"FeliciaBeatrice"},"content":"    public static void printExceptionMessage(String exceptionType) {","lastModifiedDate":"2022-09-08"},{"lineNumber":41,"author":{"gitId":"FeliciaBeatrice"},"content":"        printDivider();","lastModifiedDate":"2022-09-08"},{"lineNumber":42,"author":{"gitId":"FeliciaBeatrice"},"content":"","lastModifiedDate":"2022-09-08"},{"lineNumber":43,"author":{"gitId":"FeliciaBeatrice"},"content":"        switch (exceptionType) {","lastModifiedDate":"2022-09-08"},{"lineNumber":44,"author":{"gitId":"FeliciaBeatrice"},"content":"        case EXCEPTION_1 :","lastModifiedDate":"2022-09-08"},{"lineNumber":45,"author":{"gitId":"FeliciaBeatrice"},"content":"            //Empty description of a task","lastModifiedDate":"2022-09-08"},{"lineNumber":46,"author":{"gitId":"FeliciaBeatrice"},"content":"            System.out.println(\"\\t☹ OOPS!!! The description of a task cannot be empty...\");","lastModifiedDate":"2022-09-08"},{"lineNumber":47,"author":{"gitId":"FeliciaBeatrice"},"content":"            break;","lastModifiedDate":"2022-09-08"},{"lineNumber":48,"author":{"gitId":"FeliciaBeatrice"},"content":"        case EXCEPTION_2 :","lastModifiedDate":"2022-09-08"},{"lineNumber":49,"author":{"gitId":"FeliciaBeatrice"},"content":"            //Commands other than the ones recognized","lastModifiedDate":"2022-09-08"},{"lineNumber":50,"author":{"gitId":"FeliciaBeatrice"},"content":"            System.out.println(\"\\t☹ OOPS!!! I\u0027m sorry, but I don\u0027t know what that means...\");","lastModifiedDate":"2022-09-08"},{"lineNumber":51,"author":{"gitId":"FeliciaBeatrice"},"content":"            break;","lastModifiedDate":"2022-09-08"},{"lineNumber":52,"author":{"gitId":"FeliciaBeatrice"},"content":"        case EXCEPTION_3 :","lastModifiedDate":"2022-09-08"},{"lineNumber":53,"author":{"gitId":"FeliciaBeatrice"},"content":"            //Mark/Unmark/Delete index out of bounds","lastModifiedDate":"2022-09-15"},{"lineNumber":54,"author":{"gitId":"FeliciaBeatrice"},"content":"            System.out.println(\"\\t☹ OOPS!!! Please provide a valid task index...\");","lastModifiedDate":"2022-09-08"},{"lineNumber":55,"author":{"gitId":"FeliciaBeatrice"},"content":"        case EXCEPTION_4:","lastModifiedDate":"2022-09-15"},{"lineNumber":56,"author":{"gitId":"FeliciaBeatrice"},"content":"            //File not found","lastModifiedDate":"2022-09-15"},{"lineNumber":57,"author":{"gitId":"FeliciaBeatrice"},"content":"            System.out.println(\"\\t☹ OOPS!!! Unfortunately file is not found...\");","lastModifiedDate":"2022-09-15"},{"lineNumber":58,"author":{"gitId":"FeliciaBeatrice"},"content":"        }","lastModifiedDate":"2022-09-08"},{"lineNumber":59,"author":{"gitId":"FeliciaBeatrice"},"content":"","lastModifiedDate":"2022-09-08"},{"lineNumber":60,"author":{"gitId":"FeliciaBeatrice"},"content":"        System.out.println();","lastModifiedDate":"2022-09-08"},{"lineNumber":61,"author":{"gitId":"FeliciaBeatrice"},"content":"        printDivider();","lastModifiedDate":"2022-09-08"},{"lineNumber":62,"author":{"gitId":"FeliciaBeatrice"},"content":"    }","lastModifiedDate":"2022-09-08"},{"lineNumber":63,"author":{"gitId":"FeliciaBeatrice"},"content":"","lastModifiedDate":"2022-09-08"},{"lineNumber":64,"author":{"gitId":"FeliciaBeatrice"},"content":"    public static void readFile() throws FileNotFoundException {","lastModifiedDate":"2022-09-15"},{"lineNumber":65,"author":{"gitId":"FeliciaBeatrice"},"content":"        File file \u003d new File(\"duke.txt\");","lastModifiedDate":"2022-09-16"},{"lineNumber":66,"author":{"gitId":"FeliciaBeatrice"},"content":"        try {","lastModifiedDate":"2022-09-16"},{"lineNumber":67,"author":{"gitId":"FeliciaBeatrice"},"content":"            boolean isExisting \u003d file.createNewFile();","lastModifiedDate":"2022-09-16"},{"lineNumber":68,"author":{"gitId":"FeliciaBeatrice"},"content":"        } catch (IOException e) {","lastModifiedDate":"2022-09-16"},{"lineNumber":69,"author":{"gitId":"FeliciaBeatrice"},"content":"            printExceptionMessage(EXCEPTION_4);","lastModifiedDate":"2022-09-16"},{"lineNumber":70,"author":{"gitId":"FeliciaBeatrice"},"content":"        }","lastModifiedDate":"2022-09-16"},{"lineNumber":71,"author":{"gitId":"FeliciaBeatrice"},"content":"        Scanner scanner \u003d new Scanner(file);","lastModifiedDate":"2022-09-15"},{"lineNumber":72,"author":{"gitId":"FeliciaBeatrice"},"content":"","lastModifiedDate":"2022-09-15"},{"lineNumber":73,"author":{"gitId":"FeliciaBeatrice"},"content":"        while (scanner.hasNext()) {","lastModifiedDate":"2022-09-15"},{"lineNumber":74,"author":{"gitId":"FeliciaBeatrice"},"content":"            String line \u003d scanner.nextLine();","lastModifiedDate":"2022-09-15"},{"lineNumber":75,"author":{"gitId":"FeliciaBeatrice"},"content":"            String[] words \u003d line.split(\" \");","lastModifiedDate":"2022-09-15"},{"lineNumber":76,"author":{"gitId":"FeliciaBeatrice"},"content":"            try {","lastModifiedDate":"2022-09-15"},{"lineNumber":77,"author":{"gitId":"FeliciaBeatrice"},"content":"                Task currentTask \u003d createTask(line.substring(2));","lastModifiedDate":"2022-09-16"},{"lineNumber":78,"author":{"gitId":"FeliciaBeatrice"},"content":"                addTask(currentTask, true);","lastModifiedDate":"2022-09-15"},{"lineNumber":79,"author":{"gitId":"FeliciaBeatrice"},"content":"                if (words[0].equals(\"1\")) {","lastModifiedDate":"2022-09-16"},{"lineNumber":80,"author":{"gitId":"FeliciaBeatrice"},"content":"                    markAsDone(String.valueOf(numberOfTasks), true);","lastModifiedDate":"2022-09-16"},{"lineNumber":81,"author":{"gitId":"FeliciaBeatrice"},"content":"                }","lastModifiedDate":"2022-09-16"},{"lineNumber":82,"author":{"gitId":"FeliciaBeatrice"},"content":"            } catch (DukeException e) {","lastModifiedDate":"2022-09-15"},{"lineNumber":83,"author":{"gitId":"FeliciaBeatrice"},"content":"                printExceptionMessage(EXCEPTION_2);","lastModifiedDate":"2022-09-15"},{"lineNumber":84,"author":{"gitId":"FeliciaBeatrice"},"content":"            }","lastModifiedDate":"2022-09-15"},{"lineNumber":85,"author":{"gitId":"FeliciaBeatrice"},"content":"        }","lastModifiedDate":"2022-09-15"},{"lineNumber":86,"author":{"gitId":"FeliciaBeatrice"},"content":"    }","lastModifiedDate":"2022-09-15"},{"lineNumber":87,"author":{"gitId":"FeliciaBeatrice"},"content":"","lastModifiedDate":"2022-09-15"},{"lineNumber":88,"author":{"gitId":"FeliciaBeatrice"},"content":"    public static void appendToFile(String command) throws IOException {","lastModifiedDate":"2022-09-15"},{"lineNumber":89,"author":{"gitId":"FeliciaBeatrice"},"content":"        FileWriter fw \u003d new FileWriter(\"duke.txt\", true);","lastModifiedDate":"2022-09-16"},{"lineNumber":90,"author":{"gitId":"FeliciaBeatrice"},"content":"        fw.write(\"0 \" + command + \"\\n\");","lastModifiedDate":"2022-09-16"},{"lineNumber":91,"author":{"gitId":"FeliciaBeatrice"},"content":"        fw.close();","lastModifiedDate":"2022-09-15"},{"lineNumber":92,"author":{"gitId":"FeliciaBeatrice"},"content":"    }","lastModifiedDate":"2022-09-15"},{"lineNumber":93,"author":{"gitId":"FeliciaBeatrice"},"content":"","lastModifiedDate":"2022-09-15"},{"lineNumber":94,"author":{"gitId":"FeliciaBeatrice"},"content":"    public static void rewriteFile() throws IOException {","lastModifiedDate":"2022-09-15"},{"lineNumber":95,"author":{"gitId":"FeliciaBeatrice"},"content":"        FileWriter fw \u003d new FileWriter(\"duke.txt\");","lastModifiedDate":"2022-09-16"},{"lineNumber":96,"author":{"gitId":"FeliciaBeatrice"},"content":"        String number;","lastModifiedDate":"2022-09-16"},{"lineNumber":97,"author":{"gitId":"FeliciaBeatrice"},"content":"        for (Task task : tasks) {","lastModifiedDate":"2022-09-15"},{"lineNumber":98,"author":{"gitId":"FeliciaBeatrice"},"content":"            if (task.isDone) {","lastModifiedDate":"2022-09-16"},{"lineNumber":99,"author":{"gitId":"FeliciaBeatrice"},"content":"                number \u003d \"1\";","lastModifiedDate":"2022-09-16"},{"lineNumber":100,"author":{"gitId":"FeliciaBeatrice"},"content":"            } else {","lastModifiedDate":"2022-09-16"},{"lineNumber":101,"author":{"gitId":"FeliciaBeatrice"},"content":"                number \u003d \"0\";","lastModifiedDate":"2022-09-16"},{"lineNumber":102,"author":{"gitId":"FeliciaBeatrice"},"content":"            }","lastModifiedDate":"2022-09-16"},{"lineNumber":103,"author":{"gitId":"FeliciaBeatrice"},"content":"            if (task instanceof Todo) {","lastModifiedDate":"2022-09-15"},{"lineNumber":104,"author":{"gitId":"FeliciaBeatrice"},"content":"                fw.write(number + \" todo \" + task.description + \"\\n\");","lastModifiedDate":"2022-09-16"},{"lineNumber":105,"author":{"gitId":"FeliciaBeatrice"},"content":"            } else if (task instanceof Deadline) {","lastModifiedDate":"2022-09-15"},{"lineNumber":106,"author":{"gitId":"FeliciaBeatrice"},"content":"                fw.write(number + \" deadline \" + task.description + \" /by \" + ((Deadline) task).by + \"\\n\");","lastModifiedDate":"2022-09-16"},{"lineNumber":107,"author":{"gitId":"FeliciaBeatrice"},"content":"            } else if (task instanceof Event) {","lastModifiedDate":"2022-09-15"},{"lineNumber":108,"author":{"gitId":"FeliciaBeatrice"},"content":"                fw.write(number + \" event \" + task.description + \" /at \" + ((Event) task).at + \"\\n\");","lastModifiedDate":"2022-09-16"},{"lineNumber":109,"author":{"gitId":"FeliciaBeatrice"},"content":"            }","lastModifiedDate":"2022-09-15"},{"lineNumber":110,"author":{"gitId":"FeliciaBeatrice"},"content":"        }","lastModifiedDate":"2022-09-15"},{"lineNumber":111,"author":{"gitId":"FeliciaBeatrice"},"content":"        fw.close();","lastModifiedDate":"2022-09-15"},{"lineNumber":112,"author":{"gitId":"FeliciaBeatrice"},"content":"    }","lastModifiedDate":"2022-09-15"},{"lineNumber":113,"author":{"gitId":"FeliciaBeatrice"},"content":"","lastModifiedDate":"2022-09-15"},{"lineNumber":114,"author":{"gitId":"FeliciaBeatrice"},"content":"    public static void performAction(String command) throws DukeException{","lastModifiedDate":"2022-09-16"},{"lineNumber":115,"author":{"gitId":"FeliciaBeatrice"},"content":"        String[] words \u003d command.split(\" \");","lastModifiedDate":"2022-09-16"},{"lineNumber":116,"author":{"gitId":"FeliciaBeatrice"},"content":"        String firstWord \u003d words[0];","lastModifiedDate":"2022-09-16"},{"lineNumber":117,"author":{"gitId":"FeliciaBeatrice"},"content":"","lastModifiedDate":"2022-09-16"},{"lineNumber":118,"author":{"gitId":"FeliciaBeatrice"},"content":"        if (firstWord.equals(\"mark\")) {","lastModifiedDate":"2022-09-08"},{"lineNumber":119,"author":{"gitId":"FeliciaBeatrice"},"content":"            //Mark task as done","lastModifiedDate":"2022-09-08"},{"lineNumber":120,"author":{"gitId":"FeliciaBeatrice"},"content":"            markAsDone(words[1], false);","lastModifiedDate":"2022-09-16"},{"lineNumber":121,"author":{"gitId":"FeliciaBeatrice"},"content":"        } else if (firstWord.equals(\"unmark\")) {","lastModifiedDate":"2022-09-08"},{"lineNumber":122,"author":{"gitId":"FeliciaBeatrice"},"content":"            //Mark task as undone","lastModifiedDate":"2022-09-08"},{"lineNumber":123,"author":{"gitId":"FeliciaBeatrice"},"content":"            markAsUndone(words[1], false);","lastModifiedDate":"2022-09-16"},{"lineNumber":124,"author":{"gitId":"FeliciaBeatrice"},"content":"        } else if (firstWord.equals(\"list\")) {","lastModifiedDate":"2022-09-08"},{"lineNumber":125,"author":{"gitId":"FeliciaBeatrice"},"content":"            //Print the list","lastModifiedDate":"2022-09-08"},{"lineNumber":126,"author":{"gitId":"FeliciaBeatrice"},"content":"            printList();","lastModifiedDate":"2022-09-08"},{"lineNumber":127,"author":{"gitId":"FeliciaBeatrice"},"content":"        } else if (firstWord.equals(\"todo\") | firstWord.equals(\"deadline\") | firstWord.equals(\"event\")) {","lastModifiedDate":"2022-09-08"},{"lineNumber":128,"author":{"gitId":"FeliciaBeatrice"},"content":"            //Add a task to the list","lastModifiedDate":"2022-09-15"},{"lineNumber":129,"author":{"gitId":"FeliciaBeatrice"},"content":"            try {","lastModifiedDate":"2022-09-08"},{"lineNumber":130,"author":{"gitId":"FeliciaBeatrice"},"content":"                Task currentTask \u003d createTask(command);","lastModifiedDate":"2022-09-16"},{"lineNumber":131,"author":{"gitId":"FeliciaBeatrice"},"content":"                addTask(currentTask, false);","lastModifiedDate":"2022-09-15"},{"lineNumber":132,"author":{"gitId":"FeliciaBeatrice"},"content":"                appendToFile(command);","lastModifiedDate":"2022-09-15"},{"lineNumber":133,"author":{"gitId":"FeliciaBeatrice"},"content":"            } catch (DukeException e) {","lastModifiedDate":"2022-09-08"},{"lineNumber":134,"author":{"gitId":"FeliciaBeatrice"},"content":"                printExceptionMessage(EXCEPTION_1);","lastModifiedDate":"2022-09-08"},{"lineNumber":135,"author":{"gitId":"FeliciaBeatrice"},"content":"            } catch (IOException e) {","lastModifiedDate":"2022-09-15"},{"lineNumber":136,"author":{"gitId":"FeliciaBeatrice"},"content":"                printExceptionMessage(EXCEPTION_4);","lastModifiedDate":"2022-09-15"},{"lineNumber":137,"author":{"gitId":"FeliciaBeatrice"},"content":"            }","lastModifiedDate":"2022-09-15"},{"lineNumber":138,"author":{"gitId":"FeliciaBeatrice"},"content":"        } else if (firstWord.equals(\"delete\")) {","lastModifiedDate":"2022-09-15"},{"lineNumber":139,"author":{"gitId":"FeliciaBeatrice"},"content":"            //Remove a task from the list","lastModifiedDate":"2022-09-15"},{"lineNumber":140,"author":{"gitId":"FeliciaBeatrice"},"content":"            removeTask(Integer.parseInt(words[1]) - 1);","lastModifiedDate":"2022-09-15"},{"lineNumber":141,"author":{"gitId":"FeliciaBeatrice"},"content":"            try {","lastModifiedDate":"2022-09-15"},{"lineNumber":142,"author":{"gitId":"FeliciaBeatrice"},"content":"                rewriteFile();","lastModifiedDate":"2022-09-15"},{"lineNumber":143,"author":{"gitId":"FeliciaBeatrice"},"content":"            } catch (IOException e) {","lastModifiedDate":"2022-09-15"},{"lineNumber":144,"author":{"gitId":"FeliciaBeatrice"},"content":"                printExceptionMessage(EXCEPTION_4);","lastModifiedDate":"2022-09-15"},{"lineNumber":145,"author":{"gitId":"FeliciaBeatrice"},"content":"            }","lastModifiedDate":"2022-09-08"},{"lineNumber":146,"author":{"gitId":"FeliciaBeatrice"},"content":"        } else if (firstWord.equals(\"delete\")) {","lastModifiedDate":"2022-09-15"},{"lineNumber":147,"author":{"gitId":"FeliciaBeatrice"},"content":"            //Remove a task from the list","lastModifiedDate":"2022-09-15"},{"lineNumber":148,"author":{"gitId":"FeliciaBeatrice"},"content":"            removeTask(Integer.parseInt(words[1]) - 1);","lastModifiedDate":"2022-09-15"},{"lineNumber":149,"author":{"gitId":"FeliciaBeatrice"},"content":"        } else {","lastModifiedDate":"2022-09-08"},{"lineNumber":150,"author":{"gitId":"FeliciaBeatrice"},"content":"            throw new DukeException();","lastModifiedDate":"2022-09-08"},{"lineNumber":151,"author":{"gitId":"FeliciaBeatrice"},"content":"        }","lastModifiedDate":"2022-09-08"},{"lineNumber":152,"author":{"gitId":"FeliciaBeatrice"},"content":"    }","lastModifiedDate":"2022-09-08"},{"lineNumber":153,"author":{"gitId":"FeliciaBeatrice"},"content":"","lastModifiedDate":"2022-09-08"},{"lineNumber":154,"author":{"gitId":"FeliciaBeatrice"},"content":"    public static Task createTask(String command) throws DukeException{","lastModifiedDate":"2022-09-16"},{"lineNumber":155,"author":{"gitId":"FeliciaBeatrice"},"content":"        String[] words \u003d command.split(\" \");","lastModifiedDate":"2022-09-16"},{"lineNumber":156,"author":{"gitId":"FeliciaBeatrice"},"content":"        String firstWord \u003d words[0];","lastModifiedDate":"2022-09-16"},{"lineNumber":157,"author":{"gitId":"FeliciaBeatrice"},"content":"","lastModifiedDate":"2022-09-16"},{"lineNumber":158,"author":{"gitId":"FeliciaBeatrice"},"content":"        //Handle empty description exception","lastModifiedDate":"2022-09-08"},{"lineNumber":159,"author":{"gitId":"FeliciaBeatrice"},"content":"        if (words.length \u003d\u003d 1) {","lastModifiedDate":"2022-09-08"},{"lineNumber":160,"author":{"gitId":"FeliciaBeatrice"},"content":"            throw new DukeException();","lastModifiedDate":"2022-09-08"},{"lineNumber":161,"author":{"gitId":"FeliciaBeatrice"},"content":"        }","lastModifiedDate":"2022-09-08"},{"lineNumber":162,"author":{"gitId":"FeliciaBeatrice"},"content":"","lastModifiedDate":"2022-09-08"},{"lineNumber":163,"author":{"gitId":"FeliciaBeatrice"},"content":"        Task newTask \u003d new Task(\"\");","lastModifiedDate":"2022-09-08"},{"lineNumber":164,"author":{"gitId":"FeliciaBeatrice"},"content":"","lastModifiedDate":"2022-09-08"},{"lineNumber":165,"author":{"gitId":"FeliciaBeatrice"},"content":"        switch (firstWord) {","lastModifiedDate":"2022-09-16"},{"lineNumber":166,"author":{"gitId":"FeliciaBeatrice"},"content":"        case \"todo\" :","lastModifiedDate":"2022-09-08"},{"lineNumber":167,"author":{"gitId":"FeliciaBeatrice"},"content":"            newTask \u003d new Todo(command.substring(5));","lastModifiedDate":"2022-09-08"},{"lineNumber":168,"author":{"gitId":"FeliciaBeatrice"},"content":"            break;","lastModifiedDate":"2022-09-08"},{"lineNumber":169,"author":{"gitId":"FeliciaBeatrice"},"content":"        case \"deadline\" :","lastModifiedDate":"2022-09-08"},{"lineNumber":170,"author":{"gitId":"FeliciaBeatrice"},"content":"            String deadlineWords[] \u003d command.substring(8).split(\"/\");","lastModifiedDate":"2022-09-08"},{"lineNumber":171,"author":{"gitId":"FeliciaBeatrice"},"content":"            newTask \u003d new Deadline(deadlineWords[0].trim(), deadlineWords[1].substring(3));","lastModifiedDate":"2022-09-08"},{"lineNumber":172,"author":{"gitId":"FeliciaBeatrice"},"content":"            break;","lastModifiedDate":"2022-09-08"},{"lineNumber":173,"author":{"gitId":"FeliciaBeatrice"},"content":"        case \"event\" :","lastModifiedDate":"2022-09-08"},{"lineNumber":174,"author":{"gitId":"FeliciaBeatrice"},"content":"            String eventWords[] \u003d command.substring(6).split(\"/\");","lastModifiedDate":"2022-09-08"},{"lineNumber":175,"author":{"gitId":"FeliciaBeatrice"},"content":"            newTask \u003d new Event(eventWords[0].trim(), eventWords[1].substring(3));","lastModifiedDate":"2022-09-08"},{"lineNumber":176,"author":{"gitId":"FeliciaBeatrice"},"content":"            break;","lastModifiedDate":"2022-09-08"},{"lineNumber":177,"author":{"gitId":"FeliciaBeatrice"},"content":"        }","lastModifiedDate":"2022-09-08"},{"lineNumber":178,"author":{"gitId":"FeliciaBeatrice"},"content":"        return newTask;","lastModifiedDate":"2022-09-08"},{"lineNumber":179,"author":{"gitId":"FeliciaBeatrice"},"content":"    }","lastModifiedDate":"2022-09-08"},{"lineNumber":180,"author":{"gitId":"FeliciaBeatrice"},"content":"","lastModifiedDate":"2022-09-08"},{"lineNumber":181,"author":{"gitId":"FeliciaBeatrice"},"content":"    public static void addTask(Task currentTask, boolean isFile) {","lastModifiedDate":"2022-09-15"},{"lineNumber":182,"author":{"gitId":"FeliciaBeatrice"},"content":"        tasks.add(currentTask);","lastModifiedDate":"2022-09-15"},{"lineNumber":183,"author":{"gitId":"FeliciaBeatrice"},"content":"        numberOfTasks++;","lastModifiedDate":"2022-09-15"},{"lineNumber":184,"author":{"gitId":"FeliciaBeatrice"},"content":"","lastModifiedDate":"2022-08-25"},{"lineNumber":185,"author":{"gitId":"FeliciaBeatrice"},"content":"        if (!isFile) {","lastModifiedDate":"2022-09-15"},{"lineNumber":186,"author":{"gitId":"FeliciaBeatrice"},"content":"            printDivider();","lastModifiedDate":"2022-08-25"},{"lineNumber":187,"author":{"gitId":"FeliciaBeatrice"},"content":"            System.out.println(\"\\tGot it! (๑˃ᴗ˂)ﻭ I\u0027ve added this task:\");","lastModifiedDate":"2022-08-31"},{"lineNumber":188,"author":{"gitId":"FeliciaBeatrice"},"content":"            System.out.print(\"\\t  \");","lastModifiedDate":"2022-08-31"},{"lineNumber":189,"author":{"gitId":"FeliciaBeatrice"},"content":"            System.out.println(currentTask);","lastModifiedDate":"2022-09-02"},{"lineNumber":190,"author":{"gitId":"FeliciaBeatrice"},"content":"            System.out.println(\"\\tNow you have \" + Integer.toString(numberOfTasks) + \" task(s) in the list! 凸(￣ヘ￣)\");","lastModifiedDate":"2022-09-15"},{"lineNumber":191,"author":{"gitId":"FeliciaBeatrice"},"content":"            System.out.println(\"\");","lastModifiedDate":"2022-08-31"},{"lineNumber":192,"author":{"gitId":"FeliciaBeatrice"},"content":"            printDivider();","lastModifiedDate":"2022-08-25"},{"lineNumber":193,"author":{"gitId":"FeliciaBeatrice"},"content":"        }","lastModifiedDate":"2022-08-25"},{"lineNumber":194,"author":{"gitId":"FeliciaBeatrice"},"content":"    }","lastModifiedDate":"2022-09-15"},{"lineNumber":195,"author":{"gitId":"FeliciaBeatrice"},"content":"","lastModifiedDate":"2022-09-15"},{"lineNumber":196,"author":{"gitId":"FeliciaBeatrice"},"content":"    public static void removeTask(int index) {","lastModifiedDate":"2022-09-15"},{"lineNumber":197,"author":{"gitId":"FeliciaBeatrice"},"content":"        try {","lastModifiedDate":"2022-09-15"},{"lineNumber":198,"author":{"gitId":"FeliciaBeatrice"},"content":"            Task removedTask \u003d tasks.get(index);","lastModifiedDate":"2022-09-15"},{"lineNumber":199,"author":{"gitId":"FeliciaBeatrice"},"content":"            tasks.remove(index);","lastModifiedDate":"2022-09-15"},{"lineNumber":200,"author":{"gitId":"FeliciaBeatrice"},"content":"            numberOfTasks--;","lastModifiedDate":"2022-09-15"},{"lineNumber":201,"author":{"gitId":"FeliciaBeatrice"},"content":"","lastModifiedDate":"2022-09-15"},{"lineNumber":202,"author":{"gitId":"FeliciaBeatrice"},"content":"            printDivider();","lastModifiedDate":"2022-09-15"},{"lineNumber":203,"author":{"gitId":"FeliciaBeatrice"},"content":"            System.out.println(\"\\tNoted! (๑˃ᴗ˂)ﻭ I\u0027ve removed this task:\");","lastModifiedDate":"2022-09-15"},{"lineNumber":204,"author":{"gitId":"FeliciaBeatrice"},"content":"            System.out.print(\"\\t  \");","lastModifiedDate":"2022-09-15"},{"lineNumber":205,"author":{"gitId":"FeliciaBeatrice"},"content":"            System.out.println(removedTask);","lastModifiedDate":"2022-09-15"},{"lineNumber":206,"author":{"gitId":"FeliciaBeatrice"},"content":"            System.out.println(\"\\tNow you have \" + numberOfTasks + \" task(s) in the list! 凸(￣ヘ￣)\");","lastModifiedDate":"2022-09-15"},{"lineNumber":207,"author":{"gitId":"FeliciaBeatrice"},"content":"            System.out.println(\"\");","lastModifiedDate":"2022-09-15"},{"lineNumber":208,"author":{"gitId":"FeliciaBeatrice"},"content":"            printDivider();","lastModifiedDate":"2022-09-15"},{"lineNumber":209,"author":{"gitId":"FeliciaBeatrice"},"content":"        } catch (IndexOutOfBoundsException e) {","lastModifiedDate":"2022-09-15"},{"lineNumber":210,"author":{"gitId":"FeliciaBeatrice"},"content":"            printExceptionMessage(EXCEPTION_3);","lastModifiedDate":"2022-09-15"},{"lineNumber":211,"author":{"gitId":"FeliciaBeatrice"},"content":"        }","lastModifiedDate":"2022-09-15"},{"lineNumber":212,"author":{"gitId":"FeliciaBeatrice"},"content":"    }","lastModifiedDate":"2022-09-15"},{"lineNumber":213,"author":{"gitId":"FeliciaBeatrice"},"content":"","lastModifiedDate":"2022-09-15"},{"lineNumber":214,"author":{"gitId":"FeliciaBeatrice"},"content":"    public static void printList() {","lastModifiedDate":"2022-08-25"},{"lineNumber":215,"author":{"gitId":"FeliciaBeatrice"},"content":"        printDivider();","lastModifiedDate":"2022-08-25"},{"lineNumber":216,"author":{"gitId":"FeliciaBeatrice"},"content":"        System.out.println(\"\\tHere are the tasks in your list:\");","lastModifiedDate":"2022-08-26"},{"lineNumber":217,"author":{"gitId":"FeliciaBeatrice"},"content":"        for (int i \u003d 0; i \u003c numberOfTasks; i++) {","lastModifiedDate":"2022-09-15"},{"lineNumber":218,"author":{"gitId":"FeliciaBeatrice"},"content":"            System.out.print(\"\\t\" + (i + 1) + \".\");","lastModifiedDate":"2022-09-15"},{"lineNumber":219,"author":{"gitId":"FeliciaBeatrice"},"content":"            System.out.println(tasks.get(i));","lastModifiedDate":"2022-09-15"},{"lineNumber":220,"author":{"gitId":"FeliciaBeatrice"},"content":"        }","lastModifiedDate":"2022-08-25"},{"lineNumber":221,"author":{"gitId":"FeliciaBeatrice"},"content":"        System.out.println();","lastModifiedDate":"2022-08-18"},{"lineNumber":222,"author":{"gitId":"FeliciaBeatrice"},"content":"        printDivider();","lastModifiedDate":"2022-08-25"},{"lineNumber":223,"author":{"gitId":"FeliciaBeatrice"},"content":"    }","lastModifiedDate":"2022-08-25"},{"lineNumber":224,"author":{"gitId":"FeliciaBeatrice"},"content":"","lastModifiedDate":"2022-08-25"},{"lineNumber":225,"author":{"gitId":"FeliciaBeatrice"},"content":"    public static void markAsDone(String index, boolean isFile) {","lastModifiedDate":"2022-09-16"},{"lineNumber":226,"author":{"gitId":"FeliciaBeatrice"},"content":"        try {","lastModifiedDate":"2022-09-08"},{"lineNumber":227,"author":{"gitId":"FeliciaBeatrice"},"content":"            Task currentTask \u003d tasks.get(Integer.parseInt(index) - 1);","lastModifiedDate":"2022-09-15"},{"lineNumber":228,"author":{"gitId":"FeliciaBeatrice"},"content":"            currentTask.markAsDone();","lastModifiedDate":"2022-08-25"},{"lineNumber":229,"author":{"gitId":"FeliciaBeatrice"},"content":"            rewriteFile();","lastModifiedDate":"2022-09-16"},{"lineNumber":230,"author":{"gitId":"FeliciaBeatrice"},"content":"","lastModifiedDate":"2022-08-25"},{"lineNumber":231,"author":{"gitId":"FeliciaBeatrice"},"content":"            if (!isFile) {","lastModifiedDate":"2022-09-16"},{"lineNumber":232,"author":{"gitId":"FeliciaBeatrice"},"content":"                printDivider();","lastModifiedDate":"2022-08-25"},{"lineNumber":233,"author":{"gitId":"FeliciaBeatrice"},"content":"                System.out.println(\"\\tNice! (〃＾▽＾〃) I\u0027ve marked this task as done:\");","lastModifiedDate":"2022-08-31"},{"lineNumber":234,"author":{"gitId":"FeliciaBeatrice"},"content":"                System.out.println(\"\\t  [\" + currentTask.getStatusIcon() + \"] \" + currentTask.description);","lastModifiedDate":"2022-08-26"},{"lineNumber":235,"author":{"gitId":"FeliciaBeatrice"},"content":"                System.out.println(\"\\tWell done completing your task, friend! (ﾉ◕ヮ◕)ﾉ*:･ﾟ✧\");","lastModifiedDate":"2022-08-31"},{"lineNumber":236,"author":{"gitId":"FeliciaBeatrice"},"content":"                System.out.println(\"\");","lastModifiedDate":"2022-08-25"},{"lineNumber":237,"author":{"gitId":"FeliciaBeatrice"},"content":"                printDivider();","lastModifiedDate":"2022-08-25"},{"lineNumber":238,"author":{"gitId":"FeliciaBeatrice"},"content":"            }","lastModifiedDate":"2022-09-16"},{"lineNumber":239,"author":{"gitId":"FeliciaBeatrice"},"content":"        } catch (NullPointerException e) {","lastModifiedDate":"2022-09-08"},{"lineNumber":240,"author":{"gitId":"FeliciaBeatrice"},"content":"            printExceptionMessage(EXCEPTION_3);","lastModifiedDate":"2022-09-08"},{"lineNumber":241,"author":{"gitId":"FeliciaBeatrice"},"content":"        } catch (IOException e) {","lastModifiedDate":"2022-09-16"},{"lineNumber":242,"author":{"gitId":"FeliciaBeatrice"},"content":"            printExceptionMessage(EXCEPTION_4);","lastModifiedDate":"2022-09-16"},{"lineNumber":243,"author":{"gitId":"FeliciaBeatrice"},"content":"        }","lastModifiedDate":"2022-09-08"},{"lineNumber":244,"author":{"gitId":"FeliciaBeatrice"},"content":"    }","lastModifiedDate":"2022-08-25"},{"lineNumber":245,"author":{"gitId":"FeliciaBeatrice"},"content":"","lastModifiedDate":"2022-08-25"},{"lineNumber":246,"author":{"gitId":"FeliciaBeatrice"},"content":"    public static void markAsUndone(String index, boolean isFile) {","lastModifiedDate":"2022-09-16"},{"lineNumber":247,"author":{"gitId":"FeliciaBeatrice"},"content":"        try {","lastModifiedDate":"2022-09-08"},{"lineNumber":248,"author":{"gitId":"FeliciaBeatrice"},"content":"            Task currentTask \u003d tasks.get(Integer.parseInt(index) - 1);","lastModifiedDate":"2022-09-15"},{"lineNumber":249,"author":{"gitId":"FeliciaBeatrice"},"content":"            currentTask.markAsUndone();","lastModifiedDate":"2022-08-25"},{"lineNumber":250,"author":{"gitId":"FeliciaBeatrice"},"content":"            rewriteFile();","lastModifiedDate":"2022-09-16"},{"lineNumber":251,"author":{"gitId":"FeliciaBeatrice"},"content":"","lastModifiedDate":"2022-08-25"},{"lineNumber":252,"author":{"gitId":"FeliciaBeatrice"},"content":"            if (!isFile) {","lastModifiedDate":"2022-09-16"},{"lineNumber":253,"author":{"gitId":"FeliciaBeatrice"},"content":"                printDivider();","lastModifiedDate":"2022-08-25"},{"lineNumber":254,"author":{"gitId":"FeliciaBeatrice"},"content":"                System.out.println(\"\\tOK, I\u0027ve marked this task as not done yet:\");","lastModifiedDate":"2022-08-26"},{"lineNumber":255,"author":{"gitId":"FeliciaBeatrice"},"content":"                System.out.println(\"\\t  [\" + currentTask.getStatusIcon() + \"] \" + currentTask.description);","lastModifiedDate":"2022-08-26"},{"lineNumber":256,"author":{"gitId":"FeliciaBeatrice"},"content":"                System.out.println(\"\\tYou better stop procrastinating, friend.. (╥﹏╥)\");","lastModifiedDate":"2022-08-31"},{"lineNumber":257,"author":{"gitId":"FeliciaBeatrice"},"content":"                System.out.println(\"\");","lastModifiedDate":"2022-08-25"},{"lineNumber":258,"author":{"gitId":"FeliciaBeatrice"},"content":"                printDivider();","lastModifiedDate":"2022-08-25"},{"lineNumber":259,"author":{"gitId":"FeliciaBeatrice"},"content":"            }","lastModifiedDate":"2022-09-16"},{"lineNumber":260,"author":{"gitId":"FeliciaBeatrice"},"content":"        } catch (NullPointerException e) {","lastModifiedDate":"2022-09-08"},{"lineNumber":261,"author":{"gitId":"FeliciaBeatrice"},"content":"            printExceptionMessage(EXCEPTION_3);","lastModifiedDate":"2022-09-08"},{"lineNumber":262,"author":{"gitId":"FeliciaBeatrice"},"content":"        } catch (IOException e) {","lastModifiedDate":"2022-09-16"},{"lineNumber":263,"author":{"gitId":"FeliciaBeatrice"},"content":"            printExceptionMessage(EXCEPTION_4);","lastModifiedDate":"2022-09-16"},{"lineNumber":264,"author":{"gitId":"FeliciaBeatrice"},"content":"        }","lastModifiedDate":"2022-09-08"},{"lineNumber":265,"author":{"gitId":"FeliciaBeatrice"},"content":"    }","lastModifiedDate":"2022-08-25"},{"lineNumber":266,"author":{"gitId":"FeliciaBeatrice"},"content":"","lastModifiedDate":"2022-08-25"},{"lineNumber":267,"author":{"gitId":"FeliciaBeatrice"},"content":"    public static void main(String[] args) {","lastModifiedDate":"2022-08-25"},{"lineNumber":268,"author":{"gitId":"FeliciaBeatrice"},"content":"        try {","lastModifiedDate":"2022-09-15"},{"lineNumber":269,"author":{"gitId":"FeliciaBeatrice"},"content":"            readFile();","lastModifiedDate":"2022-09-15"},{"lineNumber":270,"author":{"gitId":"FeliciaBeatrice"},"content":"        } catch (FileNotFoundException e) {","lastModifiedDate":"2022-09-15"},{"lineNumber":271,"author":{"gitId":"FeliciaBeatrice"},"content":"            printExceptionMessage(EXCEPTION_4);","lastModifiedDate":"2022-09-15"},{"lineNumber":272,"author":{"gitId":"FeliciaBeatrice"},"content":"        }","lastModifiedDate":"2022-09-15"},{"lineNumber":273,"author":{"gitId":"FeliciaBeatrice"},"content":"","lastModifiedDate":"2022-09-15"},{"lineNumber":274,"author":{"gitId":"FeliciaBeatrice"},"content":"        printGreeting();","lastModifiedDate":"2022-08-25"},{"lineNumber":275,"author":{"gitId":"FeliciaBeatrice"},"content":"","lastModifiedDate":"2022-08-25"},{"lineNumber":276,"author":{"gitId":"FeliciaBeatrice"},"content":"        String userInput \u003d \"\";","lastModifiedDate":"2022-08-25"},{"lineNumber":277,"author":{"gitId":"FeliciaBeatrice"},"content":"","lastModifiedDate":"2022-08-25"},{"lineNumber":278,"author":{"gitId":"FeliciaBeatrice"},"content":"        while (!userInput.equals(\"bye\")) {","lastModifiedDate":"2022-08-25"},{"lineNumber":279,"author":{"gitId":"FeliciaBeatrice"},"content":"            //Input the task from the user","lastModifiedDate":"2022-09-01"},{"lineNumber":280,"author":{"gitId":"FeliciaBeatrice"},"content":"            Scanner in \u003d new Scanner(System.in);","lastModifiedDate":"2022-08-25"},{"lineNumber":281,"author":{"gitId":"FeliciaBeatrice"},"content":"            userInput \u003d in.nextLine();","lastModifiedDate":"2022-08-25"},{"lineNumber":282,"author":{"gitId":"FeliciaBeatrice"},"content":"            //Exit the loop immediately if the user input is \"bye\"","lastModifiedDate":"2022-09-08"},{"lineNumber":283,"author":{"gitId":"FeliciaBeatrice"},"content":"            if (userInput.equals(\"bye\")) {","lastModifiedDate":"2022-08-25"},{"lineNumber":284,"author":{"gitId":"FeliciaBeatrice"},"content":"                break;","lastModifiedDate":"2022-08-25"},{"lineNumber":285,"author":{"gitId":"FeliciaBeatrice"},"content":"            }","lastModifiedDate":"2022-08-25"},{"lineNumber":286,"author":{"gitId":"FeliciaBeatrice"},"content":"            try {","lastModifiedDate":"2022-09-08"},{"lineNumber":287,"author":{"gitId":"FeliciaBeatrice"},"content":"                performAction(userInput);","lastModifiedDate":"2022-09-16"},{"lineNumber":288,"author":{"gitId":"FeliciaBeatrice"},"content":"            } catch (DukeException e) {","lastModifiedDate":"2022-09-08"},{"lineNumber":289,"author":{"gitId":"FeliciaBeatrice"},"content":"                printExceptionMessage(EXCEPTION_2);","lastModifiedDate":"2022-09-08"},{"lineNumber":290,"author":{"gitId":"FeliciaBeatrice"},"content":"            }","lastModifiedDate":"2022-08-25"},{"lineNumber":291,"author":{"gitId":"FeliciaBeatrice"},"content":"        }","lastModifiedDate":"2022-08-25"},{"lineNumber":292,"author":{"gitId":"FeliciaBeatrice"},"content":"","lastModifiedDate":"2022-08-25"},{"lineNumber":293,"author":{"gitId":"FeliciaBeatrice"},"content":"        printExitMessage();","lastModifiedDate":"2022-08-25"},{"lineNumber":294,"author":{"gitId":"-"},"content":"    }","lastModifiedDate":"2019-07-29"},{"lineNumber":295,"author":{"gitId":"-"},"content":"}","lastModifiedDate":"2019-07-29"}],"authorContributionMap":{"FeliciaBeatrice":292,"-":3}},{"path":"src/main/java/duke/DukeException.java","fileType":"java","lines":[{"lineNumber":1,"author":{"gitId":"FeliciaBeatrice"},"content":"package duke;","lastModifiedDate":"2022-09-08"},{"lineNumber":2,"author":{"gitId":"FeliciaBeatrice"},"content":"","lastModifiedDate":"2022-09-08"},{"lineNumber":3,"author":{"gitId":"FeliciaBeatrice"},"content":"public class DukeException extends Exception{","lastModifiedDate":"2022-09-08"},{"lineNumber":4,"author":{"gitId":"FeliciaBeatrice"},"content":"    //no other code needed","lastModifiedDate":"2022-09-08"},{"lineNumber":5,"author":{"gitId":"FeliciaBeatrice"},"content":"}","lastModifiedDate":"2022-09-08"}],"authorContributionMap":{"FeliciaBeatrice":5}},{"path":"src/main/java/duke/Event.java","fileType":"java","lines":[{"lineNumber":1,"author":{"gitId":"FeliciaBeatrice"},"content":"package duke;","lastModifiedDate":"2022-09-08"},{"lineNumber":2,"author":{"gitId":"FeliciaBeatrice"},"content":"","lastModifiedDate":"2022-09-08"},{"lineNumber":3,"author":{"gitId":"FeliciaBeatrice"},"content":"public class Event extends Task {","lastModifiedDate":"2022-08-31"},{"lineNumber":4,"author":{"gitId":"FeliciaBeatrice"},"content":"    protected String at;","lastModifiedDate":"2022-08-31"},{"lineNumber":5,"author":{"gitId":"FeliciaBeatrice"},"content":"","lastModifiedDate":"2022-08-31"},{"lineNumber":6,"author":{"gitId":"FeliciaBeatrice"},"content":"    public Event(String description, String at) {","lastModifiedDate":"2022-08-31"},{"lineNumber":7,"author":{"gitId":"FeliciaBeatrice"},"content":"        super(description);","lastModifiedDate":"2022-08-31"},{"lineNumber":8,"author":{"gitId":"FeliciaBeatrice"},"content":"        this.at \u003d at;","lastModifiedDate":"2022-08-31"},{"lineNumber":9,"author":{"gitId":"FeliciaBeatrice"},"content":"    }","lastModifiedDate":"2022-08-31"},{"lineNumber":10,"author":{"gitId":"FeliciaBeatrice"},"content":"","lastModifiedDate":"2022-08-31"},{"lineNumber":11,"author":{"gitId":"FeliciaBeatrice"},"content":"    @Override","lastModifiedDate":"2022-08-31"},{"lineNumber":12,"author":{"gitId":"FeliciaBeatrice"},"content":"    public String toString() {","lastModifiedDate":"2022-08-31"},{"lineNumber":13,"author":{"gitId":"FeliciaBeatrice"},"content":"        return \"[E]\" + super.toString() + \" (at: \" + at + \")\";","lastModifiedDate":"2022-08-31"},{"lineNumber":14,"author":{"gitId":"FeliciaBeatrice"},"content":"    }","lastModifiedDate":"2022-08-31"},{"lineNumber":15,"author":{"gitId":"FeliciaBeatrice"},"content":"}","lastModifiedDate":"2022-08-31"}],"authorContributionMap":{"FeliciaBeatrice":15}},{"path":"src/main/java/duke/Task.java","fileType":"java","lines":[{"lineNumber":1,"author":{"gitId":"FeliciaBeatrice"},"content":"package duke;","lastModifiedDate":"2022-09-08"},{"lineNumber":2,"author":{"gitId":"FeliciaBeatrice"},"content":"","lastModifiedDate":"2022-09-08"},{"lineNumber":3,"author":{"gitId":"FeliciaBeatrice"},"content":"public class Task {","lastModifiedDate":"2022-08-25"},{"lineNumber":4,"author":{"gitId":"FeliciaBeatrice"},"content":"    protected String description;","lastModifiedDate":"2022-08-25"},{"lineNumber":5,"author":{"gitId":"FeliciaBeatrice"},"content":"    protected boolean isDone;","lastModifiedDate":"2022-08-25"},{"lineNumber":6,"author":{"gitId":"FeliciaBeatrice"},"content":"","lastModifiedDate":"2022-08-25"},{"lineNumber":7,"author":{"gitId":"FeliciaBeatrice"},"content":"    public Task(String description) {","lastModifiedDate":"2022-08-25"},{"lineNumber":8,"author":{"gitId":"FeliciaBeatrice"},"content":"        this.description \u003d description;","lastModifiedDate":"2022-08-25"},{"lineNumber":9,"author":{"gitId":"FeliciaBeatrice"},"content":"        this.isDone \u003d false;","lastModifiedDate":"2022-08-25"},{"lineNumber":10,"author":{"gitId":"FeliciaBeatrice"},"content":"    }","lastModifiedDate":"2022-08-25"},{"lineNumber":11,"author":{"gitId":"FeliciaBeatrice"},"content":"","lastModifiedDate":"2022-08-25"},{"lineNumber":12,"author":{"gitId":"FeliciaBeatrice"},"content":"    public String getStatusIcon() {","lastModifiedDate":"2022-08-25"},{"lineNumber":13,"author":{"gitId":"FeliciaBeatrice"},"content":"        return (isDone ? \"X\" : \" \");","lastModifiedDate":"2022-08-25"},{"lineNumber":14,"author":{"gitId":"FeliciaBeatrice"},"content":"    }","lastModifiedDate":"2022-08-25"},{"lineNumber":15,"author":{"gitId":"FeliciaBeatrice"},"content":"","lastModifiedDate":"2022-08-25"},{"lineNumber":16,"author":{"gitId":"FeliciaBeatrice"},"content":"    public void markAsDone() {","lastModifiedDate":"2022-08-25"},{"lineNumber":17,"author":{"gitId":"FeliciaBeatrice"},"content":"        isDone \u003d true;","lastModifiedDate":"2022-08-25"},{"lineNumber":18,"author":{"gitId":"FeliciaBeatrice"},"content":"    }","lastModifiedDate":"2022-08-25"},{"lineNumber":19,"author":{"gitId":"FeliciaBeatrice"},"content":"","lastModifiedDate":"2022-08-25"},{"lineNumber":20,"author":{"gitId":"FeliciaBeatrice"},"content":"    public void markAsUndone() {","lastModifiedDate":"2022-08-25"},{"lineNumber":21,"author":{"gitId":"FeliciaBeatrice"},"content":"        isDone \u003d false;","lastModifiedDate":"2022-08-25"},{"lineNumber":22,"author":{"gitId":"FeliciaBeatrice"},"content":"    }","lastModifiedDate":"2022-08-25"},{"lineNumber":23,"author":{"gitId":"FeliciaBeatrice"},"content":"","lastModifiedDate":"2022-08-31"},{"lineNumber":24,"author":{"gitId":"FeliciaBeatrice"},"content":"    @Override","lastModifiedDate":"2022-08-31"},{"lineNumber":25,"author":{"gitId":"FeliciaBeatrice"},"content":"    public String toString() {","lastModifiedDate":"2022-08-31"},{"lineNumber":26,"author":{"gitId":"FeliciaBeatrice"},"content":"        return \"[\" + getStatusIcon() + \"] \" + description;","lastModifiedDate":"2022-08-31"},{"lineNumber":27,"author":{"gitId":"FeliciaBeatrice"},"content":"    }","lastModifiedDate":"2022-08-31"},{"lineNumber":28,"author":{"gitId":"FeliciaBeatrice"},"content":"}","lastModifiedDate":"2022-08-25"}],"authorContributionMap":{"FeliciaBeatrice":28}},{"path":"src/main/java/duke/Todo.java","fileType":"java","lines":[{"lineNumber":1,"author":{"gitId":"FeliciaBeatrice"},"content":"package duke;","lastModifiedDate":"2022-09-08"},{"lineNumber":2,"author":{"gitId":"FeliciaBeatrice"},"content":"","lastModifiedDate":"2022-09-08"},{"lineNumber":3,"author":{"gitId":"FeliciaBeatrice"},"content":"public class Todo extends Task {","lastModifiedDate":"2022-08-31"},{"lineNumber":4,"author":{"gitId":"FeliciaBeatrice"},"content":"    public Todo(String description) {","lastModifiedDate":"2022-08-31"},{"lineNumber":5,"author":{"gitId":"FeliciaBeatrice"},"content":"        super(description);","lastModifiedDate":"2022-08-31"},{"lineNumber":6,"author":{"gitId":"FeliciaBeatrice"},"content":"    }","lastModifiedDate":"2022-08-31"},{"lineNumber":7,"author":{"gitId":"FeliciaBeatrice"},"content":"","lastModifiedDate":"2022-08-31"},{"lineNumber":8,"author":{"gitId":"FeliciaBeatrice"},"content":"    @Override","lastModifiedDate":"2022-08-31"},{"lineNumber":9,"author":{"gitId":"FeliciaBeatrice"},"content":"    public String toString() {","lastModifiedDate":"2022-08-31"},{"lineNumber":10,"author":{"gitId":"FeliciaBeatrice"},"content":"        return \"[T]\" + super.toString();","lastModifiedDate":"2022-08-31"},{"lineNumber":11,"author":{"gitId":"FeliciaBeatrice"},"content":"    }","lastModifiedDate":"2022-08-31"},{"lineNumber":12,"author":{"gitId":"FeliciaBeatrice"},"content":"}","lastModifiedDate":"2022-08-31"}],"authorContributionMap":{"FeliciaBeatrice":12}},{"path":"text-ui-test/input.txt","fileType":"txt","lines":[{"lineNumber":1,"author":{"gitId":"FeliciaBeatrice"},"content":"todo eat food","lastModifiedDate":"2022-09-08"},{"lineNumber":2,"author":{"gitId":"FeliciaBeatrice"},"content":"deadline do assignment /by tomorrow","lastModifiedDate":"2022-09-08"},{"lineNumber":3,"author":{"gitId":"FeliciaBeatrice"},"content":"event cs1231 quiz /at next week","lastModifiedDate":"2022-09-08"},{"lineNumber":4,"author":{"gitId":"FeliciaBeatrice"},"content":"list","lastModifiedDate":"2022-09-08"},{"lineNumber":5,"author":{"gitId":"FeliciaBeatrice"},"content":"mark 2","lastModifiedDate":"2022-09-08"},{"lineNumber":6,"author":{"gitId":"FeliciaBeatrice"},"content":"list","lastModifiedDate":"2022-09-08"},{"lineNumber":7,"author":{"gitId":"FeliciaBeatrice"},"content":"unmark 2","lastModifiedDate":"2022-09-08"},{"lineNumber":8,"author":{"gitId":"FeliciaBeatrice"},"content":"list","lastModifiedDate":"2022-09-08"},{"lineNumber":9,"author":{"gitId":"FeliciaBeatrice"},"content":"bye","lastModifiedDate":"2022-09-08"}],"authorContributionMap":{"FeliciaBeatrice":9}}]
