[{"path":"src/main/java/Deadline.java","fileType":"java","lines":[{"lineNumber":1,"author":{"gitId":"FeliciaBeatrice"},"content":"public class Deadline extends Task {","lastModifiedDate":"2022-08-31"},{"lineNumber":2,"author":{"gitId":"FeliciaBeatrice"},"content":"    protected String by;","lastModifiedDate":"2022-08-31"},{"lineNumber":3,"author":{"gitId":"FeliciaBeatrice"},"content":"","lastModifiedDate":"2022-08-31"},{"lineNumber":4,"author":{"gitId":"FeliciaBeatrice"},"content":"    public Deadline(String description, String by) {","lastModifiedDate":"2022-08-31"},{"lineNumber":5,"author":{"gitId":"FeliciaBeatrice"},"content":"        super(description);","lastModifiedDate":"2022-08-31"},{"lineNumber":6,"author":{"gitId":"FeliciaBeatrice"},"content":"        this.by \u003d by;","lastModifiedDate":"2022-08-31"},{"lineNumber":7,"author":{"gitId":"FeliciaBeatrice"},"content":"    }","lastModifiedDate":"2022-08-31"},{"lineNumber":8,"author":{"gitId":"FeliciaBeatrice"},"content":"","lastModifiedDate":"2022-08-31"},{"lineNumber":9,"author":{"gitId":"FeliciaBeatrice"},"content":"    @Override","lastModifiedDate":"2022-08-31"},{"lineNumber":10,"author":{"gitId":"FeliciaBeatrice"},"content":"    public String toString() {","lastModifiedDate":"2022-08-31"},{"lineNumber":11,"author":{"gitId":"FeliciaBeatrice"},"content":"        return \"[D]\" + super.toString() + \" (by: \" + by + \")\";","lastModifiedDate":"2022-08-31"},{"lineNumber":12,"author":{"gitId":"FeliciaBeatrice"},"content":"    }","lastModifiedDate":"2022-08-31"},{"lineNumber":13,"author":{"gitId":"FeliciaBeatrice"},"content":"}","lastModifiedDate":"2022-08-31"}],"authorContributionMap":{"FeliciaBeatrice":13}},{"path":"src/main/java/Duke.java","fileType":"java","lines":[{"lineNumber":1,"author":{"gitId":"FeliciaBeatrice"},"content":"import java.util.Scanner;","lastModifiedDate":"2022-08-25"},{"lineNumber":2,"author":{"gitId":"FeliciaBeatrice"},"content":"","lastModifiedDate":"2022-08-25"},{"lineNumber":3,"author":{"gitId":"-"},"content":"public class Duke {","lastModifiedDate":"2019-07-29"},{"lineNumber":4,"author":{"gitId":"FeliciaBeatrice"},"content":"    public static Task[] tasks \u003d new Task[100];","lastModifiedDate":"2022-08-31"},{"lineNumber":5,"author":{"gitId":"FeliciaBeatrice"},"content":"    public static int position \u003d 0;","lastModifiedDate":"2022-08-25"},{"lineNumber":6,"author":{"gitId":"FeliciaBeatrice"},"content":"","lastModifiedDate":"2022-08-25"},{"lineNumber":7,"author":{"gitId":"FeliciaBeatrice"},"content":"    public static void printDivider() {","lastModifiedDate":"2022-08-25"},{"lineNumber":8,"author":{"gitId":"FeliciaBeatrice"},"content":"        System.out.println(\"\\t----------------------------------------------------\");","lastModifiedDate":"2022-08-26"},{"lineNumber":9,"author":{"gitId":"FeliciaBeatrice"},"content":"    }","lastModifiedDate":"2022-08-25"},{"lineNumber":10,"author":{"gitId":"FeliciaBeatrice"},"content":"","lastModifiedDate":"2022-08-25"},{"lineNumber":11,"author":{"gitId":"FeliciaBeatrice"},"content":"    public static void printGreeting() {","lastModifiedDate":"2022-08-25"},{"lineNumber":12,"author":{"gitId":"FeliciaBeatrice"},"content":"        printDivider();","lastModifiedDate":"2022-08-25"},{"lineNumber":13,"author":{"gitId":"FeliciaBeatrice"},"content":"        System.out.println(\"\\tHello! I\u0027m Albot, your new best friend! ᕙ(`▿´)ᕗ\");","lastModifiedDate":"2022-08-26"},{"lineNumber":14,"author":{"gitId":"FeliciaBeatrice"},"content":"        System.out.println(\"\\tWhat can I do for you today, friend? ʕ•́ᴥ•̀ʔっ♡\");","lastModifiedDate":"2022-08-26"},{"lineNumber":15,"author":{"gitId":"FeliciaBeatrice"},"content":"        System.out.println();","lastModifiedDate":"2022-08-18"},{"lineNumber":16,"author":{"gitId":"FeliciaBeatrice"},"content":"        printDivider();","lastModifiedDate":"2022-08-25"},{"lineNumber":17,"author":{"gitId":"FeliciaBeatrice"},"content":"    }","lastModifiedDate":"2022-08-25"},{"lineNumber":18,"author":{"gitId":"FeliciaBeatrice"},"content":"","lastModifiedDate":"2022-08-25"},{"lineNumber":19,"author":{"gitId":"FeliciaBeatrice"},"content":"    public static void printExitMessage() {","lastModifiedDate":"2022-08-25"},{"lineNumber":20,"author":{"gitId":"FeliciaBeatrice"},"content":"        printDivider();","lastModifiedDate":"2022-08-25"},{"lineNumber":21,"author":{"gitId":"FeliciaBeatrice"},"content":"        System.out.println(\"\\tAww, you\u0027re leaving already? I\u0027m gonna miss you (╥﹏╥)\");","lastModifiedDate":"2022-08-26"},{"lineNumber":22,"author":{"gitId":"FeliciaBeatrice"},"content":"        System.out.println(\"\\tBut anyways bye! Hope to see you again soon, friend! (ɔ◔‿◔)ɔ ♥\");","lastModifiedDate":"2022-08-26"},{"lineNumber":23,"author":{"gitId":"FeliciaBeatrice"},"content":"        System.out.println();","lastModifiedDate":"2022-08-25"},{"lineNumber":24,"author":{"gitId":"FeliciaBeatrice"},"content":"        printDivider();","lastModifiedDate":"2022-08-25"},{"lineNumber":25,"author":{"gitId":"FeliciaBeatrice"},"content":"    }","lastModifiedDate":"2022-08-25"},{"lineNumber":26,"author":{"gitId":"FeliciaBeatrice"},"content":"","lastModifiedDate":"2022-08-25"},{"lineNumber":27,"author":{"gitId":"FeliciaBeatrice"},"content":"    public static void addTodoToList(Todo currentTodo) {","lastModifiedDate":"2022-08-31"},{"lineNumber":28,"author":{"gitId":"FeliciaBeatrice"},"content":"        tasks[position] \u003d currentTodo;","lastModifiedDate":"2022-08-31"},{"lineNumber":29,"author":{"gitId":"FeliciaBeatrice"},"content":"        position++;","lastModifiedDate":"2022-08-25"},{"lineNumber":30,"author":{"gitId":"FeliciaBeatrice"},"content":"","lastModifiedDate":"2022-08-25"},{"lineNumber":31,"author":{"gitId":"FeliciaBeatrice"},"content":"        printDivider();","lastModifiedDate":"2022-08-25"},{"lineNumber":32,"author":{"gitId":"FeliciaBeatrice"},"content":"        System.out.println(\"\\tGot it! (๑˃ᴗ˂)ﻭ I\u0027ve added this task:\");","lastModifiedDate":"2022-08-31"},{"lineNumber":33,"author":{"gitId":"FeliciaBeatrice"},"content":"        System.out.print(\"\\t  \");","lastModifiedDate":"2022-08-31"},{"lineNumber":34,"author":{"gitId":"FeliciaBeatrice"},"content":"        System.out.println(currentTodo);","lastModifiedDate":"2022-08-31"},{"lineNumber":35,"author":{"gitId":"FeliciaBeatrice"},"content":"        System.out.println(\"\\tNow you have \" + Integer.toString(position) + \" tasks in the list! 凸(￣ヘ￣)\");","lastModifiedDate":"2022-08-31"},{"lineNumber":36,"author":{"gitId":"FeliciaBeatrice"},"content":"        System.out.println(\"\");","lastModifiedDate":"2022-08-31"},{"lineNumber":37,"author":{"gitId":"FeliciaBeatrice"},"content":"        printDivider();","lastModifiedDate":"2022-08-31"},{"lineNumber":38,"author":{"gitId":"FeliciaBeatrice"},"content":"    }","lastModifiedDate":"2022-08-31"},{"lineNumber":39,"author":{"gitId":"FeliciaBeatrice"},"content":"","lastModifiedDate":"2022-08-31"},{"lineNumber":40,"author":{"gitId":"FeliciaBeatrice"},"content":"    public static void addDeadlineToList(Deadline currentDeadline) {","lastModifiedDate":"2022-08-31"},{"lineNumber":41,"author":{"gitId":"FeliciaBeatrice"},"content":"        tasks[position] \u003d currentDeadline;","lastModifiedDate":"2022-08-31"},{"lineNumber":42,"author":{"gitId":"FeliciaBeatrice"},"content":"        position++;","lastModifiedDate":"2022-08-31"},{"lineNumber":43,"author":{"gitId":"FeliciaBeatrice"},"content":"","lastModifiedDate":"2022-08-31"},{"lineNumber":44,"author":{"gitId":"FeliciaBeatrice"},"content":"        printDivider();","lastModifiedDate":"2022-08-31"},{"lineNumber":45,"author":{"gitId":"FeliciaBeatrice"},"content":"        System.out.println(\"\\tGot it! (๑˃ᴗ˂)ﻭ I\u0027ve added this task:\");","lastModifiedDate":"2022-08-31"},{"lineNumber":46,"author":{"gitId":"FeliciaBeatrice"},"content":"        System.out.print(\"\\t  \");","lastModifiedDate":"2022-08-31"},{"lineNumber":47,"author":{"gitId":"FeliciaBeatrice"},"content":"        System.out.println(currentDeadline);","lastModifiedDate":"2022-08-31"},{"lineNumber":48,"author":{"gitId":"FeliciaBeatrice"},"content":"        System.out.println(\"\\tNow you have \" + Integer.toString(position) + \" tasks in the list! 凸(￣ヘ￣)\");","lastModifiedDate":"2022-08-31"},{"lineNumber":49,"author":{"gitId":"FeliciaBeatrice"},"content":"        System.out.println(\"\");","lastModifiedDate":"2022-08-31"},{"lineNumber":50,"author":{"gitId":"FeliciaBeatrice"},"content":"        printDivider();","lastModifiedDate":"2022-08-31"},{"lineNumber":51,"author":{"gitId":"FeliciaBeatrice"},"content":"    }","lastModifiedDate":"2022-08-31"},{"lineNumber":52,"author":{"gitId":"FeliciaBeatrice"},"content":"","lastModifiedDate":"2022-08-31"},{"lineNumber":53,"author":{"gitId":"FeliciaBeatrice"},"content":"    public static void addEventToList(Event currentEvent) {","lastModifiedDate":"2022-08-31"},{"lineNumber":54,"author":{"gitId":"FeliciaBeatrice"},"content":"        tasks[position] \u003d currentEvent;","lastModifiedDate":"2022-08-31"},{"lineNumber":55,"author":{"gitId":"FeliciaBeatrice"},"content":"        position++;","lastModifiedDate":"2022-08-31"},{"lineNumber":56,"author":{"gitId":"FeliciaBeatrice"},"content":"","lastModifiedDate":"2022-08-31"},{"lineNumber":57,"author":{"gitId":"FeliciaBeatrice"},"content":"        printDivider();","lastModifiedDate":"2022-08-31"},{"lineNumber":58,"author":{"gitId":"FeliciaBeatrice"},"content":"        System.out.println(\"\\tGot it! (๑˃ᴗ˂)ﻭ I\u0027ve added this task:\");","lastModifiedDate":"2022-08-31"},{"lineNumber":59,"author":{"gitId":"FeliciaBeatrice"},"content":"        System.out.print(\"\\t  \");","lastModifiedDate":"2022-08-31"},{"lineNumber":60,"author":{"gitId":"FeliciaBeatrice"},"content":"        System.out.println(currentEvent);","lastModifiedDate":"2022-08-31"},{"lineNumber":61,"author":{"gitId":"FeliciaBeatrice"},"content":"        System.out.println(\"\\tNow you have \" + Integer.toString(position) + \" tasks in the list! 凸(￣ヘ￣)\");","lastModifiedDate":"2022-08-31"},{"lineNumber":62,"author":{"gitId":"FeliciaBeatrice"},"content":"        System.out.println(\"\");","lastModifiedDate":"2022-08-31"},{"lineNumber":63,"author":{"gitId":"FeliciaBeatrice"},"content":"        printDivider();","lastModifiedDate":"2022-08-25"},{"lineNumber":64,"author":{"gitId":"FeliciaBeatrice"},"content":"    }","lastModifiedDate":"2022-08-25"},{"lineNumber":65,"author":{"gitId":"FeliciaBeatrice"},"content":"","lastModifiedDate":"2022-08-25"},{"lineNumber":66,"author":{"gitId":"FeliciaBeatrice"},"content":"    public static void printList() {","lastModifiedDate":"2022-08-25"},{"lineNumber":67,"author":{"gitId":"FeliciaBeatrice"},"content":"        printDivider();","lastModifiedDate":"2022-08-25"},{"lineNumber":68,"author":{"gitId":"FeliciaBeatrice"},"content":"        System.out.println(\"\\tHere are the tasks in your list:\");","lastModifiedDate":"2022-08-26"},{"lineNumber":69,"author":{"gitId":"FeliciaBeatrice"},"content":"        for (int i \u003d 0; i \u003c position; i++) {","lastModifiedDate":"2022-08-25"},{"lineNumber":70,"author":{"gitId":"FeliciaBeatrice"},"content":"            System.out.print(\"\\t\" + Integer.toString(i + 1) + \".\");","lastModifiedDate":"2022-08-31"},{"lineNumber":71,"author":{"gitId":"FeliciaBeatrice"},"content":"            System.out.println(tasks[i]);","lastModifiedDate":"2022-08-31"},{"lineNumber":72,"author":{"gitId":"FeliciaBeatrice"},"content":"        }","lastModifiedDate":"2022-08-25"},{"lineNumber":73,"author":{"gitId":"FeliciaBeatrice"},"content":"        System.out.println();","lastModifiedDate":"2022-08-18"},{"lineNumber":74,"author":{"gitId":"FeliciaBeatrice"},"content":"        printDivider();","lastModifiedDate":"2022-08-25"},{"lineNumber":75,"author":{"gitId":"FeliciaBeatrice"},"content":"    }","lastModifiedDate":"2022-08-25"},{"lineNumber":76,"author":{"gitId":"FeliciaBeatrice"},"content":"","lastModifiedDate":"2022-08-25"},{"lineNumber":77,"author":{"gitId":"FeliciaBeatrice"},"content":"    public static void markAsDone(String index) {","lastModifiedDate":"2022-08-25"},{"lineNumber":78,"author":{"gitId":"FeliciaBeatrice"},"content":"        //Modify this","lastModifiedDate":"2022-08-31"},{"lineNumber":79,"author":{"gitId":"FeliciaBeatrice"},"content":"        Task currentTask \u003d tasks[Integer.parseInt(index) - 1];","lastModifiedDate":"2022-08-31"},{"lineNumber":80,"author":{"gitId":"FeliciaBeatrice"},"content":"        currentTask.markAsDone();","lastModifiedDate":"2022-08-25"},{"lineNumber":81,"author":{"gitId":"FeliciaBeatrice"},"content":"","lastModifiedDate":"2022-08-25"},{"lineNumber":82,"author":{"gitId":"FeliciaBeatrice"},"content":"        printDivider();","lastModifiedDate":"2022-08-25"},{"lineNumber":83,"author":{"gitId":"FeliciaBeatrice"},"content":"        System.out.println(\"\\tNice! (〃＾▽＾〃) I\u0027ve marked this task as done:\");","lastModifiedDate":"2022-08-31"},{"lineNumber":84,"author":{"gitId":"FeliciaBeatrice"},"content":"        System.out.println(\"\\t  [\" + currentTask.getStatusIcon() + \"] \" + currentTask.description);","lastModifiedDate":"2022-08-26"},{"lineNumber":85,"author":{"gitId":"FeliciaBeatrice"},"content":"        System.out.println(\"\\tWell done completing your task, friend! (ﾉ◕ヮ◕)ﾉ*:･ﾟ✧\");","lastModifiedDate":"2022-08-31"},{"lineNumber":86,"author":{"gitId":"FeliciaBeatrice"},"content":"        System.out.println(\"\");","lastModifiedDate":"2022-08-25"},{"lineNumber":87,"author":{"gitId":"FeliciaBeatrice"},"content":"        printDivider();","lastModifiedDate":"2022-08-25"},{"lineNumber":88,"author":{"gitId":"FeliciaBeatrice"},"content":"    }","lastModifiedDate":"2022-08-25"},{"lineNumber":89,"author":{"gitId":"FeliciaBeatrice"},"content":"","lastModifiedDate":"2022-08-25"},{"lineNumber":90,"author":{"gitId":"FeliciaBeatrice"},"content":"    public static void markAsUndone(String index) {","lastModifiedDate":"2022-08-25"},{"lineNumber":91,"author":{"gitId":"FeliciaBeatrice"},"content":"        //Modify this","lastModifiedDate":"2022-08-31"},{"lineNumber":92,"author":{"gitId":"FeliciaBeatrice"},"content":"        Task currentTask \u003d tasks[Integer.parseInt(index) - 1];","lastModifiedDate":"2022-08-31"},{"lineNumber":93,"author":{"gitId":"FeliciaBeatrice"},"content":"        currentTask.markAsUndone();","lastModifiedDate":"2022-08-25"},{"lineNumber":94,"author":{"gitId":"FeliciaBeatrice"},"content":"","lastModifiedDate":"2022-08-25"},{"lineNumber":95,"author":{"gitId":"FeliciaBeatrice"},"content":"        printDivider();","lastModifiedDate":"2022-08-25"},{"lineNumber":96,"author":{"gitId":"FeliciaBeatrice"},"content":"        System.out.println(\"\\tOK, I\u0027ve marked this task as not done yet:\");","lastModifiedDate":"2022-08-26"},{"lineNumber":97,"author":{"gitId":"FeliciaBeatrice"},"content":"        System.out.println(\"\\t  [\" + currentTask.getStatusIcon() + \"] \" + currentTask.description);","lastModifiedDate":"2022-08-26"},{"lineNumber":98,"author":{"gitId":"FeliciaBeatrice"},"content":"        System.out.println(\"\\tYou better stop procrastinating, friend.. (╥﹏╥)\");","lastModifiedDate":"2022-08-31"},{"lineNumber":99,"author":{"gitId":"FeliciaBeatrice"},"content":"        System.out.println(\"\");","lastModifiedDate":"2022-08-25"},{"lineNumber":100,"author":{"gitId":"FeliciaBeatrice"},"content":"        printDivider();","lastModifiedDate":"2022-08-25"},{"lineNumber":101,"author":{"gitId":"FeliciaBeatrice"},"content":"    }","lastModifiedDate":"2022-08-25"},{"lineNumber":102,"author":{"gitId":"FeliciaBeatrice"},"content":"","lastModifiedDate":"2022-08-25"},{"lineNumber":103,"author":{"gitId":"-"},"content":"    public static void main(String[] args) {","lastModifiedDate":"2022-08-25"},{"lineNumber":104,"author":{"gitId":"FeliciaBeatrice"},"content":"        printGreeting();","lastModifiedDate":"2022-08-25"},{"lineNumber":105,"author":{"gitId":"FeliciaBeatrice"},"content":"","lastModifiedDate":"2022-08-25"},{"lineNumber":106,"author":{"gitId":"FeliciaBeatrice"},"content":"        String userInput \u003d \"\";","lastModifiedDate":"2022-08-25"},{"lineNumber":107,"author":{"gitId":"FeliciaBeatrice"},"content":"","lastModifiedDate":"2022-08-25"},{"lineNumber":108,"author":{"gitId":"FeliciaBeatrice"},"content":"        while (!userInput.equals(\"bye\")) {","lastModifiedDate":"2022-08-25"},{"lineNumber":109,"author":{"gitId":"FeliciaBeatrice"},"content":"            //Input","lastModifiedDate":"2022-08-31"},{"lineNumber":110,"author":{"gitId":"FeliciaBeatrice"},"content":"            Scanner in \u003d new Scanner(System.in);","lastModifiedDate":"2022-08-25"},{"lineNumber":111,"author":{"gitId":"FeliciaBeatrice"},"content":"            userInput \u003d in.nextLine();","lastModifiedDate":"2022-08-25"},{"lineNumber":112,"author":{"gitId":"FeliciaBeatrice"},"content":"            if (userInput.equals(\"bye\")) {","lastModifiedDate":"2022-08-25"},{"lineNumber":113,"author":{"gitId":"FeliciaBeatrice"},"content":"                break;","lastModifiedDate":"2022-08-25"},{"lineNumber":114,"author":{"gitId":"FeliciaBeatrice"},"content":"            }","lastModifiedDate":"2022-08-25"},{"lineNumber":115,"author":{"gitId":"FeliciaBeatrice"},"content":"            String words[] \u003d userInput.split(\" \");","lastModifiedDate":"2022-08-25"},{"lineNumber":116,"author":{"gitId":"FeliciaBeatrice"},"content":"            //Mark","lastModifiedDate":"2022-08-31"},{"lineNumber":117,"author":{"gitId":"FeliciaBeatrice"},"content":"            if (words[0].equals(\"mark\")) {","lastModifiedDate":"2022-08-25"},{"lineNumber":118,"author":{"gitId":"FeliciaBeatrice"},"content":"                markAsDone(words[1]);","lastModifiedDate":"2022-08-25"},{"lineNumber":119,"author":{"gitId":"FeliciaBeatrice"},"content":"                //Unmark","lastModifiedDate":"2022-08-31"},{"lineNumber":120,"author":{"gitId":"FeliciaBeatrice"},"content":"            } else if (words[0].equals(\"unmark\")) {","lastModifiedDate":"2022-08-25"},{"lineNumber":121,"author":{"gitId":"FeliciaBeatrice"},"content":"                markAsUndone(words[1]);","lastModifiedDate":"2022-08-25"},{"lineNumber":122,"author":{"gitId":"FeliciaBeatrice"},"content":"            } else {","lastModifiedDate":"2022-08-25"},{"lineNumber":123,"author":{"gitId":"FeliciaBeatrice"},"content":"                //Print List","lastModifiedDate":"2022-08-31"},{"lineNumber":124,"author":{"gitId":"FeliciaBeatrice"},"content":"                if (userInput.equals(\"list\")) {","lastModifiedDate":"2022-08-25"},{"lineNumber":125,"author":{"gitId":"FeliciaBeatrice"},"content":"                    printList();","lastModifiedDate":"2022-08-25"},{"lineNumber":126,"author":{"gitId":"FeliciaBeatrice"},"content":"                } else {","lastModifiedDate":"2022-08-25"},{"lineNumber":127,"author":{"gitId":"FeliciaBeatrice"},"content":"                    //Todo","lastModifiedDate":"2022-08-31"},{"lineNumber":128,"author":{"gitId":"FeliciaBeatrice"},"content":"                    if (words[0].equals(\"todo\")) {","lastModifiedDate":"2022-08-31"},{"lineNumber":129,"author":{"gitId":"FeliciaBeatrice"},"content":"                        Todo todo \u003d new Todo(userInput.substring(5));","lastModifiedDate":"2022-08-31"},{"lineNumber":130,"author":{"gitId":"FeliciaBeatrice"},"content":"                        addTodoToList(todo);","lastModifiedDate":"2022-08-31"},{"lineNumber":131,"author":{"gitId":"FeliciaBeatrice"},"content":"                        //Deadline","lastModifiedDate":"2022-08-31"},{"lineNumber":132,"author":{"gitId":"FeliciaBeatrice"},"content":"                    } else if (words[0].equals(\"deadline\")) {","lastModifiedDate":"2022-08-31"},{"lineNumber":133,"author":{"gitId":"FeliciaBeatrice"},"content":"                        String deadlineWords[] \u003d userInput.substring(8).split(\"/\");","lastModifiedDate":"2022-08-31"},{"lineNumber":134,"author":{"gitId":"FeliciaBeatrice"},"content":"                        Deadline deadline \u003d new Deadline(deadlineWords[0].trim(), deadlineWords[1].substring(3));","lastModifiedDate":"2022-08-31"},{"lineNumber":135,"author":{"gitId":"FeliciaBeatrice"},"content":"                        addDeadlineToList(deadline);","lastModifiedDate":"2022-08-31"},{"lineNumber":136,"author":{"gitId":"FeliciaBeatrice"},"content":"                        //Event","lastModifiedDate":"2022-08-31"},{"lineNumber":137,"author":{"gitId":"FeliciaBeatrice"},"content":"                    } else if (words[0].equals(\"event\")) {","lastModifiedDate":"2022-08-31"},{"lineNumber":138,"author":{"gitId":"FeliciaBeatrice"},"content":"                        String eventWords[] \u003d userInput.substring(6).split(\"/\");","lastModifiedDate":"2022-08-31"},{"lineNumber":139,"author":{"gitId":"FeliciaBeatrice"},"content":"                        Event event \u003d new Event(eventWords[0].trim(), eventWords[1].substring(3));","lastModifiedDate":"2022-08-31"},{"lineNumber":140,"author":{"gitId":"FeliciaBeatrice"},"content":"                        addEventToList(event);","lastModifiedDate":"2022-08-31"},{"lineNumber":141,"author":{"gitId":"FeliciaBeatrice"},"content":"                    }","lastModifiedDate":"2022-08-31"},{"lineNumber":142,"author":{"gitId":"FeliciaBeatrice"},"content":"                }","lastModifiedDate":"2022-08-25"},{"lineNumber":143,"author":{"gitId":"FeliciaBeatrice"},"content":"            }","lastModifiedDate":"2022-08-25"},{"lineNumber":144,"author":{"gitId":"FeliciaBeatrice"},"content":"        }","lastModifiedDate":"2022-08-25"},{"lineNumber":145,"author":{"gitId":"FeliciaBeatrice"},"content":"","lastModifiedDate":"2022-08-25"},{"lineNumber":146,"author":{"gitId":"FeliciaBeatrice"},"content":"        printExitMessage();","lastModifiedDate":"2022-08-25"},{"lineNumber":147,"author":{"gitId":"-"},"content":"    }","lastModifiedDate":"2019-07-29"},{"lineNumber":148,"author":{"gitId":"-"},"content":"}","lastModifiedDate":"2019-07-29"}],"authorContributionMap":{"FeliciaBeatrice":144,"-":4}},{"path":"src/main/java/Event.java","fileType":"java","lines":[{"lineNumber":1,"author":{"gitId":"FeliciaBeatrice"},"content":"public class Event extends Task {","lastModifiedDate":"2022-08-31"},{"lineNumber":2,"author":{"gitId":"FeliciaBeatrice"},"content":"    protected String at;","lastModifiedDate":"2022-08-31"},{"lineNumber":3,"author":{"gitId":"FeliciaBeatrice"},"content":"","lastModifiedDate":"2022-08-31"},{"lineNumber":4,"author":{"gitId":"FeliciaBeatrice"},"content":"    public Event(String description, String at) {","lastModifiedDate":"2022-08-31"},{"lineNumber":5,"author":{"gitId":"FeliciaBeatrice"},"content":"        super(description);","lastModifiedDate":"2022-08-31"},{"lineNumber":6,"author":{"gitId":"FeliciaBeatrice"},"content":"        this.at \u003d at;","lastModifiedDate":"2022-08-31"},{"lineNumber":7,"author":{"gitId":"FeliciaBeatrice"},"content":"    }","lastModifiedDate":"2022-08-31"},{"lineNumber":8,"author":{"gitId":"FeliciaBeatrice"},"content":"","lastModifiedDate":"2022-08-31"},{"lineNumber":9,"author":{"gitId":"FeliciaBeatrice"},"content":"    @Override","lastModifiedDate":"2022-08-31"},{"lineNumber":10,"author":{"gitId":"FeliciaBeatrice"},"content":"    public String toString() {","lastModifiedDate":"2022-08-31"},{"lineNumber":11,"author":{"gitId":"FeliciaBeatrice"},"content":"        return \"[E]\" + super.toString() + \" (at: \" + at + \")\";","lastModifiedDate":"2022-08-31"},{"lineNumber":12,"author":{"gitId":"FeliciaBeatrice"},"content":"    }","lastModifiedDate":"2022-08-31"},{"lineNumber":13,"author":{"gitId":"FeliciaBeatrice"},"content":"}","lastModifiedDate":"2022-08-31"}],"authorContributionMap":{"FeliciaBeatrice":13}},{"path":"src/main/java/Task.java","fileType":"java","lines":[{"lineNumber":1,"author":{"gitId":"FeliciaBeatrice"},"content":"public class Task {","lastModifiedDate":"2022-08-25"},{"lineNumber":2,"author":{"gitId":"FeliciaBeatrice"},"content":"    protected String description;","lastModifiedDate":"2022-08-25"},{"lineNumber":3,"author":{"gitId":"FeliciaBeatrice"},"content":"    protected boolean isDone;","lastModifiedDate":"2022-08-25"},{"lineNumber":4,"author":{"gitId":"FeliciaBeatrice"},"content":"","lastModifiedDate":"2022-08-25"},{"lineNumber":5,"author":{"gitId":"FeliciaBeatrice"},"content":"    public Task(String description) {","lastModifiedDate":"2022-08-25"},{"lineNumber":6,"author":{"gitId":"FeliciaBeatrice"},"content":"        this.description \u003d description;","lastModifiedDate":"2022-08-25"},{"lineNumber":7,"author":{"gitId":"FeliciaBeatrice"},"content":"        this.isDone \u003d false;","lastModifiedDate":"2022-08-25"},{"lineNumber":8,"author":{"gitId":"FeliciaBeatrice"},"content":"    }","lastModifiedDate":"2022-08-25"},{"lineNumber":9,"author":{"gitId":"FeliciaBeatrice"},"content":"","lastModifiedDate":"2022-08-25"},{"lineNumber":10,"author":{"gitId":"FeliciaBeatrice"},"content":"    public String getStatusIcon() {","lastModifiedDate":"2022-08-25"},{"lineNumber":11,"author":{"gitId":"FeliciaBeatrice"},"content":"        return (isDone ? \"X\" : \" \");","lastModifiedDate":"2022-08-25"},{"lineNumber":12,"author":{"gitId":"FeliciaBeatrice"},"content":"    }","lastModifiedDate":"2022-08-25"},{"lineNumber":13,"author":{"gitId":"FeliciaBeatrice"},"content":"","lastModifiedDate":"2022-08-25"},{"lineNumber":14,"author":{"gitId":"FeliciaBeatrice"},"content":"    public void markAsDone() {","lastModifiedDate":"2022-08-25"},{"lineNumber":15,"author":{"gitId":"FeliciaBeatrice"},"content":"        isDone \u003d true;","lastModifiedDate":"2022-08-25"},{"lineNumber":16,"author":{"gitId":"FeliciaBeatrice"},"content":"    }","lastModifiedDate":"2022-08-25"},{"lineNumber":17,"author":{"gitId":"FeliciaBeatrice"},"content":"","lastModifiedDate":"2022-08-25"},{"lineNumber":18,"author":{"gitId":"FeliciaBeatrice"},"content":"    public void markAsUndone() {","lastModifiedDate":"2022-08-25"},{"lineNumber":19,"author":{"gitId":"FeliciaBeatrice"},"content":"        isDone \u003d false;","lastModifiedDate":"2022-08-25"},{"lineNumber":20,"author":{"gitId":"FeliciaBeatrice"},"content":"    }","lastModifiedDate":"2022-08-25"},{"lineNumber":21,"author":{"gitId":"FeliciaBeatrice"},"content":"","lastModifiedDate":"2022-08-31"},{"lineNumber":22,"author":{"gitId":"FeliciaBeatrice"},"content":"    @Override","lastModifiedDate":"2022-08-31"},{"lineNumber":23,"author":{"gitId":"FeliciaBeatrice"},"content":"    public String toString() {","lastModifiedDate":"2022-08-31"},{"lineNumber":24,"author":{"gitId":"FeliciaBeatrice"},"content":"        return \"[\" + getStatusIcon() + \"] \" + description;","lastModifiedDate":"2022-08-31"},{"lineNumber":25,"author":{"gitId":"FeliciaBeatrice"},"content":"    }","lastModifiedDate":"2022-08-31"},{"lineNumber":26,"author":{"gitId":"FeliciaBeatrice"},"content":"}","lastModifiedDate":"2022-08-25"}],"authorContributionMap":{"FeliciaBeatrice":26}},{"path":"src/main/java/Todo.java","fileType":"java","lines":[{"lineNumber":1,"author":{"gitId":"FeliciaBeatrice"},"content":"public class Todo extends Task {","lastModifiedDate":"2022-08-31"},{"lineNumber":2,"author":{"gitId":"FeliciaBeatrice"},"content":"    public Todo(String description) {","lastModifiedDate":"2022-08-31"},{"lineNumber":3,"author":{"gitId":"FeliciaBeatrice"},"content":"        super(description);","lastModifiedDate":"2022-08-31"},{"lineNumber":4,"author":{"gitId":"FeliciaBeatrice"},"content":"    }","lastModifiedDate":"2022-08-31"},{"lineNumber":5,"author":{"gitId":"FeliciaBeatrice"},"content":"","lastModifiedDate":"2022-08-31"},{"lineNumber":6,"author":{"gitId":"FeliciaBeatrice"},"content":"    @Override","lastModifiedDate":"2022-08-31"},{"lineNumber":7,"author":{"gitId":"FeliciaBeatrice"},"content":"    public String toString() {","lastModifiedDate":"2022-08-31"},{"lineNumber":8,"author":{"gitId":"FeliciaBeatrice"},"content":"        return \"[T]\" + super.toString();","lastModifiedDate":"2022-08-31"},{"lineNumber":9,"author":{"gitId":"FeliciaBeatrice"},"content":"    }","lastModifiedDate":"2022-08-31"},{"lineNumber":10,"author":{"gitId":"FeliciaBeatrice"},"content":"}","lastModifiedDate":"2022-08-31"}],"authorContributionMap":{"FeliciaBeatrice":10}}]
