{"authorDailyContributionsMap":{"jjtoh":[{"date":"2022-08-19","commitResults":[{"hash":"aae34ba7915c6075b99091b82955f37e40d77989","messageTitle":"Add Increment: Level-0","messageBody":"","tags":["Level-0"],"fileTypesAndContributionMap":{"java":{"insertions":7,"deletions":6}}},{"hash":"5701ddc97f05f7313996f2d28d13695fe09af13d","messageTitle":"Add Level-1","messageBody":"","tags":["Level-1"],"fileTypesAndContributionMap":{"java":{"insertions":15,"deletions":7}}}]},{"date":"2022-08-20","commitResults":[{"hash":"ba4ed0c556d464e73aa17c3cda10440eea39a509","messageTitle":"\"Add Level-2\"","messageBody":"Improved code formatting\n","tags":["Level-2"],"fileTypesAndContributionMap":{"java":{"insertions":48,"deletions":7}}},{"hash":"2ab974a4d370feac22168c050f246b8dc70007fc","messageTitle":"Add Level-3","messageBody":"Duke can now add tasks and mark/unmark them\n","tags":["Level-3"],"fileTypesAndContributionMap":{"java":{"insertions":58,"deletions":20}}}]},{"date":"2022-08-24","commitResults":[{"hash":"8df32c3d4cac65d267aefa712d06d4b911711d75","messageTitle":"Add A-CodingStandard","messageBody":"Edited some code to align it with the given stardards\n","tags":["A-CodingStandard"],"fileTypesAndContributionMap":{"java":{"insertions":61,"deletions":21}}}]}]},"authorFileTypeContributionMap":{"jjtoh":{"java":134,"md":0,"fxml":0,"sh":0,"bat":0,"gradle":0,"txt":0}},"authorContributionVariance":{"jjtoh":1602.3313},"authorDisplayNameMap":{"jjtoh":"CS2113-T17-3 JOHN.. JUN"}}
