{"authorDailyContributionsMap":{"jjtoh":[{"date":"2022-08-19","commitResults":[{"hash":"aae34ba7915c6075b99091b82955f37e40d77989","messageTitle":"Add Increment: Level-0","messageBody":"","tags":["Level-0"],"fileTypesAndContributionMap":{"java":{"insertions":7,"deletions":6}}},{"hash":"5701ddc97f05f7313996f2d28d13695fe09af13d","messageTitle":"Add Level-1","messageBody":"","tags":["Level-1"],"fileTypesAndContributionMap":{"java":{"insertions":15,"deletions":7}}}]},{"date":"2022-08-20","commitResults":[{"hash":"ba4ed0c556d464e73aa17c3cda10440eea39a509","messageTitle":"\"Add Level-2\"","messageBody":"Improved code formatting\n","tags":["Level-2"],"fileTypesAndContributionMap":{"java":{"insertions":48,"deletions":7}}}]}]},"authorFileTypeContributionMap":{"jjtoh":{"java":56,"md":0,"fxml":0,"sh":0,"bat":0,"gradle":0,"txt":0}},"authorContributionVariance":{"jjtoh":372.22223},"authorDisplayNameMap":{"jjtoh":"JOHN.. JUN"}}
