{"authorDailyContributionsMap":{"jjtoh":[{"date":"2022-08-19","commitResults":[{"hash":"aae34ba7915c6075b99091b82955f37e40d77989","messageTitle":"Add Increment: Level-0","messageBody":"","tags":["Level-0"],"fileTypesAndContributionMap":{"java":{"insertions":7,"deletions":6}}},{"hash":"5701ddc97f05f7313996f2d28d13695fe09af13d","messageTitle":"Add Level-1","messageBody":"","tags":["Level-1"],"fileTypesAndContributionMap":{"java":{"insertions":15,"deletions":7}}}]},{"date":"2022-08-20","commitResults":[{"hash":"ba4ed0c556d464e73aa17c3cda10440eea39a509","messageTitle":"\"Add Level-2\"","messageBody":"Improved code formatting\n","tags":["Level-2"],"fileTypesAndContributionMap":{"java":{"insertions":48,"deletions":7}}},{"hash":"2ab974a4d370feac22168c050f246b8dc70007fc","messageTitle":"Add Level-3","messageBody":"Duke can now add tasks and mark/unmark them\n","tags":["Level-3"],"fileTypesAndContributionMap":{"java":{"insertions":58,"deletions":20}}}]},{"date":"2022-08-24","commitResults":[{"hash":"8df32c3d4cac65d267aefa712d06d4b911711d75","messageTitle":"Add A-CodingStandard","messageBody":"Edited some code to align it with the given stardards\n","tags":["A-CodingStandard"],"fileTypesAndContributionMap":{"java":{"insertions":61,"deletions":21}}}]},{"date":"2022-08-30","commitResults":[{"hash":"e8327470e700b3a4c61bc3d24568596dc569ab5c","messageTitle":"Add new java classes for level 4","messageBody":"","fileTypesAndContributionMap":{"java":{"insertions":6,"deletions":0}}}]},{"date":"2022-08-31","commitResults":[{"hash":"751198dbf59dfe6600415d800dec4791ba1a322e","messageTitle":"Add some incomplete code for level 4","messageBody":"","fileTypesAndContributionMap":{"java":{"insertions":119,"deletions":100}}}]},{"date":"2022-09-01","commitResults":[{"hash":"ace71c163b9195e074fc062db67a8c85b1067ea4","messageTitle":"Add Level-4 with some improvements to code quality","messageBody":"Coding quality may need further improvement.\n","tags":["Level-4","A-CodeQuality"],"fileTypesAndContributionMap":{"java":{"insertions":106,"deletions":30}}},{"hash":"5b1fa3667ddd878280f0e4007901d91933233d2e","messageTitle":"Add test cases","messageBody":"Has issues running the tests\n","fileTypesAndContributionMap":{"txt":{"insertions":32,"deletions":0},"java":{"insertions":5,"deletions":5}}}]},{"date":"2022-09-08","commitResults":[{"hash":"7b0ca7f64b9b2e8ce7433d8f6edc69f27a11dd59","messageTitle":"Add Level-5 and A-Exception","messageBody":"","tags":["Level-5","A-Exceptions"],"fileTypesAndContributionMap":{"java":{"insertions":83,"deletions":26}}},{"hash":"ae8e7eb3a92115fdced1ba0cac7fcf32eda9e098","messageTitle":"Add A-Packages","messageBody":"","tags":["A-Packages"],"fileTypesAndContributionMap":{"java":{"insertions":30,"deletions":0}}}]},{"date":"2022-09-14","commitResults":[{"hash":"3ff482fb97a35061a04e932c312b47f66fb72584","messageTitle":"Add some temporary code","messageBody":"Nothing of value is added\n","fileTypesAndContributionMap":{"java":{"insertions":19,"deletions":15}}},{"hash":"eaa8d407bdf639b0dba91d6e5e275767a0539b12","messageTitle":"Add ability to delete","messageBody":"Can merge as level 6\n","fileTypesAndContributionMap":{"java":{"insertions":140,"deletions":56}}},{"hash":"3e345a1996e0879fdfad259a6b21e338d62ba04e","messageTitle":"Shift some code around","messageBody":"","fileTypesAndContributionMap":{"java":{"insertions":9,"deletions":50}}}]},{"date":"2022-09-15","commitResults":[{"hash":"86eff83149fd518d06bd9b1d51d320ecd7c0814f","messageTitle":"Shift some code around","messageBody":"","fileTypesAndContributionMap":{"java":{"insertions":9,"deletions":7}}}]},{"date":"2022-09-16","commitResults":[{"hash":"3ea366921c50a4a47deaaee44479cd9c75383914","messageTitle":"Add Level-7","messageBody":"Merge with level 7 branch in future\n","fileTypesAndContributionMap":{"txt":{"insertions":0,"deletions":0},"java":{"insertions":141,"deletions":2}}},{"hash":"f143ba184d4c5ad20ea2e4ef367790799fae5c5c","messageTitle":"Revert \"Add Level-7\"","messageBody":"This reverts commit 3ea366921c50a4a47deaaee44479cd9c75383914.\n","fileTypesAndContributionMap":{"txt":{"insertions":0,"deletions":0},"java":{"insertions":2,"deletions":141}}},{"hash":"e06c4e320a02953d4c43354cee43c3aec7967ac1","messageTitle":"Add level 7","messageBody":"","tags":["Level-7"],"fileTypesAndContributionMap":{"txt":{"insertions":0,"deletions":0},"java":{"insertions":141,"deletions":2}}}]},{"date":"2022-09-28","commitResults":[{"hash":"8e3a781f61283bdaaac11298e941984641f64fb0","messageTitle":"Add more OOP","messageBody":"","tags":["A-MoreOOP"],"fileTypesAndContributionMap":{"txt":{"insertions":2,"deletions":0},"java":{"insertions":462,"deletions":273}}}]},{"date":"2022-09-29","commitResults":[{"hash":"9413857f0763eb685290cc8f25890efcea6a7ff7","messageTitle":"Add Level 9","messageBody":"","tags":["Level-9"],"fileTypesAndContributionMap":{"txt":{"insertions":0,"deletions":2},"java":{"insertions":537,"deletions":60}}},{"hash":"d0aba840be2782bae560690d7bf4a04ba8328e33","messageTitle":"Add JavaDoc","messageBody":"Repackaged some files\n","tags":["A-JavaDoc"],"fileTypesAndContributionMap":{"java":{"insertions":82,"deletions":84}}},{"hash":"9a13001fceb6f4526c7c8349d4cc33e1f8c1d715","messageTitle":"Update README.md","messageBody":"","tags":["A-UserGuide"],"fileTypesAndContributionMap":{"md":{"insertions":157,"deletions":12}}},{"hash":"bef3c36623d7525787612aa309292a22c74d6de5","messageTitle":"Update some code logic","messageBody":"","tags":["A-Release"],"fileTypesAndContributionMap":{"java":{"insertions":58,"deletions":42}}}]}]},"authorFileTypeContributionMap":{"jjtoh":{"java":1191,"md":150,"fxml":0,"sh":0,"bat":0,"gradle":0,"txt":32}},"authorContributionVariance":{"jjtoh":36386.574},"authorDisplayNameMap":{"jjtoh":"CS2113-T17-3 JOHN.. JUN"}}
