[{"path":"duke.txt","fileType":"txt","lines":[{"lineNumber":1,"author":{"gitId":"zoranabc201"},"content":"T cry","lastModifiedDate":"2022-10-09"},{"lineNumber":2,"author":{"gitId":"zoranabc201"},"content":"E cry/at6pm","lastModifiedDate":"2022-10-09"},{"lineNumber":3,"author":{"gitId":"zoranabc201"},"content":"T cry harder","lastModifiedDate":"2022-10-09"},{"lineNumber":4,"author":{"gitId":"zoranabc201"},"content":"T crying harder","lastModifiedDate":"2022-10-09"},{"lineNumber":5,"author":{"gitId":"zoranabc201"},"content":"T happy","lastModifiedDate":"2022-10-09"},{"lineNumber":6,"author":{"gitId":"zoranabc201"},"content":"T happy and sad","lastModifiedDate":"2022-10-09"},{"lineNumber":7,"author":{"gitId":"zoranabc201"},"content":"T happy and crying","lastModifiedDate":"2022-10-09"}],"authorContributionMap":{"zoranabc201":7}},{"path":"src/main/java/Duke/Deadline.java","fileType":"java","lines":[{"lineNumber":1,"author":{"gitId":"zoranabc201"},"content":"package Duke;","lastModifiedDate":"2022-09-06"},{"lineNumber":2,"author":{"gitId":"zoranabc201"},"content":"","lastModifiedDate":"2022-09-06"},{"lineNumber":3,"author":{"gitId":"zoranabc201"},"content":"public class Deadline extends Task {","lastModifiedDate":"2022-10-09"},{"lineNumber":4,"author":{"gitId":"zoranabc201"},"content":"    String by;","lastModifiedDate":"2022-09-05"},{"lineNumber":5,"author":{"gitId":"zoranabc201"},"content":"    public Deadline(String description, String by, boolean marked) {","lastModifiedDate":"2022-10-09"},{"lineNumber":6,"author":{"gitId":"zoranabc201"},"content":"        this.description \u003d description;","lastModifiedDate":"2022-09-05"},{"lineNumber":7,"author":{"gitId":"zoranabc201"},"content":"        this.by \u003d by;","lastModifiedDate":"2022-09-05"},{"lineNumber":8,"author":{"gitId":"zoranabc201"},"content":"        this.mark \u003d marked;","lastModifiedDate":"2022-10-09"},{"lineNumber":9,"author":{"gitId":"zoranabc201"},"content":"    }","lastModifiedDate":"2022-09-05"},{"lineNumber":10,"author":{"gitId":"zoranabc201"},"content":"    @Override","lastModifiedDate":"2022-09-05"},{"lineNumber":11,"author":{"gitId":"zoranabc201"},"content":"    public String getTime() {","lastModifiedDate":"2022-10-09"},{"lineNumber":12,"author":{"gitId":"zoranabc201"},"content":"        return by;","lastModifiedDate":"2022-10-09"},{"lineNumber":13,"author":{"gitId":"zoranabc201"},"content":"    }","lastModifiedDate":"2022-09-05"},{"lineNumber":14,"author":{"gitId":"zoranabc201"},"content":"    @Override","lastModifiedDate":"2022-09-05"},{"lineNumber":15,"author":{"gitId":"zoranabc201"},"content":"    public void setTime(String by) {","lastModifiedDate":"2022-10-09"},{"lineNumber":16,"author":{"gitId":"zoranabc201"},"content":"        this.by \u003d by;","lastModifiedDate":"2022-10-09"},{"lineNumber":17,"author":{"gitId":"zoranabc201"},"content":"    }","lastModifiedDate":"2022-09-05"},{"lineNumber":18,"author":{"gitId":"zoranabc201"},"content":"    @Override","lastModifiedDate":"2022-10-09"},{"lineNumber":19,"author":{"gitId":"zoranabc201"},"content":"    public String getType() {","lastModifiedDate":"2022-10-09"},{"lineNumber":20,"author":{"gitId":"zoranabc201"},"content":"        return \"[D]\";","lastModifiedDate":"2022-10-09"},{"lineNumber":21,"author":{"gitId":"zoranabc201"},"content":"    }","lastModifiedDate":"2022-09-05"},{"lineNumber":22,"author":{"gitId":"zoranabc201"},"content":"}","lastModifiedDate":"2022-09-05"}],"authorContributionMap":{"zoranabc201":22}},{"path":"src/main/java/Duke/Duke.java","fileType":"java","lines":[{"lineNumber":1,"author":{"gitId":"zoranabc201"},"content":"package Duke;","lastModifiedDate":"2022-09-06"},{"lineNumber":2,"author":{"gitId":"zoranabc201"},"content":"","lastModifiedDate":"2022-09-06"},{"lineNumber":3,"author":{"gitId":"zoranabc201"},"content":"import java.io.IOException;","lastModifiedDate":"2022-10-09"},{"lineNumber":4,"author":{"gitId":"zoranabc201"},"content":"","lastModifiedDate":"2022-09-05"},{"lineNumber":5,"author":{"gitId":"-"},"content":"public class Duke {","lastModifiedDate":"2019-07-29"},{"lineNumber":6,"author":{"gitId":"zoranabc201"},"content":"    /**","lastModifiedDate":"2022-10-09"},{"lineNumber":7,"author":{"gitId":"zoranabc201"},"content":"     * Runs all the necessary code. First, it prints the welcome message, then initializes the file, and then accepts commands","lastModifiedDate":"2022-10-09"},{"lineNumber":8,"author":{"gitId":"zoranabc201"},"content":"     * @throws IOException","lastModifiedDate":"2022-10-09"},{"lineNumber":9,"author":{"gitId":"zoranabc201"},"content":"     */","lastModifiedDate":"2022-10-09"},{"lineNumber":10,"author":{"gitId":"zoranabc201"},"content":"    void run() throws IOException {","lastModifiedDate":"2022-10-09"},{"lineNumber":11,"author":{"gitId":"zoranabc201"},"content":"        UI ui \u003d new UI();","lastModifiedDate":"2022-10-09"},{"lineNumber":12,"author":{"gitId":"zoranabc201"},"content":"        Storage storage \u003d new Storage();","lastModifiedDate":"2022-10-09"},{"lineNumber":13,"author":{"gitId":"zoranabc201"},"content":"        ui.welcomeMessage();","lastModifiedDate":"2022-10-09"},{"lineNumber":14,"author":{"gitId":"zoranabc201"},"content":"        TaskList taskList \u003d new TaskList();","lastModifiedDate":"2022-10-09"},{"lineNumber":15,"author":{"gitId":"zoranabc201"},"content":"        storage.initializeFile(taskList);","lastModifiedDate":"2022-10-09"},{"lineNumber":16,"author":{"gitId":"zoranabc201"},"content":"        ui.acceptCommands(taskList, storage);","lastModifiedDate":"2022-10-09"},{"lineNumber":17,"author":{"gitId":"zoranabc201"},"content":"    }","lastModifiedDate":"2022-08-30"},{"lineNumber":18,"author":{"gitId":"zoranabc201"},"content":"    public static void main(String[] args) throws IOException {","lastModifiedDate":"2022-10-09"},{"lineNumber":19,"author":{"gitId":"zoranabc201"},"content":"        Duke duke \u003d new Duke();","lastModifiedDate":"2022-08-29"},{"lineNumber":20,"author":{"gitId":"zoranabc201"},"content":"        duke.run();","lastModifiedDate":"2022-10-09"},{"lineNumber":21,"author":{"gitId":"-"},"content":"    }","lastModifiedDate":"2019-07-29"},{"lineNumber":22,"author":{"gitId":"-"},"content":"}","lastModifiedDate":"2019-07-29"}],"authorContributionMap":{"zoranabc201":19,"-":3}},{"path":"src/main/java/Duke/DukeException.java","fileType":"java","lines":[{"lineNumber":1,"author":{"gitId":"zoranabc201"},"content":"package Duke;","lastModifiedDate":"2022-09-06"},{"lineNumber":2,"author":{"gitId":"zoranabc201"},"content":"","lastModifiedDate":"2022-09-06"},{"lineNumber":3,"author":{"gitId":"zoranabc201"},"content":"public class DukeException {","lastModifiedDate":"2022-09-05"},{"lineNumber":4,"author":{"gitId":"zoranabc201"},"content":"    void todoException() {","lastModifiedDate":"2022-09-05"},{"lineNumber":5,"author":{"gitId":"zoranabc201"},"content":"        System.out.println(\"OOPS! The description of a todo cannot be empty\");","lastModifiedDate":"2022-09-05"},{"lineNumber":6,"author":{"gitId":"zoranabc201"},"content":"    }","lastModifiedDate":"2022-09-05"},{"lineNumber":7,"author":{"gitId":"zoranabc201"},"content":"    void markException() {","lastModifiedDate":"2022-09-05"},{"lineNumber":8,"author":{"gitId":"zoranabc201"},"content":"        System.out.println(\"Please provide a valid task number to mark\");","lastModifiedDate":"2022-09-05"},{"lineNumber":9,"author":{"gitId":"zoranabc201"},"content":"    }","lastModifiedDate":"2022-09-05"},{"lineNumber":10,"author":{"gitId":"zoranabc201"},"content":"    void unmarkException() {","lastModifiedDate":"2022-09-05"},{"lineNumber":11,"author":{"gitId":"zoranabc201"},"content":"        System.out.println(\"Please provide a valid task number to unmark\");","lastModifiedDate":"2022-09-05"},{"lineNumber":12,"author":{"gitId":"zoranabc201"},"content":"    }","lastModifiedDate":"2022-09-05"},{"lineNumber":13,"author":{"gitId":"zoranabc201"},"content":"    void deadlineException() {","lastModifiedDate":"2022-09-05"},{"lineNumber":14,"author":{"gitId":"zoranabc201"},"content":"        System.out.println(\"Please provide a valid description and deadline.\");","lastModifiedDate":"2022-09-05"},{"lineNumber":15,"author":{"gitId":"zoranabc201"},"content":"    }","lastModifiedDate":"2022-09-05"},{"lineNumber":16,"author":{"gitId":"zoranabc201"},"content":"    void eventException() {","lastModifiedDate":"2022-09-05"},{"lineNumber":17,"author":{"gitId":"zoranabc201"},"content":"        System.out.println(\"Please provide a valid description and time\");","lastModifiedDate":"2022-09-05"},{"lineNumber":18,"author":{"gitId":"zoranabc201"},"content":"    }","lastModifiedDate":"2022-09-05"},{"lineNumber":19,"author":{"gitId":"zoranabc201"},"content":"    void notRecognizedException() {","lastModifiedDate":"2022-09-05"},{"lineNumber":20,"author":{"gitId":"zoranabc201"},"content":"        System.out.println(\"OOPS!!! I\u0027m sorry, but I don\u0027t know what that means :-(\");","lastModifiedDate":"2022-09-05"},{"lineNumber":21,"author":{"gitId":"zoranabc201"},"content":"    }","lastModifiedDate":"2022-09-05"},{"lineNumber":22,"author":{"gitId":"zoranabc201"},"content":"    void taskOutOfBounds() {","lastModifiedDate":"2022-09-06"},{"lineNumber":23,"author":{"gitId":"zoranabc201"},"content":"        System.out.println(\"Sorry! The given task number is out of bounds\");","lastModifiedDate":"2022-09-06"},{"lineNumber":24,"author":{"gitId":"zoranabc201"},"content":"    }","lastModifiedDate":"2022-09-06"},{"lineNumber":25,"author":{"gitId":"zoranabc201"},"content":"    void deleteException() {","lastModifiedDate":"2022-09-14"},{"lineNumber":26,"author":{"gitId":"zoranabc201"},"content":"    System.out.println(\"Please provide a valid task number to delete\");}","lastModifiedDate":"2022-09-14"},{"lineNumber":27,"author":{"gitId":"zoranabc201"},"content":"    void findException() {","lastModifiedDate":"2022-10-09"},{"lineNumber":28,"author":{"gitId":"zoranabc201"},"content":"        System.out.println(\"Please provide a valid search string\");","lastModifiedDate":"2022-10-09"},{"lineNumber":29,"author":{"gitId":"zoranabc201"},"content":"    }","lastModifiedDate":"2022-10-09"},{"lineNumber":30,"author":{"gitId":"zoranabc201"},"content":"}","lastModifiedDate":"2022-09-05"}],"authorContributionMap":{"zoranabc201":30}},{"path":"src/main/java/Duke/Event.java","fileType":"java","lines":[{"lineNumber":1,"author":{"gitId":"zoranabc201"},"content":"package Duke;","lastModifiedDate":"2022-09-06"},{"lineNumber":2,"author":{"gitId":"zoranabc201"},"content":"","lastModifiedDate":"2022-09-06"},{"lineNumber":3,"author":{"gitId":"zoranabc201"},"content":"public class Event extends Task {","lastModifiedDate":"2022-10-09"},{"lineNumber":4,"author":{"gitId":"zoranabc201"},"content":"    @Override","lastModifiedDate":"2022-10-09"},{"lineNumber":5,"author":{"gitId":"zoranabc201"},"content":"    public String getTime() {","lastModifiedDate":"2022-10-09"},{"lineNumber":6,"author":{"gitId":"zoranabc201"},"content":"        return at;","lastModifiedDate":"2022-10-09"},{"lineNumber":7,"author":{"gitId":"zoranabc201"},"content":"    }","lastModifiedDate":"2022-09-05"},{"lineNumber":8,"author":{"gitId":"zoranabc201"},"content":"    @Override","lastModifiedDate":"2022-09-05"},{"lineNumber":9,"author":{"gitId":"zoranabc201"},"content":"    public void setTime(String at) {","lastModifiedDate":"2022-10-09"},{"lineNumber":10,"author":{"gitId":"zoranabc201"},"content":"        this.at \u003d at;","lastModifiedDate":"2022-10-09"},{"lineNumber":11,"author":{"gitId":"zoranabc201"},"content":"    }","lastModifiedDate":"2022-09-05"},{"lineNumber":12,"author":{"gitId":"zoranabc201"},"content":"","lastModifiedDate":"2022-09-05"},{"lineNumber":13,"author":{"gitId":"zoranabc201"},"content":"    public String at;","lastModifiedDate":"2022-10-09"},{"lineNumber":14,"author":{"gitId":"zoranabc201"},"content":"    public Event(String description, String at, boolean marked) {","lastModifiedDate":"2022-10-09"},{"lineNumber":15,"author":{"gitId":"zoranabc201"},"content":"        this.description \u003d description;","lastModifiedDate":"2022-10-09"},{"lineNumber":16,"author":{"gitId":"zoranabc201"},"content":"        this.at \u003d at;","lastModifiedDate":"2022-10-09"},{"lineNumber":17,"author":{"gitId":"zoranabc201"},"content":"        this.mark \u003d marked;","lastModifiedDate":"2022-10-09"},{"lineNumber":18,"author":{"gitId":"zoranabc201"},"content":"    }","lastModifiedDate":"2022-09-05"},{"lineNumber":19,"author":{"gitId":"zoranabc201"},"content":"    @Override","lastModifiedDate":"2022-10-09"},{"lineNumber":20,"author":{"gitId":"zoranabc201"},"content":"    public String getType() {","lastModifiedDate":"2022-10-09"},{"lineNumber":21,"author":{"gitId":"zoranabc201"},"content":"        return \"[E]\";","lastModifiedDate":"2022-10-09"},{"lineNumber":22,"author":{"gitId":"zoranabc201"},"content":"    }","lastModifiedDate":"2022-09-05"},{"lineNumber":23,"author":{"gitId":"zoranabc201"},"content":"}","lastModifiedDate":"2022-09-05"}],"authorContributionMap":{"zoranabc201":23}},{"path":"src/main/java/Duke/Messages.java","fileType":"java","lines":[{"lineNumber":1,"author":{"gitId":"zoranabc201"},"content":"package Duke;","lastModifiedDate":"2022-10-09"},{"lineNumber":2,"author":{"gitId":"zoranabc201"},"content":"","lastModifiedDate":"2022-10-09"},{"lineNumber":3,"author":{"gitId":"zoranabc201"},"content":"public class Messages {","lastModifiedDate":"2022-10-09"},{"lineNumber":4,"author":{"gitId":"zoranabc201"},"content":"    public void welcomeMessage() {","lastModifiedDate":"2022-10-09"},{"lineNumber":5,"author":{"gitId":"zoranabc201"},"content":"        String logo \u003d \" ____        _        \\n\"","lastModifiedDate":"2022-10-09"},{"lineNumber":6,"author":{"gitId":"zoranabc201"},"content":"                + \"|  _ \\\\ _   _| | _____ \\n\"","lastModifiedDate":"2022-10-09"},{"lineNumber":7,"author":{"gitId":"zoranabc201"},"content":"                + \"| | | | | | | |/ / _ \\\\\\n\"","lastModifiedDate":"2022-10-09"},{"lineNumber":8,"author":{"gitId":"zoranabc201"},"content":"                + \"| |_| | |_| |   \u003c  __/\\n\"","lastModifiedDate":"2022-10-09"},{"lineNumber":9,"author":{"gitId":"zoranabc201"},"content":"                + \"|____/ \\\\__,_|_|\\\\_\\\\___|\\n\";","lastModifiedDate":"2022-10-09"},{"lineNumber":10,"author":{"gitId":"zoranabc201"},"content":"        System.out.println(\"Hello from\\n\" + logo);","lastModifiedDate":"2022-10-09"},{"lineNumber":11,"author":{"gitId":"zoranabc201"},"content":"        System.out.println(\"Hello I\u0027m Duke\\nWhat can I do for you?\");","lastModifiedDate":"2022-10-09"},{"lineNumber":12,"author":{"gitId":"zoranabc201"},"content":"    }","lastModifiedDate":"2022-10-09"},{"lineNumber":13,"author":{"gitId":"zoranabc201"},"content":"    public String lineBreak \u003d \"------------------------------------------------------------------------------\";","lastModifiedDate":"2022-10-09"},{"lineNumber":14,"author":{"gitId":"zoranabc201"},"content":"    public String initialAddTaskMessage \u003d \"Got it. I\u0027ve added this task:\";","lastModifiedDate":"2022-10-09"},{"lineNumber":15,"author":{"gitId":"zoranabc201"},"content":"    public String finalAddTaskMessageP1 \u003d \"Now you have \";","lastModifiedDate":"2022-10-09"},{"lineNumber":16,"author":{"gitId":"zoranabc201"},"content":"    public String FinalAddTaskMessageP2 \u003d \" tasks in the list\";","lastModifiedDate":"2022-10-09"},{"lineNumber":17,"author":{"gitId":"zoranabc201"},"content":"    public String listMessage \u003d \"Here are the tasks in your list:\";","lastModifiedDate":"2022-10-09"},{"lineNumber":18,"author":{"gitId":"zoranabc201"},"content":"    public String marked \u003d \"[X] \";","lastModifiedDate":"2022-10-09"},{"lineNumber":19,"author":{"gitId":"zoranabc201"},"content":"    public String unmarked \u003d \"[ ] \";","lastModifiedDate":"2022-10-09"},{"lineNumber":20,"author":{"gitId":"zoranabc201"},"content":"    public String bye \u003d \"Bye! Hope to see you again soon!\";","lastModifiedDate":"2022-10-09"},{"lineNumber":21,"author":{"gitId":"zoranabc201"},"content":"    public String markAsDone \u003d \"Nice! I\u0027ve marked this task as done\";","lastModifiedDate":"2022-10-09"},{"lineNumber":22,"author":{"gitId":"zoranabc201"},"content":"    public String unmarkAsNotDone \u003d \"OK, I\u0027ve marked this task as not done\";","lastModifiedDate":"2022-10-09"},{"lineNumber":23,"author":{"gitId":"zoranabc201"},"content":"    public String deleteMessage \u003d \"Noted. I\u0027ve removed this task:\";","lastModifiedDate":"2022-10-09"},{"lineNumber":24,"author":{"gitId":"zoranabc201"},"content":"    public String findMessage \u003d \"Here are the matching tasks in your list:\";","lastModifiedDate":"2022-10-09"},{"lineNumber":25,"author":{"gitId":"zoranabc201"},"content":"}","lastModifiedDate":"2022-10-09"}],"authorContributionMap":{"zoranabc201":25}},{"path":"src/main/java/Duke/Parser.java","fileType":"java","lines":[{"lineNumber":1,"author":{"gitId":"zoranabc201"},"content":"package Duke;","lastModifiedDate":"2022-10-09"},{"lineNumber":2,"author":{"gitId":"zoranabc201"},"content":"","lastModifiedDate":"2022-10-09"},{"lineNumber":3,"author":{"gitId":"zoranabc201"},"content":"public class Parser {","lastModifiedDate":"2022-10-09"},{"lineNumber":4,"author":{"gitId":"zoranabc201"},"content":"    String getType(String input) {","lastModifiedDate":"2022-10-09"},{"lineNumber":5,"author":{"gitId":"zoranabc201"},"content":"        String type;","lastModifiedDate":"2022-10-09"},{"lineNumber":6,"author":{"gitId":"zoranabc201"},"content":"        if (input.indexOf(\u0027 \u0027) \u003d\u003d -1) {","lastModifiedDate":"2022-10-09"},{"lineNumber":7,"author":{"gitId":"zoranabc201"},"content":"            type \u003d input;","lastModifiedDate":"2022-10-09"},{"lineNumber":8,"author":{"gitId":"zoranabc201"},"content":"        } else {","lastModifiedDate":"2022-10-09"},{"lineNumber":9,"author":{"gitId":"zoranabc201"},"content":"            type \u003d input.substring(0, input.indexOf(\u0027 \u0027));","lastModifiedDate":"2022-10-09"},{"lineNumber":10,"author":{"gitId":"zoranabc201"},"content":"        }","lastModifiedDate":"2022-10-09"},{"lineNumber":11,"author":{"gitId":"zoranabc201"},"content":"        if (type.equals(\"event\")) {","lastModifiedDate":"2022-10-09"},{"lineNumber":12,"author":{"gitId":"zoranabc201"},"content":"            return \"event\";","lastModifiedDate":"2022-10-09"},{"lineNumber":13,"author":{"gitId":"zoranabc201"},"content":"        } else if (type.equals(\"deadline\")) {","lastModifiedDate":"2022-10-09"},{"lineNumber":14,"author":{"gitId":"zoranabc201"},"content":"            return \"deadline\";","lastModifiedDate":"2022-10-09"},{"lineNumber":15,"author":{"gitId":"zoranabc201"},"content":"        } else if (type.equals(\"todo\")) {","lastModifiedDate":"2022-10-09"},{"lineNumber":16,"author":{"gitId":"zoranabc201"},"content":"            return \"todo\";","lastModifiedDate":"2022-10-09"},{"lineNumber":17,"author":{"gitId":"zoranabc201"},"content":"        } else if (input.equals(\"bye\")) {","lastModifiedDate":"2022-10-09"},{"lineNumber":18,"author":{"gitId":"zoranabc201"},"content":"            return \"bye\";","lastModifiedDate":"2022-10-09"},{"lineNumber":19,"author":{"gitId":"zoranabc201"},"content":"        } else if (type.equals(\"mark\")) {","lastModifiedDate":"2022-10-09"},{"lineNumber":20,"author":{"gitId":"zoranabc201"},"content":"            return \"mark\";","lastModifiedDate":"2022-10-09"},{"lineNumber":21,"author":{"gitId":"zoranabc201"},"content":"        } else if (type.equals(\"unmark\")) {","lastModifiedDate":"2022-10-09"},{"lineNumber":22,"author":{"gitId":"zoranabc201"},"content":"            return \"unmark\";","lastModifiedDate":"2022-10-09"},{"lineNumber":23,"author":{"gitId":"zoranabc201"},"content":"        } else if (type.equals(\"list\")) {","lastModifiedDate":"2022-10-09"},{"lineNumber":24,"author":{"gitId":"zoranabc201"},"content":"            return \"list\";","lastModifiedDate":"2022-10-09"},{"lineNumber":25,"author":{"gitId":"zoranabc201"},"content":"        } else if (type.equals(\"bye\")) {","lastModifiedDate":"2022-10-09"},{"lineNumber":26,"author":{"gitId":"zoranabc201"},"content":"            return \"bye\";","lastModifiedDate":"2022-10-09"},{"lineNumber":27,"author":{"gitId":"zoranabc201"},"content":"        } else if (type.equals(\"delete\")) {","lastModifiedDate":"2022-10-09"},{"lineNumber":28,"author":{"gitId":"zoranabc201"},"content":"            return \"delete\";","lastModifiedDate":"2022-10-09"},{"lineNumber":29,"author":{"gitId":"zoranabc201"},"content":"        } else if (type.equals(\"find\")) {","lastModifiedDate":"2022-10-09"},{"lineNumber":30,"author":{"gitId":"zoranabc201"},"content":"            return \"find\";","lastModifiedDate":"2022-10-09"},{"lineNumber":31,"author":{"gitId":"zoranabc201"},"content":"        } else {","lastModifiedDate":"2022-10-09"},{"lineNumber":32,"author":{"gitId":"zoranabc201"},"content":"            return \"\";","lastModifiedDate":"2022-10-09"},{"lineNumber":33,"author":{"gitId":"zoranabc201"},"content":"        }","lastModifiedDate":"2022-10-09"},{"lineNumber":34,"author":{"gitId":"zoranabc201"},"content":"    }","lastModifiedDate":"2022-10-09"},{"lineNumber":35,"author":{"gitId":"zoranabc201"},"content":"","lastModifiedDate":"2022-10-09"},{"lineNumber":36,"author":{"gitId":"zoranabc201"},"content":"    String getDeadlineDescription(String input) {","lastModifiedDate":"2022-10-09"},{"lineNumber":37,"author":{"gitId":"zoranabc201"},"content":"        if (input.indexOf(\"/by\") \u003d\u003d -1) {","lastModifiedDate":"2022-10-09"},{"lineNumber":38,"author":{"gitId":"zoranabc201"},"content":"            return \"\";","lastModifiedDate":"2022-10-09"},{"lineNumber":39,"author":{"gitId":"zoranabc201"},"content":"        }","lastModifiedDate":"2022-10-09"},{"lineNumber":40,"author":{"gitId":"zoranabc201"},"content":"        String description \u003d input.substring(input.indexOf(\u0027 \u0027), input.indexOf(\"/by\"));","lastModifiedDate":"2022-10-09"},{"lineNumber":41,"author":{"gitId":"zoranabc201"},"content":"        return description.trim();","lastModifiedDate":"2022-10-09"},{"lineNumber":42,"author":{"gitId":"zoranabc201"},"content":"    }","lastModifiedDate":"2022-10-09"},{"lineNumber":43,"author":{"gitId":"zoranabc201"},"content":"","lastModifiedDate":"2022-10-09"},{"lineNumber":44,"author":{"gitId":"zoranabc201"},"content":"    String getEventDescription(String input) {","lastModifiedDate":"2022-10-09"},{"lineNumber":45,"author":{"gitId":"zoranabc201"},"content":"        if (input.indexOf(\"/at\") \u003d\u003d -1) {","lastModifiedDate":"2022-10-09"},{"lineNumber":46,"author":{"gitId":"zoranabc201"},"content":"            return \"\";","lastModifiedDate":"2022-10-09"},{"lineNumber":47,"author":{"gitId":"zoranabc201"},"content":"        }","lastModifiedDate":"2022-10-09"},{"lineNumber":48,"author":{"gitId":"zoranabc201"},"content":"        String description \u003d input.substring(input.indexOf(\u0027 \u0027), input.indexOf(\"/at\"));","lastModifiedDate":"2022-10-09"},{"lineNumber":49,"author":{"gitId":"zoranabc201"},"content":"        return description.trim();","lastModifiedDate":"2022-10-09"},{"lineNumber":50,"author":{"gitId":"zoranabc201"},"content":"    }","lastModifiedDate":"2022-10-09"},{"lineNumber":51,"author":{"gitId":"zoranabc201"},"content":"","lastModifiedDate":"2022-10-09"},{"lineNumber":52,"author":{"gitId":"zoranabc201"},"content":"    String getTodoDescription(String input) {","lastModifiedDate":"2022-10-09"},{"lineNumber":53,"author":{"gitId":"zoranabc201"},"content":"        if ((input.indexOf(\u0027 \u0027)) \u003d\u003d -1) {","lastModifiedDate":"2022-10-09"},{"lineNumber":54,"author":{"gitId":"zoranabc201"},"content":"            return \"\";","lastModifiedDate":"2022-10-09"},{"lineNumber":55,"author":{"gitId":"zoranabc201"},"content":"        }","lastModifiedDate":"2022-10-09"},{"lineNumber":56,"author":{"gitId":"zoranabc201"},"content":"        String description \u003d input.substring(input.indexOf(\u0027 \u0027));","lastModifiedDate":"2022-10-09"},{"lineNumber":57,"author":{"gitId":"zoranabc201"},"content":"        return description.trim();","lastModifiedDate":"2022-10-09"},{"lineNumber":58,"author":{"gitId":"zoranabc201"},"content":"    }","lastModifiedDate":"2022-10-09"},{"lineNumber":59,"author":{"gitId":"zoranabc201"},"content":"","lastModifiedDate":"2022-10-09"},{"lineNumber":60,"author":{"gitId":"zoranabc201"},"content":"    String getDeadlineTime(String input) {","lastModifiedDate":"2022-10-09"},{"lineNumber":61,"author":{"gitId":"zoranabc201"},"content":"        if (input.indexOf(\"/by\") \u003d\u003d -1) {","lastModifiedDate":"2022-10-09"},{"lineNumber":62,"author":{"gitId":"zoranabc201"},"content":"            return \"\";","lastModifiedDate":"2022-10-09"},{"lineNumber":63,"author":{"gitId":"zoranabc201"},"content":"        }","lastModifiedDate":"2022-10-09"},{"lineNumber":64,"author":{"gitId":"zoranabc201"},"content":"        String by \u003d input.substring(input.indexOf(\"/by\") + 3);","lastModifiedDate":"2022-10-09"},{"lineNumber":65,"author":{"gitId":"zoranabc201"},"content":"        return by.trim();","lastModifiedDate":"2022-10-09"},{"lineNumber":66,"author":{"gitId":"zoranabc201"},"content":"    }","lastModifiedDate":"2022-10-09"},{"lineNumber":67,"author":{"gitId":"zoranabc201"},"content":"","lastModifiedDate":"2022-10-09"},{"lineNumber":68,"author":{"gitId":"zoranabc201"},"content":"    String getEventTime(String input) {","lastModifiedDate":"2022-10-09"},{"lineNumber":69,"author":{"gitId":"zoranabc201"},"content":"        if (input.indexOf(\"/at\") \u003d\u003d -1) {","lastModifiedDate":"2022-10-09"},{"lineNumber":70,"author":{"gitId":"zoranabc201"},"content":"            return \"\";","lastModifiedDate":"2022-10-09"},{"lineNumber":71,"author":{"gitId":"zoranabc201"},"content":"        }","lastModifiedDate":"2022-10-09"},{"lineNumber":72,"author":{"gitId":"zoranabc201"},"content":"        String at \u003d input.substring(input.indexOf(\"/at\") + 3);","lastModifiedDate":"2022-10-09"},{"lineNumber":73,"author":{"gitId":"zoranabc201"},"content":"        return at.trim();","lastModifiedDate":"2022-10-09"},{"lineNumber":74,"author":{"gitId":"zoranabc201"},"content":"    }","lastModifiedDate":"2022-10-09"},{"lineNumber":75,"author":{"gitId":"zoranabc201"},"content":"","lastModifiedDate":"2022-10-09"},{"lineNumber":76,"author":{"gitId":"zoranabc201"},"content":"    int findTaskNo(String input) {","lastModifiedDate":"2022-10-09"},{"lineNumber":77,"author":{"gitId":"zoranabc201"},"content":"        if(input.indexOf(\u0027 \u0027) \u003d\u003d -1) {","lastModifiedDate":"2022-10-09"},{"lineNumber":78,"author":{"gitId":"zoranabc201"},"content":"            return -1;","lastModifiedDate":"2022-10-09"},{"lineNumber":79,"author":{"gitId":"zoranabc201"},"content":"        }","lastModifiedDate":"2022-10-09"},{"lineNumber":80,"author":{"gitId":"zoranabc201"},"content":"        String taskNoAsString \u003d input.substring(input.indexOf(\u0027 \u0027)).trim();","lastModifiedDate":"2022-10-09"},{"lineNumber":81,"author":{"gitId":"zoranabc201"},"content":"        int taskNo \u003d -1;","lastModifiedDate":"2022-10-09"},{"lineNumber":82,"author":{"gitId":"zoranabc201"},"content":"        try {","lastModifiedDate":"2022-10-09"},{"lineNumber":83,"author":{"gitId":"zoranabc201"},"content":"            taskNo \u003d Integer.parseInt(taskNoAsString);","lastModifiedDate":"2022-10-09"},{"lineNumber":84,"author":{"gitId":"zoranabc201"},"content":"        } catch (NumberFormatException e) {","lastModifiedDate":"2022-10-09"},{"lineNumber":85,"author":{"gitId":"zoranabc201"},"content":"            taskNo \u003d -1;","lastModifiedDate":"2022-10-09"},{"lineNumber":86,"author":{"gitId":"zoranabc201"},"content":"        } finally {","lastModifiedDate":"2022-10-09"},{"lineNumber":87,"author":{"gitId":"zoranabc201"},"content":"            return taskNo;","lastModifiedDate":"2022-10-09"},{"lineNumber":88,"author":{"gitId":"zoranabc201"},"content":"        }","lastModifiedDate":"2022-10-09"},{"lineNumber":89,"author":{"gitId":"zoranabc201"},"content":"    }","lastModifiedDate":"2022-10-09"},{"lineNumber":90,"author":{"gitId":"zoranabc201"},"content":"    String findSearchString(String input) {","lastModifiedDate":"2022-10-09"},{"lineNumber":91,"author":{"gitId":"zoranabc201"},"content":"        if(input.length() \u003c\u003d 4) {","lastModifiedDate":"2022-10-09"},{"lineNumber":92,"author":{"gitId":"zoranabc201"},"content":"            return \"\";","lastModifiedDate":"2022-10-09"},{"lineNumber":93,"author":{"gitId":"zoranabc201"},"content":"        }","lastModifiedDate":"2022-10-09"},{"lineNumber":94,"author":{"gitId":"zoranabc201"},"content":"        String search \u003d input.substring(4);","lastModifiedDate":"2022-10-09"},{"lineNumber":95,"author":{"gitId":"zoranabc201"},"content":"        return search.trim();","lastModifiedDate":"2022-10-09"},{"lineNumber":96,"author":{"gitId":"zoranabc201"},"content":"    }","lastModifiedDate":"2022-10-09"},{"lineNumber":97,"author":{"gitId":"zoranabc201"},"content":"}","lastModifiedDate":"2022-10-09"}],"authorContributionMap":{"zoranabc201":97}},{"path":"src/main/java/Duke/Storage.java","fileType":"java","lines":[{"lineNumber":1,"author":{"gitId":"zoranabc201"},"content":"package Duke;","lastModifiedDate":"2022-10-09"},{"lineNumber":2,"author":{"gitId":"zoranabc201"},"content":"","lastModifiedDate":"2022-10-09"},{"lineNumber":3,"author":{"gitId":"zoranabc201"},"content":"import java.io.File;","lastModifiedDate":"2022-10-09"},{"lineNumber":4,"author":{"gitId":"zoranabc201"},"content":"import java.io.FileWriter;","lastModifiedDate":"2022-10-09"},{"lineNumber":5,"author":{"gitId":"zoranabc201"},"content":"import java.io.IOException;","lastModifiedDate":"2022-10-09"},{"lineNumber":6,"author":{"gitId":"zoranabc201"},"content":"import java.util.Scanner;","lastModifiedDate":"2022-10-09"},{"lineNumber":7,"author":{"gitId":"zoranabc201"},"content":"","lastModifiedDate":"2022-10-09"},{"lineNumber":8,"author":{"gitId":"zoranabc201"},"content":"public class Storage {","lastModifiedDate":"2022-10-09"},{"lineNumber":9,"author":{"gitId":"zoranabc201"},"content":"    final String path \u003d \"duke.txt\";","lastModifiedDate":"2022-10-09"},{"lineNumber":10,"author":{"gitId":"zoranabc201"},"content":"","lastModifiedDate":"2022-10-09"},{"lineNumber":11,"author":{"gitId":"zoranabc201"},"content":"    public void initializeFile(TaskList taskList) throws IOException {","lastModifiedDate":"2022-10-09"},{"lineNumber":12,"author":{"gitId":"zoranabc201"},"content":"        File duke \u003d new File(path);","lastModifiedDate":"2022-10-09"},{"lineNumber":13,"author":{"gitId":"zoranabc201"},"content":"        loadFromFile(taskList, duke);","lastModifiedDate":"2022-10-09"},{"lineNumber":14,"author":{"gitId":"zoranabc201"},"content":"    }","lastModifiedDate":"2022-10-09"},{"lineNumber":15,"author":{"gitId":"zoranabc201"},"content":"","lastModifiedDate":"2022-10-09"},{"lineNumber":16,"author":{"gitId":"zoranabc201"},"content":"    public void loadFromFile(TaskList taskList, File duke) throws IOException {","lastModifiedDate":"2022-10-09"},{"lineNumber":17,"author":{"gitId":"zoranabc201"},"content":"        Scanner SC \u003d new Scanner(duke);","lastModifiedDate":"2022-10-09"},{"lineNumber":18,"author":{"gitId":"zoranabc201"},"content":"        String lineOfData;","lastModifiedDate":"2022-10-09"},{"lineNumber":19,"author":{"gitId":"zoranabc201"},"content":"        while (SC.hasNextLine()) {","lastModifiedDate":"2022-10-09"},{"lineNumber":20,"author":{"gitId":"zoranabc201"},"content":"            taskList.noOfTasks++;","lastModifiedDate":"2022-10-09"},{"lineNumber":21,"author":{"gitId":"zoranabc201"},"content":"            lineOfData \u003d SC.nextLine();","lastModifiedDate":"2022-10-09"},{"lineNumber":22,"author":{"gitId":"zoranabc201"},"content":"            translateLineOfData(lineOfData, taskList);","lastModifiedDate":"2022-10-09"},{"lineNumber":23,"author":{"gitId":"zoranabc201"},"content":"        }","lastModifiedDate":"2022-10-09"},{"lineNumber":24,"author":{"gitId":"zoranabc201"},"content":"    }","lastModifiedDate":"2022-10-09"},{"lineNumber":25,"author":{"gitId":"zoranabc201"},"content":"","lastModifiedDate":"2022-10-09"},{"lineNumber":26,"author":{"gitId":"zoranabc201"},"content":"    public void translateLineOfData(String lineOfData, TaskList taskList) {","lastModifiedDate":"2022-10-09"},{"lineNumber":27,"author":{"gitId":"zoranabc201"},"content":"        char type \u003d lineOfData.charAt(0);","lastModifiedDate":"2022-10-09"},{"lineNumber":28,"author":{"gitId":"zoranabc201"},"content":"        char marked \u003d lineOfData.charAt(1);","lastModifiedDate":"2022-10-09"},{"lineNumber":29,"author":{"gitId":"zoranabc201"},"content":"        boolean isMarked;","lastModifiedDate":"2022-10-09"},{"lineNumber":30,"author":{"gitId":"zoranabc201"},"content":"        if (marked \u003d\u003d \u0027X\u0027) {","lastModifiedDate":"2022-10-09"},{"lineNumber":31,"author":{"gitId":"zoranabc201"},"content":"            isMarked \u003d true;","lastModifiedDate":"2022-10-09"},{"lineNumber":32,"author":{"gitId":"zoranabc201"},"content":"        } else {","lastModifiedDate":"2022-10-09"},{"lineNumber":33,"author":{"gitId":"zoranabc201"},"content":"            isMarked \u003d false;","lastModifiedDate":"2022-10-09"},{"lineNumber":34,"author":{"gitId":"zoranabc201"},"content":"        }","lastModifiedDate":"2022-10-09"},{"lineNumber":35,"author":{"gitId":"zoranabc201"},"content":"        String description;","lastModifiedDate":"2022-10-09"},{"lineNumber":36,"author":{"gitId":"zoranabc201"},"content":"        String time;","lastModifiedDate":"2022-10-09"},{"lineNumber":37,"author":{"gitId":"zoranabc201"},"content":"        if (type \u003d\u003d \u0027E\u0027) {","lastModifiedDate":"2022-10-09"},{"lineNumber":38,"author":{"gitId":"zoranabc201"},"content":"            description \u003d getEventDescription(lineOfData.substring(2));","lastModifiedDate":"2022-10-09"},{"lineNumber":39,"author":{"gitId":"zoranabc201"},"content":"            time \u003d getEventTime(lineOfData.substring(2));","lastModifiedDate":"2022-10-09"},{"lineNumber":40,"author":{"gitId":"zoranabc201"},"content":"            taskList.tasks.add(new Event(description, time, isMarked));","lastModifiedDate":"2022-10-09"},{"lineNumber":41,"author":{"gitId":"zoranabc201"},"content":"        } else if (type \u003d\u003d \u0027D\u0027) {","lastModifiedDate":"2022-10-09"},{"lineNumber":42,"author":{"gitId":"zoranabc201"},"content":"            description \u003d getDeadlineDescription(lineOfData.substring(2));","lastModifiedDate":"2022-10-09"},{"lineNumber":43,"author":{"gitId":"zoranabc201"},"content":"            time \u003d getDeadlineTime(lineOfData.substring(2));","lastModifiedDate":"2022-10-09"},{"lineNumber":44,"author":{"gitId":"zoranabc201"},"content":"            taskList.tasks.add(new Deadline(description, time, isMarked));","lastModifiedDate":"2022-10-09"},{"lineNumber":45,"author":{"gitId":"zoranabc201"},"content":"        } else if (type \u003d\u003d \u0027T\u0027) {","lastModifiedDate":"2022-10-09"},{"lineNumber":46,"author":{"gitId":"zoranabc201"},"content":"            description \u003d getTodoDescription(lineOfData.substring(2));","lastModifiedDate":"2022-10-09"},{"lineNumber":47,"author":{"gitId":"zoranabc201"},"content":"            taskList.tasks.add(new Todo(description, isMarked));","lastModifiedDate":"2022-10-09"},{"lineNumber":48,"author":{"gitId":"zoranabc201"},"content":"        }","lastModifiedDate":"2022-10-09"},{"lineNumber":49,"author":{"gitId":"zoranabc201"},"content":"    }","lastModifiedDate":"2022-10-09"},{"lineNumber":50,"author":{"gitId":"zoranabc201"},"content":"","lastModifiedDate":"2022-10-09"},{"lineNumber":51,"author":{"gitId":"zoranabc201"},"content":"    public String getEventDescription(String input) {","lastModifiedDate":"2022-10-09"},{"lineNumber":52,"author":{"gitId":"zoranabc201"},"content":"        String event \u003d input.substring(0, input.indexOf(\"/at\"));","lastModifiedDate":"2022-10-09"},{"lineNumber":53,"author":{"gitId":"zoranabc201"},"content":"        return event.trim();","lastModifiedDate":"2022-10-09"},{"lineNumber":54,"author":{"gitId":"zoranabc201"},"content":"    }","lastModifiedDate":"2022-10-09"},{"lineNumber":55,"author":{"gitId":"zoranabc201"},"content":"","lastModifiedDate":"2022-10-09"},{"lineNumber":56,"author":{"gitId":"zoranabc201"},"content":"    public String getDeadlineDescription(String input) {","lastModifiedDate":"2022-10-09"},{"lineNumber":57,"author":{"gitId":"zoranabc201"},"content":"        String event \u003d input.substring(0, input.indexOf(\"/by\"));","lastModifiedDate":"2022-10-09"},{"lineNumber":58,"author":{"gitId":"zoranabc201"},"content":"        return event.trim();","lastModifiedDate":"2022-10-09"},{"lineNumber":59,"author":{"gitId":"zoranabc201"},"content":"    }","lastModifiedDate":"2022-10-09"},{"lineNumber":60,"author":{"gitId":"zoranabc201"},"content":"","lastModifiedDate":"2022-10-09"},{"lineNumber":61,"author":{"gitId":"zoranabc201"},"content":"    public String getTodoDescription(String input) {","lastModifiedDate":"2022-10-09"},{"lineNumber":62,"author":{"gitId":"zoranabc201"},"content":"        String event \u003d input;","lastModifiedDate":"2022-10-09"},{"lineNumber":63,"author":{"gitId":"zoranabc201"},"content":"        return event.trim();","lastModifiedDate":"2022-10-09"},{"lineNumber":64,"author":{"gitId":"zoranabc201"},"content":"    }","lastModifiedDate":"2022-10-09"},{"lineNumber":65,"author":{"gitId":"zoranabc201"},"content":"","lastModifiedDate":"2022-10-09"},{"lineNumber":66,"author":{"gitId":"zoranabc201"},"content":"    public String getEventTime(String input) {","lastModifiedDate":"2022-10-09"},{"lineNumber":67,"author":{"gitId":"zoranabc201"},"content":"        String time \u003d input.substring(input.indexOf(\"/at\") + 3);","lastModifiedDate":"2022-10-09"},{"lineNumber":68,"author":{"gitId":"zoranabc201"},"content":"        return time.trim();","lastModifiedDate":"2022-10-09"},{"lineNumber":69,"author":{"gitId":"zoranabc201"},"content":"    }","lastModifiedDate":"2022-10-09"},{"lineNumber":70,"author":{"gitId":"zoranabc201"},"content":"","lastModifiedDate":"2022-10-09"},{"lineNumber":71,"author":{"gitId":"zoranabc201"},"content":"    public String getDeadlineTime(String input) {","lastModifiedDate":"2022-10-09"},{"lineNumber":72,"author":{"gitId":"zoranabc201"},"content":"        String time \u003d input.substring(input.indexOf(\"/by\") + 3);","lastModifiedDate":"2022-10-09"},{"lineNumber":73,"author":{"gitId":"zoranabc201"},"content":"        return time.trim();","lastModifiedDate":"2022-10-09"},{"lineNumber":74,"author":{"gitId":"zoranabc201"},"content":"    }","lastModifiedDate":"2022-10-09"},{"lineNumber":75,"author":{"gitId":"zoranabc201"},"content":"","lastModifiedDate":"2022-10-09"},{"lineNumber":76,"author":{"gitId":"zoranabc201"},"content":"    public void writeAllEvents(TaskList taskList) throws IOException {","lastModifiedDate":"2022-10-09"},{"lineNumber":77,"author":{"gitId":"zoranabc201"},"content":"        File duke \u003d new File(path);","lastModifiedDate":"2022-10-09"},{"lineNumber":78,"author":{"gitId":"zoranabc201"},"content":"        FileWriter fw \u003d new FileWriter(duke, false);","lastModifiedDate":"2022-10-09"},{"lineNumber":79,"author":{"gitId":"zoranabc201"},"content":"        String description;","lastModifiedDate":"2022-10-09"},{"lineNumber":80,"author":{"gitId":"zoranabc201"},"content":"        String time;","lastModifiedDate":"2022-10-09"},{"lineNumber":81,"author":{"gitId":"zoranabc201"},"content":"        String type;","lastModifiedDate":"2022-10-09"},{"lineNumber":82,"author":{"gitId":"zoranabc201"},"content":"        boolean isMarked;","lastModifiedDate":"2022-10-09"},{"lineNumber":83,"author":{"gitId":"zoranabc201"},"content":"        for (int i \u003d 0; i \u003c taskList.noOfTasks; i++) {","lastModifiedDate":"2022-10-09"},{"lineNumber":84,"author":{"gitId":"zoranabc201"},"content":"            type \u003d taskList.tasks.get(i).getType();","lastModifiedDate":"2022-10-09"},{"lineNumber":85,"author":{"gitId":"zoranabc201"},"content":"            description \u003d taskList.tasks.get(i).getDescription();","lastModifiedDate":"2022-10-09"},{"lineNumber":86,"author":{"gitId":"zoranabc201"},"content":"            time \u003d taskList.tasks.get(i).getTime();","lastModifiedDate":"2022-10-09"},{"lineNumber":87,"author":{"gitId":"zoranabc201"},"content":"            isMarked \u003d taskList.tasks.get(i).isMark();","lastModifiedDate":"2022-10-09"},{"lineNumber":88,"author":{"gitId":"zoranabc201"},"content":"            addOneTask(type, description, time, isMarked, fw);","lastModifiedDate":"2022-10-09"},{"lineNumber":89,"author":{"gitId":"zoranabc201"},"content":"            fw.write(\u0027\\n\u0027);","lastModifiedDate":"2022-10-09"},{"lineNumber":90,"author":{"gitId":"zoranabc201"},"content":"        }","lastModifiedDate":"2022-10-09"},{"lineNumber":91,"author":{"gitId":"zoranabc201"},"content":"        fw.close();","lastModifiedDate":"2022-10-09"},{"lineNumber":92,"author":{"gitId":"zoranabc201"},"content":"    }","lastModifiedDate":"2022-10-09"},{"lineNumber":93,"author":{"gitId":"zoranabc201"},"content":"","lastModifiedDate":"2022-10-09"},{"lineNumber":94,"author":{"gitId":"zoranabc201"},"content":"    public void addOneTask(String type, String description, String time, boolean isMarked, FileWriter fw) throws IOException {","lastModifiedDate":"2022-10-09"},{"lineNumber":95,"author":{"gitId":"zoranabc201"},"content":"        if (type.equals(\"[E]\")) {","lastModifiedDate":"2022-10-09"},{"lineNumber":96,"author":{"gitId":"zoranabc201"},"content":"            fw.write(\u0027E\u0027);","lastModifiedDate":"2022-10-09"},{"lineNumber":97,"author":{"gitId":"zoranabc201"},"content":"        } else if (type.equals(\"[T]\")) {","lastModifiedDate":"2022-10-09"},{"lineNumber":98,"author":{"gitId":"zoranabc201"},"content":"            fw.write(\u0027T\u0027);","lastModifiedDate":"2022-10-09"},{"lineNumber":99,"author":{"gitId":"zoranabc201"},"content":"        } else if (type.equals(\"[D]\")) {","lastModifiedDate":"2022-10-09"},{"lineNumber":100,"author":{"gitId":"zoranabc201"},"content":"            fw.write(\u0027D\u0027);","lastModifiedDate":"2022-10-09"},{"lineNumber":101,"author":{"gitId":"zoranabc201"},"content":"        }","lastModifiedDate":"2022-10-09"},{"lineNumber":102,"author":{"gitId":"zoranabc201"},"content":"        if (isMarked) {","lastModifiedDate":"2022-10-09"},{"lineNumber":103,"author":{"gitId":"zoranabc201"},"content":"            fw.write(\u0027X\u0027);","lastModifiedDate":"2022-10-09"},{"lineNumber":104,"author":{"gitId":"zoranabc201"},"content":"        } else {","lastModifiedDate":"2022-10-09"},{"lineNumber":105,"author":{"gitId":"zoranabc201"},"content":"            fw.write(\u0027 \u0027);","lastModifiedDate":"2022-10-09"},{"lineNumber":106,"author":{"gitId":"zoranabc201"},"content":"        }","lastModifiedDate":"2022-10-09"},{"lineNumber":107,"author":{"gitId":"zoranabc201"},"content":"        fw.write(description);","lastModifiedDate":"2022-10-09"},{"lineNumber":108,"author":{"gitId":"zoranabc201"},"content":"        if (type.equals(\"[E]\")) {","lastModifiedDate":"2022-10-09"},{"lineNumber":109,"author":{"gitId":"zoranabc201"},"content":"            fw.write(\"/at\");","lastModifiedDate":"2022-10-09"},{"lineNumber":110,"author":{"gitId":"zoranabc201"},"content":"        } else if (type.equals(\"[D]\")) {","lastModifiedDate":"2022-10-09"},{"lineNumber":111,"author":{"gitId":"zoranabc201"},"content":"            fw.write(\"/by\");","lastModifiedDate":"2022-10-09"},{"lineNumber":112,"author":{"gitId":"zoranabc201"},"content":"        }","lastModifiedDate":"2022-10-09"},{"lineNumber":113,"author":{"gitId":"zoranabc201"},"content":"        if (type.equals(\"[E]\") || type.equals(\"[D]\"))","lastModifiedDate":"2022-10-09"},{"lineNumber":114,"author":{"gitId":"zoranabc201"},"content":"            fw.write(time);","lastModifiedDate":"2022-10-09"},{"lineNumber":115,"author":{"gitId":"zoranabc201"},"content":"    }","lastModifiedDate":"2022-10-09"},{"lineNumber":116,"author":{"gitId":"zoranabc201"},"content":"}","lastModifiedDate":"2022-10-09"}],"authorContributionMap":{"zoranabc201":116}},{"path":"src/main/java/Duke/Task.java","fileType":"java","lines":[{"lineNumber":1,"author":{"gitId":"zoranabc201"},"content":"package Duke;","lastModifiedDate":"2022-09-06"},{"lineNumber":2,"author":{"gitId":"zoranabc201"},"content":"","lastModifiedDate":"2022-09-06"},{"lineNumber":3,"author":{"gitId":"zoranabc201"},"content":"public class Task {","lastModifiedDate":"2022-10-09"},{"lineNumber":4,"author":{"gitId":"zoranabc201"},"content":"    public String getDescription() {","lastModifiedDate":"2022-10-09"},{"lineNumber":5,"author":{"gitId":"zoranabc201"},"content":"        return description;","lastModifiedDate":"2022-10-09"},{"lineNumber":6,"author":{"gitId":"zoranabc201"},"content":"    }","lastModifiedDate":"2022-09-05"},{"lineNumber":7,"author":{"gitId":"zoranabc201"},"content":"","lastModifiedDate":"2022-10-09"},{"lineNumber":8,"author":{"gitId":"zoranabc201"},"content":"    public void setDescription(String description) {","lastModifiedDate":"2022-10-09"},{"lineNumber":9,"author":{"gitId":"zoranabc201"},"content":"        this.description \u003d description;","lastModifiedDate":"2022-10-09"},{"lineNumber":10,"author":{"gitId":"zoranabc201"},"content":"    }","lastModifiedDate":"2022-10-09"},{"lineNumber":11,"author":{"gitId":"zoranabc201"},"content":"","lastModifiedDate":"2022-10-09"},{"lineNumber":12,"author":{"gitId":"zoranabc201"},"content":"    String description;","lastModifiedDate":"2022-10-09"},{"lineNumber":13,"author":{"gitId":"zoranabc201"},"content":"    boolean mark;","lastModifiedDate":"2022-10-09"},{"lineNumber":14,"author":{"gitId":"zoranabc201"},"content":"","lastModifiedDate":"2022-10-09"},{"lineNumber":15,"author":{"gitId":"zoranabc201"},"content":"    public boolean isMark() {","lastModifiedDate":"2022-10-09"},{"lineNumber":16,"author":{"gitId":"zoranabc201"},"content":"        return mark;","lastModifiedDate":"2022-10-09"},{"lineNumber":17,"author":{"gitId":"zoranabc201"},"content":"    }","lastModifiedDate":"2022-10-09"},{"lineNumber":18,"author":{"gitId":"zoranabc201"},"content":"","lastModifiedDate":"2022-10-09"},{"lineNumber":19,"author":{"gitId":"zoranabc201"},"content":"    public void mark(boolean mark) {","lastModifiedDate":"2022-10-09"},{"lineNumber":20,"author":{"gitId":"zoranabc201"},"content":"        this.mark \u003d mark;","lastModifiedDate":"2022-10-09"},{"lineNumber":21,"author":{"gitId":"zoranabc201"},"content":"    }","lastModifiedDate":"2022-10-09"},{"lineNumber":22,"author":{"gitId":"zoranabc201"},"content":"    public String getType() {","lastModifiedDate":"2022-10-09"},{"lineNumber":23,"author":{"gitId":"zoranabc201"},"content":"        return null;","lastModifiedDate":"2022-10-09"},{"lineNumber":24,"author":{"gitId":"zoranabc201"},"content":"    }","lastModifiedDate":"2022-10-09"},{"lineNumber":25,"author":{"gitId":"zoranabc201"},"content":"","lastModifiedDate":"2022-10-09"},{"lineNumber":26,"author":{"gitId":"zoranabc201"},"content":"    public void setTime(String time) {}","lastModifiedDate":"2022-10-09"},{"lineNumber":27,"author":{"gitId":"zoranabc201"},"content":"    public String getTime() {","lastModifiedDate":"2022-10-09"},{"lineNumber":28,"author":{"gitId":"zoranabc201"},"content":"        return null;","lastModifiedDate":"2022-10-09"},{"lineNumber":29,"author":{"gitId":"zoranabc201"},"content":"    }","lastModifiedDate":"2022-09-05"},{"lineNumber":30,"author":{"gitId":"zoranabc201"},"content":"}","lastModifiedDate":"2022-09-05"}],"authorContributionMap":{"zoranabc201":30}},{"path":"src/main/java/Duke/TaskList.java","fileType":"java","lines":[{"lineNumber":1,"author":{"gitId":"zoranabc201"},"content":"package Duke;","lastModifiedDate":"2022-10-09"},{"lineNumber":2,"author":{"gitId":"zoranabc201"},"content":"","lastModifiedDate":"2022-10-09"},{"lineNumber":3,"author":{"gitId":"zoranabc201"},"content":"import java.util.ArrayList;","lastModifiedDate":"2022-10-09"},{"lineNumber":4,"author":{"gitId":"zoranabc201"},"content":"","lastModifiedDate":"2022-10-09"},{"lineNumber":5,"author":{"gitId":"zoranabc201"},"content":"public class TaskList {","lastModifiedDate":"2022-10-09"},{"lineNumber":6,"author":{"gitId":"zoranabc201"},"content":"    public int noOfTasks;","lastModifiedDate":"2022-10-09"},{"lineNumber":7,"author":{"gitId":"zoranabc201"},"content":"    TaskList() {","lastModifiedDate":"2022-10-09"},{"lineNumber":8,"author":{"gitId":"zoranabc201"},"content":"        noOfTasks \u003d 0;","lastModifiedDate":"2022-10-09"},{"lineNumber":9,"author":{"gitId":"zoranabc201"},"content":"    }","lastModifiedDate":"2022-10-09"},{"lineNumber":10,"author":{"gitId":"zoranabc201"},"content":"    ArrayList\u003cTask\u003e tasks \u003d new ArrayList\u003c\u003e();","lastModifiedDate":"2022-10-09"},{"lineNumber":11,"author":{"gitId":"zoranabc201"},"content":"    public void addEvent(String description, String at, boolean mark) {","lastModifiedDate":"2022-10-09"},{"lineNumber":12,"author":{"gitId":"zoranabc201"},"content":"        tasks.add(new Event(description, at, mark));","lastModifiedDate":"2022-10-09"},{"lineNumber":13,"author":{"gitId":"zoranabc201"},"content":"        noOfTasks++;","lastModifiedDate":"2022-10-09"},{"lineNumber":14,"author":{"gitId":"zoranabc201"},"content":"    }","lastModifiedDate":"2022-10-09"},{"lineNumber":15,"author":{"gitId":"zoranabc201"},"content":"    public void addDeadline(String description, String by, boolean mark) {","lastModifiedDate":"2022-10-09"},{"lineNumber":16,"author":{"gitId":"zoranabc201"},"content":"        tasks.add(new Deadline(description, by, mark));","lastModifiedDate":"2022-10-09"},{"lineNumber":17,"author":{"gitId":"zoranabc201"},"content":"        noOfTasks++;","lastModifiedDate":"2022-10-09"},{"lineNumber":18,"author":{"gitId":"zoranabc201"},"content":"    }","lastModifiedDate":"2022-10-09"},{"lineNumber":19,"author":{"gitId":"zoranabc201"},"content":"    public void addTodo(String description, boolean mark) {","lastModifiedDate":"2022-10-09"},{"lineNumber":20,"author":{"gitId":"zoranabc201"},"content":"        tasks.add(new Todo(description, mark));","lastModifiedDate":"2022-10-09"},{"lineNumber":21,"author":{"gitId":"zoranabc201"},"content":"        noOfTasks++;","lastModifiedDate":"2022-10-09"},{"lineNumber":22,"author":{"gitId":"zoranabc201"},"content":"    }","lastModifiedDate":"2022-10-09"},{"lineNumber":23,"author":{"gitId":"zoranabc201"},"content":"    public void mark(int taskNo, boolean mark) {","lastModifiedDate":"2022-10-09"},{"lineNumber":24,"author":{"gitId":"zoranabc201"},"content":"        tasks.get(taskNo).mark(mark);","lastModifiedDate":"2022-10-09"},{"lineNumber":25,"author":{"gitId":"zoranabc201"},"content":"    }","lastModifiedDate":"2022-10-09"},{"lineNumber":26,"author":{"gitId":"zoranabc201"},"content":"    public void delete(int taskNo) {","lastModifiedDate":"2022-10-09"},{"lineNumber":27,"author":{"gitId":"zoranabc201"},"content":"        tasks.remove(taskNo);","lastModifiedDate":"2022-10-09"},{"lineNumber":28,"author":{"gitId":"zoranabc201"},"content":"        noOfTasks--;","lastModifiedDate":"2022-10-09"},{"lineNumber":29,"author":{"gitId":"zoranabc201"},"content":"    }","lastModifiedDate":"2022-10-09"},{"lineNumber":30,"author":{"gitId":"zoranabc201"},"content":"    public boolean findTask(int taskNo, String search) {","lastModifiedDate":"2022-10-09"},{"lineNumber":31,"author":{"gitId":"zoranabc201"},"content":"        if(tasks.get(taskNo).getDescription().contains(search)) {","lastModifiedDate":"2022-10-09"},{"lineNumber":32,"author":{"gitId":"zoranabc201"},"content":"            return true;","lastModifiedDate":"2022-10-09"},{"lineNumber":33,"author":{"gitId":"zoranabc201"},"content":"        }","lastModifiedDate":"2022-10-09"},{"lineNumber":34,"author":{"gitId":"zoranabc201"},"content":"        return false;","lastModifiedDate":"2022-10-09"},{"lineNumber":35,"author":{"gitId":"zoranabc201"},"content":"    }","lastModifiedDate":"2022-10-09"},{"lineNumber":36,"author":{"gitId":"zoranabc201"},"content":"}","lastModifiedDate":"2022-10-09"}],"authorContributionMap":{"zoranabc201":36}},{"path":"src/main/java/Duke/Todo.java","fileType":"java","lines":[{"lineNumber":1,"author":{"gitId":"zoranabc201"},"content":"package Duke;","lastModifiedDate":"2022-09-06"},{"lineNumber":2,"author":{"gitId":"zoranabc201"},"content":"","lastModifiedDate":"2022-09-06"},{"lineNumber":3,"author":{"gitId":"zoranabc201"},"content":"public class Todo extends Task{","lastModifiedDate":"2022-09-05"},{"lineNumber":4,"author":{"gitId":"zoranabc201"},"content":"    public Todo(String description, boolean mark) {","lastModifiedDate":"2022-10-09"},{"lineNumber":5,"author":{"gitId":"zoranabc201"},"content":"        this.description \u003d description;","lastModifiedDate":"2022-09-05"},{"lineNumber":6,"author":{"gitId":"zoranabc201"},"content":"        this.mark \u003d mark;","lastModifiedDate":"2022-10-09"},{"lineNumber":7,"author":{"gitId":"zoranabc201"},"content":"    }","lastModifiedDate":"2022-09-05"},{"lineNumber":8,"author":{"gitId":"zoranabc201"},"content":"    @Override","lastModifiedDate":"2022-09-05"},{"lineNumber":9,"author":{"gitId":"zoranabc201"},"content":"    public String getType() {","lastModifiedDate":"2022-10-09"},{"lineNumber":10,"author":{"gitId":"zoranabc201"},"content":"        return \"[T]\";","lastModifiedDate":"2022-10-09"},{"lineNumber":11,"author":{"gitId":"zoranabc201"},"content":"    }","lastModifiedDate":"2022-09-05"},{"lineNumber":12,"author":{"gitId":"zoranabc201"},"content":"}","lastModifiedDate":"2022-09-05"}],"authorContributionMap":{"zoranabc201":12}},{"path":"src/main/java/Duke/UI.java","fileType":"java","lines":[{"lineNumber":1,"author":{"gitId":"zoranabc201"},"content":"package Duke;","lastModifiedDate":"2022-10-09"},{"lineNumber":2,"author":{"gitId":"zoranabc201"},"content":"import java.io.IOException;","lastModifiedDate":"2022-10-09"},{"lineNumber":3,"author":{"gitId":"zoranabc201"},"content":"import java.util.Scanner;","lastModifiedDate":"2022-10-09"},{"lineNumber":4,"author":{"gitId":"zoranabc201"},"content":"public class UI {","lastModifiedDate":"2022-10-09"},{"lineNumber":5,"author":{"gitId":"zoranabc201"},"content":"    Messages messages \u003d new Messages();","lastModifiedDate":"2022-10-09"},{"lineNumber":6,"author":{"gitId":"zoranabc201"},"content":"    Storage storage \u003d new Storage();","lastModifiedDate":"2022-10-09"},{"lineNumber":7,"author":{"gitId":"zoranabc201"},"content":"    Parser parser \u003d new Parser();","lastModifiedDate":"2022-10-09"},{"lineNumber":8,"author":{"gitId":"zoranabc201"},"content":"    DukeException dukeException \u003d new DukeException();","lastModifiedDate":"2022-10-09"},{"lineNumber":9,"author":{"gitId":"zoranabc201"},"content":"","lastModifiedDate":"2022-10-09"},{"lineNumber":10,"author":{"gitId":"zoranabc201"},"content":"    /**","lastModifiedDate":"2022-10-09"},{"lineNumber":11,"author":{"gitId":"zoranabc201"},"content":"     * Prints the welcome message","lastModifiedDate":"2022-10-09"},{"lineNumber":12,"author":{"gitId":"zoranabc201"},"content":"     */","lastModifiedDate":"2022-10-09"},{"lineNumber":13,"author":{"gitId":"zoranabc201"},"content":"    public void welcomeMessage() {","lastModifiedDate":"2022-10-09"},{"lineNumber":14,"author":{"gitId":"zoranabc201"},"content":"        messages.welcomeMessage();","lastModifiedDate":"2022-10-09"},{"lineNumber":15,"author":{"gitId":"zoranabc201"},"content":"    }","lastModifiedDate":"2022-10-09"},{"lineNumber":16,"author":{"gitId":"zoranabc201"},"content":"","lastModifiedDate":"2022-10-09"},{"lineNumber":17,"author":{"gitId":"zoranabc201"},"content":"    /**","lastModifiedDate":"2022-10-09"},{"lineNumber":18,"author":{"gitId":"zoranabc201"},"content":"     *Lists all the tasks","lastModifiedDate":"2022-10-09"},{"lineNumber":19,"author":{"gitId":"zoranabc201"},"content":"     * @param taskList TaskList object containing all the task objects","lastModifiedDate":"2022-10-09"},{"lineNumber":20,"author":{"gitId":"zoranabc201"},"content":"     */","lastModifiedDate":"2022-10-09"},{"lineNumber":21,"author":{"gitId":"zoranabc201"},"content":"    public void list(TaskList taskList) {","lastModifiedDate":"2022-10-09"},{"lineNumber":22,"author":{"gitId":"zoranabc201"},"content":"        System.out.println(messages.lineBreak);","lastModifiedDate":"2022-10-09"},{"lineNumber":23,"author":{"gitId":"zoranabc201"},"content":"        System.out.println(messages.listMessage);","lastModifiedDate":"2022-10-09"},{"lineNumber":24,"author":{"gitId":"zoranabc201"},"content":"        for(int i \u003d 0; i \u003c (taskList.noOfTasks); i++) {","lastModifiedDate":"2022-10-09"},{"lineNumber":25,"author":{"gitId":"zoranabc201"},"content":"            System.out.print(i + 1 +\".\");","lastModifiedDate":"2022-10-09"},{"lineNumber":26,"author":{"gitId":"zoranabc201"},"content":"            displayOneTask(i, taskList);","lastModifiedDate":"2022-10-09"},{"lineNumber":27,"author":{"gitId":"zoranabc201"},"content":"        }","lastModifiedDate":"2022-10-09"},{"lineNumber":28,"author":{"gitId":"zoranabc201"},"content":"        System.out.println(messages.lineBreak);","lastModifiedDate":"2022-10-09"},{"lineNumber":29,"author":{"gitId":"zoranabc201"},"content":"    }","lastModifiedDate":"2022-10-09"},{"lineNumber":30,"author":{"gitId":"zoranabc201"},"content":"","lastModifiedDate":"2022-10-09"},{"lineNumber":31,"author":{"gitId":"zoranabc201"},"content":"    /**","lastModifiedDate":"2022-10-09"},{"lineNumber":32,"author":{"gitId":"zoranabc201"},"content":"     * Prints one task in the given format","lastModifiedDate":"2022-10-09"},{"lineNumber":33,"author":{"gitId":"zoranabc201"},"content":"     * @param taskNo the task to be printed","lastModifiedDate":"2022-10-09"},{"lineNumber":34,"author":{"gitId":"zoranabc201"},"content":"     * @param taskList TaskList object containing all the task objects","lastModifiedDate":"2022-10-09"},{"lineNumber":35,"author":{"gitId":"zoranabc201"},"content":"     */","lastModifiedDate":"2022-10-09"},{"lineNumber":36,"author":{"gitId":"zoranabc201"},"content":"    public void displayOneTask(int taskNo, TaskList taskList) {","lastModifiedDate":"2022-10-09"},{"lineNumber":37,"author":{"gitId":"zoranabc201"},"content":"        System.out.print(taskList.tasks.get(taskNo).getType());","lastModifiedDate":"2022-10-09"},{"lineNumber":38,"author":{"gitId":"zoranabc201"},"content":"        if(taskList.tasks.get(taskNo).isMark()) {","lastModifiedDate":"2022-10-09"},{"lineNumber":39,"author":{"gitId":"zoranabc201"},"content":"            System.out.print(messages.marked);","lastModifiedDate":"2022-10-09"},{"lineNumber":40,"author":{"gitId":"zoranabc201"},"content":"        } else {","lastModifiedDate":"2022-10-09"},{"lineNumber":41,"author":{"gitId":"zoranabc201"},"content":"            System.out.print(messages.unmarked);","lastModifiedDate":"2022-10-09"},{"lineNumber":42,"author":{"gitId":"zoranabc201"},"content":"        }","lastModifiedDate":"2022-10-09"},{"lineNumber":43,"author":{"gitId":"zoranabc201"},"content":"        System.out.print(taskList.tasks.get(taskNo).getDescription());","lastModifiedDate":"2022-10-09"},{"lineNumber":44,"author":{"gitId":"zoranabc201"},"content":"        if (taskList.tasks.get(taskNo).getType().equals(\"[E]\")) {","lastModifiedDate":"2022-10-09"},{"lineNumber":45,"author":{"gitId":"zoranabc201"},"content":"            System.out.println(\" (at: \" + taskList.tasks.get(taskNo).getTime() +\")\");","lastModifiedDate":"2022-10-09"},{"lineNumber":46,"author":{"gitId":"zoranabc201"},"content":"        } else if (taskList.tasks.get(taskNo).getType().equals(\"[D]\")) {","lastModifiedDate":"2022-10-09"},{"lineNumber":47,"author":{"gitId":"zoranabc201"},"content":"            System.out.println(\" (by: \" + taskList.tasks.get(taskNo).getTime() + \")\");","lastModifiedDate":"2022-10-09"},{"lineNumber":48,"author":{"gitId":"zoranabc201"},"content":"        } else {","lastModifiedDate":"2022-10-09"},{"lineNumber":49,"author":{"gitId":"zoranabc201"},"content":"            System.out.println(\"\");","lastModifiedDate":"2022-10-09"},{"lineNumber":50,"author":{"gitId":"zoranabc201"},"content":"        }","lastModifiedDate":"2022-10-09"},{"lineNumber":51,"author":{"gitId":"zoranabc201"},"content":"    }","lastModifiedDate":"2022-10-09"},{"lineNumber":52,"author":{"gitId":"zoranabc201"},"content":"","lastModifiedDate":"2022-10-09"},{"lineNumber":53,"author":{"gitId":"zoranabc201"},"content":"    /**","lastModifiedDate":"2022-10-09"},{"lineNumber":54,"author":{"gitId":"zoranabc201"},"content":"     * Adds event task with the requisite messages","lastModifiedDate":"2022-10-09"},{"lineNumber":55,"author":{"gitId":"zoranabc201"},"content":"     * @param description","lastModifiedDate":"2022-10-09"},{"lineNumber":56,"author":{"gitId":"zoranabc201"},"content":"     * @param at","lastModifiedDate":"2022-10-09"},{"lineNumber":57,"author":{"gitId":"zoranabc201"},"content":"     * @param isMark","lastModifiedDate":"2022-10-09"},{"lineNumber":58,"author":{"gitId":"zoranabc201"},"content":"     * @param taskList","lastModifiedDate":"2022-10-09"},{"lineNumber":59,"author":{"gitId":"zoranabc201"},"content":"     * @throws IOException","lastModifiedDate":"2022-10-09"},{"lineNumber":60,"author":{"gitId":"zoranabc201"},"content":"     */","lastModifiedDate":"2022-10-09"},{"lineNumber":61,"author":{"gitId":"zoranabc201"},"content":"    public void addEvent (String description, String at, boolean isMark, TaskList taskList) throws IOException{","lastModifiedDate":"2022-10-09"},{"lineNumber":62,"author":{"gitId":"zoranabc201"},"content":"        System.out.println(messages.lineBreak);","lastModifiedDate":"2022-10-09"},{"lineNumber":63,"author":{"gitId":"zoranabc201"},"content":"        System.out.println(messages.initialAddTaskMessage);","lastModifiedDate":"2022-10-09"},{"lineNumber":64,"author":{"gitId":"zoranabc201"},"content":"        taskList.addEvent(description, at, isMark);","lastModifiedDate":"2022-10-09"},{"lineNumber":65,"author":{"gitId":"zoranabc201"},"content":"        displayOneTask(taskList.noOfTasks - 1, taskList);","lastModifiedDate":"2022-10-09"},{"lineNumber":66,"author":{"gitId":"zoranabc201"},"content":"        System.out.println(\"Now you have \" + (taskList.noOfTasks) + \" tasks in the list.\");","lastModifiedDate":"2022-10-09"},{"lineNumber":67,"author":{"gitId":"zoranabc201"},"content":"        System.out.println(messages.lineBreak);","lastModifiedDate":"2022-10-09"},{"lineNumber":68,"author":{"gitId":"zoranabc201"},"content":"        storage.writeAllEvents(taskList);","lastModifiedDate":"2022-10-09"},{"lineNumber":69,"author":{"gitId":"zoranabc201"},"content":"    }","lastModifiedDate":"2022-10-09"},{"lineNumber":70,"author":{"gitId":"zoranabc201"},"content":"","lastModifiedDate":"2022-10-09"},{"lineNumber":71,"author":{"gitId":"zoranabc201"},"content":"    /**","lastModifiedDate":"2022-10-09"},{"lineNumber":72,"author":{"gitId":"zoranabc201"},"content":"     * Adds todo task with the requisite messages","lastModifiedDate":"2022-10-09"},{"lineNumber":73,"author":{"gitId":"zoranabc201"},"content":"     * @param description","lastModifiedDate":"2022-10-09"},{"lineNumber":74,"author":{"gitId":"zoranabc201"},"content":"     * @param isMark","lastModifiedDate":"2022-10-09"},{"lineNumber":75,"author":{"gitId":"zoranabc201"},"content":"     * @param taskList","lastModifiedDate":"2022-10-09"},{"lineNumber":76,"author":{"gitId":"zoranabc201"},"content":"     * @throws IOException","lastModifiedDate":"2022-10-09"},{"lineNumber":77,"author":{"gitId":"zoranabc201"},"content":"     */","lastModifiedDate":"2022-10-09"},{"lineNumber":78,"author":{"gitId":"zoranabc201"},"content":"    public void addTodo (String description, boolean isMark, TaskList taskList) throws IOException{","lastModifiedDate":"2022-10-09"},{"lineNumber":79,"author":{"gitId":"zoranabc201"},"content":"        System.out.println(messages.lineBreak);","lastModifiedDate":"2022-10-09"},{"lineNumber":80,"author":{"gitId":"zoranabc201"},"content":"        System.out.println(messages.initialAddTaskMessage);","lastModifiedDate":"2022-10-09"},{"lineNumber":81,"author":{"gitId":"zoranabc201"},"content":"        taskList.addTodo(description, isMark);","lastModifiedDate":"2022-10-09"},{"lineNumber":82,"author":{"gitId":"zoranabc201"},"content":"        displayOneTask(taskList.noOfTasks - 1, taskList);","lastModifiedDate":"2022-10-09"},{"lineNumber":83,"author":{"gitId":"zoranabc201"},"content":"        System.out.println(\"Now you have \" + (taskList.noOfTasks) + \" tasks in the list.\");","lastModifiedDate":"2022-10-09"},{"lineNumber":84,"author":{"gitId":"zoranabc201"},"content":"        System.out.println(messages.lineBreak);","lastModifiedDate":"2022-10-09"},{"lineNumber":85,"author":{"gitId":"zoranabc201"},"content":"        storage.writeAllEvents(taskList);","lastModifiedDate":"2022-10-09"},{"lineNumber":86,"author":{"gitId":"zoranabc201"},"content":"    }","lastModifiedDate":"2022-10-09"},{"lineNumber":87,"author":{"gitId":"zoranabc201"},"content":"","lastModifiedDate":"2022-10-09"},{"lineNumber":88,"author":{"gitId":"zoranabc201"},"content":"    /**","lastModifiedDate":"2022-10-09"},{"lineNumber":89,"author":{"gitId":"zoranabc201"},"content":"     * Adds deadline tasks with the requisite messages","lastModifiedDate":"2022-10-09"},{"lineNumber":90,"author":{"gitId":"zoranabc201"},"content":"     * @param description","lastModifiedDate":"2022-10-09"},{"lineNumber":91,"author":{"gitId":"zoranabc201"},"content":"     * @param by","lastModifiedDate":"2022-10-09"},{"lineNumber":92,"author":{"gitId":"zoranabc201"},"content":"     * @param isMark","lastModifiedDate":"2022-10-09"},{"lineNumber":93,"author":{"gitId":"zoranabc201"},"content":"     * @param taskList","lastModifiedDate":"2022-10-09"},{"lineNumber":94,"author":{"gitId":"zoranabc201"},"content":"     * @throws IOException","lastModifiedDate":"2022-10-09"},{"lineNumber":95,"author":{"gitId":"zoranabc201"},"content":"     */","lastModifiedDate":"2022-10-09"},{"lineNumber":96,"author":{"gitId":"zoranabc201"},"content":"    public void addDeadline (String description, String by, boolean isMark, TaskList taskList) throws IOException{","lastModifiedDate":"2022-10-09"},{"lineNumber":97,"author":{"gitId":"zoranabc201"},"content":"        System.out.println(messages.lineBreak);","lastModifiedDate":"2022-10-09"},{"lineNumber":98,"author":{"gitId":"zoranabc201"},"content":"        System.out.println(messages.initialAddTaskMessage);","lastModifiedDate":"2022-10-09"},{"lineNumber":99,"author":{"gitId":"zoranabc201"},"content":"        taskList.addDeadline(description, by, isMark);","lastModifiedDate":"2022-10-09"},{"lineNumber":100,"author":{"gitId":"zoranabc201"},"content":"        displayOneTask(taskList.noOfTasks - 1, taskList);","lastModifiedDate":"2022-10-09"},{"lineNumber":101,"author":{"gitId":"zoranabc201"},"content":"        System.out.println(\"Now you have \" + (taskList.noOfTasks) + \" tasks in the list.\");","lastModifiedDate":"2022-10-09"},{"lineNumber":102,"author":{"gitId":"zoranabc201"},"content":"        System.out.println(messages.lineBreak);","lastModifiedDate":"2022-10-09"},{"lineNumber":103,"author":{"gitId":"zoranabc201"},"content":"        storage.writeAllEvents(taskList);","lastModifiedDate":"2022-10-09"},{"lineNumber":104,"author":{"gitId":"zoranabc201"},"content":"    }","lastModifiedDate":"2022-10-09"},{"lineNumber":105,"author":{"gitId":"zoranabc201"},"content":"","lastModifiedDate":"2022-10-09"},{"lineNumber":106,"author":{"gitId":"zoranabc201"},"content":"    public void acceptCommands(TaskList taskList, Storage storage) throws IOException {","lastModifiedDate":"2022-10-09"},{"lineNumber":107,"author":{"gitId":"zoranabc201"},"content":"        Scanner SC \u003d new Scanner(System.in);","lastModifiedDate":"2022-10-09"},{"lineNumber":108,"author":{"gitId":"zoranabc201"},"content":"        String input;","lastModifiedDate":"2022-10-09"},{"lineNumber":109,"author":{"gitId":"zoranabc201"},"content":"        String type;","lastModifiedDate":"2022-10-09"},{"lineNumber":110,"author":{"gitId":"zoranabc201"},"content":"        while (true) {","lastModifiedDate":"2022-10-09"},{"lineNumber":111,"author":{"gitId":"zoranabc201"},"content":"            input \u003d SC.nextLine();","lastModifiedDate":"2022-10-09"},{"lineNumber":112,"author":{"gitId":"zoranabc201"},"content":"            type \u003d parser.getType(input);","lastModifiedDate":"2022-10-09"},{"lineNumber":113,"author":{"gitId":"zoranabc201"},"content":"            if(type.equals(\"bye\")) {","lastModifiedDate":"2022-10-09"},{"lineNumber":114,"author":{"gitId":"zoranabc201"},"content":"                System.out.println(messages.lineBreak);","lastModifiedDate":"2022-10-09"},{"lineNumber":115,"author":{"gitId":"zoranabc201"},"content":"                System.out.println(messages.bye);","lastModifiedDate":"2022-10-09"},{"lineNumber":116,"author":{"gitId":"zoranabc201"},"content":"                System.out.println(messages.lineBreak);","lastModifiedDate":"2022-10-09"},{"lineNumber":117,"author":{"gitId":"zoranabc201"},"content":"                storage.writeAllEvents(taskList);","lastModifiedDate":"2022-10-09"},{"lineNumber":118,"author":{"gitId":"zoranabc201"},"content":"                break;","lastModifiedDate":"2022-10-09"},{"lineNumber":119,"author":{"gitId":"zoranabc201"},"content":"            } else if(type.equals(\"list\")) {","lastModifiedDate":"2022-10-09"},{"lineNumber":120,"author":{"gitId":"zoranabc201"},"content":"                list(taskList);","lastModifiedDate":"2022-10-09"},{"lineNumber":121,"author":{"gitId":"zoranabc201"},"content":"            }","lastModifiedDate":"2022-10-09"},{"lineNumber":122,"author":{"gitId":"zoranabc201"},"content":"            insertBasedOnType(type, input, taskList);","lastModifiedDate":"2022-10-09"},{"lineNumber":123,"author":{"gitId":"zoranabc201"},"content":"        }","lastModifiedDate":"2022-10-09"},{"lineNumber":124,"author":{"gitId":"zoranabc201"},"content":"    }","lastModifiedDate":"2022-10-09"},{"lineNumber":125,"author":{"gitId":"zoranabc201"},"content":"    public void insertBasedOnType(String type, String input, TaskList taskList) throws IOException{","lastModifiedDate":"2022-10-09"},{"lineNumber":126,"author":{"gitId":"zoranabc201"},"content":"        String time;","lastModifiedDate":"2022-10-09"},{"lineNumber":127,"author":{"gitId":"zoranabc201"},"content":"        String description;","lastModifiedDate":"2022-10-09"},{"lineNumber":128,"author":{"gitId":"zoranabc201"},"content":"        if(type.equals(\"\")) {","lastModifiedDate":"2022-10-09"},{"lineNumber":129,"author":{"gitId":"zoranabc201"},"content":"            dukeException.notRecognizedException();","lastModifiedDate":"2022-10-09"},{"lineNumber":130,"author":{"gitId":"zoranabc201"},"content":"        } else if(type.equals(\"event\")) {","lastModifiedDate":"2022-10-09"},{"lineNumber":131,"author":{"gitId":"zoranabc201"},"content":"            description \u003d parser.getEventDescription(input);","lastModifiedDate":"2022-10-09"},{"lineNumber":132,"author":{"gitId":"zoranabc201"},"content":"            time \u003d parser.getEventTime(input);","lastModifiedDate":"2022-10-09"},{"lineNumber":133,"author":{"gitId":"zoranabc201"},"content":"            if(description.equals(\"\") || time.equals(\"\")) {","lastModifiedDate":"2022-10-09"},{"lineNumber":134,"author":{"gitId":"zoranabc201"},"content":"                dukeException.eventException();","lastModifiedDate":"2022-10-09"},{"lineNumber":135,"author":{"gitId":"zoranabc201"},"content":"            } else {","lastModifiedDate":"2022-10-09"},{"lineNumber":136,"author":{"gitId":"zoranabc201"},"content":"                addEvent(description, time, false, taskList);","lastModifiedDate":"2022-10-09"},{"lineNumber":137,"author":{"gitId":"zoranabc201"},"content":"            }","lastModifiedDate":"2022-10-09"},{"lineNumber":138,"author":{"gitId":"zoranabc201"},"content":"        } else if(type.equals(\"todo\")) {","lastModifiedDate":"2022-10-09"},{"lineNumber":139,"author":{"gitId":"zoranabc201"},"content":"            description \u003d parser.getTodoDescription(input);","lastModifiedDate":"2022-10-09"},{"lineNumber":140,"author":{"gitId":"zoranabc201"},"content":"            if(description.equals(\"\")) {","lastModifiedDate":"2022-10-09"},{"lineNumber":141,"author":{"gitId":"zoranabc201"},"content":"                dukeException.todoException();","lastModifiedDate":"2022-10-09"},{"lineNumber":142,"author":{"gitId":"zoranabc201"},"content":"            } else {","lastModifiedDate":"2022-10-09"},{"lineNumber":143,"author":{"gitId":"zoranabc201"},"content":"                addTodo(description,false, taskList);","lastModifiedDate":"2022-10-09"},{"lineNumber":144,"author":{"gitId":"zoranabc201"},"content":"            }","lastModifiedDate":"2022-10-09"},{"lineNumber":145,"author":{"gitId":"zoranabc201"},"content":"        } else if(type.equals(\"deadline\")) {","lastModifiedDate":"2022-10-09"},{"lineNumber":146,"author":{"gitId":"zoranabc201"},"content":"            description \u003d parser.getDeadlineDescription(input);","lastModifiedDate":"2022-10-09"},{"lineNumber":147,"author":{"gitId":"zoranabc201"},"content":"            time \u003d parser.getDeadlineTime(input);","lastModifiedDate":"2022-10-09"},{"lineNumber":148,"author":{"gitId":"zoranabc201"},"content":"            if(description.equals(\"\") || time.equals(\"\")) {","lastModifiedDate":"2022-10-09"},{"lineNumber":149,"author":{"gitId":"zoranabc201"},"content":"                dukeException.deadlineException();","lastModifiedDate":"2022-10-09"},{"lineNumber":150,"author":{"gitId":"zoranabc201"},"content":"            } else {","lastModifiedDate":"2022-10-09"},{"lineNumber":151,"author":{"gitId":"zoranabc201"},"content":"                addDeadline(description, time, false, taskList);","lastModifiedDate":"2022-10-09"},{"lineNumber":152,"author":{"gitId":"zoranabc201"},"content":"            }","lastModifiedDate":"2022-10-09"},{"lineNumber":153,"author":{"gitId":"zoranabc201"},"content":"        } else if(type.equals(\"mark\")) {","lastModifiedDate":"2022-10-09"},{"lineNumber":154,"author":{"gitId":"zoranabc201"},"content":"            markTask(input, taskList);","lastModifiedDate":"2022-10-09"},{"lineNumber":155,"author":{"gitId":"zoranabc201"},"content":"        } else if(type.equals(\"unmark\")) {","lastModifiedDate":"2022-10-09"},{"lineNumber":156,"author":{"gitId":"zoranabc201"},"content":"            unmarkTask(input, taskList);","lastModifiedDate":"2022-10-09"},{"lineNumber":157,"author":{"gitId":"zoranabc201"},"content":"        } else if(type.equals(\"delete\")) {","lastModifiedDate":"2022-10-09"},{"lineNumber":158,"author":{"gitId":"zoranabc201"},"content":"            deleteTask(input, taskList);","lastModifiedDate":"2022-10-09"},{"lineNumber":159,"author":{"gitId":"zoranabc201"},"content":"        } else if(type.equals(\"find\")) {","lastModifiedDate":"2022-10-09"},{"lineNumber":160,"author":{"gitId":"zoranabc201"},"content":"            findTask(input, taskList);","lastModifiedDate":"2022-10-09"},{"lineNumber":161,"author":{"gitId":"zoranabc201"},"content":"        }","lastModifiedDate":"2022-10-09"},{"lineNumber":162,"author":{"gitId":"zoranabc201"},"content":"    }","lastModifiedDate":"2022-10-09"},{"lineNumber":163,"author":{"gitId":"zoranabc201"},"content":"    public void findTask(String input, TaskList taskList) {","lastModifiedDate":"2022-10-09"},{"lineNumber":164,"author":{"gitId":"zoranabc201"},"content":"        String search \u003d parser.findSearchString(input);","lastModifiedDate":"2022-10-09"},{"lineNumber":165,"author":{"gitId":"zoranabc201"},"content":"        if(search.equals(\"\")) {","lastModifiedDate":"2022-10-09"},{"lineNumber":166,"author":{"gitId":"zoranabc201"},"content":"            new DukeException().findException();","lastModifiedDate":"2022-10-09"},{"lineNumber":167,"author":{"gitId":"zoranabc201"},"content":"        } else {","lastModifiedDate":"2022-10-09"},{"lineNumber":168,"author":{"gitId":"zoranabc201"},"content":"            System.out.println(messages.lineBreak);","lastModifiedDate":"2022-10-09"},{"lineNumber":169,"author":{"gitId":"zoranabc201"},"content":"            System.out.println(messages.findMessage);","lastModifiedDate":"2022-10-09"},{"lineNumber":170,"author":{"gitId":"zoranabc201"},"content":"            for(int i \u003d 0; i \u003c taskList.noOfTasks; i++) {","lastModifiedDate":"2022-10-09"},{"lineNumber":171,"author":{"gitId":"zoranabc201"},"content":"                if(taskList.findTask(i, search)) {","lastModifiedDate":"2022-10-09"},{"lineNumber":172,"author":{"gitId":"zoranabc201"},"content":"                    System.out.print(i + 1 +\".\");","lastModifiedDate":"2022-10-09"},{"lineNumber":173,"author":{"gitId":"zoranabc201"},"content":"                    displayOneTask(i, taskList);","lastModifiedDate":"2022-10-09"},{"lineNumber":174,"author":{"gitId":"zoranabc201"},"content":"                }","lastModifiedDate":"2022-10-09"},{"lineNumber":175,"author":{"gitId":"zoranabc201"},"content":"            }","lastModifiedDate":"2022-10-09"},{"lineNumber":176,"author":{"gitId":"zoranabc201"},"content":"            System.out.println(messages.lineBreak);","lastModifiedDate":"2022-10-09"},{"lineNumber":177,"author":{"gitId":"zoranabc201"},"content":"        }","lastModifiedDate":"2022-10-09"},{"lineNumber":178,"author":{"gitId":"zoranabc201"},"content":"    }","lastModifiedDate":"2022-10-09"},{"lineNumber":179,"author":{"gitId":"zoranabc201"},"content":"    public void deleteTask(String input, TaskList taskList) throws IOException {","lastModifiedDate":"2022-10-09"},{"lineNumber":180,"author":{"gitId":"zoranabc201"},"content":"        int taskNo \u003d parser.findTaskNo(input);","lastModifiedDate":"2022-10-09"},{"lineNumber":181,"author":{"gitId":"zoranabc201"},"content":"        if(taskNo \u003c\u003d 0 || taskNo \u003e taskList.noOfTasks) {","lastModifiedDate":"2022-10-09"},{"lineNumber":182,"author":{"gitId":"zoranabc201"},"content":"            dukeException.deleteException();","lastModifiedDate":"2022-10-09"},{"lineNumber":183,"author":{"gitId":"zoranabc201"},"content":"        } else {","lastModifiedDate":"2022-10-09"},{"lineNumber":184,"author":{"gitId":"zoranabc201"},"content":"            System.out.println(messages.lineBreak);","lastModifiedDate":"2022-10-09"},{"lineNumber":185,"author":{"gitId":"zoranabc201"},"content":"            System.out.println(messages.deleteMessage);","lastModifiedDate":"2022-10-09"},{"lineNumber":186,"author":{"gitId":"zoranabc201"},"content":"            displayOneTask(taskNo - 1, taskList);","lastModifiedDate":"2022-10-09"},{"lineNumber":187,"author":{"gitId":"zoranabc201"},"content":"            taskList.delete(taskNo - 1);","lastModifiedDate":"2022-10-09"},{"lineNumber":188,"author":{"gitId":"zoranabc201"},"content":"            System.out.println(\"Now you have \" + taskList.noOfTasks + \" tasks in the list.\");","lastModifiedDate":"2022-10-09"},{"lineNumber":189,"author":{"gitId":"zoranabc201"},"content":"            System.out.println(messages.lineBreak);","lastModifiedDate":"2022-10-09"},{"lineNumber":190,"author":{"gitId":"zoranabc201"},"content":"            storage.writeAllEvents(taskList);","lastModifiedDate":"2022-10-09"},{"lineNumber":191,"author":{"gitId":"zoranabc201"},"content":"        }","lastModifiedDate":"2022-10-09"},{"lineNumber":192,"author":{"gitId":"zoranabc201"},"content":"    }","lastModifiedDate":"2022-10-09"},{"lineNumber":193,"author":{"gitId":"zoranabc201"},"content":"    public void markTask(String input, TaskList taskList) throws IOException{","lastModifiedDate":"2022-10-09"},{"lineNumber":194,"author":{"gitId":"zoranabc201"},"content":"        int taskNo \u003d parser.findTaskNo(input);","lastModifiedDate":"2022-10-09"},{"lineNumber":195,"author":{"gitId":"zoranabc201"},"content":"        if(taskNo \u003c\u003d 0 || taskNo \u003e taskList.noOfTasks) {","lastModifiedDate":"2022-10-09"},{"lineNumber":196,"author":{"gitId":"zoranabc201"},"content":"            dukeException.markException();","lastModifiedDate":"2022-10-09"},{"lineNumber":197,"author":{"gitId":"zoranabc201"},"content":"        } else {","lastModifiedDate":"2022-10-09"},{"lineNumber":198,"author":{"gitId":"zoranabc201"},"content":"            taskList.mark(taskNo - 1, true);","lastModifiedDate":"2022-10-09"},{"lineNumber":199,"author":{"gitId":"zoranabc201"},"content":"            System.out.println(messages.lineBreak);","lastModifiedDate":"2022-10-09"},{"lineNumber":200,"author":{"gitId":"zoranabc201"},"content":"            System.out.println(messages.markAsDone);","lastModifiedDate":"2022-10-09"},{"lineNumber":201,"author":{"gitId":"zoranabc201"},"content":"            displayOneTask(taskNo - 1, taskList);","lastModifiedDate":"2022-10-09"},{"lineNumber":202,"author":{"gitId":"zoranabc201"},"content":"            System.out.println(messages.lineBreak);","lastModifiedDate":"2022-10-09"},{"lineNumber":203,"author":{"gitId":"zoranabc201"},"content":"            storage.writeAllEvents(taskList);","lastModifiedDate":"2022-10-09"},{"lineNumber":204,"author":{"gitId":"zoranabc201"},"content":"        }","lastModifiedDate":"2022-10-09"},{"lineNumber":205,"author":{"gitId":"zoranabc201"},"content":"    }","lastModifiedDate":"2022-10-09"},{"lineNumber":206,"author":{"gitId":"zoranabc201"},"content":"    public void unmarkTask(String input, TaskList taskList) throws IOException{","lastModifiedDate":"2022-10-09"},{"lineNumber":207,"author":{"gitId":"zoranabc201"},"content":"        int taskNo \u003d parser.findTaskNo(input);","lastModifiedDate":"2022-10-09"},{"lineNumber":208,"author":{"gitId":"zoranabc201"},"content":"        if(taskNo \u003c\u003d 0 || taskNo \u003e taskList.noOfTasks) {","lastModifiedDate":"2022-10-09"},{"lineNumber":209,"author":{"gitId":"zoranabc201"},"content":"            dukeException.markException();","lastModifiedDate":"2022-10-09"},{"lineNumber":210,"author":{"gitId":"zoranabc201"},"content":"        } else {","lastModifiedDate":"2022-10-09"},{"lineNumber":211,"author":{"gitId":"zoranabc201"},"content":"            taskList.mark(taskNo - 1, false);","lastModifiedDate":"2022-10-09"},{"lineNumber":212,"author":{"gitId":"zoranabc201"},"content":"            System.out.println(messages.lineBreak);","lastModifiedDate":"2022-10-09"},{"lineNumber":213,"author":{"gitId":"zoranabc201"},"content":"            System.out.println(messages.unmarkAsNotDone);","lastModifiedDate":"2022-10-09"},{"lineNumber":214,"author":{"gitId":"zoranabc201"},"content":"            displayOneTask(taskNo - 1, taskList);","lastModifiedDate":"2022-10-09"},{"lineNumber":215,"author":{"gitId":"zoranabc201"},"content":"            System.out.println(messages.lineBreak);","lastModifiedDate":"2022-10-09"},{"lineNumber":216,"author":{"gitId":"zoranabc201"},"content":"            storage.writeAllEvents(taskList);","lastModifiedDate":"2022-10-09"},{"lineNumber":217,"author":{"gitId":"zoranabc201"},"content":"        }","lastModifiedDate":"2022-10-09"},{"lineNumber":218,"author":{"gitId":"zoranabc201"},"content":"    }","lastModifiedDate":"2022-10-09"},{"lineNumber":219,"author":{"gitId":"zoranabc201"},"content":"}","lastModifiedDate":"2022-10-09"}],"authorContributionMap":{"zoranabc201":219}},{"path":"text-ui-test/input.txt","fileType":"txt","lines":[{"lineNumber":1,"author":{"gitId":"zoranabc201"},"content":"todo task 1","lastModifiedDate":"2022-09-06"},{"lineNumber":2,"author":{"gitId":"zoranabc201"},"content":"event task 2 /at 6pm","lastModifiedDate":"2022-09-06"},{"lineNumber":3,"author":{"gitId":"zoranabc201"},"content":"deadline task 3 /at 7pm tomorrow","lastModifiedDate":"2022-09-06"},{"lineNumber":4,"author":{"gitId":"zoranabc201"},"content":"mark 3","lastModifiedDate":"2022-09-06"},{"lineNumber":5,"author":{"gitId":"zoranabc201"},"content":"mark 4","lastModifiedDate":"2022-09-06"},{"lineNumber":6,"author":{"gitId":"zoranabc201"},"content":"deadline","lastModifiedDate":"2022-09-06"},{"lineNumber":7,"author":{"gitId":"zoranabc201"},"content":"event","lastModifiedDate":"2022-09-06"},{"lineNumber":8,"author":{"gitId":"zoranabc201"},"content":"todo","lastModifiedDate":"2022-09-06"},{"lineNumber":9,"author":{"gitId":"zoranabc201"},"content":"deadline at 6pm","lastModifiedDate":"2022-09-06"},{"lineNumber":10,"author":{"gitId":"zoranabc201"},"content":"list","lastModifiedDate":"2022-09-06"},{"lineNumber":11,"author":{"gitId":"zoranabc201"},"content":"bye","lastModifiedDate":"2022-09-06"}],"authorContributionMap":{"zoranabc201":11}},{"path":"text-ui-test/output.txt","fileType":"txt","lines":[{"lineNumber":1,"author":{"gitId":"zoranabc201"},"content":"Hello from","lastModifiedDate":"2022-09-06"},{"lineNumber":2,"author":{"gitId":"zoranabc201"},"content":" ____        _        ","lastModifiedDate":"2022-09-06"},{"lineNumber":3,"author":{"gitId":"zoranabc201"},"content":"|  _ \\ _   _| | _____ ","lastModifiedDate":"2022-09-06"},{"lineNumber":4,"author":{"gitId":"zoranabc201"},"content":"| | | | | | | |/ / _ \\","lastModifiedDate":"2022-09-06"},{"lineNumber":5,"author":{"gitId":"zoranabc201"},"content":"| |_| | |_| |   \u003c  __/","lastModifiedDate":"2022-09-06"},{"lineNumber":6,"author":{"gitId":"zoranabc201"},"content":"|____/ \\__,_|_|\\_\\___|","lastModifiedDate":"2022-09-06"},{"lineNumber":7,"author":{"gitId":"zoranabc201"},"content":"","lastModifiedDate":"2022-09-06"},{"lineNumber":8,"author":{"gitId":"zoranabc201"},"content":"Hello I\u0027m Duke","lastModifiedDate":"2022-09-06"},{"lineNumber":9,"author":{"gitId":"zoranabc201"},"content":"What can I do for you?","lastModifiedDate":"2022-09-06"},{"lineNumber":10,"author":{"gitId":"zoranabc201"},"content":"Got it. I\u0027ve added this task:","lastModifiedDate":"2022-09-06"},{"lineNumber":11,"author":{"gitId":"zoranabc201"},"content":"[T][ ]task 1","lastModifiedDate":"2022-09-06"},{"lineNumber":12,"author":{"gitId":"zoranabc201"},"content":"Now you have 1 tasks in the list","lastModifiedDate":"2022-09-06"},{"lineNumber":13,"author":{"gitId":"zoranabc201"},"content":"Got it! I\u0027ve added this task:","lastModifiedDate":"2022-09-06"},{"lineNumber":14,"author":{"gitId":"zoranabc201"},"content":"E[ ]task 2 (at: 6pm)","lastModifiedDate":"2022-09-06"},{"lineNumber":15,"author":{"gitId":"zoranabc201"},"content":"Now you have 2 tasks in the list.","lastModifiedDate":"2022-09-06"},{"lineNumber":16,"author":{"gitId":"zoranabc201"},"content":"Please provide a valid description and deadline.","lastModifiedDate":"2022-09-06"},{"lineNumber":17,"author":{"gitId":"zoranabc201"},"content":"Sorry! The given task number is out of bounds","lastModifiedDate":"2022-09-14"},{"lineNumber":18,"author":{"gitId":"zoranabc201"},"content":"Sorry! The given task number is out of bounds","lastModifiedDate":"2022-09-14"},{"lineNumber":19,"author":{"gitId":"zoranabc201"},"content":"OOPS!!! I\u0027m sorry, but I don\u0027t know what that means :-(","lastModifiedDate":"2022-09-06"},{"lineNumber":20,"author":{"gitId":"zoranabc201"},"content":"OOPS!!! I\u0027m sorry, but I don\u0027t know what that means :-(","lastModifiedDate":"2022-09-06"},{"lineNumber":21,"author":{"gitId":"zoranabc201"},"content":"OOPS!!! I\u0027m sorry, but I don\u0027t know what that means :-(","lastModifiedDate":"2022-09-06"},{"lineNumber":22,"author":{"gitId":"zoranabc201"},"content":"Please provide a valid description and deadline.","lastModifiedDate":"2022-09-06"},{"lineNumber":23,"author":{"gitId":"zoranabc201"},"content":"Here are the tasks in your list:","lastModifiedDate":"2022-09-06"},{"lineNumber":24,"author":{"gitId":"zoranabc201"},"content":"1.[T][ ]task 1","lastModifiedDate":"2022-09-06"},{"lineNumber":25,"author":{"gitId":"zoranabc201"},"content":"2.E[ ]task 2 (at: 6pm)","lastModifiedDate":"2022-09-06"},{"lineNumber":26,"author":{"gitId":"zoranabc201"},"content":"Bye. Hope to see you again soon!","lastModifiedDate":"2022-09-06"}],"authorContributionMap":{"zoranabc201":26}}]
