[{"path":"src/main/java/Duke/Deadline.java","fileType":"java","lines":[{"lineNumber":1,"author":{"gitId":"zoranabc201"},"content":"package Duke;","lastModifiedDate":"2022-09-06"},{"lineNumber":2,"author":{"gitId":"zoranabc201"},"content":"","lastModifiedDate":"2022-09-06"},{"lineNumber":3,"author":{"gitId":"zoranabc201"},"content":"class Deadline extends Task {","lastModifiedDate":"2022-09-05"},{"lineNumber":4,"author":{"gitId":"zoranabc201"},"content":"    String description;","lastModifiedDate":"2022-09-05"},{"lineNumber":5,"author":{"gitId":"zoranabc201"},"content":"    String by;","lastModifiedDate":"2022-09-05"},{"lineNumber":6,"author":{"gitId":"zoranabc201"},"content":"    Deadline(String description, String by) {","lastModifiedDate":"2022-09-05"},{"lineNumber":7,"author":{"gitId":"zoranabc201"},"content":"        this.description \u003d description;","lastModifiedDate":"2022-09-05"},{"lineNumber":8,"author":{"gitId":"zoranabc201"},"content":"        this.by \u003d by;","lastModifiedDate":"2022-09-05"},{"lineNumber":9,"author":{"gitId":"zoranabc201"},"content":"    }","lastModifiedDate":"2022-09-05"},{"lineNumber":10,"author":{"gitId":"zoranabc201"},"content":"","lastModifiedDate":"2022-09-05"},{"lineNumber":11,"author":{"gitId":"zoranabc201"},"content":"    @Override","lastModifiedDate":"2022-09-05"},{"lineNumber":12,"author":{"gitId":"zoranabc201"},"content":"    void initializeMessage() {","lastModifiedDate":"2022-09-05"},{"lineNumber":13,"author":{"gitId":"zoranabc201"},"content":"        System.out.println(\"Got it! I\u0027ve added this task:\");","lastModifiedDate":"2022-09-05"},{"lineNumber":14,"author":{"gitId":"zoranabc201"},"content":"        displayMessage();","lastModifiedDate":"2022-09-05"},{"lineNumber":15,"author":{"gitId":"zoranabc201"},"content":"        System.out.println(\"Now you have \"+ TaskManager.noOfTasks +\" tasks in the list.\");","lastModifiedDate":"2022-09-05"},{"lineNumber":16,"author":{"gitId":"zoranabc201"},"content":"    }","lastModifiedDate":"2022-09-05"},{"lineNumber":17,"author":{"gitId":"zoranabc201"},"content":"","lastModifiedDate":"2022-09-05"},{"lineNumber":18,"author":{"gitId":"zoranabc201"},"content":"    @Override","lastModifiedDate":"2022-09-05"},{"lineNumber":19,"author":{"gitId":"zoranabc201"},"content":"    void displayMessage() {","lastModifiedDate":"2022-09-05"},{"lineNumber":20,"author":{"gitId":"zoranabc201"},"content":"        System.out.print(\"[D]\");","lastModifiedDate":"2022-09-05"},{"lineNumber":21,"author":{"gitId":"zoranabc201"},"content":"        if(isMarked()) {","lastModifiedDate":"2022-09-05"},{"lineNumber":22,"author":{"gitId":"zoranabc201"},"content":"            System.out.print(\"[X]\");","lastModifiedDate":"2022-09-05"},{"lineNumber":23,"author":{"gitId":"zoranabc201"},"content":"        } else {","lastModifiedDate":"2022-09-05"},{"lineNumber":24,"author":{"gitId":"zoranabc201"},"content":"            System.out.print(\"[ ]\");","lastModifiedDate":"2022-09-05"},{"lineNumber":25,"author":{"gitId":"zoranabc201"},"content":"        }","lastModifiedDate":"2022-09-05"},{"lineNumber":26,"author":{"gitId":"zoranabc201"},"content":"        System.out.println(description + \"(by: \" + by + \")\");","lastModifiedDate":"2022-09-06"},{"lineNumber":27,"author":{"gitId":"zoranabc201"},"content":"    }","lastModifiedDate":"2022-09-05"},{"lineNumber":28,"author":{"gitId":"zoranabc201"},"content":"}","lastModifiedDate":"2022-09-05"}],"authorContributionMap":{"zoranabc201":28}},{"path":"src/main/java/Duke/Duke.java","fileType":"java","lines":[{"lineNumber":1,"author":{"gitId":"zoranabc201"},"content":"package Duke;","lastModifiedDate":"2022-09-06"},{"lineNumber":2,"author":{"gitId":"zoranabc201"},"content":"","lastModifiedDate":"2022-09-06"},{"lineNumber":3,"author":{"gitId":"zoranabc201"},"content":"import java.util.Scanner;","lastModifiedDate":"2022-08-30"},{"lineNumber":4,"author":{"gitId":"zoranabc201"},"content":"","lastModifiedDate":"2022-09-05"},{"lineNumber":5,"author":{"gitId":"-"},"content":"public class Duke {","lastModifiedDate":"2019-07-29"},{"lineNumber":6,"author":{"gitId":"zoranabc201"},"content":"    void printWelcome() {","lastModifiedDate":"2022-08-28"},{"lineNumber":7,"author":{"gitId":"zoranabc201"},"content":"        System.out.println(\"Hello I\u0027m Duke\\nWhat can I do for you?\");","lastModifiedDate":"2022-08-30"},{"lineNumber":8,"author":{"gitId":"zoranabc201"},"content":"    }","lastModifiedDate":"2022-08-30"},{"lineNumber":9,"author":{"gitId":"zoranabc201"},"content":"","lastModifiedDate":"2022-09-05"},{"lineNumber":10,"author":{"gitId":"zoranabc201"},"content":"    void acceptInput() {","lastModifiedDate":"2022-09-05"},{"lineNumber":11,"author":{"gitId":"zoranabc201"},"content":"        Scanner SC \u003d new Scanner(System.in);","lastModifiedDate":"2022-09-05"},{"lineNumber":12,"author":{"gitId":"zoranabc201"},"content":"        TaskManager TM \u003d new TaskManager();","lastModifiedDate":"2022-09-05"},{"lineNumber":13,"author":{"gitId":"zoranabc201"},"content":"        String input;","lastModifiedDate":"2022-09-05"},{"lineNumber":14,"author":{"gitId":"zoranabc201"},"content":"        while (true) {","lastModifiedDate":"2022-09-05"},{"lineNumber":15,"author":{"gitId":"zoranabc201"},"content":"            input \u003d SC.nextLine();","lastModifiedDate":"2022-09-05"},{"lineNumber":16,"author":{"gitId":"zoranabc201"},"content":"            input.trim();","lastModifiedDate":"2022-09-05"},{"lineNumber":17,"author":{"gitId":"zoranabc201"},"content":"            if (input.equals(\"bye\")) {","lastModifiedDate":"2022-09-05"},{"lineNumber":18,"author":{"gitId":"zoranabc201"},"content":"                System.out.println(\"Bye. Hope to see you again soon!\");","lastModifiedDate":"2022-09-05"},{"lineNumber":19,"author":{"gitId":"zoranabc201"},"content":"                break;","lastModifiedDate":"2022-09-05"},{"lineNumber":20,"author":{"gitId":"zoranabc201"},"content":"            } else if(input.equals(\"list\")) {","lastModifiedDate":"2022-09-05"},{"lineNumber":21,"author":{"gitId":"zoranabc201"},"content":"                TM.addTask(\"list\", \"\");","lastModifiedDate":"2022-09-05"},{"lineNumber":22,"author":{"gitId":"zoranabc201"},"content":"            } else {","lastModifiedDate":"2022-09-05"},{"lineNumber":23,"author":{"gitId":"zoranabc201"},"content":"                TM.acceptTask(input);","lastModifiedDate":"2022-09-05"},{"lineNumber":24,"author":{"gitId":"zoranabc201"},"content":"            }","lastModifiedDate":"2022-09-05"},{"lineNumber":25,"author":{"gitId":"zoranabc201"},"content":"        }","lastModifiedDate":"2022-09-05"},{"lineNumber":26,"author":{"gitId":"zoranabc201"},"content":"    }","lastModifiedDate":"2022-09-05"},{"lineNumber":27,"author":{"gitId":"-"},"content":"    public static void main(String[] args) {","lastModifiedDate":"2019-07-29"},{"lineNumber":28,"author":{"gitId":"-"},"content":"        String logo \u003d \" ____        _        \\n\"","lastModifiedDate":"2019-07-29"},{"lineNumber":29,"author":{"gitId":"-"},"content":"                + \"|  _ \\\\ _   _| | _____ \\n\"","lastModifiedDate":"2019-07-29"},{"lineNumber":30,"author":{"gitId":"-"},"content":"                + \"| | | | | | | |/ / _ \\\\\\n\"","lastModifiedDate":"2019-07-29"},{"lineNumber":31,"author":{"gitId":"-"},"content":"                + \"| |_| | |_| |   \u003c  __/\\n\"","lastModifiedDate":"2019-07-29"},{"lineNumber":32,"author":{"gitId":"-"},"content":"                + \"|____/ \\\\__,_|_|\\\\_\\\\___|\\n\";","lastModifiedDate":"2019-07-29"},{"lineNumber":33,"author":{"gitId":"-"},"content":"        System.out.println(\"Hello from\\n\" + logo);","lastModifiedDate":"2019-07-29"},{"lineNumber":34,"author":{"gitId":"zoranabc201"},"content":"        Duke duke \u003d new Duke();","lastModifiedDate":"2022-08-29"},{"lineNumber":35,"author":{"gitId":"zoranabc201"},"content":"        duke.printWelcome();","lastModifiedDate":"2022-08-30"},{"lineNumber":36,"author":{"gitId":"zoranabc201"},"content":"        duke.acceptInput();","lastModifiedDate":"2022-09-05"},{"lineNumber":37,"author":{"gitId":"-"},"content":"    }","lastModifiedDate":"2019-07-29"},{"lineNumber":38,"author":{"gitId":"-"},"content":"}","lastModifiedDate":"2019-07-29"}],"authorContributionMap":{"zoranabc201":28,"-":10}},{"path":"src/main/java/Duke/DukeException.java","fileType":"java","lines":[{"lineNumber":1,"author":{"gitId":"zoranabc201"},"content":"package Duke;","lastModifiedDate":"2022-09-06"},{"lineNumber":2,"author":{"gitId":"zoranabc201"},"content":"","lastModifiedDate":"2022-09-06"},{"lineNumber":3,"author":{"gitId":"zoranabc201"},"content":"public class DukeException {","lastModifiedDate":"2022-09-05"},{"lineNumber":4,"author":{"gitId":"zoranabc201"},"content":"    void todoException() {","lastModifiedDate":"2022-09-05"},{"lineNumber":5,"author":{"gitId":"zoranabc201"},"content":"        System.out.println(\"OOPS! The description of a todo cannot be empty\");","lastModifiedDate":"2022-09-05"},{"lineNumber":6,"author":{"gitId":"zoranabc201"},"content":"    }","lastModifiedDate":"2022-09-05"},{"lineNumber":7,"author":{"gitId":"zoranabc201"},"content":"    void markException() {","lastModifiedDate":"2022-09-05"},{"lineNumber":8,"author":{"gitId":"zoranabc201"},"content":"        System.out.println(\"Please provide a valid task number to mark\");","lastModifiedDate":"2022-09-05"},{"lineNumber":9,"author":{"gitId":"zoranabc201"},"content":"    }","lastModifiedDate":"2022-09-05"},{"lineNumber":10,"author":{"gitId":"zoranabc201"},"content":"    void unmarkException() {","lastModifiedDate":"2022-09-05"},{"lineNumber":11,"author":{"gitId":"zoranabc201"},"content":"        System.out.println(\"Please provide a valid task number to unmark\");","lastModifiedDate":"2022-09-05"},{"lineNumber":12,"author":{"gitId":"zoranabc201"},"content":"    }","lastModifiedDate":"2022-09-05"},{"lineNumber":13,"author":{"gitId":"zoranabc201"},"content":"    void deadlineException() {","lastModifiedDate":"2022-09-05"},{"lineNumber":14,"author":{"gitId":"zoranabc201"},"content":"        System.out.println(\"Please provide a valid description and deadline.\");","lastModifiedDate":"2022-09-05"},{"lineNumber":15,"author":{"gitId":"zoranabc201"},"content":"    }","lastModifiedDate":"2022-09-05"},{"lineNumber":16,"author":{"gitId":"zoranabc201"},"content":"    void eventException() {","lastModifiedDate":"2022-09-05"},{"lineNumber":17,"author":{"gitId":"zoranabc201"},"content":"        System.out.println(\"Please provide a valid description and time\");","lastModifiedDate":"2022-09-05"},{"lineNumber":18,"author":{"gitId":"zoranabc201"},"content":"    }","lastModifiedDate":"2022-09-05"},{"lineNumber":19,"author":{"gitId":"zoranabc201"},"content":"    void notRecognizedException() {","lastModifiedDate":"2022-09-05"},{"lineNumber":20,"author":{"gitId":"zoranabc201"},"content":"        System.out.println(\"OOPS!!! I\u0027m sorry, but I don\u0027t know what that means :-(\");","lastModifiedDate":"2022-09-05"},{"lineNumber":21,"author":{"gitId":"zoranabc201"},"content":"    }","lastModifiedDate":"2022-09-05"},{"lineNumber":22,"author":{"gitId":"zoranabc201"},"content":"    void taskOutOfBounds() {","lastModifiedDate":"2022-09-06"},{"lineNumber":23,"author":{"gitId":"zoranabc201"},"content":"        System.out.println(\"Sorry! The given task number is out of bounds\");","lastModifiedDate":"2022-09-06"},{"lineNumber":24,"author":{"gitId":"zoranabc201"},"content":"    }","lastModifiedDate":"2022-09-06"},{"lineNumber":25,"author":{"gitId":"zoranabc201"},"content":"}","lastModifiedDate":"2022-09-05"}],"authorContributionMap":{"zoranabc201":25}},{"path":"src/main/java/Duke/Event.java","fileType":"java","lines":[{"lineNumber":1,"author":{"gitId":"zoranabc201"},"content":"package Duke;","lastModifiedDate":"2022-09-06"},{"lineNumber":2,"author":{"gitId":"zoranabc201"},"content":"","lastModifiedDate":"2022-09-06"},{"lineNumber":3,"author":{"gitId":"zoranabc201"},"content":"class Event extends Task{","lastModifiedDate":"2022-09-05"},{"lineNumber":4,"author":{"gitId":"zoranabc201"},"content":"    String description;","lastModifiedDate":"2022-09-05"},{"lineNumber":5,"author":{"gitId":"zoranabc201"},"content":"    String at;","lastModifiedDate":"2022-09-05"},{"lineNumber":6,"author":{"gitId":"zoranabc201"},"content":"    Event(String description, String at) {","lastModifiedDate":"2022-09-05"},{"lineNumber":7,"author":{"gitId":"zoranabc201"},"content":"        this.description \u003d description;","lastModifiedDate":"2022-09-05"},{"lineNumber":8,"author":{"gitId":"zoranabc201"},"content":"        this.at \u003d at;","lastModifiedDate":"2022-09-05"},{"lineNumber":9,"author":{"gitId":"zoranabc201"},"content":"    }","lastModifiedDate":"2022-09-05"},{"lineNumber":10,"author":{"gitId":"zoranabc201"},"content":"    @Override","lastModifiedDate":"2022-09-05"},{"lineNumber":11,"author":{"gitId":"zoranabc201"},"content":"    void initializeMessage() {","lastModifiedDate":"2022-09-05"},{"lineNumber":12,"author":{"gitId":"zoranabc201"},"content":"        System.out.println(\"Got it! I\u0027ve added this task:\");","lastModifiedDate":"2022-09-05"},{"lineNumber":13,"author":{"gitId":"zoranabc201"},"content":"        displayMessage();","lastModifiedDate":"2022-09-05"},{"lineNumber":14,"author":{"gitId":"zoranabc201"},"content":"        System.out.println(\"Now you have \"+ TaskManager.noOfTasks +\" tasks in the list.\");","lastModifiedDate":"2022-09-05"},{"lineNumber":15,"author":{"gitId":"zoranabc201"},"content":"    }","lastModifiedDate":"2022-09-05"},{"lineNumber":16,"author":{"gitId":"zoranabc201"},"content":"","lastModifiedDate":"2022-09-05"},{"lineNumber":17,"author":{"gitId":"zoranabc201"},"content":"    @Override","lastModifiedDate":"2022-09-05"},{"lineNumber":18,"author":{"gitId":"zoranabc201"},"content":"    void displayMessage() {","lastModifiedDate":"2022-09-05"},{"lineNumber":19,"author":{"gitId":"zoranabc201"},"content":"        System.out.print(\"E\");","lastModifiedDate":"2022-09-05"},{"lineNumber":20,"author":{"gitId":"zoranabc201"},"content":"        if(isMarked()){","lastModifiedDate":"2022-09-05"},{"lineNumber":21,"author":{"gitId":"zoranabc201"},"content":"            System.out.print(\"[X]\");","lastModifiedDate":"2022-09-05"},{"lineNumber":22,"author":{"gitId":"zoranabc201"},"content":"        } else {","lastModifiedDate":"2022-09-05"},{"lineNumber":23,"author":{"gitId":"zoranabc201"},"content":"            System.out.print(\"[ ]\");","lastModifiedDate":"2022-09-05"},{"lineNumber":24,"author":{"gitId":"zoranabc201"},"content":"        }","lastModifiedDate":"2022-09-05"},{"lineNumber":25,"author":{"gitId":"zoranabc201"},"content":"        System.out.println(description + \"(at: \" + at + \")\");","lastModifiedDate":"2022-09-05"},{"lineNumber":26,"author":{"gitId":"zoranabc201"},"content":"    }","lastModifiedDate":"2022-09-05"},{"lineNumber":27,"author":{"gitId":"zoranabc201"},"content":"}","lastModifiedDate":"2022-09-05"}],"authorContributionMap":{"zoranabc201":27}},{"path":"src/main/java/Duke/Task.java","fileType":"java","lines":[{"lineNumber":1,"author":{"gitId":"zoranabc201"},"content":"package Duke;","lastModifiedDate":"2022-09-06"},{"lineNumber":2,"author":{"gitId":"zoranabc201"},"content":"","lastModifiedDate":"2022-09-06"},{"lineNumber":3,"author":{"gitId":"zoranabc201"},"content":"public abstract class Task {","lastModifiedDate":"2022-09-05"},{"lineNumber":4,"author":{"gitId":"zoranabc201"},"content":"    public boolean isMarked() {","lastModifiedDate":"2022-09-05"},{"lineNumber":5,"author":{"gitId":"zoranabc201"},"content":"        return isMarked;","lastModifiedDate":"2022-09-05"},{"lineNumber":6,"author":{"gitId":"zoranabc201"},"content":"    }","lastModifiedDate":"2022-09-05"},{"lineNumber":7,"author":{"gitId":"zoranabc201"},"content":"    public void setMarked(boolean marked) {","lastModifiedDate":"2022-09-05"},{"lineNumber":8,"author":{"gitId":"zoranabc201"},"content":"        isMarked \u003d marked;","lastModifiedDate":"2022-09-05"},{"lineNumber":9,"author":{"gitId":"zoranabc201"},"content":"    }","lastModifiedDate":"2022-09-05"},{"lineNumber":10,"author":{"gitId":"zoranabc201"},"content":"     abstract void initializeMessage();","lastModifiedDate":"2022-09-05"},{"lineNumber":11,"author":{"gitId":"zoranabc201"},"content":"    abstract void displayMessage();","lastModifiedDate":"2022-09-05"},{"lineNumber":12,"author":{"gitId":"zoranabc201"},"content":"    boolean isMarked;","lastModifiedDate":"2022-09-05"},{"lineNumber":13,"author":{"gitId":"zoranabc201"},"content":"}","lastModifiedDate":"2022-09-05"}],"authorContributionMap":{"zoranabc201":13}},{"path":"src/main/java/Duke/TaskManager.java","fileType":"java","lines":[{"lineNumber":1,"author":{"gitId":"zoranabc201"},"content":"package Duke;","lastModifiedDate":"2022-09-06"},{"lineNumber":2,"author":{"gitId":"zoranabc201"},"content":"","lastModifiedDate":"2022-09-06"},{"lineNumber":3,"author":{"gitId":"zoranabc201"},"content":"public class TaskManager {","lastModifiedDate":"2022-09-05"},{"lineNumber":4,"author":{"gitId":"zoranabc201"},"content":"    static int noOfTasks;","lastModifiedDate":"2022-09-05"},{"lineNumber":5,"author":{"gitId":"zoranabc201"},"content":"    final int maxTasks \u003d 100;","lastModifiedDate":"2022-09-05"},{"lineNumber":6,"author":{"gitId":"zoranabc201"},"content":"    DukeException e \u003d new DukeException();","lastModifiedDate":"2022-09-05"},{"lineNumber":7,"author":{"gitId":"zoranabc201"},"content":"","lastModifiedDate":"2022-09-05"},{"lineNumber":8,"author":{"gitId":"zoranabc201"},"content":"    TaskManager() {","lastModifiedDate":"2022-09-05"},{"lineNumber":9,"author":{"gitId":"zoranabc201"},"content":"        noOfTasks \u003d 0;","lastModifiedDate":"2022-09-05"},{"lineNumber":10,"author":{"gitId":"zoranabc201"},"content":"    }","lastModifiedDate":"2022-09-05"},{"lineNumber":11,"author":{"gitId":"zoranabc201"},"content":"","lastModifiedDate":"2022-09-06"},{"lineNumber":12,"author":{"gitId":"zoranabc201"},"content":"    void acceptTask(String input) {","lastModifiedDate":"2022-09-05"},{"lineNumber":13,"author":{"gitId":"zoranabc201"},"content":"        input \u003d input.trim();","lastModifiedDate":"2022-09-05"},{"lineNumber":14,"author":{"gitId":"zoranabc201"},"content":"        int endOfCommand \u003d input.indexOf(\u0027 \u0027);","lastModifiedDate":"2022-09-05"},{"lineNumber":15,"author":{"gitId":"zoranabc201"},"content":"        if (endOfCommand \u003d\u003d -1) {","lastModifiedDate":"2022-09-05"},{"lineNumber":16,"author":{"gitId":"zoranabc201"},"content":"            e.notRecognizedException();","lastModifiedDate":"2022-09-05"},{"lineNumber":17,"author":{"gitId":"zoranabc201"},"content":"        } else {","lastModifiedDate":"2022-09-05"},{"lineNumber":18,"author":{"gitId":"zoranabc201"},"content":"            String command \u003d input.substring(0, endOfCommand);","lastModifiedDate":"2022-09-05"},{"lineNumber":19,"author":{"gitId":"zoranabc201"},"content":"            String parameter \u003d input.substring(endOfCommand);","lastModifiedDate":"2022-09-05"},{"lineNumber":20,"author":{"gitId":"zoranabc201"},"content":"            parameter \u003d parameter.trim();","lastModifiedDate":"2022-09-05"},{"lineNumber":21,"author":{"gitId":"zoranabc201"},"content":"            addTask(command, parameter);","lastModifiedDate":"2022-09-05"},{"lineNumber":22,"author":{"gitId":"zoranabc201"},"content":"        }","lastModifiedDate":"2022-09-05"},{"lineNumber":23,"author":{"gitId":"zoranabc201"},"content":"    }","lastModifiedDate":"2022-09-05"},{"lineNumber":24,"author":{"gitId":"zoranabc201"},"content":"","lastModifiedDate":"2022-09-06"},{"lineNumber":25,"author":{"gitId":"zoranabc201"},"content":"    Task[] tasks \u003d new Task[maxTasks];","lastModifiedDate":"2022-09-05"},{"lineNumber":26,"author":{"gitId":"zoranabc201"},"content":"","lastModifiedDate":"2022-09-06"},{"lineNumber":27,"author":{"gitId":"zoranabc201"},"content":"    void addTask(String command, String parameter) {","lastModifiedDate":"2022-09-05"},{"lineNumber":28,"author":{"gitId":"zoranabc201"},"content":"        switch (command) {","lastModifiedDate":"2022-09-05"},{"lineNumber":29,"author":{"gitId":"zoranabc201"},"content":"        case \"list\":","lastModifiedDate":"2022-09-05"},{"lineNumber":30,"author":{"gitId":"zoranabc201"},"content":"            showTasks();","lastModifiedDate":"2022-09-05"},{"lineNumber":31,"author":{"gitId":"zoranabc201"},"content":"            break;","lastModifiedDate":"2022-09-05"},{"lineNumber":32,"author":{"gitId":"zoranabc201"},"content":"        case \"todo\":","lastModifiedDate":"2022-09-05"},{"lineNumber":33,"author":{"gitId":"zoranabc201"},"content":"            if (parameter.equals(\"\")) {","lastModifiedDate":"2022-09-05"},{"lineNumber":34,"author":{"gitId":"zoranabc201"},"content":"                e.todoException();","lastModifiedDate":"2022-09-05"},{"lineNumber":35,"author":{"gitId":"zoranabc201"},"content":"                break;","lastModifiedDate":"2022-09-05"},{"lineNumber":36,"author":{"gitId":"zoranabc201"},"content":"            }","lastModifiedDate":"2022-09-05"},{"lineNumber":37,"author":{"gitId":"zoranabc201"},"content":"            addTodo(parameter);","lastModifiedDate":"2022-09-05"},{"lineNumber":38,"author":{"gitId":"zoranabc201"},"content":"            break;","lastModifiedDate":"2022-09-05"},{"lineNumber":39,"author":{"gitId":"zoranabc201"},"content":"        case \"mark\":","lastModifiedDate":"2022-09-05"},{"lineNumber":40,"author":{"gitId":"zoranabc201"},"content":"            if (parameter.equals(\"\") || !containsNumber(parameter)) {","lastModifiedDate":"2022-09-05"},{"lineNumber":41,"author":{"gitId":"zoranabc201"},"content":"                e.markException();","lastModifiedDate":"2022-09-05"},{"lineNumber":42,"author":{"gitId":"zoranabc201"},"content":"                break;","lastModifiedDate":"2022-09-05"},{"lineNumber":43,"author":{"gitId":"zoranabc201"},"content":"            } else if (Integer.parseInt(parameter) \u003e noOfTasks) {","lastModifiedDate":"2022-09-06"},{"lineNumber":44,"author":{"gitId":"zoranabc201"},"content":"                e.taskOutOfBounds();","lastModifiedDate":"2022-09-06"},{"lineNumber":45,"author":{"gitId":"zoranabc201"},"content":"                break;","lastModifiedDate":"2022-09-06"},{"lineNumber":46,"author":{"gitId":"zoranabc201"},"content":"            }","lastModifiedDate":"2022-09-05"},{"lineNumber":47,"author":{"gitId":"zoranabc201"},"content":"            markTask(Integer.parseInt(parameter));","lastModifiedDate":"2022-09-05"},{"lineNumber":48,"author":{"gitId":"zoranabc201"},"content":"            break;","lastModifiedDate":"2022-09-05"},{"lineNumber":49,"author":{"gitId":"zoranabc201"},"content":"        case \"unmark\":","lastModifiedDate":"2022-09-05"},{"lineNumber":50,"author":{"gitId":"zoranabc201"},"content":"            if (parameter.equals(\"\") || !containsNumber(parameter)) {","lastModifiedDate":"2022-09-05"},{"lineNumber":51,"author":{"gitId":"zoranabc201"},"content":"                e.unmarkException();","lastModifiedDate":"2022-09-05"},{"lineNumber":52,"author":{"gitId":"zoranabc201"},"content":"                break;","lastModifiedDate":"2022-09-05"},{"lineNumber":53,"author":{"gitId":"zoranabc201"},"content":"            } else if (Integer.parseInt(parameter) \u003e noOfTasks) {","lastModifiedDate":"2022-09-06"},{"lineNumber":54,"author":{"gitId":"zoranabc201"},"content":"                e.taskOutOfBounds();","lastModifiedDate":"2022-09-06"},{"lineNumber":55,"author":{"gitId":"zoranabc201"},"content":"                break;","lastModifiedDate":"2022-09-06"},{"lineNumber":56,"author":{"gitId":"zoranabc201"},"content":"            }","lastModifiedDate":"2022-09-05"},{"lineNumber":57,"author":{"gitId":"zoranabc201"},"content":"            unmarkTask(Integer.parseInt(parameter));","lastModifiedDate":"2022-09-05"},{"lineNumber":58,"author":{"gitId":"zoranabc201"},"content":"            break;","lastModifiedDate":"2022-09-05"},{"lineNumber":59,"author":{"gitId":"zoranabc201"},"content":"        case \"deadline\":","lastModifiedDate":"2022-09-05"},{"lineNumber":60,"author":{"gitId":"zoranabc201"},"content":"            if (parameter.equals(\"\")) {","lastModifiedDate":"2022-09-05"},{"lineNumber":61,"author":{"gitId":"zoranabc201"},"content":"                e.deadlineException();","lastModifiedDate":"2022-09-05"},{"lineNumber":62,"author":{"gitId":"zoranabc201"},"content":"                break;","lastModifiedDate":"2022-09-05"},{"lineNumber":63,"author":{"gitId":"zoranabc201"},"content":"            }","lastModifiedDate":"2022-09-05"},{"lineNumber":64,"author":{"gitId":"zoranabc201"},"content":"            addDeadline(parameter);","lastModifiedDate":"2022-09-05"},{"lineNumber":65,"author":{"gitId":"zoranabc201"},"content":"            break;","lastModifiedDate":"2022-09-05"},{"lineNumber":66,"author":{"gitId":"zoranabc201"},"content":"        case \"event\":","lastModifiedDate":"2022-09-05"},{"lineNumber":67,"author":{"gitId":"zoranabc201"},"content":"            if (parameter.equals(\"\")) {","lastModifiedDate":"2022-09-05"},{"lineNumber":68,"author":{"gitId":"zoranabc201"},"content":"                e.eventException();","lastModifiedDate":"2022-09-05"},{"lineNumber":69,"author":{"gitId":"zoranabc201"},"content":"                break;","lastModifiedDate":"2022-09-05"},{"lineNumber":70,"author":{"gitId":"zoranabc201"},"content":"            }","lastModifiedDate":"2022-09-05"},{"lineNumber":71,"author":{"gitId":"zoranabc201"},"content":"            addEvent(parameter);","lastModifiedDate":"2022-09-05"},{"lineNumber":72,"author":{"gitId":"zoranabc201"},"content":"            break;","lastModifiedDate":"2022-09-05"},{"lineNumber":73,"author":{"gitId":"zoranabc201"},"content":"        default:","lastModifiedDate":"2022-09-05"},{"lineNumber":74,"author":{"gitId":"zoranabc201"},"content":"            e.notRecognizedException();","lastModifiedDate":"2022-09-05"},{"lineNumber":75,"author":{"gitId":"zoranabc201"},"content":"        }","lastModifiedDate":"2022-09-05"},{"lineNumber":76,"author":{"gitId":"zoranabc201"},"content":"","lastModifiedDate":"2022-09-05"},{"lineNumber":77,"author":{"gitId":"zoranabc201"},"content":"    }","lastModifiedDate":"2022-09-05"},{"lineNumber":78,"author":{"gitId":"zoranabc201"},"content":"","lastModifiedDate":"2022-09-06"},{"lineNumber":79,"author":{"gitId":"zoranabc201"},"content":"    boolean containsNumber(String parameter) {","lastModifiedDate":"2022-09-05"},{"lineNumber":80,"author":{"gitId":"zoranabc201"},"content":"        for (int i \u003d 0; i \u003c parameter.length(); i++) {","lastModifiedDate":"2022-09-05"},{"lineNumber":81,"author":{"gitId":"zoranabc201"},"content":"            if (!Character.isDigit(parameter.charAt(i))) {","lastModifiedDate":"2022-09-05"},{"lineNumber":82,"author":{"gitId":"zoranabc201"},"content":"                return false;","lastModifiedDate":"2022-09-05"},{"lineNumber":83,"author":{"gitId":"zoranabc201"},"content":"            }","lastModifiedDate":"2022-09-05"},{"lineNumber":84,"author":{"gitId":"zoranabc201"},"content":"        }","lastModifiedDate":"2022-09-05"},{"lineNumber":85,"author":{"gitId":"zoranabc201"},"content":"        return true;","lastModifiedDate":"2022-09-05"},{"lineNumber":86,"author":{"gitId":"zoranabc201"},"content":"    }","lastModifiedDate":"2022-09-05"},{"lineNumber":87,"author":{"gitId":"zoranabc201"},"content":"","lastModifiedDate":"2022-09-06"},{"lineNumber":88,"author":{"gitId":"zoranabc201"},"content":"    void showTasks() {","lastModifiedDate":"2022-09-05"},{"lineNumber":89,"author":{"gitId":"zoranabc201"},"content":"        System.out.println(\"Here are the tasks in your list:\");","lastModifiedDate":"2022-09-05"},{"lineNumber":90,"author":{"gitId":"zoranabc201"},"content":"        for (int i \u003d 0; i \u003c noOfTasks; i++) {","lastModifiedDate":"2022-09-05"},{"lineNumber":91,"author":{"gitId":"zoranabc201"},"content":"            System.out.print(i + 1 + \".\");","lastModifiedDate":"2022-09-05"},{"lineNumber":92,"author":{"gitId":"zoranabc201"},"content":"            tasks[i].displayMessage();","lastModifiedDate":"2022-09-05"},{"lineNumber":93,"author":{"gitId":"zoranabc201"},"content":"        }","lastModifiedDate":"2022-09-05"},{"lineNumber":94,"author":{"gitId":"zoranabc201"},"content":"    }","lastModifiedDate":"2022-09-05"},{"lineNumber":95,"author":{"gitId":"zoranabc201"},"content":"","lastModifiedDate":"2022-09-06"},{"lineNumber":96,"author":{"gitId":"zoranabc201"},"content":"    void markTask(int n) {","lastModifiedDate":"2022-09-05"},{"lineNumber":97,"author":{"gitId":"zoranabc201"},"content":"        tasks[n - 1].setMarked(true);","lastModifiedDate":"2022-09-06"},{"lineNumber":98,"author":{"gitId":"zoranabc201"},"content":"        System.out.println(\"Nice I\u0027ve marked this task as done:\");","lastModifiedDate":"2022-09-06"},{"lineNumber":99,"author":{"gitId":"zoranabc201"},"content":"        tasks[n - 1].displayMessage();","lastModifiedDate":"2022-09-06"},{"lineNumber":100,"author":{"gitId":"zoranabc201"},"content":"    }","lastModifiedDate":"2022-09-05"},{"lineNumber":101,"author":{"gitId":"zoranabc201"},"content":"","lastModifiedDate":"2022-09-06"},{"lineNumber":102,"author":{"gitId":"zoranabc201"},"content":"    void unmarkTask(int n) {","lastModifiedDate":"2022-09-05"},{"lineNumber":103,"author":{"gitId":"zoranabc201"},"content":"        tasks[n - 1].setMarked(false);","lastModifiedDate":"2022-09-06"},{"lineNumber":104,"author":{"gitId":"zoranabc201"},"content":"        System.out.println(\"OK, I\u0027ve marked this task as not done yet\");","lastModifiedDate":"2022-09-06"},{"lineNumber":105,"author":{"gitId":"zoranabc201"},"content":"        tasks[n - 1].displayMessage();","lastModifiedDate":"2022-09-06"},{"lineNumber":106,"author":{"gitId":"zoranabc201"},"content":"    }","lastModifiedDate":"2022-09-05"},{"lineNumber":107,"author":{"gitId":"zoranabc201"},"content":"","lastModifiedDate":"2022-09-06"},{"lineNumber":108,"author":{"gitId":"zoranabc201"},"content":"    void addTodo(String parameter) {","lastModifiedDate":"2022-09-05"},{"lineNumber":109,"author":{"gitId":"zoranabc201"},"content":"        tasks[noOfTasks] \u003d new Todo(parameter);","lastModifiedDate":"2022-09-05"},{"lineNumber":110,"author":{"gitId":"zoranabc201"},"content":"        tasks[noOfTasks++].initializeMessage();","lastModifiedDate":"2022-09-05"},{"lineNumber":111,"author":{"gitId":"zoranabc201"},"content":"    }","lastModifiedDate":"2022-09-05"},{"lineNumber":112,"author":{"gitId":"zoranabc201"},"content":"","lastModifiedDate":"2022-09-06"},{"lineNumber":113,"author":{"gitId":"zoranabc201"},"content":"    void addDeadline(String parameter) {","lastModifiedDate":"2022-09-05"},{"lineNumber":114,"author":{"gitId":"zoranabc201"},"content":"        int descriptionEnd \u003d parameter.indexOf(\"/by\");","lastModifiedDate":"2022-09-05"},{"lineNumber":115,"author":{"gitId":"zoranabc201"},"content":"        if (descriptionEnd \u003c 1) {","lastModifiedDate":"2022-09-05"},{"lineNumber":116,"author":{"gitId":"zoranabc201"},"content":"            e.deadlineException();","lastModifiedDate":"2022-09-05"},{"lineNumber":117,"author":{"gitId":"zoranabc201"},"content":"        } else {","lastModifiedDate":"2022-09-05"},{"lineNumber":118,"author":{"gitId":"zoranabc201"},"content":"            String description \u003d parameter.substring(0, descriptionEnd);","lastModifiedDate":"2022-09-05"},{"lineNumber":119,"author":{"gitId":"zoranabc201"},"content":"            String by \u003d parameter.substring(descriptionEnd + 3).trim();","lastModifiedDate":"2022-09-05"},{"lineNumber":120,"author":{"gitId":"zoranabc201"},"content":"            tasks[noOfTasks] \u003d new Deadline(description, by);","lastModifiedDate":"2022-09-05"},{"lineNumber":121,"author":{"gitId":"zoranabc201"},"content":"            tasks[noOfTasks++].initializeMessage();","lastModifiedDate":"2022-09-05"},{"lineNumber":122,"author":{"gitId":"zoranabc201"},"content":"        }","lastModifiedDate":"2022-09-05"},{"lineNumber":123,"author":{"gitId":"zoranabc201"},"content":"    }","lastModifiedDate":"2022-09-05"},{"lineNumber":124,"author":{"gitId":"zoranabc201"},"content":"","lastModifiedDate":"2022-09-06"},{"lineNumber":125,"author":{"gitId":"zoranabc201"},"content":"    void addEvent(String parameter) {","lastModifiedDate":"2022-09-05"},{"lineNumber":126,"author":{"gitId":"zoranabc201"},"content":"        int descriptionEnd \u003d parameter.indexOf(\"/at\");","lastModifiedDate":"2022-09-05"},{"lineNumber":127,"author":{"gitId":"zoranabc201"},"content":"        if (descriptionEnd \u003c 1) {","lastModifiedDate":"2022-09-05"},{"lineNumber":128,"author":{"gitId":"zoranabc201"},"content":"            e.eventException();","lastModifiedDate":"2022-09-05"},{"lineNumber":129,"author":{"gitId":"zoranabc201"},"content":"        } else {","lastModifiedDate":"2022-09-05"},{"lineNumber":130,"author":{"gitId":"zoranabc201"},"content":"            String description \u003d parameter.substring(0, descriptionEnd);","lastModifiedDate":"2022-09-05"},{"lineNumber":131,"author":{"gitId":"zoranabc201"},"content":"            String at \u003d parameter.substring(descriptionEnd + 3).trim();","lastModifiedDate":"2022-09-05"},{"lineNumber":132,"author":{"gitId":"zoranabc201"},"content":"            tasks[noOfTasks] \u003d new Event(description, at);","lastModifiedDate":"2022-09-05"},{"lineNumber":133,"author":{"gitId":"zoranabc201"},"content":"            tasks[noOfTasks++].initializeMessage();","lastModifiedDate":"2022-09-05"},{"lineNumber":134,"author":{"gitId":"zoranabc201"},"content":"        }","lastModifiedDate":"2022-09-05"},{"lineNumber":135,"author":{"gitId":"zoranabc201"},"content":"    }","lastModifiedDate":"2022-09-05"},{"lineNumber":136,"author":{"gitId":"zoranabc201"},"content":"}","lastModifiedDate":"2022-09-05"}],"authorContributionMap":{"zoranabc201":136}},{"path":"src/main/java/Duke/Tasks.java","fileType":"java","lines":[{"lineNumber":1,"author":{"gitId":"zoranabc201"},"content":"package Duke;","lastModifiedDate":"2022-09-06"},{"lineNumber":2,"author":{"gitId":"zoranabc201"},"content":"","lastModifiedDate":"2022-09-06"},{"lineNumber":3,"author":{"gitId":"zoranabc201"},"content":"public class Tasks {","lastModifiedDate":"2022-08-30"},{"lineNumber":4,"author":{"gitId":"zoranabc201"},"content":"    String taskName;","lastModifiedDate":"2022-08-30"},{"lineNumber":5,"author":{"gitId":"zoranabc201"},"content":"    boolean done;","lastModifiedDate":"2022-08-30"},{"lineNumber":6,"author":{"gitId":"zoranabc201"},"content":"    public Tasks() {","lastModifiedDate":"2022-09-04"},{"lineNumber":7,"author":{"gitId":"zoranabc201"},"content":"        taskName \u003d \"\";","lastModifiedDate":"2022-08-30"},{"lineNumber":8,"author":{"gitId":"zoranabc201"},"content":"        done \u003d false;","lastModifiedDate":"2022-08-30"},{"lineNumber":9,"author":{"gitId":"zoranabc201"},"content":"    }","lastModifiedDate":"2022-08-30"},{"lineNumber":10,"author":{"gitId":"zoranabc201"},"content":"    public String getTaskName() {","lastModifiedDate":"2022-08-30"},{"lineNumber":11,"author":{"gitId":"zoranabc201"},"content":"        return taskName;","lastModifiedDate":"2022-08-30"},{"lineNumber":12,"author":{"gitId":"zoranabc201"},"content":"    }","lastModifiedDate":"2022-08-30"},{"lineNumber":13,"author":{"gitId":"zoranabc201"},"content":"","lastModifiedDate":"2022-08-30"},{"lineNumber":14,"author":{"gitId":"zoranabc201"},"content":"    public String taskDoneStatus() {","lastModifiedDate":"2022-08-30"},{"lineNumber":15,"author":{"gitId":"zoranabc201"},"content":"        if (this.done) {","lastModifiedDate":"2022-08-30"},{"lineNumber":16,"author":{"gitId":"zoranabc201"},"content":"            return \"[X]\";","lastModifiedDate":"2022-08-30"},{"lineNumber":17,"author":{"gitId":"zoranabc201"},"content":"        } else {","lastModifiedDate":"2022-09-04"},{"lineNumber":18,"author":{"gitId":"zoranabc201"},"content":"            return \"[ ]\";","lastModifiedDate":"2022-08-30"},{"lineNumber":19,"author":{"gitId":"zoranabc201"},"content":"        }","lastModifiedDate":"2022-08-30"},{"lineNumber":20,"author":{"gitId":"zoranabc201"},"content":"    }","lastModifiedDate":"2022-08-30"},{"lineNumber":21,"author":{"gitId":"zoranabc201"},"content":"","lastModifiedDate":"2022-08-30"},{"lineNumber":22,"author":{"gitId":"zoranabc201"},"content":"    public void setTaskName(String taskName) {","lastModifiedDate":"2022-08-30"},{"lineNumber":23,"author":{"gitId":"zoranabc201"},"content":"        this.taskName \u003d taskName;","lastModifiedDate":"2022-08-30"},{"lineNumber":24,"author":{"gitId":"zoranabc201"},"content":"    }","lastModifiedDate":"2022-08-30"},{"lineNumber":25,"author":{"gitId":"zoranabc201"},"content":"","lastModifiedDate":"2022-08-30"},{"lineNumber":26,"author":{"gitId":"zoranabc201"},"content":"    public void setDone(boolean done) {","lastModifiedDate":"2022-08-30"},{"lineNumber":27,"author":{"gitId":"zoranabc201"},"content":"        this.done \u003d done;","lastModifiedDate":"2022-08-30"},{"lineNumber":28,"author":{"gitId":"zoranabc201"},"content":"    }","lastModifiedDate":"2022-08-30"},{"lineNumber":29,"author":{"gitId":"zoranabc201"},"content":"}","lastModifiedDate":"2022-08-30"}],"authorContributionMap":{"zoranabc201":29}},{"path":"src/main/java/Duke/Todo.java","fileType":"java","lines":[{"lineNumber":1,"author":{"gitId":"zoranabc201"},"content":"package Duke;","lastModifiedDate":"2022-09-06"},{"lineNumber":2,"author":{"gitId":"zoranabc201"},"content":"","lastModifiedDate":"2022-09-06"},{"lineNumber":3,"author":{"gitId":"zoranabc201"},"content":"public class Todo extends Task {","lastModifiedDate":"2022-09-05"},{"lineNumber":4,"author":{"gitId":"zoranabc201"},"content":"    String description;","lastModifiedDate":"2022-09-05"},{"lineNumber":5,"author":{"gitId":"zoranabc201"},"content":"    Todo(String description) {","lastModifiedDate":"2022-09-05"},{"lineNumber":6,"author":{"gitId":"zoranabc201"},"content":"        this.description \u003d description;","lastModifiedDate":"2022-09-05"},{"lineNumber":7,"author":{"gitId":"zoranabc201"},"content":"    }","lastModifiedDate":"2022-09-05"},{"lineNumber":8,"author":{"gitId":"zoranabc201"},"content":"    @Override","lastModifiedDate":"2022-09-05"},{"lineNumber":9,"author":{"gitId":"zoranabc201"},"content":"    public void initializeMessage() {","lastModifiedDate":"2022-09-05"},{"lineNumber":10,"author":{"gitId":"zoranabc201"},"content":"        System.out.println(\"Got it. I\u0027ve added this task:\");","lastModifiedDate":"2022-09-05"},{"lineNumber":11,"author":{"gitId":"zoranabc201"},"content":"        displayMessage();","lastModifiedDate":"2022-09-05"},{"lineNumber":12,"author":{"gitId":"zoranabc201"},"content":"        System.out.println(\"Now you have \" + TaskManager.noOfTasks + \" tasks in the list\");","lastModifiedDate":"2022-09-05"},{"lineNumber":13,"author":{"gitId":"zoranabc201"},"content":"    }","lastModifiedDate":"2022-09-05"},{"lineNumber":14,"author":{"gitId":"zoranabc201"},"content":"    @Override","lastModifiedDate":"2022-09-05"},{"lineNumber":15,"author":{"gitId":"zoranabc201"},"content":"    void displayMessage() {","lastModifiedDate":"2022-09-05"},{"lineNumber":16,"author":{"gitId":"zoranabc201"},"content":"        System.out.print(\"[T]\");","lastModifiedDate":"2022-09-05"},{"lineNumber":17,"author":{"gitId":"zoranabc201"},"content":"        if (isMarked()) {","lastModifiedDate":"2022-09-05"},{"lineNumber":18,"author":{"gitId":"zoranabc201"},"content":"            System.out.print(\"[X]\");","lastModifiedDate":"2022-09-05"},{"lineNumber":19,"author":{"gitId":"zoranabc201"},"content":"        } else {","lastModifiedDate":"2022-09-05"},{"lineNumber":20,"author":{"gitId":"zoranabc201"},"content":"            System.out.print(\"[ ]\");","lastModifiedDate":"2022-09-05"},{"lineNumber":21,"author":{"gitId":"zoranabc201"},"content":"        }","lastModifiedDate":"2022-09-05"},{"lineNumber":22,"author":{"gitId":"zoranabc201"},"content":"        System.out.println(description);","lastModifiedDate":"2022-09-05"},{"lineNumber":23,"author":{"gitId":"zoranabc201"},"content":"    }","lastModifiedDate":"2022-09-05"},{"lineNumber":24,"author":{"gitId":"zoranabc201"},"content":"}","lastModifiedDate":"2022-09-05"}],"authorContributionMap":{"zoranabc201":24}},{"path":"text-ui-test/input.txt","fileType":"txt","lines":[{"lineNumber":1,"author":{"gitId":"zoranabc201"},"content":"todo task 1","lastModifiedDate":"2022-09-06"},{"lineNumber":2,"author":{"gitId":"zoranabc201"},"content":"event task 2 /at 6pm","lastModifiedDate":"2022-09-06"},{"lineNumber":3,"author":{"gitId":"zoranabc201"},"content":"deadline task 3 /at 7pm tomorrow","lastModifiedDate":"2022-09-06"},{"lineNumber":4,"author":{"gitId":"zoranabc201"},"content":"mark 3","lastModifiedDate":"2022-09-06"},{"lineNumber":5,"author":{"gitId":"zoranabc201"},"content":"mark 4","lastModifiedDate":"2022-09-06"},{"lineNumber":6,"author":{"gitId":"zoranabc201"},"content":"deadline","lastModifiedDate":"2022-09-06"},{"lineNumber":7,"author":{"gitId":"zoranabc201"},"content":"event","lastModifiedDate":"2022-09-06"},{"lineNumber":8,"author":{"gitId":"zoranabc201"},"content":"todo","lastModifiedDate":"2022-09-06"},{"lineNumber":9,"author":{"gitId":"zoranabc201"},"content":"deadline at 6pm","lastModifiedDate":"2022-09-06"},{"lineNumber":10,"author":{"gitId":"zoranabc201"},"content":"list","lastModifiedDate":"2022-09-06"},{"lineNumber":11,"author":{"gitId":"zoranabc201"},"content":"bye","lastModifiedDate":"2022-09-06"}],"authorContributionMap":{"zoranabc201":11}},{"path":"text-ui-test/output.txt","fileType":"txt","lines":[{"lineNumber":1,"author":{"gitId":"zoranabc201"},"content":"Hello from","lastModifiedDate":"2022-09-06"},{"lineNumber":2,"author":{"gitId":"zoranabc201"},"content":" ____        _        ","lastModifiedDate":"2022-09-06"},{"lineNumber":3,"author":{"gitId":"zoranabc201"},"content":"|  _ \\ _   _| | _____ ","lastModifiedDate":"2022-09-06"},{"lineNumber":4,"author":{"gitId":"zoranabc201"},"content":"| | | | | | | |/ / _ \\","lastModifiedDate":"2022-09-06"},{"lineNumber":5,"author":{"gitId":"zoranabc201"},"content":"| |_| | |_| |   \u003c  __/","lastModifiedDate":"2022-09-06"},{"lineNumber":6,"author":{"gitId":"zoranabc201"},"content":"|____/ \\__,_|_|\\_\\___|","lastModifiedDate":"2022-09-06"},{"lineNumber":7,"author":{"gitId":"zoranabc201"},"content":"","lastModifiedDate":"2022-09-06"},{"lineNumber":8,"author":{"gitId":"zoranabc201"},"content":"Hello I\u0027m Duke","lastModifiedDate":"2022-09-06"},{"lineNumber":9,"author":{"gitId":"zoranabc201"},"content":"What can I do for you?","lastModifiedDate":"2022-09-06"},{"lineNumber":10,"author":{"gitId":"zoranabc201"},"content":"Got it. I\u0027ve added this task:","lastModifiedDate":"2022-09-06"},{"lineNumber":11,"author":{"gitId":"zoranabc201"},"content":"[T][ ]task 1","lastModifiedDate":"2022-09-06"},{"lineNumber":12,"author":{"gitId":"zoranabc201"},"content":"Now you have 1 tasks in the list","lastModifiedDate":"2022-09-06"},{"lineNumber":13,"author":{"gitId":"zoranabc201"},"content":"Got it! I\u0027ve added this task:","lastModifiedDate":"2022-09-06"},{"lineNumber":14,"author":{"gitId":"zoranabc201"},"content":"E[ ]task 2 (at: 6pm)","lastModifiedDate":"2022-09-06"},{"lineNumber":15,"author":{"gitId":"zoranabc201"},"content":"Now you have 2 tasks in the list.","lastModifiedDate":"2022-09-06"},{"lineNumber":16,"author":{"gitId":"zoranabc201"},"content":"Please provide a valid description and deadline.","lastModifiedDate":"2022-09-06"},{"lineNumber":17,"author":{"gitId":"zoranabc201"},"content":"Sorry! The given task does not exist","lastModifiedDate":"2022-09-06"},{"lineNumber":18,"author":{"gitId":"zoranabc201"},"content":"Sorry! The given task does not exist","lastModifiedDate":"2022-09-06"},{"lineNumber":19,"author":{"gitId":"zoranabc201"},"content":"OOPS!!! I\u0027m sorry, but I don\u0027t know what that means :-(","lastModifiedDate":"2022-09-06"},{"lineNumber":20,"author":{"gitId":"zoranabc201"},"content":"OOPS!!! I\u0027m sorry, but I don\u0027t know what that means :-(","lastModifiedDate":"2022-09-06"},{"lineNumber":21,"author":{"gitId":"zoranabc201"},"content":"OOPS!!! I\u0027m sorry, but I don\u0027t know what that means :-(","lastModifiedDate":"2022-09-06"},{"lineNumber":22,"author":{"gitId":"zoranabc201"},"content":"Please provide a valid description and deadline.","lastModifiedDate":"2022-09-06"},{"lineNumber":23,"author":{"gitId":"zoranabc201"},"content":"Here are the tasks in your list:","lastModifiedDate":"2022-09-06"},{"lineNumber":24,"author":{"gitId":"zoranabc201"},"content":"1.[T][ ]task 1","lastModifiedDate":"2022-09-06"},{"lineNumber":25,"author":{"gitId":"zoranabc201"},"content":"2.E[ ]task 2 (at: 6pm)","lastModifiedDate":"2022-09-06"},{"lineNumber":26,"author":{"gitId":"zoranabc201"},"content":"Bye. Hope to see you again soon!","lastModifiedDate":"2022-09-06"}],"authorContributionMap":{"zoranabc201":26}}]
