{"authorDailyContributionsMap":{"zoranabc201":[{"date":"2022-08-26","commitResults":[{"hash":"a088dd8abbdc43baa78053653a2f12c6c63ee001","messageTitle":"Add Welcome message","messageBody":"","tags":["Level-0"],"fileTypesAndContributionMap":{"java":{"insertions":1,"deletions":0}}}]},{"date":"2022-08-28","commitResults":[{"hash":"841b4ffb71ae33e113f2c14f2c777c48011886d7","messageTitle":"Add welcome message","messageBody":"","fileTypesAndContributionMap":{"java":{"insertions":5,"deletions":1}}}]},{"date":"2022-08-29","commitResults":[{"hash":"6475446e6cb31961b4967bd4251f1d4065f33338","messageTitle":"Refactor object name","messageBody":"","fileTypesAndContributionMap":{"java":{"insertions":2,"deletions":2}}},{"hash":"670b43b87a83b50fc63fe71bed44d332c1cedb80","messageTitle":"Add comment","messageBody":"","fileTypesAndContributionMap":{"java":{"insertions":1,"deletions":1}}}]}]},"authorFileTypeContributionMap":{"zoranabc201":{"java":5,"md":0,"fxml":0,"sh":0,"bat":0,"gradle":0,"txt":0}},"authorContributionVariance":{"zoranabc201":3.5339506},"authorDisplayNameMap":{"zoranabc201":"CS2113-F11-1 SYED..ORAN"}}
