[{"path":"src/main/java/Bloom.java","fileType":"java","lines":[{"lineNumber":1,"author":{"gitId":"alfred-leong"},"content":"","lastModifiedDate":"2022-08-21"},{"lineNumber":2,"author":{"gitId":"alfred-leong"},"content":"public class Bloom {","lastModifiedDate":"2022-08-25"},{"lineNumber":3,"author":{"gitId":"alfred-leong"},"content":"    public static void drawLine() {    //print underscore symbol 50 times","lastModifiedDate":"2022-08-14"},{"lineNumber":4,"author":{"gitId":"alfred-leong"},"content":"        System.out.println(\"__________________________________________________\");","lastModifiedDate":"2022-08-14"},{"lineNumber":5,"author":{"gitId":"alfred-leong"},"content":"    }","lastModifiedDate":"2022-08-14"},{"lineNumber":6,"author":{"gitId":"alfred-leong"},"content":"    public static void welcomeUser() {","lastModifiedDate":"2022-08-14"},{"lineNumber":7,"author":{"gitId":"alfred-leong"},"content":"        drawLine();","lastModifiedDate":"2022-08-21"},{"lineNumber":8,"author":{"gitId":"alfred-leong"},"content":"        System.out.println(\"Hello! I\u0027m Bloom, your personal task manager.\");","lastModifiedDate":"2022-08-26"},{"lineNumber":9,"author":{"gitId":"alfred-leong"},"content":"        System.out.println();","lastModifiedDate":"2022-08-26"},{"lineNumber":10,"author":{"gitId":"alfred-leong"},"content":"        System.out.println(\"Here are the available commands: \");","lastModifiedDate":"2022-08-26"},{"lineNumber":11,"author":{"gitId":"alfred-leong"},"content":"        System.out.println(\"list -- to list current tasks\");","lastModifiedDate":"2022-08-26"},{"lineNumber":12,"author":{"gitId":"alfred-leong"},"content":"        System.out.println(\"mark \u003ctask number\u003e -- to mark the respective task as completed\");","lastModifiedDate":"2022-08-26"},{"lineNumber":13,"author":{"gitId":"alfred-leong"},"content":"        System.out.println(\"unmark \u003ctask number\u003e -- to unmark the respective task as not completed\");","lastModifiedDate":"2022-08-26"},{"lineNumber":14,"author":{"gitId":"alfred-leong"},"content":"        System.out.println(\"bye -- to exit the program\");","lastModifiedDate":"2022-08-26"},{"lineNumber":15,"author":{"gitId":"alfred-leong"},"content":"        System.out.println();","lastModifiedDate":"2022-08-26"},{"lineNumber":16,"author":{"gitId":"alfred-leong"},"content":"        System.out.println(\"What can I do for you?\");","lastModifiedDate":"2022-08-14"},{"lineNumber":17,"author":{"gitId":"alfred-leong"},"content":"        drawLine();","lastModifiedDate":"2022-08-21"},{"lineNumber":18,"author":{"gitId":"alfred-leong"},"content":"    }","lastModifiedDate":"2022-08-14"},{"lineNumber":19,"author":{"gitId":"-"},"content":"    public static void main(String[] args) {","lastModifiedDate":"2019-07-29"},{"lineNumber":20,"author":{"gitId":"alfred-leong"},"content":"//        String logo \u003d \" ____        _        \\n\"","lastModifiedDate":"2022-08-25"},{"lineNumber":21,"author":{"gitId":"alfred-leong"},"content":"//                + \"|  _ \\\\ _   _| | _____ \\n\"","lastModifiedDate":"2022-08-25"},{"lineNumber":22,"author":{"gitId":"alfred-leong"},"content":"//                + \"| | | | | | | |/ / _ \\\\\\n\"","lastModifiedDate":"2022-08-25"},{"lineNumber":23,"author":{"gitId":"alfred-leong"},"content":"//                + \"| |_| | |_| |   \u003c  __/\\n\"","lastModifiedDate":"2022-08-25"},{"lineNumber":24,"author":{"gitId":"alfred-leong"},"content":"//                + \"|____/ \\\\__,_|_|\\\\_\\\\___|\\n\";","lastModifiedDate":"2022-08-25"},{"lineNumber":25,"author":{"gitId":"alfred-leong"},"content":"        String logo \u003d  \" _____ __    _____ _____ _____\\n\"","lastModifiedDate":"2022-08-25"},{"lineNumber":26,"author":{"gitId":"alfred-leong"},"content":"                     + \"| __  |  |  |     |     |     |\\n\"","lastModifiedDate":"2022-08-25"},{"lineNumber":27,"author":{"gitId":"alfred-leong"},"content":"                     + \"| __ -|  |__|  |  |  |  | | | |\\n\"","lastModifiedDate":"2022-08-25"},{"lineNumber":28,"author":{"gitId":"alfred-leong"},"content":"                     + \"|_____|_____|_____|_____|_|_|_|\\n\";","lastModifiedDate":"2022-08-25"},{"lineNumber":29,"author":{"gitId":"-"},"content":"        System.out.println(\"Hello from\\n\" + logo);","lastModifiedDate":"2019-07-29"},{"lineNumber":30,"author":{"gitId":"alfred-leong"},"content":"        CommandHandler handler \u003d new CommandHandler();","lastModifiedDate":"2022-08-26"},{"lineNumber":31,"author":{"gitId":"alfred-leong"},"content":"        welcomeUser();","lastModifiedDate":"2022-08-14"},{"lineNumber":32,"author":{"gitId":"alfred-leong"},"content":"        handler.executeUserCommands();","lastModifiedDate":"2022-08-26"},{"lineNumber":33,"author":{"gitId":"-"},"content":"    }","lastModifiedDate":"2019-07-29"},{"lineNumber":34,"author":{"gitId":"-"},"content":"}","lastModifiedDate":"2019-07-29"}],"authorContributionMap":{"alfred-leong":30,"-":4}},{"path":"src/main/java/CommandHandler.java","fileType":"java","lines":[{"lineNumber":1,"author":{"gitId":"alfred-leong"},"content":"import java.util.Scanner;","lastModifiedDate":"2022-08-26"},{"lineNumber":2,"author":{"gitId":"alfred-leong"},"content":"","lastModifiedDate":"2022-08-26"},{"lineNumber":3,"author":{"gitId":"alfred-leong"},"content":"public class CommandHandler {","lastModifiedDate":"2022-08-26"},{"lineNumber":4,"author":{"gitId":"alfred-leong"},"content":"    private static int taskCounter \u003d 0;","lastModifiedDate":"2022-08-26"},{"lineNumber":5,"author":{"gitId":"alfred-leong"},"content":"    public static void drawLine() {    //print underscore symbol 50 times","lastModifiedDate":"2022-08-26"},{"lineNumber":6,"author":{"gitId":"alfred-leong"},"content":"        System.out.println(\"__________________________________________________\");","lastModifiedDate":"2022-08-26"},{"lineNumber":7,"author":{"gitId":"alfred-leong"},"content":"    }","lastModifiedDate":"2022-08-26"},{"lineNumber":8,"author":{"gitId":"alfred-leong"},"content":"","lastModifiedDate":"2022-08-26"},{"lineNumber":9,"author":{"gitId":"alfred-leong"},"content":"    public static void byeUser() {","lastModifiedDate":"2022-08-26"},{"lineNumber":10,"author":{"gitId":"alfred-leong"},"content":"        System.out.println(\"Bye. Hope to see you again!\");","lastModifiedDate":"2022-08-26"},{"lineNumber":11,"author":{"gitId":"alfred-leong"},"content":"        drawLine();","lastModifiedDate":"2022-08-26"},{"lineNumber":12,"author":{"gitId":"alfred-leong"},"content":"    }","lastModifiedDate":"2022-08-26"},{"lineNumber":13,"author":{"gitId":"alfred-leong"},"content":"","lastModifiedDate":"2022-08-26"},{"lineNumber":14,"author":{"gitId":"alfred-leong"},"content":"    public static void listTasks(Task[] tasks) {","lastModifiedDate":"2022-08-26"},{"lineNumber":15,"author":{"gitId":"alfred-leong"},"content":"        System.out.println(\"Here are the tasks in your list:\");","lastModifiedDate":"2022-08-26"},{"lineNumber":16,"author":{"gitId":"alfred-leong"},"content":"        for (int i \u003d 1; i \u003c\u003d taskCounter; ++i) {","lastModifiedDate":"2022-08-26"},{"lineNumber":17,"author":{"gitId":"alfred-leong"},"content":"            System.out.println(i + \". [\" + (tasks[i-1].isDone() ? \"X] \" : \" ] \")+ tasks[i-1].getTaskName());","lastModifiedDate":"2022-08-26"},{"lineNumber":18,"author":{"gitId":"alfred-leong"},"content":"        }","lastModifiedDate":"2022-08-26"},{"lineNumber":19,"author":{"gitId":"alfred-leong"},"content":"        drawLine();","lastModifiedDate":"2022-08-26"},{"lineNumber":20,"author":{"gitId":"alfred-leong"},"content":"    }","lastModifiedDate":"2022-08-26"},{"lineNumber":21,"author":{"gitId":"alfred-leong"},"content":"","lastModifiedDate":"2022-08-26"},{"lineNumber":22,"author":{"gitId":"alfred-leong"},"content":"    public static int getTaskID(String command) {","lastModifiedDate":"2022-08-26"},{"lineNumber":23,"author":{"gitId":"alfred-leong"},"content":"        command \u003d command.trim();","lastModifiedDate":"2022-08-26"},{"lineNumber":24,"author":{"gitId":"alfred-leong"},"content":"        String[] words \u003d command.split(\" \");","lastModifiedDate":"2022-08-26"},{"lineNumber":25,"author":{"gitId":"alfred-leong"},"content":"        int taskID \u003d Integer.parseInt(words[1]);","lastModifiedDate":"2022-08-26"},{"lineNumber":26,"author":{"gitId":"alfred-leong"},"content":"        return taskID;","lastModifiedDate":"2022-08-26"},{"lineNumber":27,"author":{"gitId":"alfred-leong"},"content":"    }","lastModifiedDate":"2022-08-26"},{"lineNumber":28,"author":{"gitId":"alfred-leong"},"content":"","lastModifiedDate":"2022-08-26"},{"lineNumber":29,"author":{"gitId":"alfred-leong"},"content":"    public static void unmarkTasks(Task[] tasks, int taskID) {","lastModifiedDate":"2022-08-26"},{"lineNumber":30,"author":{"gitId":"alfred-leong"},"content":"        tasks[taskID-1].setDone(false);","lastModifiedDate":"2022-08-26"},{"lineNumber":31,"author":{"gitId":"alfred-leong"},"content":"        System.out.println(\"Okay, I\u0027ve marked this task as not done yet:\");","lastModifiedDate":"2022-08-26"},{"lineNumber":32,"author":{"gitId":"alfred-leong"},"content":"        System.out.println(\"[ ] \" + tasks[taskID-1].getTaskName());","lastModifiedDate":"2022-08-26"},{"lineNumber":33,"author":{"gitId":"alfred-leong"},"content":"        drawLine();","lastModifiedDate":"2022-08-26"},{"lineNumber":34,"author":{"gitId":"alfred-leong"},"content":"    }","lastModifiedDate":"2022-08-26"},{"lineNumber":35,"author":{"gitId":"alfred-leong"},"content":"","lastModifiedDate":"2022-08-26"},{"lineNumber":36,"author":{"gitId":"alfred-leong"},"content":"    public static void markTasks(Task[] tasks, int taskID) {","lastModifiedDate":"2022-08-26"},{"lineNumber":37,"author":{"gitId":"alfred-leong"},"content":"        tasks[taskID-1].setDone(true);","lastModifiedDate":"2022-08-26"},{"lineNumber":38,"author":{"gitId":"alfred-leong"},"content":"        System.out.println(\"Nice! I\u0027ve marked this task as done:\");","lastModifiedDate":"2022-08-26"},{"lineNumber":39,"author":{"gitId":"alfred-leong"},"content":"        System.out.println(\"[X] \" + tasks[taskID-1].getTaskName());","lastModifiedDate":"2022-08-26"},{"lineNumber":40,"author":{"gitId":"alfred-leong"},"content":"        drawLine();","lastModifiedDate":"2022-08-26"},{"lineNumber":41,"author":{"gitId":"alfred-leong"},"content":"    }","lastModifiedDate":"2022-08-26"},{"lineNumber":42,"author":{"gitId":"alfred-leong"},"content":"","lastModifiedDate":"2022-08-26"},{"lineNumber":43,"author":{"gitId":"alfred-leong"},"content":"    public static void createNewTask(String command, Task[] tasks) {","lastModifiedDate":"2022-08-26"},{"lineNumber":44,"author":{"gitId":"alfred-leong"},"content":"        Task task \u003d new Task(command, false);","lastModifiedDate":"2022-08-26"},{"lineNumber":45,"author":{"gitId":"alfred-leong"},"content":"        tasks[taskCounter] \u003d task;","lastModifiedDate":"2022-08-26"},{"lineNumber":46,"author":{"gitId":"alfred-leong"},"content":"        taskCounter++;","lastModifiedDate":"2022-08-26"},{"lineNumber":47,"author":{"gitId":"alfred-leong"},"content":"        System.out.println(\"added: \" + command);","lastModifiedDate":"2022-08-26"},{"lineNumber":48,"author":{"gitId":"alfred-leong"},"content":"        drawLine();","lastModifiedDate":"2022-08-26"},{"lineNumber":49,"author":{"gitId":"alfred-leong"},"content":"    }","lastModifiedDate":"2022-08-26"},{"lineNumber":50,"author":{"gitId":"alfred-leong"},"content":"    public static void executeUserCommands() {","lastModifiedDate":"2022-08-26"},{"lineNumber":51,"author":{"gitId":"alfred-leong"},"content":"        Scanner in \u003d new Scanner(System.in);","lastModifiedDate":"2022-08-26"},{"lineNumber":52,"author":{"gitId":"alfred-leong"},"content":"        String command \u003d \"\";","lastModifiedDate":"2022-08-26"},{"lineNumber":53,"author":{"gitId":"alfred-leong"},"content":"        Task[] tasks \u003d new Task[100];","lastModifiedDate":"2022-08-26"},{"lineNumber":54,"author":{"gitId":"alfred-leong"},"content":"        do {","lastModifiedDate":"2022-08-26"},{"lineNumber":55,"author":{"gitId":"alfred-leong"},"content":"            command \u003d in.nextLine();","lastModifiedDate":"2022-08-26"},{"lineNumber":56,"author":{"gitId":"alfred-leong"},"content":"            drawLine();","lastModifiedDate":"2022-08-26"},{"lineNumber":57,"author":{"gitId":"alfred-leong"},"content":"            if (command.equals(\"bye\")) {","lastModifiedDate":"2022-08-26"},{"lineNumber":58,"author":{"gitId":"alfred-leong"},"content":"                byeUser();","lastModifiedDate":"2022-08-26"},{"lineNumber":59,"author":{"gitId":"alfred-leong"},"content":"                break;","lastModifiedDate":"2022-08-26"},{"lineNumber":60,"author":{"gitId":"alfred-leong"},"content":"            }","lastModifiedDate":"2022-08-26"},{"lineNumber":61,"author":{"gitId":"alfred-leong"},"content":"            else if (command.equals(\"list\")) {","lastModifiedDate":"2022-08-26"},{"lineNumber":62,"author":{"gitId":"alfred-leong"},"content":"                listTasks(tasks);","lastModifiedDate":"2022-08-26"},{"lineNumber":63,"author":{"gitId":"alfred-leong"},"content":"            }","lastModifiedDate":"2022-08-26"},{"lineNumber":64,"author":{"gitId":"alfred-leong"},"content":"            else if (command.contains(\"unmark\")) {","lastModifiedDate":"2022-08-26"},{"lineNumber":65,"author":{"gitId":"alfred-leong"},"content":"                int taskID \u003d getTaskID(command);","lastModifiedDate":"2022-08-26"},{"lineNumber":66,"author":{"gitId":"alfred-leong"},"content":"                if (tasks[taskID - 1].isDone() \u003d\u003d false) {","lastModifiedDate":"2022-08-26"},{"lineNumber":67,"author":{"gitId":"alfred-leong"},"content":"                    System.out.println(\"Unable to unmark as this task has not been done yet\");","lastModifiedDate":"2022-08-26"},{"lineNumber":68,"author":{"gitId":"alfred-leong"},"content":"                    drawLine();","lastModifiedDate":"2022-08-26"},{"lineNumber":69,"author":{"gitId":"alfred-leong"},"content":"                } else {","lastModifiedDate":"2022-08-26"},{"lineNumber":70,"author":{"gitId":"alfred-leong"},"content":"                    unmarkTasks(tasks, taskID);","lastModifiedDate":"2022-08-26"},{"lineNumber":71,"author":{"gitId":"alfred-leong"},"content":"                }","lastModifiedDate":"2022-08-26"},{"lineNumber":72,"author":{"gitId":"alfred-leong"},"content":"            }","lastModifiedDate":"2022-08-26"},{"lineNumber":73,"author":{"gitId":"alfred-leong"},"content":"            else if (command.contains(\"mark\")) {","lastModifiedDate":"2022-08-26"},{"lineNumber":74,"author":{"gitId":"alfred-leong"},"content":"                int taskID \u003d getTaskID(command);","lastModifiedDate":"2022-08-26"},{"lineNumber":75,"author":{"gitId":"alfred-leong"},"content":"                if (tasks[taskID - 1].isDone() \u003d\u003d true) {","lastModifiedDate":"2022-08-26"},{"lineNumber":76,"author":{"gitId":"alfred-leong"},"content":"                    System.out.println(\"Unable to mark as this task has already been done\");","lastModifiedDate":"2022-08-26"},{"lineNumber":77,"author":{"gitId":"alfred-leong"},"content":"                    drawLine();","lastModifiedDate":"2022-08-26"},{"lineNumber":78,"author":{"gitId":"alfred-leong"},"content":"                } else {","lastModifiedDate":"2022-08-26"},{"lineNumber":79,"author":{"gitId":"alfred-leong"},"content":"                    markTasks(tasks, taskID);","lastModifiedDate":"2022-08-26"},{"lineNumber":80,"author":{"gitId":"alfred-leong"},"content":"                }","lastModifiedDate":"2022-08-26"},{"lineNumber":81,"author":{"gitId":"alfred-leong"},"content":"            }","lastModifiedDate":"2022-08-26"},{"lineNumber":82,"author":{"gitId":"alfred-leong"},"content":"            else {","lastModifiedDate":"2022-08-26"},{"lineNumber":83,"author":{"gitId":"alfred-leong"},"content":"                createNewTask(command, tasks);","lastModifiedDate":"2022-08-26"},{"lineNumber":84,"author":{"gitId":"alfred-leong"},"content":"            }","lastModifiedDate":"2022-08-26"},{"lineNumber":85,"author":{"gitId":"alfred-leong"},"content":"        } while (command !\u003d \"bye\");","lastModifiedDate":"2022-08-26"},{"lineNumber":86,"author":{"gitId":"alfred-leong"},"content":"    }","lastModifiedDate":"2022-08-26"},{"lineNumber":87,"author":{"gitId":"alfred-leong"},"content":"}","lastModifiedDate":"2022-08-26"}],"authorContributionMap":{"alfred-leong":87}},{"path":"src/main/java/Task.java","fileType":"java","lines":[{"lineNumber":1,"author":{"gitId":"alfred-leong"},"content":"public class Task {","lastModifiedDate":"2022-08-21"},{"lineNumber":2,"author":{"gitId":"alfred-leong"},"content":"    private String taskName;","lastModifiedDate":"2022-08-21"},{"lineNumber":3,"author":{"gitId":"alfred-leong"},"content":"    private boolean isDone;","lastModifiedDate":"2022-08-21"},{"lineNumber":4,"author":{"gitId":"alfred-leong"},"content":"","lastModifiedDate":"2022-08-21"},{"lineNumber":5,"author":{"gitId":"alfred-leong"},"content":"    public Task(String taskName, boolean isDone) {","lastModifiedDate":"2022-08-21"},{"lineNumber":6,"author":{"gitId":"alfred-leong"},"content":"        setTaskName(taskName);","lastModifiedDate":"2022-08-21"},{"lineNumber":7,"author":{"gitId":"alfred-leong"},"content":"        setDone(isDone);","lastModifiedDate":"2022-08-21"},{"lineNumber":8,"author":{"gitId":"alfred-leong"},"content":"    }","lastModifiedDate":"2022-08-21"},{"lineNumber":9,"author":{"gitId":"alfred-leong"},"content":"","lastModifiedDate":"2022-08-21"},{"lineNumber":10,"author":{"gitId":"alfred-leong"},"content":"    public String getTaskName() {","lastModifiedDate":"2022-08-21"},{"lineNumber":11,"author":{"gitId":"alfred-leong"},"content":"        return taskName;","lastModifiedDate":"2022-08-21"},{"lineNumber":12,"author":{"gitId":"alfred-leong"},"content":"    }","lastModifiedDate":"2022-08-21"},{"lineNumber":13,"author":{"gitId":"alfred-leong"},"content":"","lastModifiedDate":"2022-08-21"},{"lineNumber":14,"author":{"gitId":"alfred-leong"},"content":"    public void setTaskName(String taskName) {","lastModifiedDate":"2022-08-21"},{"lineNumber":15,"author":{"gitId":"alfred-leong"},"content":"        this.taskName \u003d taskName;","lastModifiedDate":"2022-08-21"},{"lineNumber":16,"author":{"gitId":"alfred-leong"},"content":"    }","lastModifiedDate":"2022-08-21"},{"lineNumber":17,"author":{"gitId":"alfred-leong"},"content":"","lastModifiedDate":"2022-08-21"},{"lineNumber":18,"author":{"gitId":"alfred-leong"},"content":"    public boolean isDone() {","lastModifiedDate":"2022-08-21"},{"lineNumber":19,"author":{"gitId":"alfred-leong"},"content":"        return isDone;","lastModifiedDate":"2022-08-21"},{"lineNumber":20,"author":{"gitId":"alfred-leong"},"content":"    }","lastModifiedDate":"2022-08-21"},{"lineNumber":21,"author":{"gitId":"alfred-leong"},"content":"","lastModifiedDate":"2022-08-21"},{"lineNumber":22,"author":{"gitId":"alfred-leong"},"content":"    public void setDone(boolean done) {","lastModifiedDate":"2022-08-21"},{"lineNumber":23,"author":{"gitId":"alfred-leong"},"content":"        isDone \u003d done;","lastModifiedDate":"2022-08-21"},{"lineNumber":24,"author":{"gitId":"alfred-leong"},"content":"    }","lastModifiedDate":"2022-08-21"},{"lineNumber":25,"author":{"gitId":"alfred-leong"},"content":"}","lastModifiedDate":"2022-08-21"}],"authorContributionMap":{"alfred-leong":25}}]
