[{"path":"src/main/java/Bloom.java","fileType":"java","lines":[{"lineNumber":1,"author":{"gitId":"alfred-leong"},"content":"","lastModifiedDate":"2022-08-21"},{"lineNumber":2,"author":{"gitId":"alfred-leong"},"content":"public class Bloom {","lastModifiedDate":"2022-08-25"},{"lineNumber":3,"author":{"gitId":"alfred-leong"},"content":"    public static void drawLine() {    //print underscore symbol 50 times","lastModifiedDate":"2022-08-14"},{"lineNumber":4,"author":{"gitId":"alfred-leong"},"content":"        System.out.println(\"__________________________________________________\");","lastModifiedDate":"2022-08-14"},{"lineNumber":5,"author":{"gitId":"alfred-leong"},"content":"    }","lastModifiedDate":"2022-08-14"},{"lineNumber":6,"author":{"gitId":"alfred-leong"},"content":"    public static void welcomeUser() {","lastModifiedDate":"2022-08-14"},{"lineNumber":7,"author":{"gitId":"alfred-leong"},"content":"        drawLine();","lastModifiedDate":"2022-08-21"},{"lineNumber":8,"author":{"gitId":"alfred-leong"},"content":"        System.out.println(\"Hello! I\u0027m Bloom, your personal task manager.\");","lastModifiedDate":"2022-08-26"},{"lineNumber":9,"author":{"gitId":"alfred-leong"},"content":"        System.out.println();","lastModifiedDate":"2022-08-26"},{"lineNumber":10,"author":{"gitId":"alfred-leong"},"content":"        System.out.println(\"What can I do for you?\");","lastModifiedDate":"2022-08-14"},{"lineNumber":11,"author":{"gitId":"alfred-leong"},"content":"        drawLine();","lastModifiedDate":"2022-08-21"},{"lineNumber":12,"author":{"gitId":"alfred-leong"},"content":"    }","lastModifiedDate":"2022-08-14"},{"lineNumber":13,"author":{"gitId":"-"},"content":"    public static void main(String[] args) {","lastModifiedDate":"2019-07-29"},{"lineNumber":14,"author":{"gitId":"alfred-leong"},"content":"        String logo \u003d  \" _____ __    _____ _____ _____\\n\"","lastModifiedDate":"2022-08-25"},{"lineNumber":15,"author":{"gitId":"alfred-leong"},"content":"                     + \"| __  |  |  |     |     |     |\\n\"","lastModifiedDate":"2022-08-25"},{"lineNumber":16,"author":{"gitId":"alfred-leong"},"content":"                     + \"| __ -|  |__|  |  |  |  | | | |\\n\"","lastModifiedDate":"2022-08-25"},{"lineNumber":17,"author":{"gitId":"alfred-leong"},"content":"                     + \"|_____|_____|_____|_____|_|_|_|\\n\";","lastModifiedDate":"2022-08-25"},{"lineNumber":18,"author":{"gitId":"-"},"content":"        System.out.println(\"Hello from\\n\" + logo);","lastModifiedDate":"2019-07-29"},{"lineNumber":19,"author":{"gitId":"alfred-leong"},"content":"        CommandHandler handler \u003d new CommandHandler();","lastModifiedDate":"2022-08-26"},{"lineNumber":20,"author":{"gitId":"alfred-leong"},"content":"        welcomeUser();","lastModifiedDate":"2022-08-14"},{"lineNumber":21,"author":{"gitId":"alfred-leong"},"content":"        handler.executeUserCommands();","lastModifiedDate":"2022-08-26"},{"lineNumber":22,"author":{"gitId":"-"},"content":"    }","lastModifiedDate":"2019-07-29"},{"lineNumber":23,"author":{"gitId":"-"},"content":"}","lastModifiedDate":"2019-07-29"}],"authorContributionMap":{"alfred-leong":19,"-":4}},{"path":"src/main/java/CommandHandler.java","fileType":"java","lines":[{"lineNumber":1,"author":{"gitId":"alfred-leong"},"content":"import java.util.Scanner;","lastModifiedDate":"2022-08-26"},{"lineNumber":2,"author":{"gitId":"alfred-leong"},"content":"","lastModifiedDate":"2022-08-26"},{"lineNumber":3,"author":{"gitId":"alfred-leong"},"content":"public class CommandHandler {","lastModifiedDate":"2022-08-26"},{"lineNumber":4,"author":{"gitId":"alfred-leong"},"content":"    private static Task[] tasks \u003d new Task[100];","lastModifiedDate":"2022-08-27"},{"lineNumber":5,"author":{"gitId":"alfred-leong"},"content":"    private static int taskCounter \u003d 0;","lastModifiedDate":"2022-08-26"},{"lineNumber":6,"author":{"gitId":"alfred-leong"},"content":"    public static void drawLine() {    //print underscore symbol 50 times","lastModifiedDate":"2022-08-26"},{"lineNumber":7,"author":{"gitId":"alfred-leong"},"content":"        System.out.println(\"__________________________________________________\");","lastModifiedDate":"2022-08-26"},{"lineNumber":8,"author":{"gitId":"alfred-leong"},"content":"    }","lastModifiedDate":"2022-08-26"},{"lineNumber":9,"author":{"gitId":"alfred-leong"},"content":"    public static void byeUser() {","lastModifiedDate":"2022-08-26"},{"lineNumber":10,"author":{"gitId":"alfred-leong"},"content":"        System.out.println(\"Bye. Hope to see you again!\");","lastModifiedDate":"2022-08-26"},{"lineNumber":11,"author":{"gitId":"alfred-leong"},"content":"        drawLine();","lastModifiedDate":"2022-08-26"},{"lineNumber":12,"author":{"gitId":"alfred-leong"},"content":"    }","lastModifiedDate":"2022-08-26"},{"lineNumber":13,"author":{"gitId":"alfred-leong"},"content":"    public static void listTasks() {","lastModifiedDate":"2022-08-27"},{"lineNumber":14,"author":{"gitId":"alfred-leong"},"content":"        System.out.println(\"Here are the tasks in your list:\");","lastModifiedDate":"2022-08-26"},{"lineNumber":15,"author":{"gitId":"alfred-leong"},"content":"        for (int i \u003d 0; i \u003c taskCounter; ++i) {","lastModifiedDate":"2022-08-27"},{"lineNumber":16,"author":{"gitId":"alfred-leong"},"content":"            char taskTypeCharacter \u003d tasks[i].getType();","lastModifiedDate":"2022-08-27"},{"lineNumber":17,"author":{"gitId":"alfred-leong"},"content":"            System.out.println(i+1 + \".[\" + taskTypeCharacter + \"]\" +","lastModifiedDate":"2022-08-27"},{"lineNumber":18,"author":{"gitId":"alfred-leong"},"content":"                    \"[\" + (tasks[i].isDone() ? \"X] \" : \" ] \")","lastModifiedDate":"2022-08-27"},{"lineNumber":19,"author":{"gitId":"alfred-leong"},"content":"                    + tasks[i]);","lastModifiedDate":"2022-08-27"},{"lineNumber":20,"author":{"gitId":"alfred-leong"},"content":"        }","lastModifiedDate":"2022-08-26"},{"lineNumber":21,"author":{"gitId":"alfred-leong"},"content":"        drawLine();","lastModifiedDate":"2022-08-26"},{"lineNumber":22,"author":{"gitId":"alfred-leong"},"content":"    }","lastModifiedDate":"2022-08-26"},{"lineNumber":23,"author":{"gitId":"alfred-leong"},"content":"    public static int getTaskID(String command) {","lastModifiedDate":"2022-08-26"},{"lineNumber":24,"author":{"gitId":"alfred-leong"},"content":"        command \u003d command.trim();","lastModifiedDate":"2022-08-26"},{"lineNumber":25,"author":{"gitId":"alfred-leong"},"content":"        String[] words \u003d command.split(\" \");","lastModifiedDate":"2022-08-26"},{"lineNumber":26,"author":{"gitId":"alfred-leong"},"content":"        int taskID \u003d Integer.parseInt(words[1]);","lastModifiedDate":"2022-08-26"},{"lineNumber":27,"author":{"gitId":"alfred-leong"},"content":"        return taskID;","lastModifiedDate":"2022-08-26"},{"lineNumber":28,"author":{"gitId":"alfred-leong"},"content":"    }","lastModifiedDate":"2022-08-26"},{"lineNumber":29,"author":{"gitId":"alfred-leong"},"content":"    public static void unmarkTasks(int taskID) {","lastModifiedDate":"2022-08-27"},{"lineNumber":30,"author":{"gitId":"alfred-leong"},"content":"        tasks[taskID-1].setDone(false);","lastModifiedDate":"2022-08-26"},{"lineNumber":31,"author":{"gitId":"alfred-leong"},"content":"        System.out.println(\"Okay, I\u0027ve marked this task as not done yet:\");","lastModifiedDate":"2022-08-26"},{"lineNumber":32,"author":{"gitId":"alfred-leong"},"content":"        char taskTypeCharacter \u003d tasks[taskID-1].getType();","lastModifiedDate":"2022-08-27"},{"lineNumber":33,"author":{"gitId":"alfred-leong"},"content":"        System.out.println(\"[\" + taskTypeCharacter + \"]\"+ \"[ ] \" + tasks[taskID-1]);","lastModifiedDate":"2022-08-27"},{"lineNumber":34,"author":{"gitId":"alfred-leong"},"content":"        drawLine();","lastModifiedDate":"2022-08-26"},{"lineNumber":35,"author":{"gitId":"alfred-leong"},"content":"    }","lastModifiedDate":"2022-08-26"},{"lineNumber":36,"author":{"gitId":"alfred-leong"},"content":"","lastModifiedDate":"2022-08-26"},{"lineNumber":37,"author":{"gitId":"alfred-leong"},"content":"    public static void markTasks(int taskID) {","lastModifiedDate":"2022-08-27"},{"lineNumber":38,"author":{"gitId":"alfred-leong"},"content":"        tasks[taskID-1].setDone(true);","lastModifiedDate":"2022-08-26"},{"lineNumber":39,"author":{"gitId":"alfred-leong"},"content":"        System.out.println(\"Nice! I\u0027ve marked this task as done:\");","lastModifiedDate":"2022-08-26"},{"lineNumber":40,"author":{"gitId":"alfred-leong"},"content":"        char taskTypeCharacter \u003d tasks[taskID-1].getType();","lastModifiedDate":"2022-08-27"},{"lineNumber":41,"author":{"gitId":"alfred-leong"},"content":"        System.out.println(\"[\" + taskTypeCharacter + \"]\" + \"[X] \" + tasks[taskID-1]);","lastModifiedDate":"2022-08-27"},{"lineNumber":42,"author":{"gitId":"alfred-leong"},"content":"        drawLine();","lastModifiedDate":"2022-08-27"},{"lineNumber":43,"author":{"gitId":"alfred-leong"},"content":"    }","lastModifiedDate":"2022-08-27"},{"lineNumber":44,"author":{"gitId":"alfred-leong"},"content":"    public static void createNewTask(String command) {","lastModifiedDate":"2022-08-27"},{"lineNumber":45,"author":{"gitId":"alfred-leong"},"content":"        char taskType \u003d command.toUpperCase().charAt(0);    //first char is the type in uppercase","lastModifiedDate":"2022-08-27"},{"lineNumber":46,"author":{"gitId":"alfred-leong"},"content":"        command \u003d removeTaskType(command);   //get taskName from command","lastModifiedDate":"2022-08-27"},{"lineNumber":47,"author":{"gitId":"alfred-leong"},"content":"        String taskDateTime, taskName;","lastModifiedDate":"2022-08-27"},{"lineNumber":48,"author":{"gitId":"alfred-leong"},"content":"        switch(taskType) {","lastModifiedDate":"2022-08-27"},{"lineNumber":49,"author":{"gitId":"alfred-leong"},"content":"        case \u0027T\u0027:","lastModifiedDate":"2022-08-27"},{"lineNumber":50,"author":{"gitId":"alfred-leong"},"content":"            createNewToDo(new ToDo(command, false, taskType));","lastModifiedDate":"2022-08-27"},{"lineNumber":51,"author":{"gitId":"alfred-leong"},"content":"            break;","lastModifiedDate":"2022-08-27"},{"lineNumber":52,"author":{"gitId":"alfred-leong"},"content":"        case \u0027D\u0027:","lastModifiedDate":"2022-08-27"},{"lineNumber":53,"author":{"gitId":"alfred-leong"},"content":"            taskDateTime \u003d getTaskDateTime(command);","lastModifiedDate":"2022-08-27"},{"lineNumber":54,"author":{"gitId":"alfred-leong"},"content":"            taskName \u003d getTaskName(command);","lastModifiedDate":"2022-08-27"},{"lineNumber":55,"author":{"gitId":"alfred-leong"},"content":"            createNewDeadline(new Deadline(taskName, false, taskType, taskDateTime));","lastModifiedDate":"2022-08-27"},{"lineNumber":56,"author":{"gitId":"alfred-leong"},"content":"            break;","lastModifiedDate":"2022-08-27"},{"lineNumber":57,"author":{"gitId":"alfred-leong"},"content":"        case \u0027E\u0027:","lastModifiedDate":"2022-08-27"},{"lineNumber":58,"author":{"gitId":"alfred-leong"},"content":"            taskDateTime \u003d getTaskDateTime(command);","lastModifiedDate":"2022-08-27"},{"lineNumber":59,"author":{"gitId":"alfred-leong"},"content":"            taskName \u003d getTaskName(command);","lastModifiedDate":"2022-08-27"},{"lineNumber":60,"author":{"gitId":"alfred-leong"},"content":"            createNewEvent(new Event(taskName, false, taskType, taskDateTime));","lastModifiedDate":"2022-08-27"},{"lineNumber":61,"author":{"gitId":"alfred-leong"},"content":"            break;","lastModifiedDate":"2022-08-27"},{"lineNumber":62,"author":{"gitId":"alfred-leong"},"content":"        default:","lastModifiedDate":"2022-08-27"},{"lineNumber":63,"author":{"gitId":"alfred-leong"},"content":"            System.out.println(\"Type of task invalid\");     //throw error","lastModifiedDate":"2022-08-27"},{"lineNumber":64,"author":{"gitId":"alfred-leong"},"content":"            drawLine();","lastModifiedDate":"2022-08-26"},{"lineNumber":65,"author":{"gitId":"alfred-leong"},"content":"        }","lastModifiedDate":"2022-08-26"},{"lineNumber":66,"author":{"gitId":"alfred-leong"},"content":"","lastModifiedDate":"2022-08-26"},{"lineNumber":67,"author":{"gitId":"alfred-leong"},"content":"    }","lastModifiedDate":"2022-08-27"},{"lineNumber":68,"author":{"gitId":"alfred-leong"},"content":"    public static String removeTaskType(String command) {","lastModifiedDate":"2022-08-27"},{"lineNumber":69,"author":{"gitId":"alfred-leong"},"content":"        int indexOfFirstBlankSpace \u003d command.indexOf(\" \");","lastModifiedDate":"2022-08-27"},{"lineNumber":70,"author":{"gitId":"alfred-leong"},"content":"        return command.substring(indexOfFirstBlankSpace + 1);","lastModifiedDate":"2022-08-27"},{"lineNumber":71,"author":{"gitId":"alfred-leong"},"content":"    }","lastModifiedDate":"2022-08-27"},{"lineNumber":72,"author":{"gitId":"alfred-leong"},"content":"    private static String getTaskName(String command) {","lastModifiedDate":"2022-08-27"},{"lineNumber":73,"author":{"gitId":"alfred-leong"},"content":"        int indexOfBackslash \u003d command.indexOf(\u0027/\u0027);","lastModifiedDate":"2022-08-27"},{"lineNumber":74,"author":{"gitId":"alfred-leong"},"content":"        return command.substring(0, indexOfBackslash-1);","lastModifiedDate":"2022-08-27"},{"lineNumber":75,"author":{"gitId":"alfred-leong"},"content":"    }","lastModifiedDate":"2022-08-27"},{"lineNumber":76,"author":{"gitId":"alfred-leong"},"content":"    private static String getTaskDateTime(String command) {","lastModifiedDate":"2022-08-27"},{"lineNumber":77,"author":{"gitId":"alfred-leong"},"content":"        int indexOfBackslash \u003d command.indexOf(\u0027/\u0027);","lastModifiedDate":"2022-08-27"},{"lineNumber":78,"author":{"gitId":"alfred-leong"},"content":"        command \u003d command.substring(indexOfBackslash + 1);","lastModifiedDate":"2022-08-27"},{"lineNumber":79,"author":{"gitId":"alfred-leong"},"content":"        int indexOfFirstBlankspace \u003d command.indexOf(\u0027 \u0027);","lastModifiedDate":"2022-08-27"},{"lineNumber":80,"author":{"gitId":"alfred-leong"},"content":"        return command.substring(indexOfFirstBlankspace + 1);","lastModifiedDate":"2022-08-27"},{"lineNumber":81,"author":{"gitId":"alfred-leong"},"content":"    }","lastModifiedDate":"2022-08-27"},{"lineNumber":82,"author":{"gitId":"alfred-leong"},"content":"","lastModifiedDate":"2022-08-27"},{"lineNumber":83,"author":{"gitId":"alfred-leong"},"content":"    private static void createNewToDo(ToDo toDo) {","lastModifiedDate":"2022-08-27"},{"lineNumber":84,"author":{"gitId":"alfred-leong"},"content":"        tasks[taskCounter] \u003d toDo;","lastModifiedDate":"2022-08-27"},{"lineNumber":85,"author":{"gitId":"alfred-leong"},"content":"        taskCounter++;","lastModifiedDate":"2022-08-27"},{"lineNumber":86,"author":{"gitId":"alfred-leong"},"content":"        printAddedTask(toDo);","lastModifiedDate":"2022-08-27"},{"lineNumber":87,"author":{"gitId":"alfred-leong"},"content":"    }","lastModifiedDate":"2022-08-27"},{"lineNumber":88,"author":{"gitId":"alfred-leong"},"content":"    private static void createNewDeadline(Deadline deadline) {","lastModifiedDate":"2022-08-27"},{"lineNumber":89,"author":{"gitId":"alfred-leong"},"content":"        tasks[taskCounter] \u003d deadline;","lastModifiedDate":"2022-08-27"},{"lineNumber":90,"author":{"gitId":"alfred-leong"},"content":"        taskCounter++;","lastModifiedDate":"2022-08-26"},{"lineNumber":91,"author":{"gitId":"alfred-leong"},"content":"        printAddedTask(deadline);","lastModifiedDate":"2022-08-27"},{"lineNumber":92,"author":{"gitId":"alfred-leong"},"content":"    }","lastModifiedDate":"2022-08-27"},{"lineNumber":93,"author":{"gitId":"alfred-leong"},"content":"    private static void createNewEvent(Event event) {","lastModifiedDate":"2022-08-27"},{"lineNumber":94,"author":{"gitId":"alfred-leong"},"content":"        tasks[taskCounter] \u003d event;","lastModifiedDate":"2022-08-27"},{"lineNumber":95,"author":{"gitId":"alfred-leong"},"content":"        taskCounter++;","lastModifiedDate":"2022-08-27"},{"lineNumber":96,"author":{"gitId":"alfred-leong"},"content":"        printAddedTask(event);","lastModifiedDate":"2022-08-27"},{"lineNumber":97,"author":{"gitId":"alfred-leong"},"content":"    }","lastModifiedDate":"2022-08-27"},{"lineNumber":98,"author":{"gitId":"alfred-leong"},"content":"","lastModifiedDate":"2022-08-27"},{"lineNumber":99,"author":{"gitId":"alfred-leong"},"content":"    private static void printAddedTask(Task task) {","lastModifiedDate":"2022-08-27"},{"lineNumber":100,"author":{"gitId":"alfred-leong"},"content":"        System.out.println(\"Got it. I\u0027ve added this task:\");","lastModifiedDate":"2022-08-27"},{"lineNumber":101,"author":{"gitId":"alfred-leong"},"content":"        System.out.println(\"  [\" + task.getType() + \"]\" + \"[ ] \" + task);","lastModifiedDate":"2022-08-27"},{"lineNumber":102,"author":{"gitId":"alfred-leong"},"content":"        System.out.println(\"Now you have \" + taskCounter + \" tasks in your list.\");","lastModifiedDate":"2022-08-27"},{"lineNumber":103,"author":{"gitId":"alfred-leong"},"content":"        drawLine();","lastModifiedDate":"2022-08-26"},{"lineNumber":104,"author":{"gitId":"alfred-leong"},"content":"    }","lastModifiedDate":"2022-08-26"},{"lineNumber":105,"author":{"gitId":"alfred-leong"},"content":"","lastModifiedDate":"2022-08-27"},{"lineNumber":106,"author":{"gitId":"alfred-leong"},"content":"    public static void executeUserCommands() {","lastModifiedDate":"2022-08-26"},{"lineNumber":107,"author":{"gitId":"alfred-leong"},"content":"        Scanner in \u003d new Scanner(System.in);","lastModifiedDate":"2022-08-26"},{"lineNumber":108,"author":{"gitId":"alfred-leong"},"content":"        String command;","lastModifiedDate":"2022-08-27"},{"lineNumber":109,"author":{"gitId":"alfred-leong"},"content":"        do {","lastModifiedDate":"2022-08-26"},{"lineNumber":110,"author":{"gitId":"alfred-leong"},"content":"            command \u003d in.nextLine();","lastModifiedDate":"2022-08-26"},{"lineNumber":111,"author":{"gitId":"alfred-leong"},"content":"            drawLine();","lastModifiedDate":"2022-08-26"},{"lineNumber":112,"author":{"gitId":"alfred-leong"},"content":"            if (command.equals(\"bye\")) {","lastModifiedDate":"2022-08-26"},{"lineNumber":113,"author":{"gitId":"alfred-leong"},"content":"                byeUser();","lastModifiedDate":"2022-08-26"},{"lineNumber":114,"author":{"gitId":"alfred-leong"},"content":"                break;","lastModifiedDate":"2022-08-26"},{"lineNumber":115,"author":{"gitId":"alfred-leong"},"content":"            }","lastModifiedDate":"2022-08-26"},{"lineNumber":116,"author":{"gitId":"alfred-leong"},"content":"            else if (command.equals(\"list\")) {","lastModifiedDate":"2022-08-26"},{"lineNumber":117,"author":{"gitId":"alfred-leong"},"content":"                listTasks();","lastModifiedDate":"2022-08-27"},{"lineNumber":118,"author":{"gitId":"alfred-leong"},"content":"            }","lastModifiedDate":"2022-08-26"},{"lineNumber":119,"author":{"gitId":"alfred-leong"},"content":"            else if (command.contains(\"unmark\")) {","lastModifiedDate":"2022-08-26"},{"lineNumber":120,"author":{"gitId":"alfred-leong"},"content":"                int taskID \u003d getTaskID(command);","lastModifiedDate":"2022-08-26"},{"lineNumber":121,"author":{"gitId":"alfred-leong"},"content":"                if (tasks[taskID - 1].isDone() \u003d\u003d false) {","lastModifiedDate":"2022-08-26"},{"lineNumber":122,"author":{"gitId":"alfred-leong"},"content":"                    System.out.println(\"Unable to unmark as this task has not been done yet\");","lastModifiedDate":"2022-08-26"},{"lineNumber":123,"author":{"gitId":"alfred-leong"},"content":"                    drawLine();","lastModifiedDate":"2022-08-26"},{"lineNumber":124,"author":{"gitId":"alfred-leong"},"content":"                } else {","lastModifiedDate":"2022-08-26"},{"lineNumber":125,"author":{"gitId":"alfred-leong"},"content":"                    unmarkTasks(taskID);","lastModifiedDate":"2022-08-27"},{"lineNumber":126,"author":{"gitId":"alfred-leong"},"content":"                }","lastModifiedDate":"2022-08-26"},{"lineNumber":127,"author":{"gitId":"alfred-leong"},"content":"            }","lastModifiedDate":"2022-08-26"},{"lineNumber":128,"author":{"gitId":"alfred-leong"},"content":"            else if (command.contains(\"mark\")) {","lastModifiedDate":"2022-08-26"},{"lineNumber":129,"author":{"gitId":"alfred-leong"},"content":"                int taskID \u003d getTaskID(command);","lastModifiedDate":"2022-08-26"},{"lineNumber":130,"author":{"gitId":"alfred-leong"},"content":"                if (tasks[taskID - 1].isDone() \u003d\u003d true) {","lastModifiedDate":"2022-08-26"},{"lineNumber":131,"author":{"gitId":"alfred-leong"},"content":"                    System.out.println(\"Unable to mark as this task has already been done\");","lastModifiedDate":"2022-08-26"},{"lineNumber":132,"author":{"gitId":"alfred-leong"},"content":"                    drawLine();","lastModifiedDate":"2022-08-26"},{"lineNumber":133,"author":{"gitId":"alfred-leong"},"content":"                } else {","lastModifiedDate":"2022-08-26"},{"lineNumber":134,"author":{"gitId":"alfred-leong"},"content":"                    markTasks(taskID);","lastModifiedDate":"2022-08-27"},{"lineNumber":135,"author":{"gitId":"alfred-leong"},"content":"                }","lastModifiedDate":"2022-08-26"},{"lineNumber":136,"author":{"gitId":"alfred-leong"},"content":"            }","lastModifiedDate":"2022-08-26"},{"lineNumber":137,"author":{"gitId":"alfred-leong"},"content":"            else {","lastModifiedDate":"2022-08-26"},{"lineNumber":138,"author":{"gitId":"alfred-leong"},"content":"                createNewTask(command);","lastModifiedDate":"2022-08-27"},{"lineNumber":139,"author":{"gitId":"alfred-leong"},"content":"            }","lastModifiedDate":"2022-08-26"},{"lineNumber":140,"author":{"gitId":"alfred-leong"},"content":"        } while (command !\u003d \"bye\");","lastModifiedDate":"2022-08-26"},{"lineNumber":141,"author":{"gitId":"alfred-leong"},"content":"    }","lastModifiedDate":"2022-08-26"},{"lineNumber":142,"author":{"gitId":"alfred-leong"},"content":"}","lastModifiedDate":"2022-08-26"}],"authorContributionMap":{"alfred-leong":142}},{"path":"src/main/java/Deadline.java","fileType":"java","lines":[{"lineNumber":1,"author":{"gitId":"alfred-leong"},"content":"public class Deadline extends Task{","lastModifiedDate":"2022-08-27"},{"lineNumber":2,"author":{"gitId":"alfred-leong"},"content":"    protected String datetime;","lastModifiedDate":"2022-08-27"},{"lineNumber":3,"author":{"gitId":"alfred-leong"},"content":"","lastModifiedDate":"2022-08-27"},{"lineNumber":4,"author":{"gitId":"alfred-leong"},"content":"    public Deadline(String name, boolean isDone, char type, String datetime) {","lastModifiedDate":"2022-08-27"},{"lineNumber":5,"author":{"gitId":"alfred-leong"},"content":"        super(name, isDone, type);","lastModifiedDate":"2022-08-27"},{"lineNumber":6,"author":{"gitId":"alfred-leong"},"content":"        this.datetime \u003d datetime;","lastModifiedDate":"2022-08-27"},{"lineNumber":7,"author":{"gitId":"alfred-leong"},"content":"    }","lastModifiedDate":"2022-08-27"},{"lineNumber":8,"author":{"gitId":"alfred-leong"},"content":"    public String toString() {","lastModifiedDate":"2022-08-27"},{"lineNumber":9,"author":{"gitId":"alfred-leong"},"content":"        return super.toString() + \" (by: \" + datetime + \")\";","lastModifiedDate":"2022-08-27"},{"lineNumber":10,"author":{"gitId":"alfred-leong"},"content":"    }","lastModifiedDate":"2022-08-27"},{"lineNumber":11,"author":{"gitId":"alfred-leong"},"content":"","lastModifiedDate":"2022-08-27"},{"lineNumber":12,"author":{"gitId":"alfred-leong"},"content":"","lastModifiedDate":"2022-08-27"},{"lineNumber":13,"author":{"gitId":"alfred-leong"},"content":"}","lastModifiedDate":"2022-08-27"}],"authorContributionMap":{"alfred-leong":13}},{"path":"src/main/java/Event.java","fileType":"java","lines":[{"lineNumber":1,"author":{"gitId":"alfred-leong"},"content":"public class Event extends Task{","lastModifiedDate":"2022-08-27"},{"lineNumber":2,"author":{"gitId":"alfred-leong"},"content":"    protected String datetime;","lastModifiedDate":"2022-08-27"},{"lineNumber":3,"author":{"gitId":"alfred-leong"},"content":"","lastModifiedDate":"2022-08-27"},{"lineNumber":4,"author":{"gitId":"alfred-leong"},"content":"    public Event(String name, boolean isDone, char type, String datetime) {","lastModifiedDate":"2022-08-27"},{"lineNumber":5,"author":{"gitId":"alfred-leong"},"content":"        super(name, isDone, type);","lastModifiedDate":"2022-08-27"},{"lineNumber":6,"author":{"gitId":"alfred-leong"},"content":"        this.datetime \u003d datetime;","lastModifiedDate":"2022-08-27"},{"lineNumber":7,"author":{"gitId":"alfred-leong"},"content":"    }","lastModifiedDate":"2022-08-27"},{"lineNumber":8,"author":{"gitId":"alfred-leong"},"content":"    public String toString() {","lastModifiedDate":"2022-08-27"},{"lineNumber":9,"author":{"gitId":"alfred-leong"},"content":"        return super.toString() + \" (at: \" + datetime + \")\";","lastModifiedDate":"2022-08-27"},{"lineNumber":10,"author":{"gitId":"alfred-leong"},"content":"    }","lastModifiedDate":"2022-08-27"},{"lineNumber":11,"author":{"gitId":"alfred-leong"},"content":"","lastModifiedDate":"2022-08-27"},{"lineNumber":12,"author":{"gitId":"alfred-leong"},"content":"","lastModifiedDate":"2022-08-27"},{"lineNumber":13,"author":{"gitId":"alfred-leong"},"content":"}","lastModifiedDate":"2022-08-27"}],"authorContributionMap":{"alfred-leong":13}},{"path":"src/main/java/Task.java","fileType":"java","lines":[{"lineNumber":1,"author":{"gitId":"alfred-leong"},"content":"public class Task {","lastModifiedDate":"2022-08-21"},{"lineNumber":2,"author":{"gitId":"alfred-leong"},"content":"    private String name;","lastModifiedDate":"2022-08-27"},{"lineNumber":3,"author":{"gitId":"alfred-leong"},"content":"    private boolean isDone;","lastModifiedDate":"2022-08-21"},{"lineNumber":4,"author":{"gitId":"alfred-leong"},"content":"    private char type;","lastModifiedDate":"2022-08-27"},{"lineNumber":5,"author":{"gitId":"alfred-leong"},"content":"","lastModifiedDate":"2022-08-21"},{"lineNumber":6,"author":{"gitId":"alfred-leong"},"content":"    public Task(String name, boolean isDone, char type) {","lastModifiedDate":"2022-08-27"},{"lineNumber":7,"author":{"gitId":"alfred-leong"},"content":"        setname(name);","lastModifiedDate":"2022-08-27"},{"lineNumber":8,"author":{"gitId":"alfred-leong"},"content":"        setDone(isDone);","lastModifiedDate":"2022-08-21"},{"lineNumber":9,"author":{"gitId":"alfred-leong"},"content":"        this.type \u003d type;","lastModifiedDate":"2022-08-27"},{"lineNumber":10,"author":{"gitId":"alfred-leong"},"content":"    }","lastModifiedDate":"2022-08-21"},{"lineNumber":11,"author":{"gitId":"alfred-leong"},"content":"    public String toString() {","lastModifiedDate":"2022-08-27"},{"lineNumber":12,"author":{"gitId":"alfred-leong"},"content":"        return name;","lastModifiedDate":"2022-08-27"},{"lineNumber":13,"author":{"gitId":"alfred-leong"},"content":"    }","lastModifiedDate":"2022-08-21"},{"lineNumber":14,"author":{"gitId":"alfred-leong"},"content":"    public String getName() {","lastModifiedDate":"2022-08-27"},{"lineNumber":15,"author":{"gitId":"alfred-leong"},"content":"        return name;","lastModifiedDate":"2022-08-27"},{"lineNumber":16,"author":{"gitId":"alfred-leong"},"content":"    }","lastModifiedDate":"2022-08-27"},{"lineNumber":17,"author":{"gitId":"alfred-leong"},"content":"    public void setname(String name) {","lastModifiedDate":"2022-08-27"},{"lineNumber":18,"author":{"gitId":"alfred-leong"},"content":"        this.name \u003d name;","lastModifiedDate":"2022-08-27"},{"lineNumber":19,"author":{"gitId":"alfred-leong"},"content":"    }","lastModifiedDate":"2022-08-21"},{"lineNumber":20,"author":{"gitId":"alfred-leong"},"content":"    public boolean isDone() {","lastModifiedDate":"2022-08-21"},{"lineNumber":21,"author":{"gitId":"alfred-leong"},"content":"        return isDone;","lastModifiedDate":"2022-08-21"},{"lineNumber":22,"author":{"gitId":"alfred-leong"},"content":"    }","lastModifiedDate":"2022-08-21"},{"lineNumber":23,"author":{"gitId":"alfred-leong"},"content":"    public void setDone(boolean done) {","lastModifiedDate":"2022-08-21"},{"lineNumber":24,"author":{"gitId":"alfred-leong"},"content":"        isDone \u003d done;","lastModifiedDate":"2022-08-21"},{"lineNumber":25,"author":{"gitId":"alfred-leong"},"content":"    }","lastModifiedDate":"2022-08-21"},{"lineNumber":26,"author":{"gitId":"alfred-leong"},"content":"    public char getType() {","lastModifiedDate":"2022-08-27"},{"lineNumber":27,"author":{"gitId":"alfred-leong"},"content":"        return type;","lastModifiedDate":"2022-08-27"},{"lineNumber":28,"author":{"gitId":"alfred-leong"},"content":"    }","lastModifiedDate":"2022-08-27"},{"lineNumber":29,"author":{"gitId":"alfred-leong"},"content":"    public void setType(char type) {","lastModifiedDate":"2022-08-27"},{"lineNumber":30,"author":{"gitId":"alfred-leong"},"content":"        this.type \u003d type;","lastModifiedDate":"2022-08-27"},{"lineNumber":31,"author":{"gitId":"alfred-leong"},"content":"    }","lastModifiedDate":"2022-08-27"},{"lineNumber":32,"author":{"gitId":"alfred-leong"},"content":"}","lastModifiedDate":"2022-08-21"}],"authorContributionMap":{"alfred-leong":32}},{"path":"src/main/java/ToDo.java","fileType":"java","lines":[{"lineNumber":1,"author":{"gitId":"alfred-leong"},"content":"public class ToDo extends Task{","lastModifiedDate":"2022-08-27"},{"lineNumber":2,"author":{"gitId":"alfred-leong"},"content":"","lastModifiedDate":"2022-08-27"},{"lineNumber":3,"author":{"gitId":"alfred-leong"},"content":"    public ToDo(String name, boolean isDone, char type) {","lastModifiedDate":"2022-08-27"},{"lineNumber":4,"author":{"gitId":"alfred-leong"},"content":"        super(name, isDone, type);","lastModifiedDate":"2022-08-27"},{"lineNumber":5,"author":{"gitId":"alfred-leong"},"content":"    }","lastModifiedDate":"2022-08-27"},{"lineNumber":6,"author":{"gitId":"alfred-leong"},"content":"}","lastModifiedDate":"2022-08-27"}],"authorContributionMap":{"alfred-leong":6}},{"path":"text-ui-test/input.txt","fileType":"txt","lines":[{"lineNumber":1,"author":{"gitId":"alfred-leong"},"content":"list","lastModifiedDate":"2022-08-27"},{"lineNumber":2,"author":{"gitId":"alfred-leong"},"content":"todo borrow book","lastModifiedDate":"2022-08-27"},{"lineNumber":3,"author":{"gitId":"alfred-leong"},"content":"deadline return book /by Sunday","lastModifiedDate":"2022-08-27"},{"lineNumber":4,"author":{"gitId":"alfred-leong"},"content":"event project meeting /at Mon 2-4pm","lastModifiedDate":"2022-08-27"},{"lineNumber":5,"author":{"gitId":"alfred-leong"},"content":"list","lastModifiedDate":"2022-08-27"},{"lineNumber":6,"author":{"gitId":"alfred-leong"},"content":"mark 1","lastModifiedDate":"2022-08-27"},{"lineNumber":7,"author":{"gitId":"alfred-leong"},"content":"mark 2","lastModifiedDate":"2022-08-27"},{"lineNumber":8,"author":{"gitId":"alfred-leong"},"content":"list","lastModifiedDate":"2022-08-27"},{"lineNumber":9,"author":{"gitId":"alfred-leong"},"content":"unmark 1","lastModifiedDate":"2022-08-27"},{"lineNumber":10,"author":{"gitId":"alfred-leong"},"content":"unmark 2","lastModifiedDate":"2022-08-27"},{"lineNumber":11,"author":{"gitId":"alfred-leong"},"content":"list","lastModifiedDate":"2022-08-27"},{"lineNumber":12,"author":{"gitId":"alfred-leong"},"content":"bye","lastModifiedDate":"2022-08-27"}],"authorContributionMap":{"alfred-leong":12}},{"path":"text-ui-test/runtest.bat","fileType":"bat","lines":[{"lineNumber":1,"author":{"gitId":"-"},"content":"@ECHO OFF","lastModifiedDate":"2020-05-25"},{"lineNumber":2,"author":{"gitId":"-"},"content":"","lastModifiedDate":"2020-05-25"},{"lineNumber":3,"author":{"gitId":"-"},"content":"REM create bin directory if it doesn\u0027t exist","lastModifiedDate":"2020-05-25"},{"lineNumber":4,"author":{"gitId":"-"},"content":"if not exist ..\\bin mkdir ..\\bin","lastModifiedDate":"2020-05-25"},{"lineNumber":5,"author":{"gitId":"-"},"content":"","lastModifiedDate":"2020-05-25"},{"lineNumber":6,"author":{"gitId":"-"},"content":"REM delete output from previous run","lastModifiedDate":"2020-05-25"},{"lineNumber":7,"author":{"gitId":"-"},"content":"if exist ACTUAL.TXT del ACTUAL.TXT","lastModifiedDate":"2020-08-25"},{"lineNumber":8,"author":{"gitId":"-"},"content":"","lastModifiedDate":"2020-05-25"},{"lineNumber":9,"author":{"gitId":"-"},"content":"REM compile the code into the bin folder","lastModifiedDate":"2020-05-25"},{"lineNumber":10,"author":{"gitId":"-"},"content":"javac  -cp ..\\src\\main\\java -Xlint:none -d ..\\bin ..\\src\\main\\java\\*.java","lastModifiedDate":"2020-08-25"},{"lineNumber":11,"author":{"gitId":"-"},"content":"IF ERRORLEVEL 1 (","lastModifiedDate":"2020-05-25"},{"lineNumber":12,"author":{"gitId":"-"},"content":"    echo ********** BUILD FAILURE **********","lastModifiedDate":"2020-05-25"},{"lineNumber":13,"author":{"gitId":"-"},"content":"    exit /b 1","lastModifiedDate":"2020-05-25"},{"lineNumber":14,"author":{"gitId":"-"},"content":")","lastModifiedDate":"2020-05-25"},{"lineNumber":15,"author":{"gitId":"-"},"content":"REM no error here, errorlevel \u003d\u003d 0","lastModifiedDate":"2020-05-25"},{"lineNumber":16,"author":{"gitId":"-"},"content":"","lastModifiedDate":"2020-05-25"},{"lineNumber":17,"author":{"gitId":"-"},"content":"REM run the program, feed commands from input.txt file and redirect the output to the ACTUAL.TXT","lastModifiedDate":"2020-05-25"},{"lineNumber":18,"author":{"gitId":"alfred-leong"},"content":"java -classpath ..\\bin Bloom \u003c input.txt \u003e ACTUAL.TXT","lastModifiedDate":"2022-08-27"},{"lineNumber":19,"author":{"gitId":"-"},"content":"","lastModifiedDate":"2020-05-25"},{"lineNumber":20,"author":{"gitId":"-"},"content":"REM compare the output to the expected output","lastModifiedDate":"2020-05-25"},{"lineNumber":21,"author":{"gitId":"-"},"content":"FC ACTUAL.TXT EXPECTED.TXT","lastModifiedDate":"2020-05-25"}],"authorContributionMap":{"alfred-leong":1,"-":20}},{"path":"text-ui-test/runtest.sh","fileType":"sh","lines":[{"lineNumber":1,"author":{"gitId":"-"},"content":"#!/usr/bin/env bash","lastModifiedDate":"2020-05-25"},{"lineNumber":2,"author":{"gitId":"-"},"content":"","lastModifiedDate":"2020-05-25"},{"lineNumber":3,"author":{"gitId":"-"},"content":"# create bin directory if it doesn\u0027t exist","lastModifiedDate":"2020-05-25"},{"lineNumber":4,"author":{"gitId":"-"},"content":"if [ ! -d \"../bin\" ]","lastModifiedDate":"2020-05-25"},{"lineNumber":5,"author":{"gitId":"-"},"content":"then","lastModifiedDate":"2020-05-25"},{"lineNumber":6,"author":{"gitId":"-"},"content":"    mkdir ../bin","lastModifiedDate":"2020-05-25"},{"lineNumber":7,"author":{"gitId":"-"},"content":"fi","lastModifiedDate":"2020-05-25"},{"lineNumber":8,"author":{"gitId":"-"},"content":"","lastModifiedDate":"2020-05-25"},{"lineNumber":9,"author":{"gitId":"-"},"content":"# delete output from previous run","lastModifiedDate":"2020-05-25"},{"lineNumber":10,"author":{"gitId":"-"},"content":"if [ -e \"./ACTUAL.TXT\" ]","lastModifiedDate":"2020-05-25"},{"lineNumber":11,"author":{"gitId":"-"},"content":"then","lastModifiedDate":"2020-05-25"},{"lineNumber":12,"author":{"gitId":"-"},"content":"    rm ACTUAL.TXT","lastModifiedDate":"2020-05-25"},{"lineNumber":13,"author":{"gitId":"-"},"content":"fi","lastModifiedDate":"2020-05-25"},{"lineNumber":14,"author":{"gitId":"-"},"content":"","lastModifiedDate":"2020-05-25"},{"lineNumber":15,"author":{"gitId":"-"},"content":"# compile the code into the bin folder, terminates if error occurred","lastModifiedDate":"2020-05-25"},{"lineNumber":16,"author":{"gitId":"-"},"content":"if ! javac -cp ../src/main/java -Xlint:none -d ../bin ../src/main/java/*.java","lastModifiedDate":"2020-08-25"},{"lineNumber":17,"author":{"gitId":"-"},"content":"then","lastModifiedDate":"2020-05-25"},{"lineNumber":18,"author":{"gitId":"-"},"content":"    echo \"********** BUILD FAILURE **********\"","lastModifiedDate":"2020-05-25"},{"lineNumber":19,"author":{"gitId":"-"},"content":"    exit 1","lastModifiedDate":"2020-05-25"},{"lineNumber":20,"author":{"gitId":"-"},"content":"fi","lastModifiedDate":"2020-05-25"},{"lineNumber":21,"author":{"gitId":"-"},"content":"","lastModifiedDate":"2020-05-25"},{"lineNumber":22,"author":{"gitId":"-"},"content":"# run the program, feed commands from input.txt file and redirect the output to the ACTUAL.TXT","lastModifiedDate":"2020-05-25"},{"lineNumber":23,"author":{"gitId":"alfred-leong"},"content":"java -classpath ../bin Bloom \u003c input.txt \u003e ACTUAL.TXT","lastModifiedDate":"2022-08-27"},{"lineNumber":24,"author":{"gitId":"-"},"content":"","lastModifiedDate":"2020-05-25"},{"lineNumber":25,"author":{"gitId":"-"},"content":"# convert to UNIX format","lastModifiedDate":"2020-05-25"},{"lineNumber":26,"author":{"gitId":"-"},"content":"cp EXPECTED.TXT EXPECTED-UNIX.TXT","lastModifiedDate":"2020-05-25"},{"lineNumber":27,"author":{"gitId":"-"},"content":"dos2unix ACTUAL.TXT EXPECTED-UNIX.TXT","lastModifiedDate":"2020-05-25"},{"lineNumber":28,"author":{"gitId":"-"},"content":"","lastModifiedDate":"2020-05-25"},{"lineNumber":29,"author":{"gitId":"-"},"content":"# compare the output to the expected output","lastModifiedDate":"2020-05-25"},{"lineNumber":30,"author":{"gitId":"-"},"content":"diff ACTUAL.TXT EXPECTED-UNIX.TXT","lastModifiedDate":"2020-05-25"},{"lineNumber":31,"author":{"gitId":"-"},"content":"if [ $? -eq 0 ]","lastModifiedDate":"2020-05-25"},{"lineNumber":32,"author":{"gitId":"-"},"content":"then","lastModifiedDate":"2020-05-25"},{"lineNumber":33,"author":{"gitId":"-"},"content":"    echo \"Test result: PASSED\"","lastModifiedDate":"2020-05-25"},{"lineNumber":34,"author":{"gitId":"-"},"content":"    exit 0","lastModifiedDate":"2020-05-25"},{"lineNumber":35,"author":{"gitId":"-"},"content":"else","lastModifiedDate":"2020-05-25"},{"lineNumber":36,"author":{"gitId":"-"},"content":"    echo \"Test result: FAILED\"","lastModifiedDate":"2020-05-25"},{"lineNumber":37,"author":{"gitId":"-"},"content":"    exit 1","lastModifiedDate":"2020-05-25"},{"lineNumber":38,"author":{"gitId":"-"},"content":"fi","lastModifiedDate":"2020-05-25"}],"authorContributionMap":{"alfred-leong":1,"-":37}}]
