{"authorDailyContributionsMap":{"AaaaaronC":[{"date":"2022-08-25","commitResults":[{"hash":"e85afad5889c53e08f53152a7b4d906b238141a3","messageTitle":"Add: Level 0 (Greet)","messageBody":"","fileTypesAndContributionMap":{"java":{"insertions":7,"deletions":0}}},{"hash":"52a99bb4501b4a33b168a2ad0efcceab70a59da9","messageTitle":"Level 1 (Greet, Echo, Exit)","messageBody":"","fileTypesAndContributionMap":{"java":{"insertions":22,"deletions":5}}},{"hash":"150fe48024db7e8d835ecde659164eeca6ff00b1","messageTitle":"Add: Level 1 (Greet, Echo, Exit)","messageBody":"","tags":["Level-1"],"fileTypesAndContributionMap":{"java":{"insertions":1,"deletions":1}}},{"hash":"331f166962696fcfb2521cee601124c9bdc9799f","messageTitle":"Add: Level 2 (Add, List)","messageBody":"","tags":["Level-2"],"fileTypesAndContributionMap":{"java":{"insertions":23,"deletions":9}}}]},{"date":"2022-08-26","commitResults":[{"hash":"fa24764a8c99a32b8dae2884f513c291a2bbb217","messageTitle":"Add: Level 3 (Mark as done)","messageBody":"","tags":["Level-3"],"fileTypesAndContributionMap":{"java":{"insertions":86,"deletions":21}}}]},{"date":"2022-09-01","commitResults":[{"hash":"b8d7ebf9f6c4509f0cc723493525ae8174bf0ba0","messageTitle":"Add: Level 4 (ToDo, Event, Deadline)","messageBody":"","tags":["Level-4"],"fileTypesAndContributionMap":{"java":{"insertions":167,"deletions":24}}}]},{"date":"2022-09-08","commitResults":[{"hash":"8226e88a42442d211a99d0435f2ecf9a07ba6f57","messageTitle":"Add: Level 5(Handle Errors)","messageBody":"","fileTypesAndContributionMap":{"java":{"insertions":95,"deletions":27}}},{"hash":"468217a2c59377b67cf76f2345b146a78a19965b","messageTitle":"Remove: unnecessary package","messageBody":"","tags":["Level-5"],"fileTypesAndContributionMap":{"java":{"insertions":0,"deletions":4}}}]},{"date":"2022-09-15","commitResults":[{"hash":"57f5e5b40f88e1e960656b901452bb0ac676ff2d","messageTitle":"Add: Level 6 (Delete)","messageBody":"","tags":["Level-6"],"fileTypesAndContributionMap":{"java":{"insertions":17,"deletions":2}}},{"hash":"c84fc42d3f4ea38825045674cdf124d5605a6827","messageTitle":"Add: Level 7 (Save)","messageBody":"","fileTypesAndContributionMap":{"java":{"insertions":122,"deletions":1}}}]},{"date":"2022-09-27","commitResults":[{"hash":"6f0ba3e47e1834df249fff28f9443e7571efefc8","messageTitle":"Add: Accounted for adding task with same name","messageBody":"","fileTypesAndContributionMap":{"txt":{"insertions":1,"deletions":0},"java":{"insertions":30,"deletions":15}}}]},{"date":"2022-09-29","commitResults":[{"hash":"0dc615433e826855fe9cdbacde69a49486c584fd","messageTitle":"Add: More OOP","messageBody":"","fileTypesAndContributionMap":{"txt":{"insertions":2,"deletions":1},"java":{"insertions":466,"deletions":211}}},{"hash":"220ffab817597b05452ab23d6353a9cdb5fb01f0","messageTitle":"Add: Level 9 (Find)","messageBody":"","fileTypesAndContributionMap":{"txt":{"insertions":0,"deletions":2},"java":{"insertions":121,"deletions":29}}},{"hash":"7b7655d518f936eab3c640695f0e449a887338ea","messageTitle":"Add: branch-Level-9","messageBody":"","fileTypesAndContributionMap":{"txt":{"insertions":2,"deletions":0}}}]},{"date":"2022-09-30","commitResults":[{"hash":"d2d116b032bd18d1b65cd38110a3b0bfb9b70dcf","messageTitle":"Add: Javadoc comments","messageBody":"","fileTypesAndContributionMap":{"txt":{"insertions":2,"deletions":0},"java":{"insertions":259,"deletions":63}}}]}]},"authorFileTypeContributionMap":{"AaaaaronC":{"java":1010,"md":0,"fxml":0,"sh":0,"bat":0,"gradle":0,"txt":4}},"authorContributionVariance":{"AaaaaronC":16473.541},"authorDisplayNameMap":{"AaaaaronC":"CS2113-T17-3 AARO.. ZHI"}}
