[{"path":"src/main/java/Commands.java","fileType":"java","lines":[{"lineNumber":1,"author":{"gitId":"Markusteim"},"content":"enum Commands {","lastModifiedDate":"2022-08-30"},{"lineNumber":2,"author":{"gitId":"Markusteim"},"content":"    LIST,","lastModifiedDate":"2022-08-30"},{"lineNumber":3,"author":{"gitId":"Markusteim"},"content":"    BYE,","lastModifiedDate":"2022-08-30"},{"lineNumber":4,"author":{"gitId":"Markusteim"},"content":"    MARK,","lastModifiedDate":"2022-08-30"},{"lineNumber":5,"author":{"gitId":"Markusteim"},"content":"    UNMARK,","lastModifiedDate":"2022-08-30"},{"lineNumber":6,"author":{"gitId":"Markusteim"},"content":"    TODO,","lastModifiedDate":"2022-08-30"},{"lineNumber":7,"author":{"gitId":"Markusteim"},"content":"    EVENT,","lastModifiedDate":"2022-08-30"},{"lineNumber":8,"author":{"gitId":"Markusteim"},"content":"    DEADLINE,","lastModifiedDate":"2022-09-13"},{"lineNumber":9,"author":{"gitId":"Markusteim"},"content":"    DELETE","lastModifiedDate":"2022-09-13"},{"lineNumber":10,"author":{"gitId":"Markusteim"},"content":"}","lastModifiedDate":"2022-08-30"}],"authorContributionMap":{"Markusteim":10}},{"path":"src/main/java/Deadline.java","fileType":"java","lines":[{"lineNumber":1,"author":{"gitId":"Markusteim"},"content":"public class Deadline extends Task{","lastModifiedDate":"2022-08-30"},{"lineNumber":2,"author":{"gitId":"Markusteim"},"content":"    protected String date;","lastModifiedDate":"2022-09-13"},{"lineNumber":3,"author":{"gitId":"Markusteim"},"content":"    public Deadline(String description) {","lastModifiedDate":"2022-08-30"},{"lineNumber":4,"author":{"gitId":"Markusteim"},"content":"        super(description);","lastModifiedDate":"2022-08-30"},{"lineNumber":5,"author":{"gitId":"Markusteim"},"content":"        setDate(description);","lastModifiedDate":"2022-09-13"},{"lineNumber":6,"author":{"gitId":"Markusteim"},"content":"    }","lastModifiedDate":"2022-08-30"},{"lineNumber":7,"author":{"gitId":"Markusteim"},"content":"    public String getCommandIcon(){return \"[D]\";}","lastModifiedDate":"2022-08-30"},{"lineNumber":8,"author":{"gitId":"Markusteim"},"content":"","lastModifiedDate":"2022-08-30"},{"lineNumber":9,"author":{"gitId":"Markusteim"},"content":"    public void setDate(String description){","lastModifiedDate":"2022-09-13"},{"lineNumber":10,"author":{"gitId":"Markusteim"},"content":"        int dateIndex \u003d description.indexOf(\"/\") + 3;","lastModifiedDate":"2022-09-13"},{"lineNumber":11,"author":{"gitId":"Markusteim"},"content":"        this.date \u003d description.substring(dateIndex);","lastModifiedDate":"2022-09-13"},{"lineNumber":12,"author":{"gitId":"Markusteim"},"content":"","lastModifiedDate":"2022-09-13"},{"lineNumber":13,"author":{"gitId":"Markusteim"},"content":"    }","lastModifiedDate":"2022-09-13"},{"lineNumber":14,"author":{"gitId":"Markusteim"},"content":"","lastModifiedDate":"2022-09-13"},{"lineNumber":15,"author":{"gitId":"Markusteim"},"content":"    private String getDescriptionNoDate(){","lastModifiedDate":"2022-09-13"},{"lineNumber":16,"author":{"gitId":"Markusteim"},"content":"        int dateIndex \u003d description.indexOf(\"/\");","lastModifiedDate":"2022-09-13"},{"lineNumber":17,"author":{"gitId":"Markusteim"},"content":"        return (description.substring(0, dateIndex - 1));","lastModifiedDate":"2022-09-13"},{"lineNumber":18,"author":{"gitId":"Markusteim"},"content":"    }","lastModifiedDate":"2022-09-13"},{"lineNumber":19,"author":{"gitId":"Markusteim"},"content":"    public String getDate(){return date;}","lastModifiedDate":"2022-09-13"},{"lineNumber":20,"author":{"gitId":"Markusteim"},"content":"    @Override","lastModifiedDate":"2022-08-30"},{"lineNumber":21,"author":{"gitId":"Markusteim"},"content":"    public String toString() {","lastModifiedDate":"2022-08-30"},{"lineNumber":22,"author":{"gitId":"Markusteim"},"content":"        return getCommandIcon() + getStatusIcon() + \" \" + getDescriptionNoDate().trim() + \" (by: \" + getDate().trim() + \")\";","lastModifiedDate":"2022-09-13"},{"lineNumber":23,"author":{"gitId":"Markusteim"},"content":"    }","lastModifiedDate":"2022-09-13"},{"lineNumber":24,"author":{"gitId":"Markusteim"},"content":"    public String fileString(){","lastModifiedDate":"2022-09-13"},{"lineNumber":25,"author":{"gitId":"Markusteim"},"content":"        return ( \"D,\" + getDone() + \",\"+ getDescriptionNoDate().trim() + \",\" + getDate());","lastModifiedDate":"2022-09-13"},{"lineNumber":26,"author":{"gitId":"Markusteim"},"content":"    }","lastModifiedDate":"2022-08-30"},{"lineNumber":27,"author":{"gitId":"Markusteim"},"content":"}","lastModifiedDate":"2022-08-30"}],"authorContributionMap":{"Markusteim":27}},{"path":"src/main/java/Duke.java","fileType":"java","lines":[{"lineNumber":1,"author":{"gitId":"Markusteim"},"content":"import java.io.IOException;","lastModifiedDate":"2022-09-13"},{"lineNumber":2,"author":{"gitId":"Markusteim"},"content":"import java.nio.file.FileAlreadyExistsException;","lastModifiedDate":"2022-09-13"},{"lineNumber":3,"author":{"gitId":"Markusteim"},"content":"import java.nio.file.Files;","lastModifiedDate":"2022-09-13"},{"lineNumber":4,"author":{"gitId":"Markusteim"},"content":"import java.nio.file.Path;","lastModifiedDate":"2022-09-13"},{"lineNumber":5,"author":{"gitId":"Markusteim"},"content":"import java.nio.file.Paths;","lastModifiedDate":"2022-09-13"},{"lineNumber":6,"author":{"gitId":"Markusteim"},"content":"import java.util.Scanner;","lastModifiedDate":"2022-08-24"},{"lineNumber":7,"author":{"gitId":"Markusteim"},"content":"import java.util.ArrayList;","lastModifiedDate":"2022-09-13"},{"lineNumber":8,"author":{"gitId":"Markusteim"},"content":"","lastModifiedDate":"2022-09-13"},{"lineNumber":9,"author":{"gitId":"Markusteim"},"content":"import java.io.FileNotFoundException;","lastModifiedDate":"2022-09-13"},{"lineNumber":10,"author":{"gitId":"Markusteim"},"content":"","lastModifiedDate":"2022-09-13"},{"lineNumber":11,"author":{"gitId":"-"},"content":"public class Duke {","lastModifiedDate":"2019-07-29"},{"lineNumber":12,"author":{"gitId":"Markusteim"},"content":"    public static void main(String[] args) throws IOException {","lastModifiedDate":"2022-09-13"},{"lineNumber":13,"author":{"gitId":"Markusteim"},"content":"        System.out.println(\"Hello, my name is Duke! \\nWhat can I do for you?\");","lastModifiedDate":"2022-08-24"},{"lineNumber":14,"author":{"gitId":"Markusteim"},"content":"","lastModifiedDate":"2022-08-26"},{"lineNumber":15,"author":{"gitId":"Markusteim"},"content":"        ArrayList\u003cTask\u003e todoList;","lastModifiedDate":"2022-09-13"},{"lineNumber":16,"author":{"gitId":"Markusteim"},"content":"","lastModifiedDate":"2022-09-13"},{"lineNumber":17,"author":{"gitId":"Markusteim"},"content":"        Scanner myObj \u003d new Scanner(System.in);","lastModifiedDate":"2022-08-24"},{"lineNumber":18,"author":{"gitId":"Markusteim"},"content":"","lastModifiedDate":"2022-08-26"},{"lineNumber":19,"author":{"gitId":"Markusteim"},"content":"","lastModifiedDate":"2022-08-30"},{"lineNumber":20,"author":{"gitId":"Markusteim"},"content":"","lastModifiedDate":"2022-09-13"},{"lineNumber":21,"author":{"gitId":"Markusteim"},"content":"        Path path \u003d Paths.get(\"src\",\"main\",\"data\");","lastModifiedDate":"2022-09-13"},{"lineNumber":22,"author":{"gitId":"Markusteim"},"content":"","lastModifiedDate":"2022-09-13"},{"lineNumber":23,"author":{"gitId":"Markusteim"},"content":"        try{","lastModifiedDate":"2022-09-13"},{"lineNumber":24,"author":{"gitId":"Markusteim"},"content":"            Files.createDirectories(path);","lastModifiedDate":"2022-09-13"},{"lineNumber":25,"author":{"gitId":"Markusteim"},"content":"        }catch (FileAlreadyExistsException ignored){}","lastModifiedDate":"2022-09-13"},{"lineNumber":26,"author":{"gitId":"Markusteim"},"content":"","lastModifiedDate":"2022-09-13"},{"lineNumber":27,"author":{"gitId":"Markusteim"},"content":"        try{","lastModifiedDate":"2022-09-13"},{"lineNumber":28,"author":{"gitId":"Markusteim"},"content":"            todoList \u003d ReadFromFile.addFileContents(path);","lastModifiedDate":"2022-09-13"},{"lineNumber":29,"author":{"gitId":"Markusteim"},"content":"            System.out.println(\"I found some tasks saved, I have added them to the current session\");","lastModifiedDate":"2022-09-13"},{"lineNumber":30,"author":{"gitId":"Markusteim"},"content":"        } catch (FileNotFoundException | DukeExceptions e){","lastModifiedDate":"2022-09-13"},{"lineNumber":31,"author":{"gitId":"Markusteim"},"content":"            System.out.println(\"File not found, creating one\");","lastModifiedDate":"2022-09-13"},{"lineNumber":32,"author":{"gitId":"Markusteim"},"content":"            WriteToFile.createFile(path);","lastModifiedDate":"2022-09-13"},{"lineNumber":33,"author":{"gitId":"Markusteim"},"content":"            todoList \u003d new ArrayList\u003c\u003e();","lastModifiedDate":"2022-09-13"},{"lineNumber":34,"author":{"gitId":"Markusteim"},"content":"        }","lastModifiedDate":"2022-09-13"},{"lineNumber":35,"author":{"gitId":"Markusteim"},"content":"","lastModifiedDate":"2022-09-13"},{"lineNumber":36,"author":{"gitId":"Markusteim"},"content":"","lastModifiedDate":"2022-08-30"},{"lineNumber":37,"author":{"gitId":"Markusteim"},"content":"        String userInput;","lastModifiedDate":"2022-08-24"},{"lineNumber":38,"author":{"gitId":"Markusteim"},"content":"        String taskType;","lastModifiedDate":"2022-08-30"},{"lineNumber":39,"author":{"gitId":"Markusteim"},"content":"        String userInputNewValue;","lastModifiedDate":"2022-08-30"},{"lineNumber":40,"author":{"gitId":"Markusteim"},"content":"        String taskString; //based on how many tasks are in list, changes to plural","lastModifiedDate":"2022-08-30"},{"lineNumber":41,"author":{"gitId":"Markusteim"},"content":"        final String LINES \u003d \"____________________________________________________________\";","lastModifiedDate":"2022-09-05"},{"lineNumber":42,"author":{"gitId":"Markusteim"},"content":"","lastModifiedDate":"2022-08-30"},{"lineNumber":43,"author":{"gitId":"Markusteim"},"content":"        int markedValue \u003d 0;","lastModifiedDate":"2022-08-26"},{"lineNumber":44,"author":{"gitId":"Markusteim"},"content":"","lastModifiedDate":"2022-08-30"},{"lineNumber":45,"author":{"gitId":"Markusteim"},"content":"        boolean bye \u003d false;","lastModifiedDate":"2022-08-24"},{"lineNumber":46,"author":{"gitId":"Markusteim"},"content":"","lastModifiedDate":"2022-08-24"},{"lineNumber":47,"author":{"gitId":"Markusteim"},"content":"        Commands commandType;","lastModifiedDate":"2022-08-24"},{"lineNumber":48,"author":{"gitId":"Markusteim"},"content":"        while (!bye) {","lastModifiedDate":"2022-08-24"},{"lineNumber":49,"author":{"gitId":"Markusteim"},"content":"            userInput \u003d myObj.nextLine() + \" \";","lastModifiedDate":"2022-08-26"},{"lineNumber":50,"author":{"gitId":"Markusteim"},"content":"            taskType \u003d userInput.substring(0, userInput.indexOf(\u0027 \u0027)); //list, mark, unmark etc.","lastModifiedDate":"2022-08-30"},{"lineNumber":51,"author":{"gitId":"Markusteim"},"content":"","lastModifiedDate":"2022-09-05"},{"lineNumber":52,"author":{"gitId":"Markusteim"},"content":"            userInputNewValue \u003d userInput.substring(taskType.length()); //firstly does it assuming that it is todo, so no date , todo borrow book -\u003e borrow book","lastModifiedDate":"2022-08-30"},{"lineNumber":53,"author":{"gitId":"Markusteim"},"content":"","lastModifiedDate":"2022-09-05"},{"lineNumber":54,"author":{"gitId":"Markusteim"},"content":"            try {","lastModifiedDate":"2022-08-26"},{"lineNumber":55,"author":{"gitId":"Markusteim"},"content":"                markedValue \u003d Integer.parseInt(userInput.substring(userInput.indexOf(\u0027 \u0027)).replaceAll(\"\\\\s+\", \"\")) - 1; //used just for mark and unmark","lastModifiedDate":"2022-08-30"},{"lineNumber":56,"author":{"gitId":"Markusteim"},"content":"","lastModifiedDate":"2022-08-26"},{"lineNumber":57,"author":{"gitId":"Markusteim"},"content":"            } catch (Exception ignored) {}","lastModifiedDate":"2022-08-30"},{"lineNumber":58,"author":{"gitId":"Markusteim"},"content":"","lastModifiedDate":"2022-08-26"},{"lineNumber":59,"author":{"gitId":"Markusteim"},"content":"            try {","lastModifiedDate":"2022-08-24"},{"lineNumber":60,"author":{"gitId":"Markusteim"},"content":"                commandType \u003d Commands.valueOf(taskType.toUpperCase());","lastModifiedDate":"2022-08-30"},{"lineNumber":61,"author":{"gitId":"Markusteim"},"content":"                switch (commandType) {","lastModifiedDate":"2022-08-24"},{"lineNumber":62,"author":{"gitId":"Markusteim"},"content":"                case LIST:","lastModifiedDate":"2022-08-26"},{"lineNumber":63,"author":{"gitId":"Markusteim"},"content":"                    System.out.println(LINES);","lastModifiedDate":"2022-09-05"},{"lineNumber":64,"author":{"gitId":"Markusteim"},"content":"                    System.out.println(\"Here are the tasks in your list:\");","lastModifiedDate":"2022-08-30"},{"lineNumber":65,"author":{"gitId":"Markusteim"},"content":"                    for (int i \u003d 0; i \u003c todoList.size(); i++) { System.out.println(\"\\t\" + (i + 1) + \") \" + todoList.get(i).toString());}","lastModifiedDate":"2022-09-13"},{"lineNumber":66,"author":{"gitId":"Markusteim"},"content":"                    System.out.println(LINES);","lastModifiedDate":"2022-09-05"},{"lineNumber":67,"author":{"gitId":"Markusteim"},"content":"                    break;","lastModifiedDate":"2022-08-26"},{"lineNumber":68,"author":{"gitId":"Markusteim"},"content":"","lastModifiedDate":"2022-08-26"},{"lineNumber":69,"author":{"gitId":"Markusteim"},"content":"                case BYE:","lastModifiedDate":"2022-08-26"},{"lineNumber":70,"author":{"gitId":"Markusteim"},"content":"                    bye \u003d true;","lastModifiedDate":"2022-08-26"},{"lineNumber":71,"author":{"gitId":"Markusteim"},"content":"                    break;","lastModifiedDate":"2022-08-26"},{"lineNumber":72,"author":{"gitId":"Markusteim"},"content":"","lastModifiedDate":"2022-08-26"},{"lineNumber":73,"author":{"gitId":"Markusteim"},"content":"                case MARK:","lastModifiedDate":"2022-08-26"},{"lineNumber":74,"author":{"gitId":"Markusteim"},"content":"                    todoList.get(markedValue).markAsDone();","lastModifiedDate":"2022-09-13"},{"lineNumber":75,"author":{"gitId":"Markusteim"},"content":"                    System.out.println(LINES);","lastModifiedDate":"2022-09-05"},{"lineNumber":76,"author":{"gitId":"Markusteim"},"content":"                    System.out.println(\"Nice! I\u0027ve marked this task as done:\");","lastModifiedDate":"2022-08-26"},{"lineNumber":77,"author":{"gitId":"Markusteim"},"content":"                    System.out.println(todoList.get(markedValue).getStatusIcon() + todoList.get(markedValue).getDescription());","lastModifiedDate":"2022-09-13"},{"lineNumber":78,"author":{"gitId":"Markusteim"},"content":"                    System.out.println(LINES);","lastModifiedDate":"2022-09-05"},{"lineNumber":79,"author":{"gitId":"Markusteim"},"content":"                    break;","lastModifiedDate":"2022-08-26"},{"lineNumber":80,"author":{"gitId":"Markusteim"},"content":"","lastModifiedDate":"2022-08-26"},{"lineNumber":81,"author":{"gitId":"Markusteim"},"content":"                case UNMARK:","lastModifiedDate":"2022-08-26"},{"lineNumber":82,"author":{"gitId":"Markusteim"},"content":"                    todoList.get(markedValue).unMark();","lastModifiedDate":"2022-09-13"},{"lineNumber":83,"author":{"gitId":"Markusteim"},"content":"                    System.out.println(LINES);","lastModifiedDate":"2022-09-05"},{"lineNumber":84,"author":{"gitId":"Markusteim"},"content":"                    System.out.println(\"OK, I\u0027ve marked this task as not done yet:\");","lastModifiedDate":"2022-08-26"},{"lineNumber":85,"author":{"gitId":"Markusteim"},"content":"                    System.out.println(todoList.get(markedValue).getStatusIcon() + todoList.get(markedValue).getDescription());","lastModifiedDate":"2022-09-13"},{"lineNumber":86,"author":{"gitId":"Markusteim"},"content":"                    System.out.println(LINES);","lastModifiedDate":"2022-09-05"},{"lineNumber":87,"author":{"gitId":"Markusteim"},"content":"","lastModifiedDate":"2022-08-30"},{"lineNumber":88,"author":{"gitId":"Markusteim"},"content":"                case TODO:","lastModifiedDate":"2022-08-30"},{"lineNumber":89,"author":{"gitId":"Markusteim"},"content":"                    try {","lastModifiedDate":"2022-09-05"},{"lineNumber":90,"author":{"gitId":"Markusteim"},"content":"                        Task newTask \u003d new Todo(userInputNewValue);","lastModifiedDate":"2022-08-30"},{"lineNumber":91,"author":{"gitId":"Markusteim"},"content":"","lastModifiedDate":"2022-09-05"},{"lineNumber":92,"author":{"gitId":"Markusteim"},"content":"                        todoList.add(newTask);","lastModifiedDate":"2022-09-13"},{"lineNumber":93,"author":{"gitId":"Markusteim"},"content":"                        System.out.println(LINES);","lastModifiedDate":"2022-09-05"},{"lineNumber":94,"author":{"gitId":"Markusteim"},"content":"                        System.out.println(\"Got it. I\u0027ve added this task: \");","lastModifiedDate":"2022-08-30"},{"lineNumber":95,"author":{"gitId":"Markusteim"},"content":"                        System.out.println(todoList.get(todoList.size() - 1).toString());","lastModifiedDate":"2022-09-13"},{"lineNumber":96,"author":{"gitId":"Markusteim"},"content":"","lastModifiedDate":"2022-08-30"},{"lineNumber":97,"author":{"gitId":"Markusteim"},"content":"                        taskString \u003d todoList.size() \u003d\u003d 1 ? \" task \" : \" tasks \";","lastModifiedDate":"2022-09-13"},{"lineNumber":98,"author":{"gitId":"Markusteim"},"content":"","lastModifiedDate":"2022-08-30"},{"lineNumber":99,"author":{"gitId":"Markusteim"},"content":"                        System.out.println(\"Now you have \" + todoList.size() + taskString + \"in the list.\");","lastModifiedDate":"2022-09-13"},{"lineNumber":100,"author":{"gitId":"Markusteim"},"content":"                        System.out.println(LINES);","lastModifiedDate":"2022-09-05"},{"lineNumber":101,"author":{"gitId":"Markusteim"},"content":"                    }","lastModifiedDate":"2022-09-05"},{"lineNumber":102,"author":{"gitId":"Markusteim"},"content":"                    catch (DukeExceptions e){","lastModifiedDate":"2022-09-05"},{"lineNumber":103,"author":{"gitId":"Markusteim"},"content":"                        System.out.println(LINES);","lastModifiedDate":"2022-09-05"},{"lineNumber":104,"author":{"gitId":"Markusteim"},"content":"                        System.out.println(\"TODO needs description\");","lastModifiedDate":"2022-09-05"},{"lineNumber":105,"author":{"gitId":"Markusteim"},"content":"                        System.out.println(LINES);","lastModifiedDate":"2022-09-05"},{"lineNumber":106,"author":{"gitId":"Markusteim"},"content":"                    }","lastModifiedDate":"2022-09-05"},{"lineNumber":107,"author":{"gitId":"Markusteim"},"content":"","lastModifiedDate":"2022-09-05"},{"lineNumber":108,"author":{"gitId":"Markusteim"},"content":"                    break;","lastModifiedDate":"2022-08-30"},{"lineNumber":109,"author":{"gitId":"Markusteim"},"content":"                case DEADLINE:","lastModifiedDate":"2022-08-30"},{"lineNumber":110,"author":{"gitId":"Markusteim"},"content":"","lastModifiedDate":"2022-09-13"},{"lineNumber":111,"author":{"gitId":"Markusteim"},"content":"                    Task newDeadline \u003d new Deadline(userInputNewValue);","lastModifiedDate":"2022-09-13"},{"lineNumber":112,"author":{"gitId":"Markusteim"},"content":"                    todoList.add(newDeadline);","lastModifiedDate":"2022-09-13"},{"lineNumber":113,"author":{"gitId":"Markusteim"},"content":"","lastModifiedDate":"2022-09-13"},{"lineNumber":114,"author":{"gitId":"Markusteim"},"content":"                    System.out.println(LINES);","lastModifiedDate":"2022-09-05"},{"lineNumber":115,"author":{"gitId":"Markusteim"},"content":"                    System.out.println(\"Got it. I\u0027ve added this task: \");","lastModifiedDate":"2022-08-30"},{"lineNumber":116,"author":{"gitId":"Markusteim"},"content":"                    System.out.println(todoList.get(todoList.size() - 1).toString());","lastModifiedDate":"2022-09-13"},{"lineNumber":117,"author":{"gitId":"Markusteim"},"content":"","lastModifiedDate":"2022-08-24"},{"lineNumber":118,"author":{"gitId":"Markusteim"},"content":"                    taskString \u003d todoList.size() \u003d\u003d 1 ? \" task \" : \" tasks \";","lastModifiedDate":"2022-09-13"},{"lineNumber":119,"author":{"gitId":"Markusteim"},"content":"","lastModifiedDate":"2022-08-26"},{"lineNumber":120,"author":{"gitId":"Markusteim"},"content":"                    System.out.println(\"Now you have \" + todoList.size() + taskString + \"in the list.\");","lastModifiedDate":"2022-09-13"},{"lineNumber":121,"author":{"gitId":"Markusteim"},"content":"                    System.out.println(LINES);","lastModifiedDate":"2022-09-05"},{"lineNumber":122,"author":{"gitId":"Markusteim"},"content":"","lastModifiedDate":"2022-08-26"},{"lineNumber":123,"author":{"gitId":"Markusteim"},"content":"                    break;","lastModifiedDate":"2022-08-30"},{"lineNumber":124,"author":{"gitId":"Markusteim"},"content":"                case EVENT:","lastModifiedDate":"2022-09-13"},{"lineNumber":125,"author":{"gitId":"Markusteim"},"content":"","lastModifiedDate":"2022-09-13"},{"lineNumber":126,"author":{"gitId":"Markusteim"},"content":"                    Task newEvent \u003d new Event(userInputNewValue);","lastModifiedDate":"2022-09-13"},{"lineNumber":127,"author":{"gitId":"Markusteim"},"content":"                    todoList.add(newEvent);","lastModifiedDate":"2022-09-13"},{"lineNumber":128,"author":{"gitId":"Markusteim"},"content":"","lastModifiedDate":"2022-09-13"},{"lineNumber":129,"author":{"gitId":"Markusteim"},"content":"                    System.out.println(LINES);","lastModifiedDate":"2022-09-05"},{"lineNumber":130,"author":{"gitId":"Markusteim"},"content":"                    System.out.println(\"Got it. I\u0027ve added this task: \");","lastModifiedDate":"2022-08-30"},{"lineNumber":131,"author":{"gitId":"Markusteim"},"content":"                    System.out.println(todoList.get(todoList.size() - 1).toString());","lastModifiedDate":"2022-09-13"},{"lineNumber":132,"author":{"gitId":"Markusteim"},"content":"","lastModifiedDate":"2022-08-26"},{"lineNumber":133,"author":{"gitId":"Markusteim"},"content":"                    taskString \u003d todoList.size() \u003d\u003d 1 ? \" task \" : \" tasks \";","lastModifiedDate":"2022-09-13"},{"lineNumber":134,"author":{"gitId":"Markusteim"},"content":"","lastModifiedDate":"2022-08-26"},{"lineNumber":135,"author":{"gitId":"Markusteim"},"content":"                    System.out.println(\"Now you have \" + todoList.size() + taskString + \"in the list.\");","lastModifiedDate":"2022-09-13"},{"lineNumber":136,"author":{"gitId":"Markusteim"},"content":"                    System.out.println(LINES);","lastModifiedDate":"2022-09-05"},{"lineNumber":137,"author":{"gitId":"Markusteim"},"content":"                    break;","lastModifiedDate":"2022-08-30"},{"lineNumber":138,"author":{"gitId":"Markusteim"},"content":"                case DELETE:","lastModifiedDate":"2022-09-13"},{"lineNumber":139,"author":{"gitId":"Markusteim"},"content":"                    System.out.println(LINES);","lastModifiedDate":"2022-09-13"},{"lineNumber":140,"author":{"gitId":"Markusteim"},"content":"                    System.out.println(\"Noted. I\u0027ve removed this task: \");","lastModifiedDate":"2022-09-13"},{"lineNumber":141,"author":{"gitId":"Markusteim"},"content":"                    System.out.println(todoList.get(markedValue).toString());","lastModifiedDate":"2022-09-13"},{"lineNumber":142,"author":{"gitId":"Markusteim"},"content":"","lastModifiedDate":"2022-09-13"},{"lineNumber":143,"author":{"gitId":"Markusteim"},"content":"                    taskString \u003d todoList.size() \u003d\u003d 2 ? \" task \" : \" tasks \";","lastModifiedDate":"2022-09-13"},{"lineNumber":144,"author":{"gitId":"Markusteim"},"content":"","lastModifiedDate":"2022-09-13"},{"lineNumber":145,"author":{"gitId":"Markusteim"},"content":"                    System.out.println(\"Now you have \" + (todoList.size() - 1) + taskString + \"in the list.\");","lastModifiedDate":"2022-09-13"},{"lineNumber":146,"author":{"gitId":"Markusteim"},"content":"                    System.out.println(LINES);","lastModifiedDate":"2022-09-13"},{"lineNumber":147,"author":{"gitId":"Markusteim"},"content":"                    todoList.remove(markedValue);","lastModifiedDate":"2022-09-13"},{"lineNumber":148,"author":{"gitId":"Markusteim"},"content":"                }","lastModifiedDate":"2022-08-26"},{"lineNumber":149,"author":{"gitId":"Markusteim"},"content":"","lastModifiedDate":"2022-09-05"},{"lineNumber":150,"author":{"gitId":"Markusteim"},"content":"            } catch (Exception e) {","lastModifiedDate":"2022-08-30"},{"lineNumber":151,"author":{"gitId":"Markusteim"},"content":"                System.out.println(LINES);","lastModifiedDate":"2022-09-05"},{"lineNumber":152,"author":{"gitId":"Markusteim"},"content":"                System.out.println(\"\\t Not sure what you meant, try again\");","lastModifiedDate":"2022-08-30"},{"lineNumber":153,"author":{"gitId":"Markusteim"},"content":"                System.out.println(LINES);","lastModifiedDate":"2022-09-05"},{"lineNumber":154,"author":{"gitId":"Markusteim"},"content":"            }","lastModifiedDate":"2022-08-26"},{"lineNumber":155,"author":{"gitId":"Markusteim"},"content":"        }","lastModifiedDate":"2022-08-26"},{"lineNumber":156,"author":{"gitId":"Markusteim"},"content":"        System.out.println(LINES);","lastModifiedDate":"2022-09-05"},{"lineNumber":157,"author":{"gitId":"Markusteim"},"content":"        System.out.println(\"\\tBye. Hope to see you soon!\");","lastModifiedDate":"2022-08-30"},{"lineNumber":158,"author":{"gitId":"Markusteim"},"content":"        System.out.println(LINES);","lastModifiedDate":"2022-09-05"},{"lineNumber":159,"author":{"gitId":"Markusteim"},"content":"","lastModifiedDate":"2022-09-13"},{"lineNumber":160,"author":{"gitId":"Markusteim"},"content":"        WriteToFile.appendToFile(path, todoList);","lastModifiedDate":"2022-09-13"},{"lineNumber":161,"author":{"gitId":"-"},"content":"    }","lastModifiedDate":"2019-07-29"},{"lineNumber":162,"author":{"gitId":"-"},"content":"}","lastModifiedDate":"2019-07-29"},{"lineNumber":163,"author":{"gitId":"Markusteim"},"content":"","lastModifiedDate":"2022-08-30"}],"authorContributionMap":{"Markusteim":160,"-":3}},{"path":"src/main/java/DukeExceptions.java","fileType":"java","lines":[{"lineNumber":1,"author":{"gitId":"Markusteim"},"content":"public class DukeExceptions extends Throwable {","lastModifiedDate":"2022-09-05"},{"lineNumber":2,"author":{"gitId":"Markusteim"},"content":"","lastModifiedDate":"2022-09-05"},{"lineNumber":3,"author":{"gitId":"Markusteim"},"content":"}","lastModifiedDate":"2022-09-05"}],"authorContributionMap":{"Markusteim":3}},{"path":"src/main/java/Event.java","fileType":"java","lines":[{"lineNumber":1,"author":{"gitId":"Markusteim"},"content":"public class Event extends Task{","lastModifiedDate":"2022-08-30"},{"lineNumber":2,"author":{"gitId":"Markusteim"},"content":"    protected String date;","lastModifiedDate":"2022-09-13"},{"lineNumber":3,"author":{"gitId":"Markusteim"},"content":"    public Event(String description) {","lastModifiedDate":"2022-08-30"},{"lineNumber":4,"author":{"gitId":"Markusteim"},"content":"        super(description);","lastModifiedDate":"2022-08-30"},{"lineNumber":5,"author":{"gitId":"Markusteim"},"content":"        setDate(description);","lastModifiedDate":"2022-09-13"},{"lineNumber":6,"author":{"gitId":"Markusteim"},"content":"    }","lastModifiedDate":"2022-08-30"},{"lineNumber":7,"author":{"gitId":"Markusteim"},"content":"","lastModifiedDate":"2022-08-30"},{"lineNumber":8,"author":{"gitId":"Markusteim"},"content":"    public String getCommandIcon(){return \"[E]\";}","lastModifiedDate":"2022-08-30"},{"lineNumber":9,"author":{"gitId":"Markusteim"},"content":"","lastModifiedDate":"2022-08-30"},{"lineNumber":10,"author":{"gitId":"Markusteim"},"content":"    public void setDate(String description){","lastModifiedDate":"2022-09-13"},{"lineNumber":11,"author":{"gitId":"Markusteim"},"content":"        int dateIndex \u003d description.indexOf(\"/\") + 3;","lastModifiedDate":"2022-09-13"},{"lineNumber":12,"author":{"gitId":"Markusteim"},"content":"        this.date \u003d description.substring(dateIndex);","lastModifiedDate":"2022-09-13"},{"lineNumber":13,"author":{"gitId":"Markusteim"},"content":"","lastModifiedDate":"2022-09-13"},{"lineNumber":14,"author":{"gitId":"Markusteim"},"content":"    }","lastModifiedDate":"2022-09-13"},{"lineNumber":15,"author":{"gitId":"Markusteim"},"content":"    public String getDate(){return date;}","lastModifiedDate":"2022-09-13"},{"lineNumber":16,"author":{"gitId":"Markusteim"},"content":"","lastModifiedDate":"2022-09-13"},{"lineNumber":17,"author":{"gitId":"Markusteim"},"content":"    private String getDescriptionNoDate(){","lastModifiedDate":"2022-09-13"},{"lineNumber":18,"author":{"gitId":"Markusteim"},"content":"        int dateIndex \u003d description.indexOf(\"/\");","lastModifiedDate":"2022-09-13"},{"lineNumber":19,"author":{"gitId":"Markusteim"},"content":"        return (description.substring(0, dateIndex - 1));","lastModifiedDate":"2022-09-13"},{"lineNumber":20,"author":{"gitId":"Markusteim"},"content":"    }","lastModifiedDate":"2022-09-13"},{"lineNumber":21,"author":{"gitId":"Markusteim"},"content":"    @Override","lastModifiedDate":"2022-08-30"},{"lineNumber":22,"author":{"gitId":"Markusteim"},"content":"    public String toString() {","lastModifiedDate":"2022-08-30"},{"lineNumber":23,"author":{"gitId":"Markusteim"},"content":"        return getCommandIcon() + getStatusIcon() + \" \" + getDescriptionNoDate().trim() + \" (at: \" + getDate().trim() + \")\";","lastModifiedDate":"2022-09-13"},{"lineNumber":24,"author":{"gitId":"Markusteim"},"content":"    }","lastModifiedDate":"2022-09-13"},{"lineNumber":25,"author":{"gitId":"Markusteim"},"content":"    public String fileString(){","lastModifiedDate":"2022-09-13"},{"lineNumber":26,"author":{"gitId":"Markusteim"},"content":"        return ( \"E,\" + getDone() + \",\" + getDescriptionNoDate().trim() + \",\" + getDate());","lastModifiedDate":"2022-09-13"},{"lineNumber":27,"author":{"gitId":"Markusteim"},"content":"    }","lastModifiedDate":"2022-08-30"},{"lineNumber":28,"author":{"gitId":"Markusteim"},"content":"}","lastModifiedDate":"2022-08-30"}],"authorContributionMap":{"Markusteim":28}},{"path":"src/main/java/FileTaskType.java","fileType":"java","lines":[{"lineNumber":1,"author":{"gitId":"Markusteim"},"content":"enum FileTaskType {","lastModifiedDate":"2022-09-13"},{"lineNumber":2,"author":{"gitId":"Markusteim"},"content":"    T,","lastModifiedDate":"2022-09-13"},{"lineNumber":3,"author":{"gitId":"Markusteim"},"content":"    D,","lastModifiedDate":"2022-09-13"},{"lineNumber":4,"author":{"gitId":"Markusteim"},"content":"    E","lastModifiedDate":"2022-09-13"},{"lineNumber":5,"author":{"gitId":"Markusteim"},"content":"}","lastModifiedDate":"2022-09-13"}],"authorContributionMap":{"Markusteim":5}},{"path":"src/main/java/ReadFromFile.java","fileType":"java","lines":[{"lineNumber":1,"author":{"gitId":"Markusteim"},"content":"import java.io.File;","lastModifiedDate":"2022-09-13"},{"lineNumber":2,"author":{"gitId":"Markusteim"},"content":"import java.io.IOException;","lastModifiedDate":"2022-09-13"},{"lineNumber":3,"author":{"gitId":"Markusteim"},"content":"import java.nio.file.Files;","lastModifiedDate":"2022-09-13"},{"lineNumber":4,"author":{"gitId":"Markusteim"},"content":"import java.nio.file.Path;","lastModifiedDate":"2022-09-13"},{"lineNumber":5,"author":{"gitId":"Markusteim"},"content":"import java.nio.file.Paths;","lastModifiedDate":"2022-09-13"},{"lineNumber":6,"author":{"gitId":"Markusteim"},"content":"import java.util.ArrayList;","lastModifiedDate":"2022-09-13"},{"lineNumber":7,"author":{"gitId":"Markusteim"},"content":"import java.util.Scanner;","lastModifiedDate":"2022-09-13"},{"lineNumber":8,"author":{"gitId":"Markusteim"},"content":"","lastModifiedDate":"2022-09-13"},{"lineNumber":9,"author":{"gitId":"Markusteim"},"content":"public class ReadFromFile {","lastModifiedDate":"2022-09-13"},{"lineNumber":10,"author":{"gitId":"Markusteim"},"content":"    public static ArrayList\u003cTask\u003e addFileContents(Path filePath) throws IOException, DukeExceptions {","lastModifiedDate":"2022-09-13"},{"lineNumber":11,"author":{"gitId":"Markusteim"},"content":"        File f \u003d new File(filePath + \"/duke.txt\"); // create a File for the given file path","lastModifiedDate":"2022-09-13"},{"lineNumber":12,"author":{"gitId":"Markusteim"},"content":"        Scanner s \u003d new Scanner(f); // create a Scanner using the File as the source","lastModifiedDate":"2022-09-13"},{"lineNumber":13,"author":{"gitId":"Markusteim"},"content":"        ArrayList\u003cTask\u003e todoList \u003d new ArrayList\u003c\u003e();","lastModifiedDate":"2022-09-13"},{"lineNumber":14,"author":{"gitId":"Markusteim"},"content":"","lastModifiedDate":"2022-09-13"},{"lineNumber":15,"author":{"gitId":"Markusteim"},"content":"","lastModifiedDate":"2022-09-13"},{"lineNumber":16,"author":{"gitId":"Markusteim"},"content":"        while (s.hasNext()) {","lastModifiedDate":"2022-09-13"},{"lineNumber":17,"author":{"gitId":"Markusteim"},"content":"            String line \u003d s.nextLine();","lastModifiedDate":"2022-09-13"},{"lineNumber":18,"author":{"gitId":"Markusteim"},"content":"            String[] taskParts \u003d line.split(\",\");","lastModifiedDate":"2022-09-13"},{"lineNumber":19,"author":{"gitId":"Markusteim"},"content":"            String taskType \u003d taskParts[0];","lastModifiedDate":"2022-09-13"},{"lineNumber":20,"author":{"gitId":"Markusteim"},"content":"            String description \u003d taskParts[2] + \" \";","lastModifiedDate":"2022-09-13"},{"lineNumber":21,"author":{"gitId":"Markusteim"},"content":"            FileTaskType type \u003d FileTaskType.valueOf(taskType.toUpperCase());","lastModifiedDate":"2022-09-13"},{"lineNumber":22,"author":{"gitId":"Markusteim"},"content":"","lastModifiedDate":"2022-09-13"},{"lineNumber":23,"author":{"gitId":"Markusteim"},"content":"            switch (type) {","lastModifiedDate":"2022-09-13"},{"lineNumber":24,"author":{"gitId":"Markusteim"},"content":"            case T:","lastModifiedDate":"2022-09-13"},{"lineNumber":25,"author":{"gitId":"Markusteim"},"content":"                Task newTask \u003d new Todo(\" \" + description);","lastModifiedDate":"2022-09-13"},{"lineNumber":26,"author":{"gitId":"Markusteim"},"content":"                if (taskParts[1].equals(\"1\"))","lastModifiedDate":"2022-09-13"},{"lineNumber":27,"author":{"gitId":"Markusteim"},"content":"                    newTask.markAsDone();","lastModifiedDate":"2022-09-13"},{"lineNumber":28,"author":{"gitId":"Markusteim"},"content":"","lastModifiedDate":"2022-09-13"},{"lineNumber":29,"author":{"gitId":"Markusteim"},"content":"                todoList.add(newTask);","lastModifiedDate":"2022-09-13"},{"lineNumber":30,"author":{"gitId":"Markusteim"},"content":"                break;","lastModifiedDate":"2022-09-13"},{"lineNumber":31,"author":{"gitId":"Markusteim"},"content":"            case D:","lastModifiedDate":"2022-09-13"},{"lineNumber":32,"author":{"gitId":"Markusteim"},"content":"                String deadLineDesc \u003d description + \"/by\" + taskParts[3];","lastModifiedDate":"2022-09-13"},{"lineNumber":33,"author":{"gitId":"Markusteim"},"content":"                Task newDeadlineTask \u003d new Deadline(deadLineDesc);","lastModifiedDate":"2022-09-13"},{"lineNumber":34,"author":{"gitId":"Markusteim"},"content":"","lastModifiedDate":"2022-09-13"},{"lineNumber":35,"author":{"gitId":"Markusteim"},"content":"                if (taskParts[1].equals(\"1\"))","lastModifiedDate":"2022-09-13"},{"lineNumber":36,"author":{"gitId":"Markusteim"},"content":"                    newDeadlineTask.markAsDone();","lastModifiedDate":"2022-09-13"},{"lineNumber":37,"author":{"gitId":"Markusteim"},"content":"","lastModifiedDate":"2022-09-13"},{"lineNumber":38,"author":{"gitId":"Markusteim"},"content":"                todoList.add(newDeadlineTask);","lastModifiedDate":"2022-09-13"},{"lineNumber":39,"author":{"gitId":"Markusteim"},"content":"                break;","lastModifiedDate":"2022-09-13"},{"lineNumber":40,"author":{"gitId":"Markusteim"},"content":"            case E:","lastModifiedDate":"2022-09-13"},{"lineNumber":41,"author":{"gitId":"Markusteim"},"content":"                String eventLineDesc \u003d description + \"/at\" + taskParts[3];","lastModifiedDate":"2022-09-13"},{"lineNumber":42,"author":{"gitId":"Markusteim"},"content":"                Task newEventTask \u003d new Event(eventLineDesc);","lastModifiedDate":"2022-09-13"},{"lineNumber":43,"author":{"gitId":"Markusteim"},"content":"","lastModifiedDate":"2022-09-13"},{"lineNumber":44,"author":{"gitId":"Markusteim"},"content":"                if (taskParts[1].equals(\"1\"))","lastModifiedDate":"2022-09-13"},{"lineNumber":45,"author":{"gitId":"Markusteim"},"content":"                    newEventTask.markAsDone();","lastModifiedDate":"2022-09-13"},{"lineNumber":46,"author":{"gitId":"Markusteim"},"content":"","lastModifiedDate":"2022-09-13"},{"lineNumber":47,"author":{"gitId":"Markusteim"},"content":"                todoList.add(newEventTask);","lastModifiedDate":"2022-09-13"},{"lineNumber":48,"author":{"gitId":"Markusteim"},"content":"                break;","lastModifiedDate":"2022-09-13"},{"lineNumber":49,"author":{"gitId":"Markusteim"},"content":"            }","lastModifiedDate":"2022-09-13"},{"lineNumber":50,"author":{"gitId":"Markusteim"},"content":"        }","lastModifiedDate":"2022-09-13"},{"lineNumber":51,"author":{"gitId":"Markusteim"},"content":"        Files.delete(Paths.get(f.toURI()));","lastModifiedDate":"2022-09-13"},{"lineNumber":52,"author":{"gitId":"Markusteim"},"content":"        return todoList;","lastModifiedDate":"2022-09-13"},{"lineNumber":53,"author":{"gitId":"Markusteim"},"content":"    }","lastModifiedDate":"2022-09-13"},{"lineNumber":54,"author":{"gitId":"Markusteim"},"content":"}","lastModifiedDate":"2022-09-13"}],"authorContributionMap":{"Markusteim":54}},{"path":"src/main/java/Task.java","fileType":"java","lines":[{"lineNumber":1,"author":{"gitId":"Markusteim"},"content":"public class Task {","lastModifiedDate":"2022-08-30"},{"lineNumber":2,"author":{"gitId":"Markusteim"},"content":"    protected String description;","lastModifiedDate":"2022-08-30"},{"lineNumber":3,"author":{"gitId":"Markusteim"},"content":"    protected boolean isDone;","lastModifiedDate":"2022-08-30"},{"lineNumber":4,"author":{"gitId":"Markusteim"},"content":"","lastModifiedDate":"2022-08-30"},{"lineNumber":5,"author":{"gitId":"Markusteim"},"content":"    public Task(String description){","lastModifiedDate":"2022-08-30"},{"lineNumber":6,"author":{"gitId":"Markusteim"},"content":"        this.description \u003d description;","lastModifiedDate":"2022-08-30"},{"lineNumber":7,"author":{"gitId":"Markusteim"},"content":"        this.isDone \u003d false;","lastModifiedDate":"2022-08-30"},{"lineNumber":8,"author":{"gitId":"Markusteim"},"content":"    }","lastModifiedDate":"2022-08-30"},{"lineNumber":9,"author":{"gitId":"Markusteim"},"content":"    public void markAsDone(){","lastModifiedDate":"2022-08-30"},{"lineNumber":10,"author":{"gitId":"Markusteim"},"content":"        this.isDone \u003d true;","lastModifiedDate":"2022-08-30"},{"lineNumber":11,"author":{"gitId":"Markusteim"},"content":"    }","lastModifiedDate":"2022-08-30"},{"lineNumber":12,"author":{"gitId":"Markusteim"},"content":"","lastModifiedDate":"2022-08-30"},{"lineNumber":13,"author":{"gitId":"Markusteim"},"content":"    public void unMark(){","lastModifiedDate":"2022-08-30"},{"lineNumber":14,"author":{"gitId":"Markusteim"},"content":"        this.isDone \u003d false;","lastModifiedDate":"2022-08-30"},{"lineNumber":15,"author":{"gitId":"Markusteim"},"content":"    }","lastModifiedDate":"2022-08-30"},{"lineNumber":16,"author":{"gitId":"Markusteim"},"content":"","lastModifiedDate":"2022-08-30"},{"lineNumber":17,"author":{"gitId":"Markusteim"},"content":"    public String getStatusIcon() {","lastModifiedDate":"2022-08-30"},{"lineNumber":18,"author":{"gitId":"Markusteim"},"content":"        return (isDone ? \"[X]\" : \"[]\"); // mark done task with X","lastModifiedDate":"2022-08-30"},{"lineNumber":19,"author":{"gitId":"Markusteim"},"content":"    }","lastModifiedDate":"2022-08-30"},{"lineNumber":20,"author":{"gitId":"Markusteim"},"content":"    public String getCommandIcon(){return \"\";}","lastModifiedDate":"2022-08-30"},{"lineNumber":21,"author":{"gitId":"Markusteim"},"content":"","lastModifiedDate":"2022-08-30"},{"lineNumber":22,"author":{"gitId":"Markusteim"},"content":"    public String getDescription() {","lastModifiedDate":"2022-08-30"},{"lineNumber":23,"author":{"gitId":"Markusteim"},"content":"        return description;","lastModifiedDate":"2022-08-30"},{"lineNumber":24,"author":{"gitId":"Markusteim"},"content":"    }","lastModifiedDate":"2022-08-30"},{"lineNumber":25,"author":{"gitId":"Markusteim"},"content":"    public int getDone(){","lastModifiedDate":"2022-09-13"},{"lineNumber":26,"author":{"gitId":"Markusteim"},"content":"        return isDone ? 1 : 0;","lastModifiedDate":"2022-09-13"},{"lineNumber":27,"author":{"gitId":"Markusteim"},"content":"    }","lastModifiedDate":"2022-09-13"},{"lineNumber":28,"author":{"gitId":"Markusteim"},"content":"    public String fileString(){","lastModifiedDate":"2022-09-13"},{"lineNumber":29,"author":{"gitId":"Markusteim"},"content":"        return (\"\");","lastModifiedDate":"2022-09-13"},{"lineNumber":30,"author":{"gitId":"Markusteim"},"content":"    }","lastModifiedDate":"2022-09-13"},{"lineNumber":31,"author":{"gitId":"Markusteim"},"content":"}","lastModifiedDate":"2022-08-30"}],"authorContributionMap":{"Markusteim":31}},{"path":"src/main/java/Todo.java","fileType":"java","lines":[{"lineNumber":1,"author":{"gitId":"Markusteim"},"content":"public class Todo extends Task{","lastModifiedDate":"2022-08-30"},{"lineNumber":2,"author":{"gitId":"Markusteim"},"content":"    public Todo(String description) throws DukeExceptions {","lastModifiedDate":"2022-09-05"},{"lineNumber":3,"author":{"gitId":"Markusteim"},"content":"        super(description);","lastModifiedDate":"2022-08-30"},{"lineNumber":4,"author":{"gitId":"Markusteim"},"content":"        if (description.equals(\" \")){","lastModifiedDate":"2022-09-05"},{"lineNumber":5,"author":{"gitId":"Markusteim"},"content":"            throw new DukeExceptions();","lastModifiedDate":"2022-09-05"},{"lineNumber":6,"author":{"gitId":"Markusteim"},"content":"        }","lastModifiedDate":"2022-09-05"},{"lineNumber":7,"author":{"gitId":"Markusteim"},"content":"    }","lastModifiedDate":"2022-08-30"},{"lineNumber":8,"author":{"gitId":"Markusteim"},"content":"    public String getCommandIcon(){return \"[T]\";}","lastModifiedDate":"2022-08-30"},{"lineNumber":9,"author":{"gitId":"Markusteim"},"content":"    @Override","lastModifiedDate":"2022-08-30"},{"lineNumber":10,"author":{"gitId":"Markusteim"},"content":"    public String toString() {","lastModifiedDate":"2022-08-30"},{"lineNumber":11,"author":{"gitId":"Markusteim"},"content":"        return getCommandIcon() + getStatusIcon() + getDescription();","lastModifiedDate":"2022-08-30"},{"lineNumber":12,"author":{"gitId":"Markusteim"},"content":"    }","lastModifiedDate":"2022-08-30"},{"lineNumber":13,"author":{"gitId":"Markusteim"},"content":"","lastModifiedDate":"2022-09-13"},{"lineNumber":14,"author":{"gitId":"Markusteim"},"content":"    public String fileString(){","lastModifiedDate":"2022-09-13"},{"lineNumber":15,"author":{"gitId":"Markusteim"},"content":"        return ( \"T,\" + getDone() + \",\"+ description.trim());","lastModifiedDate":"2022-09-13"},{"lineNumber":16,"author":{"gitId":"Markusteim"},"content":"    }","lastModifiedDate":"2022-09-13"},{"lineNumber":17,"author":{"gitId":"Markusteim"},"content":"}","lastModifiedDate":"2022-08-30"}],"authorContributionMap":{"Markusteim":17}},{"path":"src/main/java/WriteToFile.java","fileType":"java","lines":[{"lineNumber":1,"author":{"gitId":"Markusteim"},"content":"import java.io.File;","lastModifiedDate":"2022-09-13"},{"lineNumber":2,"author":{"gitId":"Markusteim"},"content":"import java.io.FileWriter;","lastModifiedDate":"2022-09-13"},{"lineNumber":3,"author":{"gitId":"Markusteim"},"content":"import java.io.IOException;","lastModifiedDate":"2022-09-13"},{"lineNumber":4,"author":{"gitId":"Markusteim"},"content":"import java.nio.file.Path;","lastModifiedDate":"2022-09-13"},{"lineNumber":5,"author":{"gitId":"Markusteim"},"content":"import java.util.ArrayList;","lastModifiedDate":"2022-09-13"},{"lineNumber":6,"author":{"gitId":"Markusteim"},"content":"","lastModifiedDate":"2022-09-13"},{"lineNumber":7,"author":{"gitId":"Markusteim"},"content":"public class WriteToFile {","lastModifiedDate":"2022-09-13"},{"lineNumber":8,"author":{"gitId":"Markusteim"},"content":"","lastModifiedDate":"2022-09-13"},{"lineNumber":9,"author":{"gitId":"Markusteim"},"content":"    protected static void appendToFile(Path filePath, ArrayList\u003cTask\u003e list) throws IOException {","lastModifiedDate":"2022-09-13"},{"lineNumber":10,"author":{"gitId":"Markusteim"},"content":"        File f \u003d new File(filePath + \"/duke.txt\");","lastModifiedDate":"2022-09-13"},{"lineNumber":11,"author":{"gitId":"Markusteim"},"content":"        FileWriter fw \u003d new FileWriter(f, true); // create a FileWriter in append mode","lastModifiedDate":"2022-09-13"},{"lineNumber":12,"author":{"gitId":"Markusteim"},"content":"","lastModifiedDate":"2022-09-13"},{"lineNumber":13,"author":{"gitId":"Markusteim"},"content":"        for (Task task : list) {","lastModifiedDate":"2022-09-13"},{"lineNumber":14,"author":{"gitId":"Markusteim"},"content":"            if (task !\u003d null) {","lastModifiedDate":"2022-09-13"},{"lineNumber":15,"author":{"gitId":"Markusteim"},"content":"                fw.write(task.fileString() + String.format(\"%n\"));","lastModifiedDate":"2022-09-13"},{"lineNumber":16,"author":{"gitId":"Markusteim"},"content":"            } else {","lastModifiedDate":"2022-09-13"},{"lineNumber":17,"author":{"gitId":"Markusteim"},"content":"                break;","lastModifiedDate":"2022-09-13"},{"lineNumber":18,"author":{"gitId":"Markusteim"},"content":"            }","lastModifiedDate":"2022-09-13"},{"lineNumber":19,"author":{"gitId":"Markusteim"},"content":"        }","lastModifiedDate":"2022-09-13"},{"lineNumber":20,"author":{"gitId":"Markusteim"},"content":"        fw.close();","lastModifiedDate":"2022-09-13"},{"lineNumber":21,"author":{"gitId":"Markusteim"},"content":"    }","lastModifiedDate":"2022-09-13"},{"lineNumber":22,"author":{"gitId":"Markusteim"},"content":"","lastModifiedDate":"2022-09-13"},{"lineNumber":23,"author":{"gitId":"Markusteim"},"content":"    protected static void createFile(Path filePath) throws IOException {","lastModifiedDate":"2022-09-13"},{"lineNumber":24,"author":{"gitId":"Markusteim"},"content":"        File f \u003d new File(filePath + \"/duke.txt\");","lastModifiedDate":"2022-09-13"},{"lineNumber":25,"author":{"gitId":"Markusteim"},"content":"        FileWriter fw \u003d new FileWriter(f);","lastModifiedDate":"2022-09-13"},{"lineNumber":26,"author":{"gitId":"Markusteim"},"content":"        fw.close();","lastModifiedDate":"2022-09-13"},{"lineNumber":27,"author":{"gitId":"Markusteim"},"content":"    }","lastModifiedDate":"2022-09-13"},{"lineNumber":28,"author":{"gitId":"Markusteim"},"content":"}","lastModifiedDate":"2022-09-13"}],"authorContributionMap":{"Markusteim":28}},{"path":"text-ui-test/input.txt","fileType":"txt","lines":[{"lineNumber":1,"author":{"gitId":"Markusteim"},"content":"todo borrow book","lastModifiedDate":"2022-09-05"},{"lineNumber":2,"author":{"gitId":"Markusteim"},"content":"deadline return book /by Sunday","lastModifiedDate":"2022-09-05"},{"lineNumber":3,"author":{"gitId":"Markusteim"},"content":"event project meeting /at Mon 2-4pm","lastModifiedDate":"2022-09-05"},{"lineNumber":4,"author":{"gitId":"Markusteim"},"content":"list","lastModifiedDate":"2022-09-05"}],"authorContributionMap":{"Markusteim":4}}]
