{"authorDailyContributionsMap":{"Markusteim":[{"date":"2022-08-15","commitResults":[{"hash":"ffee13557b6e2ad699b49edfb14768e50e472583","messageTitle":"Level-0: Greet","messageBody":"","fileTypesAndContributionMap":{"java":{"insertions":5,"deletions":6}}}]},{"date":"2022-08-24","commitResults":[{"hash":"9d663e78328dd46395b061bcfa6d215bfcda7fed","messageTitle":"Level-1: Greet, Echo, Exit","messageBody":"","fileTypesAndContributionMap":{"java":{"insertions":12,"deletions":5}}},{"hash":"cc6c8e12d49e81053b547f43145b0afda27ecf26","messageTitle":"Level-2: Add, list","messageBody":"","fileTypesAndContributionMap":{"java":{"insertions":39,"deletions":5}}}]},{"date":"2022-08-26","commitResults":[{"hash":"f5730af856aad6a1c634a065818e693709ae1c20","messageTitle":"Level 3. Mark as Done","messageBody":"","fileTypesAndContributionMap":{"java":{"insertions":68,"deletions":9}}}]}]},"authorFileTypeContributionMap":{"Markusteim":{"java":105,"md":0,"fxml":0,"sh":0,"bat":0,"gradle":0,"txt":0}},"authorContributionVariance":{"Markusteim":552.7289},"authorDisplayNameMap":{"Markusteim":"TEIM..RKUS"}}
