[{"path":"src/main/java/Deadline.java","fileType":"java","lines":[{"lineNumber":1,"author":{"gitId":"paullowse"},"content":"public class Deadline extends Task{","lastModifiedDate":"2022-08-30"},{"lineNumber":2,"author":{"gitId":"paullowse"},"content":"    /**","lastModifiedDate":"2022-08-30"},{"lineNumber":3,"author":{"gitId":"paullowse"},"content":"     * Creates Task Object","lastModifiedDate":"2022-08-30"},{"lineNumber":4,"author":{"gitId":"paullowse"},"content":"     *","lastModifiedDate":"2022-08-30"},{"lineNumber":5,"author":{"gitId":"paullowse"},"content":"     * @param text","lastModifiedDate":"2022-08-30"},{"lineNumber":6,"author":{"gitId":"paullowse"},"content":"     */","lastModifiedDate":"2022-08-30"},{"lineNumber":7,"author":{"gitId":"paullowse"},"content":"    protected String by;","lastModifiedDate":"2022-08-30"},{"lineNumber":8,"author":{"gitId":"paullowse"},"content":"    //protected String symbol;","lastModifiedDate":"2022-08-30"},{"lineNumber":9,"author":{"gitId":"paullowse"},"content":"","lastModifiedDate":"2022-08-30"},{"lineNumber":10,"author":{"gitId":"paullowse"},"content":"    public Deadline(String description, String by) {","lastModifiedDate":"2022-08-30"},{"lineNumber":11,"author":{"gitId":"paullowse"},"content":"        super(description);","lastModifiedDate":"2022-08-30"},{"lineNumber":12,"author":{"gitId":"paullowse"},"content":"        this.by \u003d by;","lastModifiedDate":"2022-08-30"},{"lineNumber":13,"author":{"gitId":"paullowse"},"content":"        //symbol \u003d \"D\";","lastModifiedDate":"2022-08-30"},{"lineNumber":14,"author":{"gitId":"paullowse"},"content":"","lastModifiedDate":"2022-08-30"},{"lineNumber":15,"author":{"gitId":"paullowse"},"content":"        //String description \u003d text.substring();","lastModifiedDate":"2022-08-30"},{"lineNumber":16,"author":{"gitId":"paullowse"},"content":"        //String numericString \u003d line.substring(line.indexOf(\" \")+1);","lastModifiedDate":"2022-08-30"},{"lineNumber":17,"author":{"gitId":"paullowse"},"content":"","lastModifiedDate":"2022-08-30"},{"lineNumber":18,"author":{"gitId":"paullowse"},"content":"    }","lastModifiedDate":"2022-08-30"},{"lineNumber":19,"author":{"gitId":"paullowse"},"content":"","lastModifiedDate":"2022-08-30"},{"lineNumber":20,"author":{"gitId":"paullowse"},"content":"","lastModifiedDate":"2022-08-30"},{"lineNumber":21,"author":{"gitId":"paullowse"},"content":"    @Override","lastModifiedDate":"2022-08-30"},{"lineNumber":22,"author":{"gitId":"paullowse"},"content":"    public String toString() {","lastModifiedDate":"2022-08-30"},{"lineNumber":23,"author":{"gitId":"paullowse"},"content":"        return \"[D]\" + super.toString() + \" (by: \" + by + \")\";","lastModifiedDate":"2022-08-30"},{"lineNumber":24,"author":{"gitId":"paullowse"},"content":"    }","lastModifiedDate":"2022-08-30"},{"lineNumber":25,"author":{"gitId":"paullowse"},"content":"","lastModifiedDate":"2022-08-30"},{"lineNumber":26,"author":{"gitId":"paullowse"},"content":"}","lastModifiedDate":"2022-08-30"}],"authorContributionMap":{"paullowse":26}},{"path":"src/main/java/Duke.java","fileType":"java","lines":[{"lineNumber":1,"author":{"gitId":"paullowse"},"content":"import java.util.ArrayList;","lastModifiedDate":"2022-08-24"},{"lineNumber":2,"author":{"gitId":"paullowse"},"content":"import java.util.List;","lastModifiedDate":"2022-08-24"},{"lineNumber":3,"author":{"gitId":"paullowse"},"content":"import java.util.Scanner;","lastModifiedDate":"2022-08-24"},{"lineNumber":4,"author":{"gitId":"paullowse"},"content":"","lastModifiedDate":"2022-08-24"},{"lineNumber":5,"author":{"gitId":"-"},"content":"public class Duke {","lastModifiedDate":"2019-07-29"},{"lineNumber":6,"author":{"gitId":"paullowse"},"content":"","lastModifiedDate":"2022-08-24"},{"lineNumber":7,"author":{"gitId":"paullowse"},"content":"","lastModifiedDate":"2022-08-25"},{"lineNumber":8,"author":{"gitId":"-"},"content":"    public static void main(String[] args) {","lastModifiedDate":"2019-07-29"},{"lineNumber":9,"author":{"gitId":"-"},"content":"        String logo \u003d \" ____        _        \\n\"","lastModifiedDate":"2019-07-29"},{"lineNumber":10,"author":{"gitId":"-"},"content":"                + \"|  _ \\\\ _   _| | _____ \\n\"","lastModifiedDate":"2019-07-29"},{"lineNumber":11,"author":{"gitId":"-"},"content":"                + \"| | | | | | | |/ / _ \\\\\\n\"","lastModifiedDate":"2019-07-29"},{"lineNumber":12,"author":{"gitId":"-"},"content":"                + \"| |_| | |_| |   \u003c  __/\\n\"","lastModifiedDate":"2019-07-29"},{"lineNumber":13,"author":{"gitId":"-"},"content":"                + \"|____/ \\\\__,_|_|\\\\_\\\\___|\\n\";","lastModifiedDate":"2019-07-29"},{"lineNumber":14,"author":{"gitId":"paullowse"},"content":"        System.out.println(\"Hello! I\u0027m Duke\\nWhat can I do for you?\\n\");","lastModifiedDate":"2022-08-24"},{"lineNumber":15,"author":{"gitId":"paullowse"},"content":"","lastModifiedDate":"2022-08-24"},{"lineNumber":16,"author":{"gitId":"paullowse"},"content":"        //tasks is an array list collection of task objects","lastModifiedDate":"2022-08-25"},{"lineNumber":17,"author":{"gitId":"paullowse"},"content":"        List\u003cTask\u003e tasks \u003d new ArrayList\u003c\u003e();","lastModifiedDate":"2022-08-25"},{"lineNumber":18,"author":{"gitId":"paullowse"},"content":"        String line \u003d \" \";","lastModifiedDate":"2022-08-24"},{"lineNumber":19,"author":{"gitId":"paullowse"},"content":"        String description;","lastModifiedDate":"2022-08-30"},{"lineNumber":20,"author":{"gitId":"paullowse"},"content":"        Scanner in \u003d new Scanner(System.in);","lastModifiedDate":"2022-08-24"},{"lineNumber":21,"author":{"gitId":"paullowse"},"content":"        Boolean isMark;","lastModifiedDate":"2022-08-30"},{"lineNumber":22,"author":{"gitId":"paullowse"},"content":"        int count \u003d 0;","lastModifiedDate":"2022-08-24"},{"lineNumber":23,"author":{"gitId":"paullowse"},"content":"        line \u003d in.nextLine();","lastModifiedDate":"2022-08-24"},{"lineNumber":24,"author":{"gitId":"paullowse"},"content":"","lastModifiedDate":"2022-08-24"},{"lineNumber":25,"author":{"gitId":"paullowse"},"content":"        // duke runs until a \"bye\" is entered","lastModifiedDate":"2022-08-25"},{"lineNumber":26,"author":{"gitId":"paullowse"},"content":"        while (count \u003c 100 \u0026\u0026 !line.equals(\"bye\")) {","lastModifiedDate":"2022-08-24"},{"lineNumber":27,"author":{"gitId":"paullowse"},"content":"            String [] splitLine \u003d line.split(\" \");","lastModifiedDate":"2022-08-24"},{"lineNumber":28,"author":{"gitId":"paullowse"},"content":"            isMark \u003d Boolean.FALSE;","lastModifiedDate":"2022-08-30"},{"lineNumber":29,"author":{"gitId":"paullowse"},"content":"","lastModifiedDate":"2022-08-24"},{"lineNumber":30,"author":{"gitId":"paullowse"},"content":"            // list commands duke to list all the tasks stored and their completion status","lastModifiedDate":"2022-08-25"},{"lineNumber":31,"author":{"gitId":"paullowse"},"content":"            switch (splitLine[0]) {","lastModifiedDate":"2022-08-30"},{"lineNumber":32,"author":{"gitId":"paullowse"},"content":"                case \"list\":","lastModifiedDate":"2022-08-30"},{"lineNumber":33,"author":{"gitId":"paullowse"},"content":"                    System.out.println(\"Here are the tasks in your list:\");","lastModifiedDate":"2022-08-24"},{"lineNumber":34,"author":{"gitId":"paullowse"},"content":"                    for (int i \u003d 0; i \u003c tasks.size(); i++) {","lastModifiedDate":"2022-08-25"},{"lineNumber":35,"author":{"gitId":"paullowse"},"content":"                        System.out.println(i+1 + \". \" + tasks.get(i));","lastModifiedDate":"2022-08-30"},{"lineNumber":36,"author":{"gitId":"paullowse"},"content":"                    }","lastModifiedDate":"2022-08-24"},{"lineNumber":37,"author":{"gitId":"paullowse"},"content":"                    System.out.println();","lastModifiedDate":"2022-08-24"},{"lineNumber":38,"author":{"gitId":"paullowse"},"content":"                    break;","lastModifiedDate":"2022-08-30"},{"lineNumber":39,"author":{"gitId":"paullowse"},"content":"                case \"mark\":","lastModifiedDate":"2022-08-30"},{"lineNumber":40,"author":{"gitId":"paullowse"},"content":"                    // mark x commands duke to mark the corresponding task as completed","lastModifiedDate":"2022-08-25"},{"lineNumber":41,"author":{"gitId":"paullowse"},"content":"                    isMark \u003d Boolean.TRUE;","lastModifiedDate":"2022-08-30"},{"lineNumber":42,"author":{"gitId":"paullowse"},"content":"                    System.out.println(\"Nice! I\u0027ve marked this task as done: \");","lastModifiedDate":"2022-08-24"},{"lineNumber":43,"author":{"gitId":"paullowse"},"content":"","lastModifiedDate":"2022-08-25"},{"lineNumber":44,"author":{"gitId":"paullowse"},"content":"                case \"unmark\":","lastModifiedDate":"2022-08-30"},{"lineNumber":45,"author":{"gitId":"paullowse"},"content":"                    // unmark x commands duke to mark the corresponding task as uncompleted","lastModifiedDate":"2022-08-25"},{"lineNumber":46,"author":{"gitId":"paullowse"},"content":"                    // Exceptions could occur","lastModifiedDate":"2022-08-30"},{"lineNumber":47,"author":{"gitId":"paullowse"},"content":"                    String numericString \u003d line.substring(line.indexOf(\" \")+1);","lastModifiedDate":"2022-08-24"},{"lineNumber":48,"author":{"gitId":"paullowse"},"content":"                    int markedNum \u003d Integer.parseInt(numericString) - 1;","lastModifiedDate":"2022-08-24"},{"lineNumber":49,"author":{"gitId":"paullowse"},"content":"                    tasks.get(markedNum).setStatus(isMark);","lastModifiedDate":"2022-08-30"},{"lineNumber":50,"author":{"gitId":"paullowse"},"content":"                    if (!isMark) {","lastModifiedDate":"2022-08-30"},{"lineNumber":51,"author":{"gitId":"paullowse"},"content":"                        System.out.println(\"Oh no :( I\u0027ve marked it as uncompleted: \");","lastModifiedDate":"2022-08-30"},{"lineNumber":52,"author":{"gitId":"paullowse"},"content":"                    }","lastModifiedDate":"2022-08-24"},{"lineNumber":53,"author":{"gitId":"paullowse"},"content":"                    System.out.println(\"  \" + tasks.get(markedNum) + \"\\n\");","lastModifiedDate":"2022-08-30"},{"lineNumber":54,"author":{"gitId":"paullowse"},"content":"                    break;","lastModifiedDate":"2022-08-30"},{"lineNumber":55,"author":{"gitId":"paullowse"},"content":"","lastModifiedDate":"2022-08-30"},{"lineNumber":56,"author":{"gitId":"paullowse"},"content":"                case \"todo\":","lastModifiedDate":"2022-08-30"},{"lineNumber":57,"author":{"gitId":"paullowse"},"content":"                    description \u003d line.substring(line.indexOf(\" \")+1);","lastModifiedDate":"2022-08-30"},{"lineNumber":58,"author":{"gitId":"paullowse"},"content":"                    Task td \u003d new Todo(description);","lastModifiedDate":"2022-08-30"},{"lineNumber":59,"author":{"gitId":"paullowse"},"content":"                    count \u003d taskPrint(tasks, td, count);    // this function does all the printing and increases count also","lastModifiedDate":"2022-08-30"},{"lineNumber":60,"author":{"gitId":"paullowse"},"content":"                    //tasks.add(td);","lastModifiedDate":"2022-08-30"},{"lineNumber":61,"author":{"gitId":"paullowse"},"content":"                    //System.out.println(\"Got it. I\u0027ve added this task: \\n\" + td);","lastModifiedDate":"2022-08-30"},{"lineNumber":62,"author":{"gitId":"paullowse"},"content":"                    //count++;","lastModifiedDate":"2022-08-30"},{"lineNumber":63,"author":{"gitId":"paullowse"},"content":"                    //System.out.println(\"Now you have \" + count + \" tasks in the list\\n\");","lastModifiedDate":"2022-08-30"},{"lineNumber":64,"author":{"gitId":"paullowse"},"content":"                    break;","lastModifiedDate":"2022-08-30"},{"lineNumber":65,"author":{"gitId":"paullowse"},"content":"","lastModifiedDate":"2022-08-30"},{"lineNumber":66,"author":{"gitId":"paullowse"},"content":"                case \"deadline\":","lastModifiedDate":"2022-08-30"},{"lineNumber":67,"author":{"gitId":"paullowse"},"content":"                    description \u003d line.substring(line.indexOf(\" \")+1, line.indexOf(\" /by \"));","lastModifiedDate":"2022-08-30"},{"lineNumber":68,"author":{"gitId":"paullowse"},"content":"                    String by \u003d line.substring(line.indexOf(\"/by \")+ 4);","lastModifiedDate":"2022-08-30"},{"lineNumber":69,"author":{"gitId":"paullowse"},"content":"                    Task d \u003d new Deadline(description, by);","lastModifiedDate":"2022-08-30"},{"lineNumber":70,"author":{"gitId":"paullowse"},"content":"                    count \u003d taskPrint(tasks, d, count);","lastModifiedDate":"2022-08-30"},{"lineNumber":71,"author":{"gitId":"paullowse"},"content":"                    //tasks.add(d);","lastModifiedDate":"2022-08-30"},{"lineNumber":72,"author":{"gitId":"paullowse"},"content":"                    //System.out.println(\"Got it. I\u0027ve added this task: \\n\" + d);","lastModifiedDate":"2022-08-30"},{"lineNumber":73,"author":{"gitId":"paullowse"},"content":"                    //count++;","lastModifiedDate":"2022-08-30"},{"lineNumber":74,"author":{"gitId":"paullowse"},"content":"                    //System.out.println(\"Now you have \" + count + \" tasks in the list\\n\");","lastModifiedDate":"2022-08-30"},{"lineNumber":75,"author":{"gitId":"paullowse"},"content":"                    break;","lastModifiedDate":"2022-08-30"},{"lineNumber":76,"author":{"gitId":"paullowse"},"content":"","lastModifiedDate":"2022-08-30"},{"lineNumber":77,"author":{"gitId":"paullowse"},"content":"                case \"event\":","lastModifiedDate":"2022-08-30"},{"lineNumber":78,"author":{"gitId":"paullowse"},"content":"                    description \u003d line.substring(line.indexOf(\" \")+1, line.indexOf(\" /at \"));","lastModifiedDate":"2022-08-30"},{"lineNumber":79,"author":{"gitId":"paullowse"},"content":"                    String at \u003d line.substring(line.indexOf(\"/at \")+ 4);","lastModifiedDate":"2022-08-30"},{"lineNumber":80,"author":{"gitId":"paullowse"},"content":"                    Task e \u003d new Event(description, at);","lastModifiedDate":"2022-08-30"},{"lineNumber":81,"author":{"gitId":"paullowse"},"content":"","lastModifiedDate":"2022-08-30"},{"lineNumber":82,"author":{"gitId":"paullowse"},"content":"                    count \u003d taskPrint(tasks, e, count);","lastModifiedDate":"2022-08-30"},{"lineNumber":83,"author":{"gitId":"paullowse"},"content":"                    //tasks.add(e);","lastModifiedDate":"2022-08-30"},{"lineNumber":84,"author":{"gitId":"paullowse"},"content":"                    //System.out.println(\"Got it. I\u0027ve added this task: \\n\" + e);","lastModifiedDate":"2022-08-30"},{"lineNumber":85,"author":{"gitId":"paullowse"},"content":"                    //count++;","lastModifiedDate":"2022-08-30"},{"lineNumber":86,"author":{"gitId":"paullowse"},"content":"                    //System.out.println(\"Now you have \" + count + \" tasks in the list\\n\");","lastModifiedDate":"2022-08-30"},{"lineNumber":87,"author":{"gitId":"paullowse"},"content":"                    break;","lastModifiedDate":"2022-08-30"},{"lineNumber":88,"author":{"gitId":"paullowse"},"content":"","lastModifiedDate":"2022-08-30"},{"lineNumber":89,"author":{"gitId":"paullowse"},"content":"                default:","lastModifiedDate":"2022-08-30"},{"lineNumber":90,"author":{"gitId":"paullowse"},"content":"                    // other calls causes duke to add the user-input to tasks","lastModifiedDate":"2022-08-25"},{"lineNumber":91,"author":{"gitId":"paullowse"},"content":"                    Task t \u003d new Task(line);","lastModifiedDate":"2022-08-24"},{"lineNumber":92,"author":{"gitId":"paullowse"},"content":"                    tasks.add(t);","lastModifiedDate":"2022-08-25"},{"lineNumber":93,"author":{"gitId":"paullowse"},"content":"                    System.out.println(\"added: \" + line + \"\\n\");","lastModifiedDate":"2022-08-24"},{"lineNumber":94,"author":{"gitId":"paullowse"},"content":"                    count++;","lastModifiedDate":"2022-08-24"},{"lineNumber":95,"author":{"gitId":"paullowse"},"content":"                    break;","lastModifiedDate":"2022-08-30"},{"lineNumber":96,"author":{"gitId":"paullowse"},"content":"            }","lastModifiedDate":"2022-08-24"},{"lineNumber":97,"author":{"gitId":"paullowse"},"content":"            line \u003d in.nextLine();","lastModifiedDate":"2022-08-24"},{"lineNumber":98,"author":{"gitId":"paullowse"},"content":"","lastModifiedDate":"2022-08-24"},{"lineNumber":99,"author":{"gitId":"paullowse"},"content":"","lastModifiedDate":"2022-08-24"},{"lineNumber":100,"author":{"gitId":"paullowse"},"content":"        }","lastModifiedDate":"2022-08-30"},{"lineNumber":101,"author":{"gitId":"paullowse"},"content":"","lastModifiedDate":"2022-08-30"},{"lineNumber":102,"author":{"gitId":"paullowse"},"content":"        System.out.println(\"Bye good friend! Hope to see you again soon!\\n\" + logo);","lastModifiedDate":"2022-08-24"},{"lineNumber":103,"author":{"gitId":"-"},"content":"    }","lastModifiedDate":"2019-07-29"},{"lineNumber":104,"author":{"gitId":"paullowse"},"content":"","lastModifiedDate":"2022-08-30"},{"lineNumber":105,"author":{"gitId":"paullowse"},"content":"    /**","lastModifiedDate":"2022-08-30"},{"lineNumber":106,"author":{"gitId":"paullowse"},"content":"     * Method for printing Tasks adding","lastModifiedDate":"2022-08-30"},{"lineNumber":107,"author":{"gitId":"paullowse"},"content":"     * @param tasks","lastModifiedDate":"2022-08-30"},{"lineNumber":108,"author":{"gitId":"paullowse"},"content":"     * @param t","lastModifiedDate":"2022-08-30"},{"lineNumber":109,"author":{"gitId":"paullowse"},"content":"     * @param count","lastModifiedDate":"2022-08-30"},{"lineNumber":110,"author":{"gitId":"paullowse"},"content":"     * @return","lastModifiedDate":"2022-08-30"},{"lineNumber":111,"author":{"gitId":"paullowse"},"content":"     */","lastModifiedDate":"2022-08-30"},{"lineNumber":112,"author":{"gitId":"paullowse"},"content":"    public static int taskPrint(List\u003cTask\u003e tasks, Task t, Integer count) {","lastModifiedDate":"2022-08-30"},{"lineNumber":113,"author":{"gitId":"paullowse"},"content":"        tasks.add(t);","lastModifiedDate":"2022-08-30"},{"lineNumber":114,"author":{"gitId":"paullowse"},"content":"        System.out.println(\"Got it. I\u0027ve added this task: \\n\" + t);","lastModifiedDate":"2022-08-30"},{"lineNumber":115,"author":{"gitId":"paullowse"},"content":"        count++;","lastModifiedDate":"2022-08-30"},{"lineNumber":116,"author":{"gitId":"paullowse"},"content":"        System.out.println(\"Now you have \" + count + \" tasks in the list\\n\");","lastModifiedDate":"2022-08-30"},{"lineNumber":117,"author":{"gitId":"paullowse"},"content":"","lastModifiedDate":"2022-08-30"},{"lineNumber":118,"author":{"gitId":"paullowse"},"content":"        return count;","lastModifiedDate":"2022-08-30"},{"lineNumber":119,"author":{"gitId":"-"},"content":"    }","lastModifiedDate":"2022-08-30"},{"lineNumber":120,"author":{"gitId":"-"},"content":"}","lastModifiedDate":"2019-07-29"}],"authorContributionMap":{"paullowse":110,"-":10}},{"path":"src/main/java/Event.java","fileType":"java","lines":[{"lineNumber":1,"author":{"gitId":"paullowse"},"content":"public class Event extends Task{","lastModifiedDate":"2022-08-30"},{"lineNumber":2,"author":{"gitId":"paullowse"},"content":"    /**","lastModifiedDate":"2022-08-30"},{"lineNumber":3,"author":{"gitId":"paullowse"},"content":"     * Creates Task Object","lastModifiedDate":"2022-08-30"},{"lineNumber":4,"author":{"gitId":"paullowse"},"content":"     *","lastModifiedDate":"2022-08-30"},{"lineNumber":5,"author":{"gitId":"paullowse"},"content":"     * @param description","lastModifiedDate":"2022-08-30"},{"lineNumber":6,"author":{"gitId":"paullowse"},"content":"     */","lastModifiedDate":"2022-08-30"},{"lineNumber":7,"author":{"gitId":"paullowse"},"content":"    protected String at;","lastModifiedDate":"2022-08-30"},{"lineNumber":8,"author":{"gitId":"paullowse"},"content":"    //protected String symbol;","lastModifiedDate":"2022-08-30"},{"lineNumber":9,"author":{"gitId":"paullowse"},"content":"","lastModifiedDate":"2022-08-30"},{"lineNumber":10,"author":{"gitId":"paullowse"},"content":"    public Event(String description, String at) {","lastModifiedDate":"2022-08-30"},{"lineNumber":11,"author":{"gitId":"paullowse"},"content":"        super(description);","lastModifiedDate":"2022-08-30"},{"lineNumber":12,"author":{"gitId":"paullowse"},"content":"        this.at \u003d at;","lastModifiedDate":"2022-08-30"},{"lineNumber":13,"author":{"gitId":"paullowse"},"content":"        //symbol \u003d \"E\";","lastModifiedDate":"2022-08-30"},{"lineNumber":14,"author":{"gitId":"paullowse"},"content":"    }","lastModifiedDate":"2022-08-30"},{"lineNumber":15,"author":{"gitId":"paullowse"},"content":"","lastModifiedDate":"2022-08-30"},{"lineNumber":16,"author":{"gitId":"paullowse"},"content":"","lastModifiedDate":"2022-08-30"},{"lineNumber":17,"author":{"gitId":"paullowse"},"content":"    @Override","lastModifiedDate":"2022-08-30"},{"lineNumber":18,"author":{"gitId":"paullowse"},"content":"    public String toString() {","lastModifiedDate":"2022-08-30"},{"lineNumber":19,"author":{"gitId":"paullowse"},"content":"        return \"[E]\" + super.toString() + \" (at: \" + at + \")\";","lastModifiedDate":"2022-08-30"},{"lineNumber":20,"author":{"gitId":"paullowse"},"content":"    }","lastModifiedDate":"2022-08-30"},{"lineNumber":21,"author":{"gitId":"paullowse"},"content":"","lastModifiedDate":"2022-08-30"},{"lineNumber":22,"author":{"gitId":"paullowse"},"content":"}","lastModifiedDate":"2022-08-30"}],"authorContributionMap":{"paullowse":22}},{"path":"src/main/java/Task.java","fileType":"java","lines":[{"lineNumber":1,"author":{"gitId":"paullowse"},"content":"public class Task {","lastModifiedDate":"2022-08-30"},{"lineNumber":2,"author":{"gitId":"paullowse"},"content":"    protected String description;","lastModifiedDate":"2022-08-30"},{"lineNumber":3,"author":{"gitId":"paullowse"},"content":"    protected boolean isDone;","lastModifiedDate":"2022-08-30"},{"lineNumber":4,"author":{"gitId":"paullowse"},"content":"","lastModifiedDate":"2022-08-30"},{"lineNumber":5,"author":{"gitId":"paullowse"},"content":"","lastModifiedDate":"2022-08-30"},{"lineNumber":6,"author":{"gitId":"paullowse"},"content":"    /**","lastModifiedDate":"2022-08-30"},{"lineNumber":7,"author":{"gitId":"paullowse"},"content":"     * Creates Task Object","lastModifiedDate":"2022-08-30"},{"lineNumber":8,"author":{"gitId":"paullowse"},"content":"     * @param description","lastModifiedDate":"2022-08-30"},{"lineNumber":9,"author":{"gitId":"paullowse"},"content":"     */","lastModifiedDate":"2022-08-30"},{"lineNumber":10,"author":{"gitId":"paullowse"},"content":"    public Task(String description) {","lastModifiedDate":"2022-08-30"},{"lineNumber":11,"author":{"gitId":"paullowse"},"content":"        this.description \u003d description;","lastModifiedDate":"2022-08-30"},{"lineNumber":12,"author":{"gitId":"paullowse"},"content":"        this.isDone \u003d false;","lastModifiedDate":"2022-08-30"},{"lineNumber":13,"author":{"gitId":"paullowse"},"content":"    }","lastModifiedDate":"2022-08-30"},{"lineNumber":14,"author":{"gitId":"paullowse"},"content":"","lastModifiedDate":"2022-08-30"},{"lineNumber":15,"author":{"gitId":"paullowse"},"content":"    /**","lastModifiedDate":"2022-08-30"},{"lineNumber":16,"author":{"gitId":"paullowse"},"content":"     * Returns the status of the task","lastModifiedDate":"2022-08-30"},{"lineNumber":17,"author":{"gitId":"paullowse"},"content":"     * @return status as \"X\" or \" \"","lastModifiedDate":"2022-08-30"},{"lineNumber":18,"author":{"gitId":"paullowse"},"content":"     */","lastModifiedDate":"2022-08-30"},{"lineNumber":19,"author":{"gitId":"paullowse"},"content":"    public String getStatusIcon() {","lastModifiedDate":"2022-08-30"},{"lineNumber":20,"author":{"gitId":"paullowse"},"content":"        return (isDone ? \"X\" : \" \"); // mark done task with X","lastModifiedDate":"2022-08-30"},{"lineNumber":21,"author":{"gitId":"paullowse"},"content":"    }","lastModifiedDate":"2022-08-30"},{"lineNumber":22,"author":{"gitId":"paullowse"},"content":"","lastModifiedDate":"2022-08-30"},{"lineNumber":23,"author":{"gitId":"paullowse"},"content":"    /**","lastModifiedDate":"2022-08-30"},{"lineNumber":24,"author":{"gitId":"paullowse"},"content":"     * Returns the Description of the task","lastModifiedDate":"2022-08-30"},{"lineNumber":25,"author":{"gitId":"paullowse"},"content":"     * @return description","lastModifiedDate":"2022-08-30"},{"lineNumber":26,"author":{"gitId":"paullowse"},"content":"     */","lastModifiedDate":"2022-08-30"},{"lineNumber":27,"author":{"gitId":"paullowse"},"content":"    public String getDescription() {","lastModifiedDate":"2022-08-30"},{"lineNumber":28,"author":{"gitId":"paullowse"},"content":"        return (description);","lastModifiedDate":"2022-08-30"},{"lineNumber":29,"author":{"gitId":"paullowse"},"content":"    }","lastModifiedDate":"2022-08-30"},{"lineNumber":30,"author":{"gitId":"paullowse"},"content":"","lastModifiedDate":"2022-08-30"},{"lineNumber":31,"author":{"gitId":"paullowse"},"content":"    /**","lastModifiedDate":"2022-08-30"},{"lineNumber":32,"author":{"gitId":"paullowse"},"content":"     * Sets Status to according to mark","lastModifiedDate":"2022-08-30"},{"lineNumber":33,"author":{"gitId":"paullowse"},"content":"     */","lastModifiedDate":"2022-08-30"},{"lineNumber":34,"author":{"gitId":"paullowse"},"content":"    public void setStatus(Boolean isMark) {","lastModifiedDate":"2022-08-30"},{"lineNumber":35,"author":{"gitId":"paullowse"},"content":"        isDone \u003d isMark;","lastModifiedDate":"2022-08-30"},{"lineNumber":36,"author":{"gitId":"paullowse"},"content":"    }","lastModifiedDate":"2022-08-30"},{"lineNumber":37,"author":{"gitId":"paullowse"},"content":"","lastModifiedDate":"2022-08-30"},{"lineNumber":38,"author":{"gitId":"paullowse"},"content":"","lastModifiedDate":"2022-08-30"},{"lineNumber":39,"author":{"gitId":"paullowse"},"content":"    @Override","lastModifiedDate":"2022-08-30"},{"lineNumber":40,"author":{"gitId":"paullowse"},"content":"    public String toString() {","lastModifiedDate":"2022-08-30"},{"lineNumber":41,"author":{"gitId":"paullowse"},"content":"        return \"[\" + getStatusIcon() +\"] \" + description;","lastModifiedDate":"2022-08-30"},{"lineNumber":42,"author":{"gitId":"paullowse"},"content":"    }","lastModifiedDate":"2022-08-30"},{"lineNumber":43,"author":{"gitId":"paullowse"},"content":"","lastModifiedDate":"2022-08-30"},{"lineNumber":44,"author":{"gitId":"paullowse"},"content":"}","lastModifiedDate":"2022-08-30"}],"authorContributionMap":{"paullowse":44}},{"path":"src/main/java/Todo.java","fileType":"java","lines":[{"lineNumber":1,"author":{"gitId":"paullowse"},"content":"public class Todo extends Task{","lastModifiedDate":"2022-08-30"},{"lineNumber":2,"author":{"gitId":"paullowse"},"content":"    /**","lastModifiedDate":"2022-08-30"},{"lineNumber":3,"author":{"gitId":"paullowse"},"content":"     * Creates Task Object","lastModifiedDate":"2022-08-30"},{"lineNumber":4,"author":{"gitId":"paullowse"},"content":"     *","lastModifiedDate":"2022-08-30"},{"lineNumber":5,"author":{"gitId":"paullowse"},"content":"     * @param description","lastModifiedDate":"2022-08-30"},{"lineNumber":6,"author":{"gitId":"paullowse"},"content":"     */","lastModifiedDate":"2022-08-30"},{"lineNumber":7,"author":{"gitId":"paullowse"},"content":"    public Todo(String description) {","lastModifiedDate":"2022-08-30"},{"lineNumber":8,"author":{"gitId":"paullowse"},"content":"        super(description);","lastModifiedDate":"2022-08-30"},{"lineNumber":9,"author":{"gitId":"paullowse"},"content":"    }","lastModifiedDate":"2022-08-30"},{"lineNumber":10,"author":{"gitId":"paullowse"},"content":"","lastModifiedDate":"2022-08-30"},{"lineNumber":11,"author":{"gitId":"paullowse"},"content":"    @Override","lastModifiedDate":"2022-08-30"},{"lineNumber":12,"author":{"gitId":"paullowse"},"content":"    public String toString() {","lastModifiedDate":"2022-08-30"},{"lineNumber":13,"author":{"gitId":"paullowse"},"content":"        return \"[T]\" + super.toString();","lastModifiedDate":"2022-08-30"},{"lineNumber":14,"author":{"gitId":"paullowse"},"content":"    }","lastModifiedDate":"2022-08-30"},{"lineNumber":15,"author":{"gitId":"paullowse"},"content":"","lastModifiedDate":"2022-08-30"},{"lineNumber":16,"author":{"gitId":"paullowse"},"content":"","lastModifiedDate":"2022-08-30"},{"lineNumber":17,"author":{"gitId":"paullowse"},"content":"","lastModifiedDate":"2022-08-30"},{"lineNumber":18,"author":{"gitId":"paullowse"},"content":"}","lastModifiedDate":"2022-08-30"}],"authorContributionMap":{"paullowse":18}}]
