{"authorDailyContributionsMap":{"paullowse":[{"date":"2022-08-22","commitResults":[{"hash":"ec7cbee32fe6f44106e3242c103c36813b8e91f2","messageTitle":"Add Greeting","messageBody":"- Greeting includes welcome, goodbye message and the logo.\n","fileTypesAndContributionMap":{"java":{"insertions":1,"deletions":1}}}]},{"date":"2022-08-24","commitResults":[{"hash":"1d33524984321cbd7f344e3d9f1516b83c0326c4","messageTitle":"Add Level 1 Greet, Echo Exit","messageBody":"Program terminates automatically after 5 echos\n","fileTypesAndContributionMap":{"java":{"insertions":16,"deletions":1}}},{"hash":"5b0039e605001ef259e81d156f99c43ecf21815c","messageTitle":"Add Level-2: Add, List","messageBody":"Store text and display to user\n","fileTypesAndContributionMap":{"java":{"insertions":19,"deletions":5}}},{"hash":"f1cc05ff9df9d6da4404abc56e24058da41a8292","messageTitle":"Add Level-3: Mark as Done","messageBody":"Add ability to change status to not done\n","fileTypesAndContributionMap":{"java":{"insertions":56,"deletions":6}}}]},{"date":"2022-08-25","commitResults":[{"hash":"dcb9781685f89e207cec02ba73d1bc6238bfb997","messageTitle":"Add A-CodingStandard","messageBody":"Tweak code to comply with coding standard\n","fileTypesAndContributionMap":{"java":{"insertions":41,"deletions":14}}}]}]},"authorFileTypeContributionMap":{"paullowse":{"java":107,"md":0,"fxml":0,"sh":0,"bat":0,"gradle":0,"txt":0}},"authorContributionVariance":{"paullowse":843.5306},"authorDisplayNameMap":{"paullowse":"CS2113-W12-2 PAUL..I EN"}}
