[{"path":"src/main/java/Deadline.java","fileType":"java","lines":[{"lineNumber":1,"author":{"gitId":"morbenami1"},"content":"public class Deadline extends Task {","lastModifiedDate":"2022-09-02"},{"lineNumber":2,"author":{"gitId":"morbenami1"},"content":"    private String byDate;","lastModifiedDate":"2022-09-12"},{"lineNumber":3,"author":{"gitId":"morbenami1"},"content":"","lastModifiedDate":"2022-09-02"},{"lineNumber":4,"author":{"gitId":"morbenami1"},"content":"    public Deadline(String description, String date) {","lastModifiedDate":"2022-09-02"},{"lineNumber":5,"author":{"gitId":"morbenami1"},"content":"        super(description);","lastModifiedDate":"2022-09-02"},{"lineNumber":6,"author":{"gitId":"morbenami1"},"content":"        this.byDate \u003d date;","lastModifiedDate":"2022-09-12"},{"lineNumber":7,"author":{"gitId":"morbenami1"},"content":"    }","lastModifiedDate":"2022-09-02"},{"lineNumber":8,"author":{"gitId":"morbenami1"},"content":"","lastModifiedDate":"2022-09-02"},{"lineNumber":9,"author":{"gitId":"morbenami1"},"content":"    @Override","lastModifiedDate":"2022-09-02"},{"lineNumber":10,"author":{"gitId":"morbenami1"},"content":"    public String toString() {","lastModifiedDate":"2022-09-02"},{"lineNumber":11,"author":{"gitId":"morbenami1"},"content":"        return \"[D][\" + getIsDoneMarking() + \"] \" + getDescription() + \" (by: \" + byDate + \")\";","lastModifiedDate":"2022-09-12"},{"lineNumber":12,"author":{"gitId":"morbenami1"},"content":"    }","lastModifiedDate":"2022-09-02"},{"lineNumber":13,"author":{"gitId":"morbenami1"},"content":"","lastModifiedDate":"2022-09-02"},{"lineNumber":14,"author":{"gitId":"morbenami1"},"content":"}","lastModifiedDate":"2022-09-02"}],"authorContributionMap":{"morbenami1":14}},{"path":"src/main/java/Duke.java","fileType":"java","lines":[{"lineNumber":1,"author":{"gitId":"morbenami1"},"content":"import java.util.Scanner;","lastModifiedDate":"2022-08-29"},{"lineNumber":2,"author":{"gitId":"morbenami1"},"content":"","lastModifiedDate":"2022-08-29"},{"lineNumber":3,"author":{"gitId":"-"},"content":"public class Duke {","lastModifiedDate":"2019-07-29"},{"lineNumber":4,"author":{"gitId":"morbenami1"},"content":"    private static List dukeList \u003d new List();","lastModifiedDate":"2022-09-12"},{"lineNumber":5,"author":{"gitId":"morbenami1"},"content":"    private static int Invalid \u003d -1;","lastModifiedDate":"2022-09-12"},{"lineNumber":6,"author":{"gitId":"morbenami1"},"content":"    public static final String markDone \u003d \"mark\";","lastModifiedDate":"2022-09-12"},{"lineNumber":7,"author":{"gitId":"morbenami1"},"content":"    public static final String bye \u003d \"bye\";","lastModifiedDate":"2022-09-12"},{"lineNumber":8,"author":{"gitId":"morbenami1"},"content":"    public static final String list \u003d \"list\";","lastModifiedDate":"2022-09-12"},{"lineNumber":9,"author":{"gitId":"morbenami1"},"content":"    public static final String space \u003d \" \";","lastModifiedDate":"2022-09-12"},{"lineNumber":10,"author":{"gitId":"morbenami1"},"content":"    public static final String unmarkDone \u003d \"unmark\";","lastModifiedDate":"2022-09-12"},{"lineNumber":11,"author":{"gitId":"morbenami1"},"content":"","lastModifiedDate":"2022-08-29"},{"lineNumber":12,"author":{"gitId":"-"},"content":"    public static void main(String[] args) {","lastModifiedDate":"2019-07-29"},{"lineNumber":13,"author":{"gitId":"-"},"content":"        String logo \u003d \" ____        _        \\n\"","lastModifiedDate":"2019-07-29"},{"lineNumber":14,"author":{"gitId":"-"},"content":"                + \"|  _ \\\\ _   _| | _____ \\n\"","lastModifiedDate":"2019-07-29"},{"lineNumber":15,"author":{"gitId":"-"},"content":"                + \"| | | | | | | |/ / _ \\\\\\n\"","lastModifiedDate":"2019-07-29"},{"lineNumber":16,"author":{"gitId":"-"},"content":"                + \"| |_| | |_| |   \u003c  __/\\n\"","lastModifiedDate":"2019-07-29"},{"lineNumber":17,"author":{"gitId":"-"},"content":"                + \"|____/ \\\\__,_|_|\\\\_\\\\___|\\n\";","lastModifiedDate":"2019-07-29"},{"lineNumber":18,"author":{"gitId":"-"},"content":"        System.out.println(\"Hello from\\n\" + logo);","lastModifiedDate":"2019-07-29"},{"lineNumber":19,"author":{"gitId":"morbenami1"},"content":"        Message.printGreeting();","lastModifiedDate":"2022-09-12"},{"lineNumber":20,"author":{"gitId":"morbenami1"},"content":"        echo();","lastModifiedDate":"2022-08-29"},{"lineNumber":21,"author":{"gitId":"-"},"content":"    }","lastModifiedDate":"2022-08-27"},{"lineNumber":22,"author":{"gitId":"morbenami1"},"content":"","lastModifiedDate":"2022-08-27"},{"lineNumber":23,"author":{"gitId":"morbenami1"},"content":"    public static void echo(){","lastModifiedDate":"2022-08-29"},{"lineNumber":24,"author":{"gitId":"morbenami1"},"content":"        String line;","lastModifiedDate":"2022-08-29"},{"lineNumber":25,"author":{"gitId":"morbenami1"},"content":"        Scanner in \u003d new Scanner(System.in);","lastModifiedDate":"2022-08-29"},{"lineNumber":26,"author":{"gitId":"morbenami1"},"content":"        line \u003d in.nextLine();","lastModifiedDate":"2022-08-29"},{"lineNumber":27,"author":{"gitId":"morbenami1"},"content":"        while (!line.equals(bye)){","lastModifiedDate":"2022-09-12"},{"lineNumber":28,"author":{"gitId":"morbenami1"},"content":"            try {","lastModifiedDate":"2022-09-12"},{"lineNumber":29,"author":{"gitId":"morbenami1"},"content":"                translateInput(line);","lastModifiedDate":"2022-09-12"},{"lineNumber":30,"author":{"gitId":"morbenami1"},"content":"            } catch (DukeException e) {","lastModifiedDate":"2022-09-12"},{"lineNumber":31,"author":{"gitId":"morbenami1"},"content":"                Message.printError();","lastModifiedDate":"2022-09-12"},{"lineNumber":32,"author":{"gitId":"morbenami1"},"content":"            }","lastModifiedDate":"2022-08-29"},{"lineNumber":33,"author":{"gitId":"morbenami1"},"content":"            line \u003d in.nextLine();","lastModifiedDate":"2022-08-29"},{"lineNumber":34,"author":{"gitId":"morbenami1"},"content":"        }","lastModifiedDate":"2022-08-27"},{"lineNumber":35,"author":{"gitId":"morbenami1"},"content":"        Message.printingExit();","lastModifiedDate":"2022-08-29"},{"lineNumber":36,"author":{"gitId":"-"},"content":"    }","lastModifiedDate":"2019-07-29"},{"lineNumber":37,"author":{"gitId":"morbenami1"},"content":"","lastModifiedDate":"2022-08-29"},{"lineNumber":38,"author":{"gitId":"morbenami1"},"content":"    public static int checkInteger(String[] wordsInput) throws DukeException {","lastModifiedDate":"2022-09-12"},{"lineNumber":39,"author":{"gitId":"morbenami1"},"content":"        if (wordsInput.length !\u003d 2 || wordsInput[1].equals(\"\")){","lastModifiedDate":"2022-09-12"},{"lineNumber":40,"author":{"gitId":"morbenami1"},"content":"            throw new DukeException();","lastModifiedDate":"2022-09-12"},{"lineNumber":41,"author":{"gitId":"morbenami1"},"content":"        }","lastModifiedDate":"2022-09-12"},{"lineNumber":42,"author":{"gitId":"morbenami1"},"content":"        int taskNumber;","lastModifiedDate":"2022-09-12"},{"lineNumber":43,"author":{"gitId":"morbenami1"},"content":"        try {","lastModifiedDate":"2022-09-12"},{"lineNumber":44,"author":{"gitId":"morbenami1"},"content":"            taskNumber \u003d Integer.parseInt(wordsInput[1]);","lastModifiedDate":"2022-09-12"},{"lineNumber":45,"author":{"gitId":"morbenami1"},"content":"        } catch (NumberFormatException e){","lastModifiedDate":"2022-09-12"},{"lineNumber":46,"author":{"gitId":"morbenami1"},"content":"            throw new DukeException();","lastModifiedDate":"2022-09-12"},{"lineNumber":47,"author":{"gitId":"morbenami1"},"content":"        }","lastModifiedDate":"2022-09-12"},{"lineNumber":48,"author":{"gitId":"morbenami1"},"content":"        if (taskNumber \u003e dukeList.getListSize()){","lastModifiedDate":"2022-09-12"},{"lineNumber":49,"author":{"gitId":"morbenami1"},"content":"            throw new DukeException();","lastModifiedDate":"2022-09-12"},{"lineNumber":50,"author":{"gitId":"morbenami1"},"content":"        }","lastModifiedDate":"2022-09-12"},{"lineNumber":51,"author":{"gitId":"morbenami1"},"content":"        return taskNumber;","lastModifiedDate":"2022-09-12"},{"lineNumber":52,"author":{"gitId":"morbenami1"},"content":"    }","lastModifiedDate":"2022-09-12"},{"lineNumber":53,"author":{"gitId":"morbenami1"},"content":"","lastModifiedDate":"2022-09-12"},{"lineNumber":54,"author":{"gitId":"morbenami1"},"content":"    private static String[] splitInput(String input) throws DukeException {","lastModifiedDate":"2022-09-12"},{"lineNumber":55,"author":{"gitId":"morbenami1"},"content":"        String[] wordsInput;","lastModifiedDate":"2022-09-12"},{"lineNumber":56,"author":{"gitId":"morbenami1"},"content":"        try {","lastModifiedDate":"2022-09-12"},{"lineNumber":57,"author":{"gitId":"morbenami1"},"content":"            wordsInput \u003d input.split(space);","lastModifiedDate":"2022-09-12"},{"lineNumber":58,"author":{"gitId":"morbenami1"},"content":"        } catch (ArrayIndexOutOfBoundsException e){","lastModifiedDate":"2022-09-12"},{"lineNumber":59,"author":{"gitId":"morbenami1"},"content":"            throw new DukeException();","lastModifiedDate":"2022-09-12"},{"lineNumber":60,"author":{"gitId":"morbenami1"},"content":"        }","lastModifiedDate":"2022-09-12"},{"lineNumber":61,"author":{"gitId":"morbenami1"},"content":"        return wordsInput;","lastModifiedDate":"2022-09-12"},{"lineNumber":62,"author":{"gitId":"morbenami1"},"content":"    }","lastModifiedDate":"2022-09-12"},{"lineNumber":63,"author":{"gitId":"morbenami1"},"content":"","lastModifiedDate":"2022-09-12"},{"lineNumber":64,"author":{"gitId":"morbenami1"},"content":"    public static void translateInput(String input) throws DukeException{","lastModifiedDate":"2022-09-12"},{"lineNumber":65,"author":{"gitId":"morbenami1"},"content":"        if (input.equals(list)) {","lastModifiedDate":"2022-09-12"},{"lineNumber":66,"author":{"gitId":"morbenami1"},"content":"            dukeList.printingList();","lastModifiedDate":"2022-09-12"},{"lineNumber":67,"author":{"gitId":"morbenami1"},"content":"            return;","lastModifiedDate":"2022-09-12"},{"lineNumber":68,"author":{"gitId":"morbenami1"},"content":"        }","lastModifiedDate":"2022-09-12"},{"lineNumber":69,"author":{"gitId":"morbenami1"},"content":"        String[] wordsInput \u003d splitInput(input);","lastModifiedDate":"2022-09-12"},{"lineNumber":70,"author":{"gitId":"morbenami1"},"content":"        if (wordsInput[0].equals(unmarkDone)){","lastModifiedDate":"2022-09-12"},{"lineNumber":71,"author":{"gitId":"morbenami1"},"content":"            dukeList.unmarkItemDone(checkInteger(wordsInput));","lastModifiedDate":"2022-09-12"},{"lineNumber":72,"author":{"gitId":"morbenami1"},"content":"        } else if (wordsInput[0].equals(markDone)) {","lastModifiedDate":"2022-09-12"},{"lineNumber":73,"author":{"gitId":"morbenami1"},"content":"            dukeList.markItemDone(checkInteger(wordsInput));","lastModifiedDate":"2022-09-12"},{"lineNumber":74,"author":{"gitId":"morbenami1"},"content":"        } else {","lastModifiedDate":"2022-09-12"},{"lineNumber":75,"author":{"gitId":"morbenami1"},"content":"            dukeList.addTask(input);","lastModifiedDate":"2022-09-12"},{"lineNumber":76,"author":{"gitId":"morbenami1"},"content":"        }","lastModifiedDate":"2022-09-12"},{"lineNumber":77,"author":{"gitId":"morbenami1"},"content":"","lastModifiedDate":"2022-09-12"},{"lineNumber":78,"author":{"gitId":"morbenami1"},"content":"    }","lastModifiedDate":"2022-09-12"},{"lineNumber":79,"author":{"gitId":"morbenami1"},"content":"","lastModifiedDate":"2022-09-12"},{"lineNumber":80,"author":{"gitId":"-"},"content":"}","lastModifiedDate":"2019-07-29"}],"authorContributionMap":{"morbenami1":69,"-":11}},{"path":"src/main/java/DukeException.java","fileType":"java","lines":[{"lineNumber":1,"author":{"gitId":"morbenami1"},"content":"public class DukeException extends Exception{","lastModifiedDate":"2022-09-12"},{"lineNumber":2,"author":{"gitId":"morbenami1"},"content":"}","lastModifiedDate":"2022-09-12"}],"authorContributionMap":{"morbenami1":2}},{"path":"src/main/java/Event.java","fileType":"java","lines":[{"lineNumber":1,"author":{"gitId":"morbenami1"},"content":"public class Event extends Task {","lastModifiedDate":"2022-09-02"},{"lineNumber":2,"author":{"gitId":"morbenami1"},"content":"    private String atDate;","lastModifiedDate":"2022-09-12"},{"lineNumber":3,"author":{"gitId":"morbenami1"},"content":"","lastModifiedDate":"2022-09-02"},{"lineNumber":4,"author":{"gitId":"morbenami1"},"content":"    public Event(String description, String date) {","lastModifiedDate":"2022-09-02"},{"lineNumber":5,"author":{"gitId":"morbenami1"},"content":"        super(description);","lastModifiedDate":"2022-09-02"},{"lineNumber":6,"author":{"gitId":"morbenami1"},"content":"        this.atDate \u003d date;","lastModifiedDate":"2022-09-12"},{"lineNumber":7,"author":{"gitId":"morbenami1"},"content":"    }","lastModifiedDate":"2022-09-02"},{"lineNumber":8,"author":{"gitId":"morbenami1"},"content":"","lastModifiedDate":"2022-09-02"},{"lineNumber":9,"author":{"gitId":"morbenami1"},"content":"    @Override","lastModifiedDate":"2022-09-02"},{"lineNumber":10,"author":{"gitId":"morbenami1"},"content":"    public String toString() {","lastModifiedDate":"2022-09-02"},{"lineNumber":11,"author":{"gitId":"morbenami1"},"content":"        return \"[E][\" + getIsDoneMarking() + \"] \" + getDescription() + \" (at: \" + atDate + \")\";","lastModifiedDate":"2022-09-12"},{"lineNumber":12,"author":{"gitId":"morbenami1"},"content":"    }","lastModifiedDate":"2022-09-02"},{"lineNumber":13,"author":{"gitId":"morbenami1"},"content":"","lastModifiedDate":"2022-09-02"},{"lineNumber":14,"author":{"gitId":"morbenami1"},"content":"}","lastModifiedDate":"2022-09-02"}],"authorContributionMap":{"morbenami1":14}},{"path":"src/main/java/List.java","fileType":"java","lines":[{"lineNumber":1,"author":{"gitId":"morbenami1"},"content":"public class List {","lastModifiedDate":"2022-08-29"},{"lineNumber":2,"author":{"gitId":"morbenami1"},"content":"    public static final int arraySize \u003d 100;","lastModifiedDate":"2022-09-12"},{"lineNumber":3,"author":{"gitId":"morbenami1"},"content":"    private static int amountOfItems \u003d 0;","lastModifiedDate":"2022-08-29"},{"lineNumber":4,"author":{"gitId":"morbenami1"},"content":"    private static Task[] tasks;","lastModifiedDate":"2022-09-02"},{"lineNumber":5,"author":{"gitId":"morbenami1"},"content":"    public static final String deadline \u003d \"deadline\";","lastModifiedDate":"2022-09-12"},{"lineNumber":6,"author":{"gitId":"morbenami1"},"content":"    public static final String todo \u003d \"todo\";","lastModifiedDate":"2022-09-12"},{"lineNumber":7,"author":{"gitId":"morbenami1"},"content":"    public static final String event \u003d \"event\";","lastModifiedDate":"2022-09-12"},{"lineNumber":8,"author":{"gitId":"morbenami1"},"content":"    public static final String by \u003d \" /by \";","lastModifiedDate":"2022-09-12"},{"lineNumber":9,"author":{"gitId":"morbenami1"},"content":"    public static final String at \u003d \" /at \";","lastModifiedDate":"2022-09-12"},{"lineNumber":10,"author":{"gitId":"morbenami1"},"content":"    public static final String space \u003d \" \";","lastModifiedDate":"2022-09-12"},{"lineNumber":11,"author":{"gitId":"morbenami1"},"content":"","lastModifiedDate":"2022-08-29"},{"lineNumber":12,"author":{"gitId":"morbenami1"},"content":"    public List() {","lastModifiedDate":"2022-08-29"},{"lineNumber":13,"author":{"gitId":"morbenami1"},"content":"        tasks \u003d new Task[arraySize];","lastModifiedDate":"2022-09-12"},{"lineNumber":14,"author":{"gitId":"morbenami1"},"content":"    }","lastModifiedDate":"2022-08-29"},{"lineNumber":15,"author":{"gitId":"morbenami1"},"content":"","lastModifiedDate":"2022-08-29"},{"lineNumber":16,"author":{"gitId":"morbenami1"},"content":"    public int getListSize() {","lastModifiedDate":"2022-08-29"},{"lineNumber":17,"author":{"gitId":"morbenami1"},"content":"        return amountOfItems;","lastModifiedDate":"2022-08-29"},{"lineNumber":18,"author":{"gitId":"morbenami1"},"content":"    }","lastModifiedDate":"2022-08-29"},{"lineNumber":19,"author":{"gitId":"morbenami1"},"content":"","lastModifiedDate":"2022-08-29"},{"lineNumber":20,"author":{"gitId":"morbenami1"},"content":"    public void addTask(String input) {","lastModifiedDate":"2022-09-02"},{"lineNumber":21,"author":{"gitId":"morbenami1"},"content":"        try{","lastModifiedDate":"2022-09-12"},{"lineNumber":22,"author":{"gitId":"morbenami1"},"content":"            translateTask(input);","lastModifiedDate":"2022-09-12"},{"lineNumber":23,"author":{"gitId":"morbenami1"},"content":"            printTaskAdd();","lastModifiedDate":"2022-09-12"},{"lineNumber":24,"author":{"gitId":"morbenami1"},"content":"        } catch (DukeException e){","lastModifiedDate":"2022-09-12"},{"lineNumber":25,"author":{"gitId":"morbenami1"},"content":"            Message.printError();","lastModifiedDate":"2022-09-12"},{"lineNumber":26,"author":{"gitId":"morbenami1"},"content":"        }","lastModifiedDate":"2022-09-02"},{"lineNumber":27,"author":{"gitId":"morbenami1"},"content":"    }","lastModifiedDate":"2022-08-29"},{"lineNumber":28,"author":{"gitId":"morbenami1"},"content":"","lastModifiedDate":"2022-08-29"},{"lineNumber":29,"author":{"gitId":"morbenami1"},"content":"    public void printingList() {","lastModifiedDate":"2022-08-29"},{"lineNumber":30,"author":{"gitId":"morbenami1"},"content":"        Message.printHorizontalLine();","lastModifiedDate":"2022-09-12"},{"lineNumber":31,"author":{"gitId":"morbenami1"},"content":"        System.out.println(\"Here are the tasks in your list:\");","lastModifiedDate":"2022-09-02"},{"lineNumber":32,"author":{"gitId":"morbenami1"},"content":"        for (int i \u003d 0; i \u003c amountOfItems; i++) {","lastModifiedDate":"2022-09-02"},{"lineNumber":33,"author":{"gitId":"morbenami1"},"content":"            System.out.print(i + 1 + \". \");","lastModifiedDate":"2022-09-02"},{"lineNumber":34,"author":{"gitId":"morbenami1"},"content":"            System.out.println(tasks[i]);","lastModifiedDate":"2022-09-02"},{"lineNumber":35,"author":{"gitId":"morbenami1"},"content":"        }","lastModifiedDate":"2022-08-29"},{"lineNumber":36,"author":{"gitId":"morbenami1"},"content":"        Message.printHorizontalLine();","lastModifiedDate":"2022-09-12"},{"lineNumber":37,"author":{"gitId":"morbenami1"},"content":"    }","lastModifiedDate":"2022-08-29"},{"lineNumber":38,"author":{"gitId":"morbenami1"},"content":"","lastModifiedDate":"2022-08-29"},{"lineNumber":39,"author":{"gitId":"morbenami1"},"content":"    public void markItemDone(int i) {","lastModifiedDate":"2022-09-12"},{"lineNumber":40,"author":{"gitId":"morbenami1"},"content":"        tasks[i - 1].markDone();","lastModifiedDate":"2022-09-02"},{"lineNumber":41,"author":{"gitId":"morbenami1"},"content":"    }","lastModifiedDate":"2022-08-29"},{"lineNumber":42,"author":{"gitId":"morbenami1"},"content":"","lastModifiedDate":"2022-08-29"},{"lineNumber":43,"author":{"gitId":"morbenami1"},"content":"    public void unmarkItemDone(int i) {","lastModifiedDate":"2022-09-12"},{"lineNumber":44,"author":{"gitId":"morbenami1"},"content":"        tasks[i - 1].unmarkDone();","lastModifiedDate":"2022-09-02"},{"lineNumber":45,"author":{"gitId":"morbenami1"},"content":"    }","lastModifiedDate":"2022-08-29"},{"lineNumber":46,"author":{"gitId":"morbenami1"},"content":"","lastModifiedDate":"2022-08-29"},{"lineNumber":47,"author":{"gitId":"morbenami1"},"content":"    public void translateTask(String input) throws DukeException {","lastModifiedDate":"2022-09-12"},{"lineNumber":48,"author":{"gitId":"morbenami1"},"content":"        String[] divideByFirstSpace \u003d input.split(space, 2);","lastModifiedDate":"2022-09-12"},{"lineNumber":49,"author":{"gitId":"morbenami1"},"content":"        if (divideByFirstSpace.length \u003c 2 || divideByFirstSpace[1].equals(\"\")){","lastModifiedDate":"2022-09-12"},{"lineNumber":50,"author":{"gitId":"morbenami1"},"content":"            throw new DukeException();","lastModifiedDate":"2022-09-12"},{"lineNumber":51,"author":{"gitId":"morbenami1"},"content":"        }","lastModifiedDate":"2022-09-12"},{"lineNumber":52,"author":{"gitId":"morbenami1"},"content":"        switch (divideByFirstSpace[0]) {","lastModifiedDate":"2022-09-12"},{"lineNumber":53,"author":{"gitId":"morbenami1"},"content":"            case deadline: {","lastModifiedDate":"2022-09-12"},{"lineNumber":54,"author":{"gitId":"morbenami1"},"content":"                String[] details \u003d divideByFirstSpace[1].split(by);","lastModifiedDate":"2022-09-12"},{"lineNumber":55,"author":{"gitId":"morbenami1"},"content":"                tasks[amountOfItems] \u003d new Deadline(details[0], details[1]);","lastModifiedDate":"2022-09-12"},{"lineNumber":56,"author":{"gitId":"morbenami1"},"content":"                break;","lastModifiedDate":"2022-09-12"},{"lineNumber":57,"author":{"gitId":"morbenami1"},"content":"            }","lastModifiedDate":"2022-09-12"},{"lineNumber":58,"author":{"gitId":"morbenami1"},"content":"            case event: {","lastModifiedDate":"2022-09-12"},{"lineNumber":59,"author":{"gitId":"morbenami1"},"content":"                String[] details \u003d divideByFirstSpace[1].split(at);","lastModifiedDate":"2022-09-12"},{"lineNumber":60,"author":{"gitId":"morbenami1"},"content":"                tasks[amountOfItems] \u003d new Event(details[0], details[1]);","lastModifiedDate":"2022-09-12"},{"lineNumber":61,"author":{"gitId":"morbenami1"},"content":"                break;","lastModifiedDate":"2022-09-12"},{"lineNumber":62,"author":{"gitId":"morbenami1"},"content":"            }","lastModifiedDate":"2022-09-12"},{"lineNumber":63,"author":{"gitId":"morbenami1"},"content":"            case todo:","lastModifiedDate":"2022-09-12"},{"lineNumber":64,"author":{"gitId":"morbenami1"},"content":"                tasks[amountOfItems] \u003d new Todo(divideByFirstSpace[1]);","lastModifiedDate":"2022-09-12"},{"lineNumber":65,"author":{"gitId":"morbenami1"},"content":"                break;","lastModifiedDate":"2022-09-12"},{"lineNumber":66,"author":{"gitId":"morbenami1"},"content":"            default:","lastModifiedDate":"2022-09-12"},{"lineNumber":67,"author":{"gitId":"morbenami1"},"content":"                throw new DukeException();","lastModifiedDate":"2022-09-12"},{"lineNumber":68,"author":{"gitId":"morbenami1"},"content":"        }","lastModifiedDate":"2022-09-12"},{"lineNumber":69,"author":{"gitId":"morbenami1"},"content":"    }","lastModifiedDate":"2022-09-12"},{"lineNumber":70,"author":{"gitId":"morbenami1"},"content":"","lastModifiedDate":"2022-09-12"},{"lineNumber":71,"author":{"gitId":"morbenami1"},"content":"    public void printTaskAdd() {","lastModifiedDate":"2022-09-12"},{"lineNumber":72,"author":{"gitId":"morbenami1"},"content":"        Message.printHorizontalLine();","lastModifiedDate":"2022-09-12"},{"lineNumber":73,"author":{"gitId":"morbenami1"},"content":"        System.out.println(\"Got it. I\u0027ve added this task:\");","lastModifiedDate":"2022-09-12"},{"lineNumber":74,"author":{"gitId":"morbenami1"},"content":"        System.out.println(tasks[amountOfItems]);","lastModifiedDate":"2022-09-12"},{"lineNumber":75,"author":{"gitId":"morbenami1"},"content":"        System.out.println(\"Now you have \" + (amountOfItems + 1) + \" tasks in the list.\");","lastModifiedDate":"2022-09-12"},{"lineNumber":76,"author":{"gitId":"morbenami1"},"content":"        Message.printHorizontalLine();","lastModifiedDate":"2022-09-12"},{"lineNumber":77,"author":{"gitId":"morbenami1"},"content":"        amountOfItems++;","lastModifiedDate":"2022-09-12"},{"lineNumber":78,"author":{"gitId":"morbenami1"},"content":"    }","lastModifiedDate":"2022-09-12"},{"lineNumber":79,"author":{"gitId":"morbenami1"},"content":"","lastModifiedDate":"2022-08-29"},{"lineNumber":80,"author":{"gitId":"morbenami1"},"content":"}","lastModifiedDate":"2022-08-29"}],"authorContributionMap":{"morbenami1":80}},{"path":"src/main/java/Message.java","fileType":"java","lines":[{"lineNumber":1,"author":{"gitId":"morbenami1"},"content":"public class Message {","lastModifiedDate":"2022-08-29"},{"lineNumber":2,"author":{"gitId":"morbenami1"},"content":"    public static final String helloMessage \u003d \"Hello I\u0027m Duke\\n what can I do for you?\";","lastModifiedDate":"2022-09-12"},{"lineNumber":3,"author":{"gitId":"morbenami1"},"content":"    public static final String byeMessage \u003d \"Bye. Hope to see you soon\";","lastModifiedDate":"2022-09-12"},{"lineNumber":4,"author":{"gitId":"morbenami1"},"content":"","lastModifiedDate":"2022-09-12"},{"lineNumber":5,"author":{"gitId":"morbenami1"},"content":"    public static void printGreeting() {","lastModifiedDate":"2022-09-12"},{"lineNumber":6,"author":{"gitId":"morbenami1"},"content":"        printHorizontalLine();","lastModifiedDate":"2022-09-12"},{"lineNumber":7,"author":{"gitId":"morbenami1"},"content":"        System.out.println(helloMessage);","lastModifiedDate":"2022-09-12"},{"lineNumber":8,"author":{"gitId":"morbenami1"},"content":"        printHorizontalLine();","lastModifiedDate":"2022-09-12"},{"lineNumber":9,"author":{"gitId":"morbenami1"},"content":"    }","lastModifiedDate":"2022-08-29"},{"lineNumber":10,"author":{"gitId":"morbenami1"},"content":"","lastModifiedDate":"2022-08-29"},{"lineNumber":11,"author":{"gitId":"morbenami1"},"content":"    public static void printingExit() {","lastModifiedDate":"2022-08-29"},{"lineNumber":12,"author":{"gitId":"morbenami1"},"content":"        printHorizontalLine();","lastModifiedDate":"2022-09-12"},{"lineNumber":13,"author":{"gitId":"morbenami1"},"content":"        System.out.println(byeMessage);","lastModifiedDate":"2022-09-12"},{"lineNumber":14,"author":{"gitId":"morbenami1"},"content":"        printHorizontalLine();","lastModifiedDate":"2022-09-12"},{"lineNumber":15,"author":{"gitId":"morbenami1"},"content":"    }","lastModifiedDate":"2022-08-29"},{"lineNumber":16,"author":{"gitId":"morbenami1"},"content":"","lastModifiedDate":"2022-09-02"},{"lineNumber":17,"author":{"gitId":"morbenami1"},"content":"    public static void printHorizontalLine() {","lastModifiedDate":"2022-09-12"},{"lineNumber":18,"author":{"gitId":"morbenami1"},"content":"        System.out.println(\"-----------------------------------------------------------\");","lastModifiedDate":"2022-08-29"},{"lineNumber":19,"author":{"gitId":"morbenami1"},"content":"    }","lastModifiedDate":"2022-08-29"},{"lineNumber":20,"author":{"gitId":"morbenami1"},"content":"","lastModifiedDate":"2022-08-29"},{"lineNumber":21,"author":{"gitId":"morbenami1"},"content":"    public static void printHorizontalErrorLine() {","lastModifiedDate":"2022-09-12"},{"lineNumber":22,"author":{"gitId":"morbenami1"},"content":"        System.out.println(\"!                                                         !\");","lastModifiedDate":"2022-09-12"},{"lineNumber":23,"author":{"gitId":"morbenami1"},"content":"    }","lastModifiedDate":"2022-09-12"},{"lineNumber":24,"author":{"gitId":"morbenami1"},"content":"","lastModifiedDate":"2022-09-12"},{"lineNumber":25,"author":{"gitId":"morbenami1"},"content":"","lastModifiedDate":"2022-09-12"},{"lineNumber":26,"author":{"gitId":"morbenami1"},"content":"","lastModifiedDate":"2022-09-12"},{"lineNumber":27,"author":{"gitId":"morbenami1"},"content":"    public static void printError(){","lastModifiedDate":"2022-09-12"},{"lineNumber":28,"author":{"gitId":"morbenami1"},"content":"        printHorizontalErrorLine();","lastModifiedDate":"2022-09-12"},{"lineNumber":29,"author":{"gitId":"morbenami1"},"content":"        System.out.println(\"Invalid input, enter again in a correct format\");","lastModifiedDate":"2022-09-12"},{"lineNumber":30,"author":{"gitId":"morbenami1"},"content":"        printHorizontalErrorLine();","lastModifiedDate":"2022-09-12"},{"lineNumber":31,"author":{"gitId":"morbenami1"},"content":"    }","lastModifiedDate":"2022-08-29"},{"lineNumber":32,"author":{"gitId":"morbenami1"},"content":"","lastModifiedDate":"2022-08-29"},{"lineNumber":33,"author":{"gitId":"morbenami1"},"content":"","lastModifiedDate":"2022-09-12"},{"lineNumber":34,"author":{"gitId":"morbenami1"},"content":"}","lastModifiedDate":"2022-08-29"}],"authorContributionMap":{"morbenami1":34}},{"path":"src/main/java/Task.java","fileType":"java","lines":[{"lineNumber":1,"author":{"gitId":"morbenami1"},"content":"public class Task {","lastModifiedDate":"2022-09-02"},{"lineNumber":2,"author":{"gitId":"morbenami1"},"content":"    private String description;","lastModifiedDate":"2022-09-02"},{"lineNumber":3,"author":{"gitId":"morbenami1"},"content":"    private boolean isDone;","lastModifiedDate":"2022-09-12"},{"lineNumber":4,"author":{"gitId":"morbenami1"},"content":"","lastModifiedDate":"2022-09-02"},{"lineNumber":5,"author":{"gitId":"morbenami1"},"content":"    public Task(String description) {","lastModifiedDate":"2022-09-02"},{"lineNumber":6,"author":{"gitId":"morbenami1"},"content":"        this.description \u003d description;","lastModifiedDate":"2022-09-02"},{"lineNumber":7,"author":{"gitId":"morbenami1"},"content":"        isDone \u003d false;","lastModifiedDate":"2022-09-12"},{"lineNumber":8,"author":{"gitId":"morbenami1"},"content":"    }","lastModifiedDate":"2022-09-02"},{"lineNumber":9,"author":{"gitId":"morbenami1"},"content":"","lastModifiedDate":"2022-09-02"},{"lineNumber":10,"author":{"gitId":"morbenami1"},"content":"    public void markDone() {","lastModifiedDate":"2022-09-02"},{"lineNumber":11,"author":{"gitId":"morbenami1"},"content":"        System.out.println(\"Nice! I\u0027ve marked this task as done:\");","lastModifiedDate":"2022-09-02"},{"lineNumber":12,"author":{"gitId":"morbenami1"},"content":"        isDone \u003d true;","lastModifiedDate":"2022-09-12"},{"lineNumber":13,"author":{"gitId":"morbenami1"},"content":"        System.out.println(\" [X] \" + description);","lastModifiedDate":"2022-09-02"},{"lineNumber":14,"author":{"gitId":"morbenami1"},"content":"    }","lastModifiedDate":"2022-09-02"},{"lineNumber":15,"author":{"gitId":"morbenami1"},"content":"","lastModifiedDate":"2022-09-02"},{"lineNumber":16,"author":{"gitId":"morbenami1"},"content":"    public void unmarkDone() {","lastModifiedDate":"2022-09-02"},{"lineNumber":17,"author":{"gitId":"morbenami1"},"content":"        System.out.println(\" OK, I\u0027ve marked this task as not done yet:\");","lastModifiedDate":"2022-09-02"},{"lineNumber":18,"author":{"gitId":"morbenami1"},"content":"        isDone \u003d false;","lastModifiedDate":"2022-09-12"},{"lineNumber":19,"author":{"gitId":"morbenami1"},"content":"        System.out.println(\" [ ] \" + description);","lastModifiedDate":"2022-09-12"},{"lineNumber":20,"author":{"gitId":"morbenami1"},"content":"    }","lastModifiedDate":"2022-09-02"},{"lineNumber":21,"author":{"gitId":"morbenami1"},"content":"","lastModifiedDate":"2022-09-02"},{"lineNumber":22,"author":{"gitId":"morbenami1"},"content":"    public String getIsDoneMarking() {","lastModifiedDate":"2022-09-12"},{"lineNumber":23,"author":{"gitId":"morbenami1"},"content":"        if (isDone) {","lastModifiedDate":"2022-09-12"},{"lineNumber":24,"author":{"gitId":"morbenami1"},"content":"            return \"X\";","lastModifiedDate":"2022-09-02"},{"lineNumber":25,"author":{"gitId":"morbenami1"},"content":"        }","lastModifiedDate":"2022-09-02"},{"lineNumber":26,"author":{"gitId":"morbenami1"},"content":"        return \" \";","lastModifiedDate":"2022-09-02"},{"lineNumber":27,"author":{"gitId":"morbenami1"},"content":"    }","lastModifiedDate":"2022-09-02"},{"lineNumber":28,"author":{"gitId":"morbenami1"},"content":"","lastModifiedDate":"2022-09-02"},{"lineNumber":29,"author":{"gitId":"morbenami1"},"content":"    public String getDescription() {","lastModifiedDate":"2022-09-02"},{"lineNumber":30,"author":{"gitId":"morbenami1"},"content":"        return description;","lastModifiedDate":"2022-09-02"},{"lineNumber":31,"author":{"gitId":"morbenami1"},"content":"    }","lastModifiedDate":"2022-09-02"},{"lineNumber":32,"author":{"gitId":"morbenami1"},"content":"","lastModifiedDate":"2022-09-02"},{"lineNumber":33,"author":{"gitId":"morbenami1"},"content":"    public void setDescription(String description) {","lastModifiedDate":"2022-09-12"},{"lineNumber":34,"author":{"gitId":"morbenami1"},"content":"        this.description \u003d description;","lastModifiedDate":"2022-09-12"},{"lineNumber":35,"author":{"gitId":"morbenami1"},"content":"    }","lastModifiedDate":"2022-09-12"},{"lineNumber":36,"author":{"gitId":"morbenami1"},"content":"","lastModifiedDate":"2022-09-12"},{"lineNumber":37,"author":{"gitId":"morbenami1"},"content":"}","lastModifiedDate":"2022-09-02"}],"authorContributionMap":{"morbenami1":37}},{"path":"src/main/java/Todo.java","fileType":"java","lines":[{"lineNumber":1,"author":{"gitId":"morbenami1"},"content":"public class Todo extends Task {","lastModifiedDate":"2022-09-02"},{"lineNumber":2,"author":{"gitId":"morbenami1"},"content":"    public Todo(String description) {","lastModifiedDate":"2022-09-02"},{"lineNumber":3,"author":{"gitId":"morbenami1"},"content":"        super(description);","lastModifiedDate":"2022-09-02"},{"lineNumber":4,"author":{"gitId":"morbenami1"},"content":"    }","lastModifiedDate":"2022-09-02"},{"lineNumber":5,"author":{"gitId":"morbenami1"},"content":"","lastModifiedDate":"2022-09-02"},{"lineNumber":6,"author":{"gitId":"morbenami1"},"content":"    @Override","lastModifiedDate":"2022-09-02"},{"lineNumber":7,"author":{"gitId":"morbenami1"},"content":"    public String toString() {","lastModifiedDate":"2022-09-02"},{"lineNumber":8,"author":{"gitId":"morbenami1"},"content":"        return \"[T][\" + getIsDoneMarking() + \"] \" + getDescription();","lastModifiedDate":"2022-09-12"},{"lineNumber":9,"author":{"gitId":"morbenami1"},"content":"    }","lastModifiedDate":"2022-09-02"},{"lineNumber":10,"author":{"gitId":"morbenami1"},"content":"}","lastModifiedDate":"2022-09-02"}],"authorContributionMap":{"morbenami1":10}}]
