[{"path":"src/main/java/Duke.java","fileType":"java","lines":[{"lineNumber":1,"author":{"gitId":"-"},"content":"public class Duke {","lastModifiedDate":"2019-07-29"},{"lineNumber":2,"author":{"gitId":"-"},"content":"    public static void main(String[] args) {","lastModifiedDate":"2019-07-29"},{"lineNumber":3,"author":{"gitId":"-"},"content":"        String logo \u003d \" ____        _        \\n\"","lastModifiedDate":"2019-07-29"},{"lineNumber":4,"author":{"gitId":"-"},"content":"                + \"|  _ \\\\ _   _| | _____ \\n\"","lastModifiedDate":"2019-07-29"},{"lineNumber":5,"author":{"gitId":"-"},"content":"                + \"| | | | | | | |/ / _ \\\\\\n\"","lastModifiedDate":"2019-07-29"},{"lineNumber":6,"author":{"gitId":"-"},"content":"                + \"| |_| | |_| |   \u003c  __/\\n\"","lastModifiedDate":"2019-07-29"},{"lineNumber":7,"author":{"gitId":"-"},"content":"                + \"|____/ \\\\__,_|_|\\\\_\\\\___|\\n\";","lastModifiedDate":"2019-07-29"},{"lineNumber":8,"author":{"gitId":"-"},"content":"        System.out.println(\"Hello from\\n\" + logo);","lastModifiedDate":"2019-07-29"},{"lineNumber":9,"author":{"gitId":"morbenami1"},"content":"        PrintHorizontalLine();","lastModifiedDate":"2022-08-27"},{"lineNumber":10,"author":{"gitId":"morbenami1"},"content":"        PrintGreeting();","lastModifiedDate":"2022-08-27"},{"lineNumber":11,"author":{"gitId":"morbenami1"},"content":"        PrintHorizontalLine();","lastModifiedDate":"2022-08-27"},{"lineNumber":12,"author":{"gitId":"morbenami1"},"content":"        PrintExit();","lastModifiedDate":"2022-08-27"},{"lineNumber":13,"author":{"gitId":"morbenami1"},"content":"        PrintHorizontalLine();","lastModifiedDate":"2022-08-27"},{"lineNumber":14,"author":{"gitId":"morbenami1"},"content":"    }","lastModifiedDate":"2022-08-27"},{"lineNumber":15,"author":{"gitId":"morbenami1"},"content":"","lastModifiedDate":"2022-08-27"},{"lineNumber":16,"author":{"gitId":"morbenami1"},"content":"    public static void PrintGreeting(){","lastModifiedDate":"2022-08-27"},{"lineNumber":17,"author":{"gitId":"morbenami1"},"content":"        System.out.println(\"Hello I\u0027m Duke\");","lastModifiedDate":"2022-08-27"},{"lineNumber":18,"author":{"gitId":"morbenami1"},"content":"        System.out.println(\"Hello what can I do for you?\");","lastModifiedDate":"2022-08-27"},{"lineNumber":19,"author":{"gitId":"morbenami1"},"content":"    }","lastModifiedDate":"2022-08-27"},{"lineNumber":20,"author":{"gitId":"morbenami1"},"content":"","lastModifiedDate":"2022-08-27"},{"lineNumber":21,"author":{"gitId":"morbenami1"},"content":"    public static void PrintExit(){","lastModifiedDate":"2022-08-27"},{"lineNumber":22,"author":{"gitId":"morbenami1"},"content":"        System.out.println(\"Bye. Hope to see you soon\");","lastModifiedDate":"2022-08-27"},{"lineNumber":23,"author":{"gitId":"morbenami1"},"content":"    }","lastModifiedDate":"2022-08-27"},{"lineNumber":24,"author":{"gitId":"morbenami1"},"content":"    public static void PrintHorizontalLine(){","lastModifiedDate":"2022-08-27"},{"lineNumber":25,"author":{"gitId":"morbenami1"},"content":"        System.out.println(\"-----------------------------------------------------------\");","lastModifiedDate":"2022-08-27"},{"lineNumber":26,"author":{"gitId":"-"},"content":"    }","lastModifiedDate":"2019-07-29"},{"lineNumber":27,"author":{"gitId":"-"},"content":"}","lastModifiedDate":"2019-07-29"}],"authorContributionMap":{"morbenami1":17,"-":10}}]
