{"authorDailyContributionsMap":{"morbenami1":[{"date":"2022-08-27","commitResults":[{"hash":"3936521dbc05daa181e48ef474726fba20e2ca1f","messageTitle":"Level-0","messageBody":"","tags":["Level-0"],"fileTypesAndContributionMap":{"java":{"insertions":17,"deletions":0}}}]},{"date":"2022-08-29","commitResults":[{"hash":"244177758b2aa7847c1913dfce3dff44219ff175","messageTitle":"Level 1","messageBody":"","tags":["Level-1"],"fileTypesAndContributionMap":{"java":{"insertions":35,"deletions":14}}},{"hash":"d9d4dd183d792dd2ff3b74a16973979d0b44f272","messageTitle":"Level-1","messageBody":"","fileTypesAndContributionMap":{"java":{"insertions":1,"deletions":0}}},{"hash":"457aa97fa44f2d27fb3f9d5534fd4b54c22d008e","messageTitle":"Level-2","messageBody":"","tags":["Level_1","Level-2"],"fileTypesAndContributionMap":{"java":{"insertions":47,"deletions":1}}},{"hash":"9a931524d50e865559f6db1af5564ecfbe11d0d2","messageTitle":"Level-3","messageBody":"","tags":["Level-3"],"fileTypesAndContributionMap":{"java":{"insertions":34,"deletions":8}}}]},{"date":"2022-09-02","commitResults":[{"hash":"663e04a34056e1612f943855e50caf1379a7cf63","messageTitle":"level 4 - todo, deadline and event","messageBody":"","fileTypesAndContributionMap":{"java":{"insertions":17,"deletions":0}}},{"hash":"ebce00b0e23c92131eb6f84d54792c815b73ee59","messageTitle":"level 4 - added deadline, todo and event","messageBody":"","tags":["Level-4"],"fileTypesAndContributionMap":{"java":{"insertions":109,"deletions":50}}}]},{"date":"2022-09-12","commitResults":[{"hash":"9b10885e145af75e9fa89b0b2b5ea77b85592956","messageTitle":"Level-5","messageBody":"","tags":["Level-5"],"fileTypesAndContributionMap":{"java":{"insertions":148,"deletions":74}}}]},{"date":"2022-09-13","commitResults":[{"hash":"fa0a0b70b4cdd33c33b99d212b16888c4c861aa0","messageTitle":"A-Packages","messageBody":"","fileTypesAndContributionMap":{"java":{"insertions":11,"deletions":12}}},{"hash":"301440329da14b456a111770f5f465503ad5a14f","messageTitle":"A-Packages","messageBody":"","fileTypesAndContributionMap":{"java":{"insertions":16,"deletions":8}}}]},{"date":"2022-09-15","commitResults":[{"hash":"a75f0e9d3693902c638356a9dfeaaf477b7290a4","messageTitle":"delete added","messageBody":"","tags":["Level-6"],"fileTypesAndContributionMap":{"java":{"insertions":40,"deletions":15}}}]},{"date":"2022-09-17","commitResults":[{"hash":"384558f84bd079ced8c92d8907132d403244d6d7","messageTitle":"file(level-7)","messageBody":"","tags":["Level-7"],"fileTypesAndContributionMap":{"txt":{"insertions":4,"deletions":0},"java":{"insertions":216,"deletions":20}}},{"hash":"1863a24d2dd9bc991db9b9840682635f74143865","messageTitle":"Merge level-6","messageBody":"","fileTypesAndContributionMap":{"java":{"insertions":3,"deletions":3}}},{"hash":"cc20b63c8d9750e4717e406674a711964b6d05e0","messageTitle":"merge start","messageBody":"","fileTypesAndContributionMap":{"java":{"insertions":15,"deletions":22}}},{"hash":"96e1a6ac994bd98f910405a0e35fa40d01d100ff","messageTitle":"delete added","messageBody":"","fileTypesAndContributionMap":{"java":{"insertions":9,"deletions":0}}},{"hash":"ffefb0f7d3a7373225280094645ee583861b700f","messageTitle":"level 6 and level 7","messageBody":"","fileTypesAndContributionMap":{"txt":{"insertions":1,"deletions":1},"java":{"insertions":6,"deletions":0}}}]},{"date":"2022-09-28","commitResults":[{"hash":"62c739fb9e01be0998841dfe580ebe442bfa7b7d","messageTitle":"A-MoreOOP","messageBody":"","tags":["A-MoreOOP"],"fileTypesAndContributionMap":{"txt":{"insertions":2,"deletions":4},"java":{"insertions":139,"deletions":111}}}]}]},"authorFileTypeContributionMap":{"morbenami1":{"java":516,"md":0,"fxml":0,"sh":0,"bat":0,"gradle":0,"txt":2}},"authorContributionVariance":{"morbenami1":4797.1963},"authorDisplayNameMap":{"morbenami1":"CS2113-F11-4 BEN .. MOR"}}
