{"authorDailyContributionsMap":{"morbenami1":[{"date":"2022-08-27","commitResults":[{"hash":"3936521dbc05daa181e48ef474726fba20e2ca1f","messageTitle":"Level-0","messageBody":"","tags":["Level-0"],"fileTypesAndContributionMap":{"java":{"insertions":17,"deletions":0}}}]},{"date":"2022-08-29","commitResults":[{"hash":"244177758b2aa7847c1913dfce3dff44219ff175","messageTitle":"Level 1","messageBody":"","tags":["Level-1"],"fileTypesAndContributionMap":{"java":{"insertions":35,"deletions":14}}},{"hash":"d9d4dd183d792dd2ff3b74a16973979d0b44f272","messageTitle":"Level-1","messageBody":"","fileTypesAndContributionMap":{"java":{"insertions":1,"deletions":0}}},{"hash":"457aa97fa44f2d27fb3f9d5534fd4b54c22d008e","messageTitle":"Level-2","messageBody":"","tags":["Level_1","Level-2"],"fileTypesAndContributionMap":{"java":{"insertions":47,"deletions":1}}},{"hash":"9a931524d50e865559f6db1af5564ecfbe11d0d2","messageTitle":"Level-3","messageBody":"","tags":["Level-3"],"fileTypesAndContributionMap":{"java":{"insertions":34,"deletions":8}}}]},{"date":"2022-09-02","commitResults":[{"hash":"663e04a34056e1612f943855e50caf1379a7cf63","messageTitle":"level 4 - todo, deadline and event","messageBody":"","fileTypesAndContributionMap":{"java":{"insertions":17,"deletions":0}}},{"hash":"ebce00b0e23c92131eb6f84d54792c815b73ee59","messageTitle":"level 4 - added deadline, todo and event","messageBody":"","tags":["Level-4"],"fileTypesAndContributionMap":{"java":{"insertions":109,"deletions":50}}}]},{"date":"2022-09-12","commitResults":[{"hash":"9b10885e145af75e9fa89b0b2b5ea77b85592956","messageTitle":"Level-5","messageBody":"","fileTypesAndContributionMap":{"java":{"insertions":148,"deletions":74}}}]}]},"authorFileTypeContributionMap":{"morbenami1":{"java":260,"md":0,"fxml":0,"sh":0,"bat":0,"gradle":0,"txt":0}},"authorContributionVariance":{"morbenami1":2828.8503},"authorDisplayNameMap":{"morbenami1":"CS2113-F11-4 BEN .. MOR"}}
