[{"path":"src/main/java/duke/Duke.java","fileType":"java","lines":[{"lineNumber":1,"author":{"gitId":"chiewyx"},"content":"package duke;","lastModifiedDate":"2022-09-06"},{"lineNumber":2,"author":{"gitId":"chiewyx"},"content":"","lastModifiedDate":"2022-09-06"},{"lineNumber":3,"author":{"gitId":"chiewyx"},"content":"import duke.parser.Parser;","lastModifiedDate":"2022-09-18"},{"lineNumber":4,"author":{"gitId":"chiewyx"},"content":"import duke.storage.Storage;","lastModifiedDate":"2022-09-13"},{"lineNumber":5,"author":{"gitId":"chiewyx"},"content":"import duke.task.TaskList;","lastModifiedDate":"2022-09-13"},{"lineNumber":6,"author":{"gitId":"chiewyx"},"content":"import duke.ui.Ui;","lastModifiedDate":"2022-09-18"},{"lineNumber":7,"author":{"gitId":"chiewyx"},"content":"","lastModifiedDate":"2022-09-06"},{"lineNumber":8,"author":{"gitId":"chiewyx"},"content":"import java.io.FileNotFoundException;","lastModifiedDate":"2022-09-13"},{"lineNumber":9,"author":{"gitId":"chiewyx"},"content":"","lastModifiedDate":"2022-08-25"},{"lineNumber":10,"author":{"gitId":"-"},"content":"public class Duke {","lastModifiedDate":"2019-07-29"},{"lineNumber":11,"author":{"gitId":"chiewyx"},"content":"","lastModifiedDate":"2022-09-01"},{"lineNumber":12,"author":{"gitId":"chiewyx"},"content":"    private final Storage storage;","lastModifiedDate":"2022-09-18"},{"lineNumber":13,"author":{"gitId":"chiewyx"},"content":"    private TaskList tasks;","lastModifiedDate":"2022-09-18"},{"lineNumber":14,"author":{"gitId":"chiewyx"},"content":"    private final Ui ui;","lastModifiedDate":"2022-09-18"},{"lineNumber":15,"author":{"gitId":"chiewyx"},"content":"","lastModifiedDate":"2022-08-25"},{"lineNumber":16,"author":{"gitId":"chiewyx"},"content":"    public Duke(String filePath) {","lastModifiedDate":"2022-09-18"},{"lineNumber":17,"author":{"gitId":"chiewyx"},"content":"        ui \u003d new Ui();","lastModifiedDate":"2022-09-18"},{"lineNumber":18,"author":{"gitId":"chiewyx"},"content":"        storage \u003d new Storage(filePath);","lastModifiedDate":"2022-09-18"},{"lineNumber":19,"author":{"gitId":"chiewyx"},"content":"        try {","lastModifiedDate":"2022-09-13"},{"lineNumber":20,"author":{"gitId":"chiewyx"},"content":"            tasks \u003d new TaskList(storage.readFile());","lastModifiedDate":"2022-09-13"},{"lineNumber":21,"author":{"gitId":"chiewyx"},"content":"        } catch (FileNotFoundException e) {","lastModifiedDate":"2022-09-13"},{"lineNumber":22,"author":{"gitId":"chiewyx"},"content":"            tasks \u003d new TaskList();","lastModifiedDate":"2022-09-13"},{"lineNumber":23,"author":{"gitId":"chiewyx"},"content":"        }","lastModifiedDate":"2022-09-13"},{"lineNumber":24,"author":{"gitId":"chiewyx"},"content":"    }","lastModifiedDate":"2022-09-13"},{"lineNumber":25,"author":{"gitId":"chiewyx"},"content":"","lastModifiedDate":"2022-09-18"},{"lineNumber":26,"author":{"gitId":"chiewyx"},"content":"    public void run() {","lastModifiedDate":"2022-09-18"},{"lineNumber":27,"author":{"gitId":"chiewyx"},"content":"        ui.printGreeting();","lastModifiedDate":"2022-09-18"},{"lineNumber":28,"author":{"gitId":"chiewyx"},"content":"        boolean isRun \u003d true;","lastModifiedDate":"2022-09-18"},{"lineNumber":29,"author":{"gitId":"chiewyx"},"content":"        while (isRun) {","lastModifiedDate":"2022-09-18"},{"lineNumber":30,"author":{"gitId":"chiewyx"},"content":"            String line \u003d ui.readCommand();","lastModifiedDate":"2022-09-18"},{"lineNumber":31,"author":{"gitId":"chiewyx"},"content":"            Parser parser \u003d new Parser(tasks, line, ui, storage);","lastModifiedDate":"2022-09-18"},{"lineNumber":32,"author":{"gitId":"chiewyx"},"content":"            isRun \u003d parser.handleCommand();","lastModifiedDate":"2022-09-18"},{"lineNumber":33,"author":{"gitId":"chiewyx"},"content":"        }","lastModifiedDate":"2022-09-13"},{"lineNumber":34,"author":{"gitId":"chiewyx"},"content":"    }","lastModifiedDate":"2022-08-25"},{"lineNumber":35,"author":{"gitId":"chiewyx"},"content":"","lastModifiedDate":"2022-09-18"},{"lineNumber":36,"author":{"gitId":"chiewyx"},"content":"    public static void main(String[] args) {","lastModifiedDate":"2022-09-18"},{"lineNumber":37,"author":{"gitId":"chiewyx"},"content":"        new Duke(\"./data/duke.txt\").run();","lastModifiedDate":"2022-09-18"},{"lineNumber":38,"author":{"gitId":"-"},"content":"    }","lastModifiedDate":"2019-07-29"},{"lineNumber":39,"author":{"gitId":"-"},"content":"}","lastModifiedDate":"2019-07-29"}],"authorContributionMap":{"chiewyx":36,"-":3}},{"path":"src/main/java/duke/DukeException.java","fileType":"java","lines":[{"lineNumber":1,"author":{"gitId":"chiewyx"},"content":"package duke;","lastModifiedDate":"2022-09-06"},{"lineNumber":2,"author":{"gitId":"chiewyx"},"content":"","lastModifiedDate":"2022-09-06"},{"lineNumber":3,"author":{"gitId":"chiewyx"},"content":"public class DukeException extends Exception {","lastModifiedDate":"2022-09-05"},{"lineNumber":4,"author":{"gitId":"chiewyx"},"content":"}","lastModifiedDate":"2022-09-05"}],"authorContributionMap":{"chiewyx":4}},{"path":"src/main/java/duke/parser/Parser.java","fileType":"java","lines":[{"lineNumber":1,"author":{"gitId":"chiewyx"},"content":"package duke.parser;","lastModifiedDate":"2022-09-18"},{"lineNumber":2,"author":{"gitId":"chiewyx"},"content":"","lastModifiedDate":"2022-09-18"},{"lineNumber":3,"author":{"gitId":"chiewyx"},"content":"import duke.DukeException;","lastModifiedDate":"2022-09-18"},{"lineNumber":4,"author":{"gitId":"chiewyx"},"content":"import duke.storage.Storage;","lastModifiedDate":"2022-09-18"},{"lineNumber":5,"author":{"gitId":"chiewyx"},"content":"import duke.task.*;","lastModifiedDate":"2022-09-18"},{"lineNumber":6,"author":{"gitId":"chiewyx"},"content":"import duke.ui.Ui;","lastModifiedDate":"2022-09-18"},{"lineNumber":7,"author":{"gitId":"chiewyx"},"content":"","lastModifiedDate":"2022-09-18"},{"lineNumber":8,"author":{"gitId":"chiewyx"},"content":"import java.io.IOException;","lastModifiedDate":"2022-09-18"},{"lineNumber":9,"author":{"gitId":"chiewyx"},"content":"","lastModifiedDate":"2022-09-18"},{"lineNumber":10,"author":{"gitId":"chiewyx"},"content":"public class Parser {","lastModifiedDate":"2022-09-18"},{"lineNumber":11,"author":{"gitId":"chiewyx"},"content":"","lastModifiedDate":"2022-09-18"},{"lineNumber":12,"author":{"gitId":"chiewyx"},"content":"    private static final String TODO \u003d \"todo\";","lastModifiedDate":"2022-09-18"},{"lineNumber":13,"author":{"gitId":"chiewyx"},"content":"    private static final String DEADLINE \u003d \"deadline\";","lastModifiedDate":"2022-09-18"},{"lineNumber":14,"author":{"gitId":"chiewyx"},"content":"    private static final String EVENT \u003d \"event\";","lastModifiedDate":"2022-09-18"},{"lineNumber":15,"author":{"gitId":"chiewyx"},"content":"    private static final String MARK \u003d \"mark\";","lastModifiedDate":"2022-09-18"},{"lineNumber":16,"author":{"gitId":"chiewyx"},"content":"    private static final String UNMARK \u003d \"unmark\";","lastModifiedDate":"2022-09-18"},{"lineNumber":17,"author":{"gitId":"chiewyx"},"content":"    private static final String DELETE \u003d \"delete\";","lastModifiedDate":"2022-09-18"},{"lineNumber":18,"author":{"gitId":"chiewyx"},"content":"","lastModifiedDate":"2022-09-18"},{"lineNumber":19,"author":{"gitId":"chiewyx"},"content":"    private static final String LIST \u003d \"list\";","lastModifiedDate":"2022-09-18"},{"lineNumber":20,"author":{"gitId":"chiewyx"},"content":"    private static final String BYE \u003d \"bye\";","lastModifiedDate":"2022-09-18"},{"lineNumber":21,"author":{"gitId":"chiewyx"},"content":"    private final TaskList tasks;","lastModifiedDate":"2022-09-18"},{"lineNumber":22,"author":{"gitId":"chiewyx"},"content":"    private final String input;","lastModifiedDate":"2022-09-18"},{"lineNumber":23,"author":{"gitId":"chiewyx"},"content":"    private final Ui ui;","lastModifiedDate":"2022-09-18"},{"lineNumber":24,"author":{"gitId":"chiewyx"},"content":"    private final Storage storage;","lastModifiedDate":"2022-09-18"},{"lineNumber":25,"author":{"gitId":"chiewyx"},"content":"","lastModifiedDate":"2022-09-18"},{"lineNumber":26,"author":{"gitId":"chiewyx"},"content":"    public Parser(TaskList tasks, String input, Ui ui, Storage storage) {","lastModifiedDate":"2022-09-18"},{"lineNumber":27,"author":{"gitId":"chiewyx"},"content":"        this.tasks \u003d tasks;","lastModifiedDate":"2022-09-18"},{"lineNumber":28,"author":{"gitId":"chiewyx"},"content":"        this.input \u003d input;","lastModifiedDate":"2022-09-18"},{"lineNumber":29,"author":{"gitId":"chiewyx"},"content":"        this.ui \u003d ui;","lastModifiedDate":"2022-09-18"},{"lineNumber":30,"author":{"gitId":"chiewyx"},"content":"        this.storage \u003d storage;","lastModifiedDate":"2022-09-18"},{"lineNumber":31,"author":{"gitId":"chiewyx"},"content":"    }","lastModifiedDate":"2022-09-18"},{"lineNumber":32,"author":{"gitId":"chiewyx"},"content":"","lastModifiedDate":"2022-09-18"},{"lineNumber":33,"author":{"gitId":"chiewyx"},"content":"    private static Todo prepareTodo(String input) throws DukeException {","lastModifiedDate":"2022-09-18"},{"lineNumber":34,"author":{"gitId":"chiewyx"},"content":"        if (input.length() \u003c 6) {","lastModifiedDate":"2022-09-18"},{"lineNumber":35,"author":{"gitId":"chiewyx"},"content":"            throw new DukeException();","lastModifiedDate":"2022-09-18"},{"lineNumber":36,"author":{"gitId":"chiewyx"},"content":"        }","lastModifiedDate":"2022-09-18"},{"lineNumber":37,"author":{"gitId":"chiewyx"},"content":"        String description \u003d input.substring(5);","lastModifiedDate":"2022-09-18"},{"lineNumber":38,"author":{"gitId":"chiewyx"},"content":"        return new Todo(description);","lastModifiedDate":"2022-09-18"},{"lineNumber":39,"author":{"gitId":"chiewyx"},"content":"    }","lastModifiedDate":"2022-09-18"},{"lineNumber":40,"author":{"gitId":"chiewyx"},"content":"","lastModifiedDate":"2022-09-18"},{"lineNumber":41,"author":{"gitId":"chiewyx"},"content":"    private static Event prepareEvent(String input) throws DukeException {","lastModifiedDate":"2022-09-18"},{"lineNumber":42,"author":{"gitId":"chiewyx"},"content":"        if (input.length() \u003c 7 || !input.contains(\"/\")) {","lastModifiedDate":"2022-09-18"},{"lineNumber":43,"author":{"gitId":"chiewyx"},"content":"            throw new DukeException();","lastModifiedDate":"2022-09-18"},{"lineNumber":44,"author":{"gitId":"chiewyx"},"content":"        }","lastModifiedDate":"2022-09-18"},{"lineNumber":45,"author":{"gitId":"chiewyx"},"content":"        int endOfDescription \u003d input.indexOf(\"/\") - 1;","lastModifiedDate":"2022-09-18"},{"lineNumber":46,"author":{"gitId":"chiewyx"},"content":"        String description \u003d input.substring(6, endOfDescription);","lastModifiedDate":"2022-09-18"},{"lineNumber":47,"author":{"gitId":"chiewyx"},"content":"        String at \u003d input.substring(input.indexOf(\"/\") + 1);","lastModifiedDate":"2022-09-18"},{"lineNumber":48,"author":{"gitId":"chiewyx"},"content":"        return new Event(description, at);","lastModifiedDate":"2022-09-18"},{"lineNumber":49,"author":{"gitId":"chiewyx"},"content":"    }","lastModifiedDate":"2022-09-18"},{"lineNumber":50,"author":{"gitId":"chiewyx"},"content":"","lastModifiedDate":"2022-09-18"},{"lineNumber":51,"author":{"gitId":"chiewyx"},"content":"    private static Deadline prepareDeadline(String input) throws DukeException {","lastModifiedDate":"2022-09-18"},{"lineNumber":52,"author":{"gitId":"chiewyx"},"content":"        if (input.length() \u003c 10 || !input.contains(\"/\")) {","lastModifiedDate":"2022-09-18"},{"lineNumber":53,"author":{"gitId":"chiewyx"},"content":"            throw new DukeException();","lastModifiedDate":"2022-09-18"},{"lineNumber":54,"author":{"gitId":"chiewyx"},"content":"        }","lastModifiedDate":"2022-09-18"},{"lineNumber":55,"author":{"gitId":"chiewyx"},"content":"        int endOfDescription \u003d input.indexOf(\"/\") - 1;","lastModifiedDate":"2022-09-18"},{"lineNumber":56,"author":{"gitId":"chiewyx"},"content":"        String description \u003d input.substring(9, endOfDescription);","lastModifiedDate":"2022-09-18"},{"lineNumber":57,"author":{"gitId":"chiewyx"},"content":"        String by \u003d input.substring(input.indexOf(\"/\") + 1);","lastModifiedDate":"2022-09-18"},{"lineNumber":58,"author":{"gitId":"chiewyx"},"content":"        return new Deadline(description, by);","lastModifiedDate":"2022-09-18"},{"lineNumber":59,"author":{"gitId":"chiewyx"},"content":"    }","lastModifiedDate":"2022-09-18"},{"lineNumber":60,"author":{"gitId":"chiewyx"},"content":"","lastModifiedDate":"2022-09-18"},{"lineNumber":61,"author":{"gitId":"chiewyx"},"content":"    private static int prepareMark(String input) throws DukeException {","lastModifiedDate":"2022-09-18"},{"lineNumber":62,"author":{"gitId":"chiewyx"},"content":"        String[] words \u003d input.split(\" \", 2);","lastModifiedDate":"2022-09-18"},{"lineNumber":63,"author":{"gitId":"chiewyx"},"content":"        if (words.length !\u003d 2) {","lastModifiedDate":"2022-09-18"},{"lineNumber":64,"author":{"gitId":"chiewyx"},"content":"            throw new DukeException();","lastModifiedDate":"2022-09-18"},{"lineNumber":65,"author":{"gitId":"chiewyx"},"content":"        }","lastModifiedDate":"2022-09-18"},{"lineNumber":66,"author":{"gitId":"chiewyx"},"content":"        return Integer.parseInt(words[1]) - 1;","lastModifiedDate":"2022-09-18"},{"lineNumber":67,"author":{"gitId":"chiewyx"},"content":"    }","lastModifiedDate":"2022-09-18"},{"lineNumber":68,"author":{"gitId":"chiewyx"},"content":"","lastModifiedDate":"2022-09-18"},{"lineNumber":69,"author":{"gitId":"chiewyx"},"content":"    private static int prepareUnmark(String input) throws DukeException {","lastModifiedDate":"2022-09-18"},{"lineNumber":70,"author":{"gitId":"chiewyx"},"content":"        String[] words \u003d input.split(\" \", 2);","lastModifiedDate":"2022-09-18"},{"lineNumber":71,"author":{"gitId":"chiewyx"},"content":"        if (words.length !\u003d 2) {","lastModifiedDate":"2022-09-18"},{"lineNumber":72,"author":{"gitId":"chiewyx"},"content":"            throw new DukeException();","lastModifiedDate":"2022-09-18"},{"lineNumber":73,"author":{"gitId":"chiewyx"},"content":"        }","lastModifiedDate":"2022-09-18"},{"lineNumber":74,"author":{"gitId":"chiewyx"},"content":"        return Integer.parseInt(words[1]) - 1;","lastModifiedDate":"2022-09-18"},{"lineNumber":75,"author":{"gitId":"chiewyx"},"content":"    }","lastModifiedDate":"2022-09-18"},{"lineNumber":76,"author":{"gitId":"chiewyx"},"content":"","lastModifiedDate":"2022-09-18"},{"lineNumber":77,"author":{"gitId":"chiewyx"},"content":"    private static int prepareDelete(String input) throws DukeException {","lastModifiedDate":"2022-09-18"},{"lineNumber":78,"author":{"gitId":"chiewyx"},"content":"        String[] words \u003d input.split(\" \", 2);","lastModifiedDate":"2022-09-18"},{"lineNumber":79,"author":{"gitId":"chiewyx"},"content":"        if (words.length !\u003d 2) {","lastModifiedDate":"2022-09-18"},{"lineNumber":80,"author":{"gitId":"chiewyx"},"content":"            throw new DukeException();","lastModifiedDate":"2022-09-18"},{"lineNumber":81,"author":{"gitId":"chiewyx"},"content":"        }","lastModifiedDate":"2022-09-18"},{"lineNumber":82,"author":{"gitId":"chiewyx"},"content":"        return Integer.parseInt(words[1]) - 1;","lastModifiedDate":"2022-09-18"},{"lineNumber":83,"author":{"gitId":"chiewyx"},"content":"    }","lastModifiedDate":"2022-09-18"},{"lineNumber":84,"author":{"gitId":"chiewyx"},"content":"","lastModifiedDate":"2022-09-18"},{"lineNumber":85,"author":{"gitId":"chiewyx"},"content":"    private void addCommand() {","lastModifiedDate":"2022-09-18"},{"lineNumber":86,"author":{"gitId":"chiewyx"},"content":"        String[] command \u003d input.split(\" \", 2);","lastModifiedDate":"2022-09-18"},{"lineNumber":87,"author":{"gitId":"chiewyx"},"content":"        Task task \u003d null;","lastModifiedDate":"2022-09-18"},{"lineNumber":88,"author":{"gitId":"chiewyx"},"content":"        switch (command[0]) {","lastModifiedDate":"2022-09-18"},{"lineNumber":89,"author":{"gitId":"chiewyx"},"content":"        case TODO:","lastModifiedDate":"2022-09-18"},{"lineNumber":90,"author":{"gitId":"chiewyx"},"content":"            try {","lastModifiedDate":"2022-09-18"},{"lineNumber":91,"author":{"gitId":"chiewyx"},"content":"                task \u003d prepareTodo(input);","lastModifiedDate":"2022-09-18"},{"lineNumber":92,"author":{"gitId":"chiewyx"},"content":"                tasks.addTask(task);","lastModifiedDate":"2022-09-18"},{"lineNumber":93,"author":{"gitId":"chiewyx"},"content":"                ui.printAddTask(tasks);","lastModifiedDate":"2022-09-18"},{"lineNumber":94,"author":{"gitId":"chiewyx"},"content":"            } catch (DukeException e) {","lastModifiedDate":"2022-09-18"},{"lineNumber":95,"author":{"gitId":"chiewyx"},"content":"                ui.printToUser(\"todo description cannot be empty.\");","lastModifiedDate":"2022-09-18"},{"lineNumber":96,"author":{"gitId":"chiewyx"},"content":"            }","lastModifiedDate":"2022-09-18"},{"lineNumber":97,"author":{"gitId":"chiewyx"},"content":"            break;","lastModifiedDate":"2022-09-18"},{"lineNumber":98,"author":{"gitId":"chiewyx"},"content":"        case EVENT:","lastModifiedDate":"2022-09-18"},{"lineNumber":99,"author":{"gitId":"chiewyx"},"content":"            try {","lastModifiedDate":"2022-09-18"},{"lineNumber":100,"author":{"gitId":"chiewyx"},"content":"                task \u003d prepareEvent(input);","lastModifiedDate":"2022-09-18"},{"lineNumber":101,"author":{"gitId":"chiewyx"},"content":"                tasks.addTask(task);","lastModifiedDate":"2022-09-18"},{"lineNumber":102,"author":{"gitId":"chiewyx"},"content":"                ui.printAddTask(tasks);","lastModifiedDate":"2022-09-18"},{"lineNumber":103,"author":{"gitId":"chiewyx"},"content":"            } catch (DukeException e) {","lastModifiedDate":"2022-09-18"},{"lineNumber":104,"author":{"gitId":"chiewyx"},"content":"                ui.printToUser(\"Please key in a valid event input (missing \u0027/\u0027 or missing description)\");","lastModifiedDate":"2022-09-18"},{"lineNumber":105,"author":{"gitId":"chiewyx"},"content":"            }","lastModifiedDate":"2022-09-18"},{"lineNumber":106,"author":{"gitId":"chiewyx"},"content":"            break;","lastModifiedDate":"2022-09-18"},{"lineNumber":107,"author":{"gitId":"chiewyx"},"content":"        case DEADLINE:","lastModifiedDate":"2022-09-18"},{"lineNumber":108,"author":{"gitId":"chiewyx"},"content":"            try {","lastModifiedDate":"2022-09-18"},{"lineNumber":109,"author":{"gitId":"chiewyx"},"content":"                task \u003d prepareDeadline(input);","lastModifiedDate":"2022-09-18"},{"lineNumber":110,"author":{"gitId":"chiewyx"},"content":"                tasks.addTask(task);","lastModifiedDate":"2022-09-18"},{"lineNumber":111,"author":{"gitId":"chiewyx"},"content":"                ui.printAddTask(tasks);","lastModifiedDate":"2022-09-18"},{"lineNumber":112,"author":{"gitId":"chiewyx"},"content":"            } catch (DukeException e) {","lastModifiedDate":"2022-09-18"},{"lineNumber":113,"author":{"gitId":"chiewyx"},"content":"                ui.printToUser(\"Please key in a valid deadline input (missing \u0027/\u0027 or missing description)\");","lastModifiedDate":"2022-09-18"},{"lineNumber":114,"author":{"gitId":"chiewyx"},"content":"            }","lastModifiedDate":"2022-09-18"},{"lineNumber":115,"author":{"gitId":"chiewyx"},"content":"            break;","lastModifiedDate":"2022-09-18"},{"lineNumber":116,"author":{"gitId":"chiewyx"},"content":"        default:","lastModifiedDate":"2022-09-18"},{"lineNumber":117,"author":{"gitId":"chiewyx"},"content":"            break;","lastModifiedDate":"2022-09-18"},{"lineNumber":118,"author":{"gitId":"chiewyx"},"content":"        }","lastModifiedDate":"2022-09-18"},{"lineNumber":119,"author":{"gitId":"chiewyx"},"content":"        try {","lastModifiedDate":"2022-09-18"},{"lineNumber":120,"author":{"gitId":"chiewyx"},"content":"            String toBeAppend \u003d task.taskToString();","lastModifiedDate":"2022-09-18"},{"lineNumber":121,"author":{"gitId":"chiewyx"},"content":"            storage.appendTask(toBeAppend);","lastModifiedDate":"2022-09-18"},{"lineNumber":122,"author":{"gitId":"chiewyx"},"content":"        } catch (IOException e) {","lastModifiedDate":"2022-09-18"},{"lineNumber":123,"author":{"gitId":"chiewyx"},"content":"            ui.printError(\"cannot update file\");","lastModifiedDate":"2022-09-18"},{"lineNumber":124,"author":{"gitId":"chiewyx"},"content":"        } catch (NullPointerException e) {","lastModifiedDate":"2022-09-18"},{"lineNumber":125,"author":{"gitId":"chiewyx"},"content":"            ui.printError(\"error finding task\");","lastModifiedDate":"2022-09-18"},{"lineNumber":126,"author":{"gitId":"chiewyx"},"content":"        }","lastModifiedDate":"2022-09-18"},{"lineNumber":127,"author":{"gitId":"chiewyx"},"content":"    }","lastModifiedDate":"2022-09-18"},{"lineNumber":128,"author":{"gitId":"chiewyx"},"content":"","lastModifiedDate":"2022-09-18"},{"lineNumber":129,"author":{"gitId":"chiewyx"},"content":"    private void markCommand() {","lastModifiedDate":"2022-09-18"},{"lineNumber":130,"author":{"gitId":"chiewyx"},"content":"        try {","lastModifiedDate":"2022-09-18"},{"lineNumber":131,"author":{"gitId":"chiewyx"},"content":"            int taskNum \u003d prepareMark(input);","lastModifiedDate":"2022-09-18"},{"lineNumber":132,"author":{"gitId":"chiewyx"},"content":"            tasks.findTask(taskNum).markDone();","lastModifiedDate":"2022-09-18"},{"lineNumber":133,"author":{"gitId":"chiewyx"},"content":"            ui.printMarkTask(tasks, taskNum);","lastModifiedDate":"2022-09-18"},{"lineNumber":134,"author":{"gitId":"chiewyx"},"content":"            storage.writeFile(tasks);","lastModifiedDate":"2022-09-18"},{"lineNumber":135,"author":{"gitId":"chiewyx"},"content":"        } catch (DukeException e) {","lastModifiedDate":"2022-09-18"},{"lineNumber":136,"author":{"gitId":"chiewyx"},"content":"            ui.printError(\"Please input task number\");","lastModifiedDate":"2022-09-18"},{"lineNumber":137,"author":{"gitId":"chiewyx"},"content":"        } catch (IOException e) {","lastModifiedDate":"2022-09-18"},{"lineNumber":138,"author":{"gitId":"chiewyx"},"content":"            ui.printError(\"cannot update file\");","lastModifiedDate":"2022-09-18"},{"lineNumber":139,"author":{"gitId":"chiewyx"},"content":"        }","lastModifiedDate":"2022-09-18"},{"lineNumber":140,"author":{"gitId":"chiewyx"},"content":"    }","lastModifiedDate":"2022-09-18"},{"lineNumber":141,"author":{"gitId":"chiewyx"},"content":"","lastModifiedDate":"2022-09-18"},{"lineNumber":142,"author":{"gitId":"chiewyx"},"content":"    private void unmarkCommand() {","lastModifiedDate":"2022-09-18"},{"lineNumber":143,"author":{"gitId":"chiewyx"},"content":"        try {","lastModifiedDate":"2022-09-18"},{"lineNumber":144,"author":{"gitId":"chiewyx"},"content":"            int taskNum \u003d prepareUnmark(input);","lastModifiedDate":"2022-09-18"},{"lineNumber":145,"author":{"gitId":"chiewyx"},"content":"            tasks.findTask(taskNum).markDone();","lastModifiedDate":"2022-09-18"},{"lineNumber":146,"author":{"gitId":"chiewyx"},"content":"            ui.printUnmarkTask(tasks, taskNum);","lastModifiedDate":"2022-09-18"},{"lineNumber":147,"author":{"gitId":"chiewyx"},"content":"            storage.writeFile(tasks);","lastModifiedDate":"2022-09-18"},{"lineNumber":148,"author":{"gitId":"chiewyx"},"content":"        } catch (DukeException e) {","lastModifiedDate":"2022-09-18"},{"lineNumber":149,"author":{"gitId":"chiewyx"},"content":"            ui.printError(\"Please input task number\");","lastModifiedDate":"2022-09-18"},{"lineNumber":150,"author":{"gitId":"chiewyx"},"content":"        } catch (IOException e) {","lastModifiedDate":"2022-09-18"},{"lineNumber":151,"author":{"gitId":"chiewyx"},"content":"            ui.printError(\"cannot update file\");","lastModifiedDate":"2022-09-18"},{"lineNumber":152,"author":{"gitId":"chiewyx"},"content":"        }","lastModifiedDate":"2022-09-18"},{"lineNumber":153,"author":{"gitId":"chiewyx"},"content":"    }","lastModifiedDate":"2022-09-18"},{"lineNumber":154,"author":{"gitId":"chiewyx"},"content":"","lastModifiedDate":"2022-09-18"},{"lineNumber":155,"author":{"gitId":"chiewyx"},"content":"    private void deleteCommand() {","lastModifiedDate":"2022-09-18"},{"lineNumber":156,"author":{"gitId":"chiewyx"},"content":"        try {","lastModifiedDate":"2022-09-18"},{"lineNumber":157,"author":{"gitId":"chiewyx"},"content":"            int taskNum \u003d prepareDelete(input);","lastModifiedDate":"2022-09-18"},{"lineNumber":158,"author":{"gitId":"chiewyx"},"content":"            ui.printDeleteTask(tasks, taskNum);","lastModifiedDate":"2022-09-18"},{"lineNumber":159,"author":{"gitId":"chiewyx"},"content":"            tasks.deleteTask(taskNum);","lastModifiedDate":"2022-09-18"},{"lineNumber":160,"author":{"gitId":"chiewyx"},"content":"            storage.writeFile(tasks);","lastModifiedDate":"2022-09-18"},{"lineNumber":161,"author":{"gitId":"chiewyx"},"content":"        } catch (DukeException e) {","lastModifiedDate":"2022-09-18"},{"lineNumber":162,"author":{"gitId":"chiewyx"},"content":"            ui.printError(\"Please input task number\");","lastModifiedDate":"2022-09-18"},{"lineNumber":163,"author":{"gitId":"chiewyx"},"content":"        } catch (IOException e) {","lastModifiedDate":"2022-09-18"},{"lineNumber":164,"author":{"gitId":"chiewyx"},"content":"            ui.printError(\"cannot update file\");","lastModifiedDate":"2022-09-18"},{"lineNumber":165,"author":{"gitId":"chiewyx"},"content":"        } catch (IndexOutOfBoundsException e) {","lastModifiedDate":"2022-09-18"},{"lineNumber":166,"author":{"gitId":"chiewyx"},"content":"            ui.printError(\"please choose a valid task\");","lastModifiedDate":"2022-09-18"},{"lineNumber":167,"author":{"gitId":"chiewyx"},"content":"        }","lastModifiedDate":"2022-09-18"},{"lineNumber":168,"author":{"gitId":"chiewyx"},"content":"    }","lastModifiedDate":"2022-09-18"},{"lineNumber":169,"author":{"gitId":"chiewyx"},"content":"","lastModifiedDate":"2022-09-18"},{"lineNumber":170,"author":{"gitId":"chiewyx"},"content":"    public boolean exitCommand() {","lastModifiedDate":"2022-09-18"},{"lineNumber":171,"author":{"gitId":"chiewyx"},"content":"        try {","lastModifiedDate":"2022-09-18"},{"lineNumber":172,"author":{"gitId":"chiewyx"},"content":"            storage.writeFile(tasks);","lastModifiedDate":"2022-09-18"},{"lineNumber":173,"author":{"gitId":"chiewyx"},"content":"            ui.printBye();","lastModifiedDate":"2022-09-18"},{"lineNumber":174,"author":{"gitId":"chiewyx"},"content":"        } catch (IOException e) {","lastModifiedDate":"2022-09-18"},{"lineNumber":175,"author":{"gitId":"chiewyx"},"content":"            ui.printError(\"unable to write to file\");","lastModifiedDate":"2022-09-18"},{"lineNumber":176,"author":{"gitId":"chiewyx"},"content":"        }","lastModifiedDate":"2022-09-18"},{"lineNumber":177,"author":{"gitId":"chiewyx"},"content":"        return false;","lastModifiedDate":"2022-09-18"},{"lineNumber":178,"author":{"gitId":"chiewyx"},"content":"    }","lastModifiedDate":"2022-09-18"},{"lineNumber":179,"author":{"gitId":"chiewyx"},"content":"","lastModifiedDate":"2022-09-18"},{"lineNumber":180,"author":{"gitId":"chiewyx"},"content":"    public boolean handleCommand() {","lastModifiedDate":"2022-09-18"},{"lineNumber":181,"author":{"gitId":"chiewyx"},"content":"        boolean isRun \u003d true;","lastModifiedDate":"2022-09-18"},{"lineNumber":182,"author":{"gitId":"chiewyx"},"content":"        String[] command \u003d input.split(\" \", 2);","lastModifiedDate":"2022-09-18"},{"lineNumber":183,"author":{"gitId":"chiewyx"},"content":"        switch (command[0]) {","lastModifiedDate":"2022-09-18"},{"lineNumber":184,"author":{"gitId":"chiewyx"},"content":"        case TODO:","lastModifiedDate":"2022-09-18"},{"lineNumber":185,"author":{"gitId":"chiewyx"},"content":"        case DEADLINE:","lastModifiedDate":"2022-09-18"},{"lineNumber":186,"author":{"gitId":"chiewyx"},"content":"        case EVENT:","lastModifiedDate":"2022-09-18"},{"lineNumber":187,"author":{"gitId":"chiewyx"},"content":"            addCommand();","lastModifiedDate":"2022-09-18"},{"lineNumber":188,"author":{"gitId":"chiewyx"},"content":"            break;","lastModifiedDate":"2022-09-18"},{"lineNumber":189,"author":{"gitId":"chiewyx"},"content":"        case MARK:","lastModifiedDate":"2022-09-18"},{"lineNumber":190,"author":{"gitId":"chiewyx"},"content":"            markCommand();","lastModifiedDate":"2022-09-18"},{"lineNumber":191,"author":{"gitId":"chiewyx"},"content":"            break;","lastModifiedDate":"2022-09-18"},{"lineNumber":192,"author":{"gitId":"chiewyx"},"content":"        case UNMARK:","lastModifiedDate":"2022-09-18"},{"lineNumber":193,"author":{"gitId":"chiewyx"},"content":"            unmarkCommand();","lastModifiedDate":"2022-09-18"},{"lineNumber":194,"author":{"gitId":"chiewyx"},"content":"            break;","lastModifiedDate":"2022-09-18"},{"lineNumber":195,"author":{"gitId":"chiewyx"},"content":"        case DELETE:","lastModifiedDate":"2022-09-18"},{"lineNumber":196,"author":{"gitId":"chiewyx"},"content":"            deleteCommand();","lastModifiedDate":"2022-09-18"},{"lineNumber":197,"author":{"gitId":"chiewyx"},"content":"            break;","lastModifiedDate":"2022-09-18"},{"lineNumber":198,"author":{"gitId":"chiewyx"},"content":"        case LIST:","lastModifiedDate":"2022-09-18"},{"lineNumber":199,"author":{"gitId":"chiewyx"},"content":"            tasks.listTask();","lastModifiedDate":"2022-09-18"},{"lineNumber":200,"author":{"gitId":"chiewyx"},"content":"            break;","lastModifiedDate":"2022-09-18"},{"lineNumber":201,"author":{"gitId":"chiewyx"},"content":"        case BYE:","lastModifiedDate":"2022-09-18"},{"lineNumber":202,"author":{"gitId":"chiewyx"},"content":"            isRun \u003d exitCommand();","lastModifiedDate":"2022-09-18"},{"lineNumber":203,"author":{"gitId":"chiewyx"},"content":"            break;","lastModifiedDate":"2022-09-18"},{"lineNumber":204,"author":{"gitId":"chiewyx"},"content":"        default:","lastModifiedDate":"2022-09-18"},{"lineNumber":205,"author":{"gitId":"chiewyx"},"content":"            ui.printError(\"what are you saying?\");","lastModifiedDate":"2022-09-18"},{"lineNumber":206,"author":{"gitId":"chiewyx"},"content":"            break;","lastModifiedDate":"2022-09-18"},{"lineNumber":207,"author":{"gitId":"chiewyx"},"content":"        }","lastModifiedDate":"2022-09-18"},{"lineNumber":208,"author":{"gitId":"chiewyx"},"content":"        return isRun;","lastModifiedDate":"2022-09-18"},{"lineNumber":209,"author":{"gitId":"chiewyx"},"content":"    }","lastModifiedDate":"2022-09-18"},{"lineNumber":210,"author":{"gitId":"chiewyx"},"content":"}","lastModifiedDate":"2022-09-18"}],"authorContributionMap":{"chiewyx":210}},{"path":"src/main/java/duke/storage/Storage.java","fileType":"java","lines":[{"lineNumber":1,"author":{"gitId":"chiewyx"},"content":"package duke.storage;","lastModifiedDate":"2022-09-13"},{"lineNumber":2,"author":{"gitId":"chiewyx"},"content":"","lastModifiedDate":"2022-09-13"},{"lineNumber":3,"author":{"gitId":"chiewyx"},"content":"import duke.task.TaskList;","lastModifiedDate":"2022-09-13"},{"lineNumber":4,"author":{"gitId":"chiewyx"},"content":"import duke.task.Deadline;","lastModifiedDate":"2022-09-13"},{"lineNumber":5,"author":{"gitId":"chiewyx"},"content":"import duke.task.Event;","lastModifiedDate":"2022-09-13"},{"lineNumber":6,"author":{"gitId":"chiewyx"},"content":"import duke.task.Task;","lastModifiedDate":"2022-09-13"},{"lineNumber":7,"author":{"gitId":"chiewyx"},"content":"import duke.task.Todo;","lastModifiedDate":"2022-09-13"},{"lineNumber":8,"author":{"gitId":"chiewyx"},"content":"","lastModifiedDate":"2022-09-13"},{"lineNumber":9,"author":{"gitId":"chiewyx"},"content":"import java.io.File;","lastModifiedDate":"2022-09-13"},{"lineNumber":10,"author":{"gitId":"chiewyx"},"content":"import java.io.FileNotFoundException;","lastModifiedDate":"2022-09-13"},{"lineNumber":11,"author":{"gitId":"chiewyx"},"content":"import java.io.FileWriter;","lastModifiedDate":"2022-09-13"},{"lineNumber":12,"author":{"gitId":"chiewyx"},"content":"import java.io.IOException;","lastModifiedDate":"2022-09-13"},{"lineNumber":13,"author":{"gitId":"chiewyx"},"content":"import java.util.ArrayList;","lastModifiedDate":"2022-09-13"},{"lineNumber":14,"author":{"gitId":"chiewyx"},"content":"import java.util.Scanner;","lastModifiedDate":"2022-09-13"},{"lineNumber":15,"author":{"gitId":"chiewyx"},"content":"","lastModifiedDate":"2022-09-13"},{"lineNumber":16,"author":{"gitId":"chiewyx"},"content":"public class Storage {","lastModifiedDate":"2022-09-13"},{"lineNumber":17,"author":{"gitId":"chiewyx"},"content":"    private final String filePath;","lastModifiedDate":"2022-09-13"},{"lineNumber":18,"author":{"gitId":"chiewyx"},"content":"","lastModifiedDate":"2022-09-13"},{"lineNumber":19,"author":{"gitId":"chiewyx"},"content":"    public Storage(String filePath) {","lastModifiedDate":"2022-09-13"},{"lineNumber":20,"author":{"gitId":"chiewyx"},"content":"        this.filePath \u003d filePath;","lastModifiedDate":"2022-09-13"},{"lineNumber":21,"author":{"gitId":"chiewyx"},"content":"    }","lastModifiedDate":"2022-09-13"},{"lineNumber":22,"author":{"gitId":"chiewyx"},"content":"","lastModifiedDate":"2022-09-13"},{"lineNumber":23,"author":{"gitId":"chiewyx"},"content":"    public ArrayList\u003cTask\u003e readFile() throws FileNotFoundException {","lastModifiedDate":"2022-09-13"},{"lineNumber":24,"author":{"gitId":"chiewyx"},"content":"        File f \u003d new File(filePath); // create a File for the given file path","lastModifiedDate":"2022-09-13"},{"lineNumber":25,"author":{"gitId":"chiewyx"},"content":"        String directory \u003d filePath.substring(0, filePath.lastIndexOf(\"/\"));","lastModifiedDate":"2022-09-14"},{"lineNumber":26,"author":{"gitId":"chiewyx"},"content":"        new File(directory).mkdir();","lastModifiedDate":"2022-09-14"},{"lineNumber":27,"author":{"gitId":"chiewyx"},"content":"        Scanner s \u003d new Scanner(f);","lastModifiedDate":"2022-09-13"},{"lineNumber":28,"author":{"gitId":"chiewyx"},"content":"        ArrayList\u003cTask\u003e tasks \u003d new ArrayList\u003c\u003e();","lastModifiedDate":"2022-09-13"},{"lineNumber":29,"author":{"gitId":"chiewyx"},"content":"        while (s.hasNext()) {","lastModifiedDate":"2022-09-13"},{"lineNumber":30,"author":{"gitId":"chiewyx"},"content":"            //System.out.println(s.nextLine());","lastModifiedDate":"2022-09-13"},{"lineNumber":31,"author":{"gitId":"chiewyx"},"content":"            String toBeConverted \u003d s.nextLine();","lastModifiedDate":"2022-09-13"},{"lineNumber":32,"author":{"gitId":"chiewyx"},"content":"            Task task \u003d stringToTask(toBeConverted);","lastModifiedDate":"2022-09-13"},{"lineNumber":33,"author":{"gitId":"chiewyx"},"content":"            tasks.add(task);","lastModifiedDate":"2022-09-13"},{"lineNumber":34,"author":{"gitId":"chiewyx"},"content":"        }","lastModifiedDate":"2022-09-13"},{"lineNumber":35,"author":{"gitId":"chiewyx"},"content":"        return tasks;","lastModifiedDate":"2022-09-13"},{"lineNumber":36,"author":{"gitId":"chiewyx"},"content":"    }","lastModifiedDate":"2022-09-13"},{"lineNumber":37,"author":{"gitId":"chiewyx"},"content":"","lastModifiedDate":"2022-09-14"},{"lineNumber":38,"author":{"gitId":"chiewyx"},"content":"    public void appendTask(String textToAppend) throws IOException {","lastModifiedDate":"2022-09-14"},{"lineNumber":39,"author":{"gitId":"chiewyx"},"content":"        FileWriter fw \u003d new FileWriter(filePath, true); // create a FileWriter in append mode","lastModifiedDate":"2022-09-14"},{"lineNumber":40,"author":{"gitId":"chiewyx"},"content":"        fw.write(textToAppend + System.lineSeparator());","lastModifiedDate":"2022-09-14"},{"lineNumber":41,"author":{"gitId":"chiewyx"},"content":"        fw.close();","lastModifiedDate":"2022-09-14"},{"lineNumber":42,"author":{"gitId":"chiewyx"},"content":"    }","lastModifiedDate":"2022-09-14"},{"lineNumber":43,"author":{"gitId":"chiewyx"},"content":"","lastModifiedDate":"2022-09-14"},{"lineNumber":44,"author":{"gitId":"chiewyx"},"content":"    public Task stringToTask(String toBeConverted) {","lastModifiedDate":"2022-09-13"},{"lineNumber":45,"author":{"gitId":"chiewyx"},"content":"        String[] words \u003d toBeConverted.split(\"\\\\|\");","lastModifiedDate":"2022-09-13"},{"lineNumber":46,"author":{"gitId":"chiewyx"},"content":"        Task convertedTask \u003d null;","lastModifiedDate":"2022-09-13"},{"lineNumber":47,"author":{"gitId":"chiewyx"},"content":"        switch (words[0]) {","lastModifiedDate":"2022-09-13"},{"lineNumber":48,"author":{"gitId":"chiewyx"},"content":"        case \"T\":","lastModifiedDate":"2022-09-13"},{"lineNumber":49,"author":{"gitId":"chiewyx"},"content":"            convertedTask \u003d new Todo(words[2]);","lastModifiedDate":"2022-09-13"},{"lineNumber":50,"author":{"gitId":"chiewyx"},"content":"            break;","lastModifiedDate":"2022-09-13"},{"lineNumber":51,"author":{"gitId":"chiewyx"},"content":"        case \"E\":","lastModifiedDate":"2022-09-13"},{"lineNumber":52,"author":{"gitId":"chiewyx"},"content":"            convertedTask \u003d new Event(words[2], words[3]);","lastModifiedDate":"2022-09-13"},{"lineNumber":53,"author":{"gitId":"chiewyx"},"content":"            break;","lastModifiedDate":"2022-09-13"},{"lineNumber":54,"author":{"gitId":"chiewyx"},"content":"        case \"D\":","lastModifiedDate":"2022-09-13"},{"lineNumber":55,"author":{"gitId":"chiewyx"},"content":"            convertedTask \u003d new Deadline(words[2], words[3]);","lastModifiedDate":"2022-09-13"},{"lineNumber":56,"author":{"gitId":"chiewyx"},"content":"            break;","lastModifiedDate":"2022-09-13"},{"lineNumber":57,"author":{"gitId":"chiewyx"},"content":"        default:","lastModifiedDate":"2022-09-13"},{"lineNumber":58,"author":{"gitId":"chiewyx"},"content":"            break;","lastModifiedDate":"2022-09-13"},{"lineNumber":59,"author":{"gitId":"chiewyx"},"content":"        }","lastModifiedDate":"2022-09-13"},{"lineNumber":60,"author":{"gitId":"chiewyx"},"content":"        if (words[1].equals(\"1\")) {","lastModifiedDate":"2022-09-13"},{"lineNumber":61,"author":{"gitId":"chiewyx"},"content":"            convertedTask.markDone();","lastModifiedDate":"2022-09-13"},{"lineNumber":62,"author":{"gitId":"chiewyx"},"content":"        } else if (words[1].equals(\"0\")) {","lastModifiedDate":"2022-09-13"},{"lineNumber":63,"author":{"gitId":"chiewyx"},"content":"            convertedTask.markUndone();","lastModifiedDate":"2022-09-13"},{"lineNumber":64,"author":{"gitId":"chiewyx"},"content":"        }","lastModifiedDate":"2022-09-13"},{"lineNumber":65,"author":{"gitId":"chiewyx"},"content":"        return convertedTask;","lastModifiedDate":"2022-09-13"},{"lineNumber":66,"author":{"gitId":"chiewyx"},"content":"    }","lastModifiedDate":"2022-09-13"},{"lineNumber":67,"author":{"gitId":"chiewyx"},"content":"","lastModifiedDate":"2022-09-14"},{"lineNumber":68,"author":{"gitId":"chiewyx"},"content":"    public void writeFile(TaskList tasks) throws IOException {","lastModifiedDate":"2022-09-13"},{"lineNumber":69,"author":{"gitId":"chiewyx"},"content":"        if (tasks.getSize() \u003d\u003d 0) {","lastModifiedDate":"2022-09-18"},{"lineNumber":70,"author":{"gitId":"chiewyx"},"content":"            new FileWriter(filePath, false).close();","lastModifiedDate":"2022-09-18"},{"lineNumber":71,"author":{"gitId":"chiewyx"},"content":"        } else {","lastModifiedDate":"2022-09-18"},{"lineNumber":72,"author":{"gitId":"chiewyx"},"content":"            StringBuilder toWrite \u003d new StringBuilder(tasks.findTask(0).taskToString());","lastModifiedDate":"2022-09-13"},{"lineNumber":73,"author":{"gitId":"chiewyx"},"content":"            toWrite.append(System.lineSeparator());","lastModifiedDate":"2022-09-13"},{"lineNumber":74,"author":{"gitId":"chiewyx"},"content":"            for (int i \u003d 1; i \u003c tasks.getSize(); i +\u003d 1) {","lastModifiedDate":"2022-09-13"},{"lineNumber":75,"author":{"gitId":"chiewyx"},"content":"                toWrite.append(tasks.findTask(i).taskToString()).append(System.lineSeparator());","lastModifiedDate":"2022-09-13"},{"lineNumber":76,"author":{"gitId":"chiewyx"},"content":"            }","lastModifiedDate":"2022-09-13"},{"lineNumber":77,"author":{"gitId":"chiewyx"},"content":"            String directory \u003d filePath.substring(0, filePath.lastIndexOf(\"/\"));","lastModifiedDate":"2022-09-14"},{"lineNumber":78,"author":{"gitId":"chiewyx"},"content":"            new File(directory).mkdir();","lastModifiedDate":"2022-09-14"},{"lineNumber":79,"author":{"gitId":"chiewyx"},"content":"            FileWriter fw \u003d new FileWriter(filePath);","lastModifiedDate":"2022-09-13"},{"lineNumber":80,"author":{"gitId":"chiewyx"},"content":"            fw.write(toWrite.toString());","lastModifiedDate":"2022-09-13"},{"lineNumber":81,"author":{"gitId":"chiewyx"},"content":"            fw.close();","lastModifiedDate":"2022-09-13"},{"lineNumber":82,"author":{"gitId":"chiewyx"},"content":"        }","lastModifiedDate":"2022-09-13"},{"lineNumber":83,"author":{"gitId":"chiewyx"},"content":"    }","lastModifiedDate":"2022-09-13"},{"lineNumber":84,"author":{"gitId":"chiewyx"},"content":"}","lastModifiedDate":"2022-09-18"}],"authorContributionMap":{"chiewyx":84}},{"path":"src/main/java/duke/task/Deadline.java","fileType":"java","lines":[{"lineNumber":1,"author":{"gitId":"chiewyx"},"content":"package duke.task;","lastModifiedDate":"2022-09-06"},{"lineNumber":2,"author":{"gitId":"chiewyx"},"content":"","lastModifiedDate":"2022-09-06"},{"lineNumber":3,"author":{"gitId":"chiewyx"},"content":"public class Deadline extends Task {","lastModifiedDate":"2022-09-01"},{"lineNumber":4,"author":{"gitId":"chiewyx"},"content":"    protected String by;","lastModifiedDate":"2022-09-01"},{"lineNumber":5,"author":{"gitId":"chiewyx"},"content":"","lastModifiedDate":"2022-09-01"},{"lineNumber":6,"author":{"gitId":"chiewyx"},"content":"    public Deadline(String description, String by) {","lastModifiedDate":"2022-09-01"},{"lineNumber":7,"author":{"gitId":"chiewyx"},"content":"        super(description);","lastModifiedDate":"2022-09-01"},{"lineNumber":8,"author":{"gitId":"chiewyx"},"content":"        this.by \u003d by;","lastModifiedDate":"2022-09-01"},{"lineNumber":9,"author":{"gitId":"chiewyx"},"content":"    }","lastModifiedDate":"2022-09-01"},{"lineNumber":10,"author":{"gitId":"chiewyx"},"content":"","lastModifiedDate":"2022-09-01"},{"lineNumber":11,"author":{"gitId":"chiewyx"},"content":"    @Override","lastModifiedDate":"2022-09-01"},{"lineNumber":12,"author":{"gitId":"chiewyx"},"content":"    public String toString() {","lastModifiedDate":"2022-09-01"},{"lineNumber":13,"author":{"gitId":"chiewyx"},"content":"        return \"[D]\" + super.toString() + \" (by: \" + by + \")\";","lastModifiedDate":"2022-09-01"},{"lineNumber":14,"author":{"gitId":"chiewyx"},"content":"    }","lastModifiedDate":"2022-09-01"},{"lineNumber":15,"author":{"gitId":"chiewyx"},"content":"","lastModifiedDate":"2022-09-13"},{"lineNumber":16,"author":{"gitId":"chiewyx"},"content":"    @Override","lastModifiedDate":"2022-09-13"},{"lineNumber":17,"author":{"gitId":"chiewyx"},"content":"    public String taskToString() {","lastModifiedDate":"2022-09-13"},{"lineNumber":18,"author":{"gitId":"chiewyx"},"content":"        return \"D\" + super.taskToString() + \"|\" + by;","lastModifiedDate":"2022-09-13"},{"lineNumber":19,"author":{"gitId":"chiewyx"},"content":"    }","lastModifiedDate":"2022-09-13"},{"lineNumber":20,"author":{"gitId":"chiewyx"},"content":"}","lastModifiedDate":"2022-09-01"}],"authorContributionMap":{"chiewyx":20}},{"path":"src/main/java/duke/task/Event.java","fileType":"java","lines":[{"lineNumber":1,"author":{"gitId":"chiewyx"},"content":"package duke.task;","lastModifiedDate":"2022-09-06"},{"lineNumber":2,"author":{"gitId":"chiewyx"},"content":"","lastModifiedDate":"2022-09-06"},{"lineNumber":3,"author":{"gitId":"chiewyx"},"content":"public class Event extends Task {","lastModifiedDate":"2022-09-01"},{"lineNumber":4,"author":{"gitId":"chiewyx"},"content":"","lastModifiedDate":"2022-09-01"},{"lineNumber":5,"author":{"gitId":"chiewyx"},"content":"    protected String at;","lastModifiedDate":"2022-09-01"},{"lineNumber":6,"author":{"gitId":"chiewyx"},"content":"","lastModifiedDate":"2022-09-01"},{"lineNumber":7,"author":{"gitId":"chiewyx"},"content":"    public Event(String description, String at) {","lastModifiedDate":"2022-09-01"},{"lineNumber":8,"author":{"gitId":"chiewyx"},"content":"        super(description);","lastModifiedDate":"2022-09-01"},{"lineNumber":9,"author":{"gitId":"chiewyx"},"content":"        this.at \u003d at;","lastModifiedDate":"2022-09-01"},{"lineNumber":10,"author":{"gitId":"chiewyx"},"content":"    }","lastModifiedDate":"2022-09-01"},{"lineNumber":11,"author":{"gitId":"chiewyx"},"content":"","lastModifiedDate":"2022-09-01"},{"lineNumber":12,"author":{"gitId":"chiewyx"},"content":"    public String toString() {","lastModifiedDate":"2022-09-01"},{"lineNumber":13,"author":{"gitId":"chiewyx"},"content":"        return \"[E]\" + super.toString() + \" (at: \" + at + \")\";","lastModifiedDate":"2022-09-01"},{"lineNumber":14,"author":{"gitId":"chiewyx"},"content":"    }","lastModifiedDate":"2022-09-01"},{"lineNumber":15,"author":{"gitId":"chiewyx"},"content":"","lastModifiedDate":"2022-09-13"},{"lineNumber":16,"author":{"gitId":"chiewyx"},"content":"    @Override","lastModifiedDate":"2022-09-13"},{"lineNumber":17,"author":{"gitId":"chiewyx"},"content":"    public String taskToString() {","lastModifiedDate":"2022-09-13"},{"lineNumber":18,"author":{"gitId":"chiewyx"},"content":"        return \"E\" + super.taskToString() + \"|\" + at;","lastModifiedDate":"2022-09-13"},{"lineNumber":19,"author":{"gitId":"chiewyx"},"content":"    }","lastModifiedDate":"2022-09-13"},{"lineNumber":20,"author":{"gitId":"chiewyx"},"content":"}","lastModifiedDate":"2022-09-01"}],"authorContributionMap":{"chiewyx":20}},{"path":"src/main/java/duke/task/Task.java","fileType":"java","lines":[{"lineNumber":1,"author":{"gitId":"chiewyx"},"content":"package duke.task;","lastModifiedDate":"2022-09-06"},{"lineNumber":2,"author":{"gitId":"chiewyx"},"content":"","lastModifiedDate":"2022-09-06"},{"lineNumber":3,"author":{"gitId":"chiewyx"},"content":"public class Task {","lastModifiedDate":"2022-08-26"},{"lineNumber":4,"author":{"gitId":"chiewyx"},"content":"    protected String description;","lastModifiedDate":"2022-09-01"},{"lineNumber":5,"author":{"gitId":"chiewyx"},"content":"    protected boolean isDone;","lastModifiedDate":"2022-09-01"},{"lineNumber":6,"author":{"gitId":"chiewyx"},"content":"","lastModifiedDate":"2022-08-26"},{"lineNumber":7,"author":{"gitId":"chiewyx"},"content":"    public Task(String description) {","lastModifiedDate":"2022-08-26"},{"lineNumber":8,"author":{"gitId":"chiewyx"},"content":"        this.description \u003d description;","lastModifiedDate":"2022-08-26"},{"lineNumber":9,"author":{"gitId":"chiewyx"},"content":"        this.isDone \u003d false;","lastModifiedDate":"2022-08-26"},{"lineNumber":10,"author":{"gitId":"chiewyx"},"content":"    }","lastModifiedDate":"2022-08-26"},{"lineNumber":11,"author":{"gitId":"chiewyx"},"content":"","lastModifiedDate":"2022-08-26"},{"lineNumber":12,"author":{"gitId":"chiewyx"},"content":"    public String getDescription() {","lastModifiedDate":"2022-08-26"},{"lineNumber":13,"author":{"gitId":"chiewyx"},"content":"        return description;","lastModifiedDate":"2022-08-26"},{"lineNumber":14,"author":{"gitId":"chiewyx"},"content":"    }","lastModifiedDate":"2022-08-26"},{"lineNumber":15,"author":{"gitId":"chiewyx"},"content":"","lastModifiedDate":"2022-08-26"},{"lineNumber":16,"author":{"gitId":"chiewyx"},"content":"    public String getStatusIcon() {","lastModifiedDate":"2022-08-26"},{"lineNumber":17,"author":{"gitId":"chiewyx"},"content":"        if (isDone) {","lastModifiedDate":"2022-08-26"},{"lineNumber":18,"author":{"gitId":"chiewyx"},"content":"            return \"X\";","lastModifiedDate":"2022-08-26"},{"lineNumber":19,"author":{"gitId":"chiewyx"},"content":"        }","lastModifiedDate":"2022-08-26"},{"lineNumber":20,"author":{"gitId":"chiewyx"},"content":"        return \" \";","lastModifiedDate":"2022-08-26"},{"lineNumber":21,"author":{"gitId":"chiewyx"},"content":"    }","lastModifiedDate":"2022-08-26"},{"lineNumber":22,"author":{"gitId":"chiewyx"},"content":"","lastModifiedDate":"2022-08-26"},{"lineNumber":23,"author":{"gitId":"chiewyx"},"content":"    public void markDone() {","lastModifiedDate":"2022-08-26"},{"lineNumber":24,"author":{"gitId":"chiewyx"},"content":"        isDone \u003d true;","lastModifiedDate":"2022-08-26"},{"lineNumber":25,"author":{"gitId":"chiewyx"},"content":"    }","lastModifiedDate":"2022-08-26"},{"lineNumber":26,"author":{"gitId":"chiewyx"},"content":"","lastModifiedDate":"2022-08-26"},{"lineNumber":27,"author":{"gitId":"chiewyx"},"content":"    public void markUndone() {","lastModifiedDate":"2022-08-26"},{"lineNumber":28,"author":{"gitId":"chiewyx"},"content":"        isDone \u003d false;","lastModifiedDate":"2022-08-26"},{"lineNumber":29,"author":{"gitId":"chiewyx"},"content":"    }","lastModifiedDate":"2022-08-26"},{"lineNumber":30,"author":{"gitId":"chiewyx"},"content":"","lastModifiedDate":"2022-09-13"},{"lineNumber":31,"author":{"gitId":"chiewyx"},"content":"    public String toString() {","lastModifiedDate":"2022-09-01"},{"lineNumber":32,"author":{"gitId":"chiewyx"},"content":"        return \"[\" + getStatusIcon() + \"] \" + getDescription();","lastModifiedDate":"2022-09-01"},{"lineNumber":33,"author":{"gitId":"chiewyx"},"content":"    }","lastModifiedDate":"2022-09-01"},{"lineNumber":34,"author":{"gitId":"chiewyx"},"content":"","lastModifiedDate":"2022-09-13"},{"lineNumber":35,"author":{"gitId":"chiewyx"},"content":"    public String taskToString() throws NullPointerException{","lastModifiedDate":"2022-09-18"},{"lineNumber":36,"author":{"gitId":"chiewyx"},"content":"        if (isDone) {","lastModifiedDate":"2022-09-13"},{"lineNumber":37,"author":{"gitId":"chiewyx"},"content":"            return \"|\" + \"1\" + \"|\" + description;","lastModifiedDate":"2022-09-13"},{"lineNumber":38,"author":{"gitId":"chiewyx"},"content":"        }","lastModifiedDate":"2022-09-13"},{"lineNumber":39,"author":{"gitId":"chiewyx"},"content":"        return \"|\" + \"0\" + \"|\" + description;","lastModifiedDate":"2022-09-13"},{"lineNumber":40,"author":{"gitId":"chiewyx"},"content":"    }","lastModifiedDate":"2022-09-13"},{"lineNumber":41,"author":{"gitId":"chiewyx"},"content":"}","lastModifiedDate":"2022-08-26"}],"authorContributionMap":{"chiewyx":41}},{"path":"src/main/java/duke/task/TaskList.java","fileType":"java","lines":[{"lineNumber":1,"author":{"gitId":"chiewyx"},"content":"package duke.task;","lastModifiedDate":"2022-09-13"},{"lineNumber":2,"author":{"gitId":"chiewyx"},"content":"","lastModifiedDate":"2022-09-13"},{"lineNumber":3,"author":{"gitId":"chiewyx"},"content":"import java.util.ArrayList;","lastModifiedDate":"2022-09-13"},{"lineNumber":4,"author":{"gitId":"chiewyx"},"content":"","lastModifiedDate":"2022-09-13"},{"lineNumber":5,"author":{"gitId":"chiewyx"},"content":"public class TaskList {","lastModifiedDate":"2022-09-13"},{"lineNumber":6,"author":{"gitId":"chiewyx"},"content":"","lastModifiedDate":"2022-09-13"},{"lineNumber":7,"author":{"gitId":"chiewyx"},"content":"    public static final String DIVIDER \u003d \"-------------------------------------------------\";","lastModifiedDate":"2022-09-18"},{"lineNumber":8,"author":{"gitId":"chiewyx"},"content":"    protected ArrayList\u003cTask\u003e taskList;","lastModifiedDate":"2022-09-13"},{"lineNumber":9,"author":{"gitId":"chiewyx"},"content":"","lastModifiedDate":"2022-09-13"},{"lineNumber":10,"author":{"gitId":"chiewyx"},"content":"    public TaskList(ArrayList\u003cTask\u003e taskList) {","lastModifiedDate":"2022-09-13"},{"lineNumber":11,"author":{"gitId":"chiewyx"},"content":"        this.taskList \u003d taskList;","lastModifiedDate":"2022-09-13"},{"lineNumber":12,"author":{"gitId":"chiewyx"},"content":"    }","lastModifiedDate":"2022-09-13"},{"lineNumber":13,"author":{"gitId":"chiewyx"},"content":"","lastModifiedDate":"2022-09-13"},{"lineNumber":14,"author":{"gitId":"chiewyx"},"content":"    public TaskList() {","lastModifiedDate":"2022-09-13"},{"lineNumber":15,"author":{"gitId":"chiewyx"},"content":"        this.taskList \u003d new ArrayList\u003c\u003e();","lastModifiedDate":"2022-09-13"},{"lineNumber":16,"author":{"gitId":"chiewyx"},"content":"    }","lastModifiedDate":"2022-09-13"},{"lineNumber":17,"author":{"gitId":"chiewyx"},"content":"","lastModifiedDate":"2022-09-13"},{"lineNumber":18,"author":{"gitId":"chiewyx"},"content":"    public Task findTask(int index) {","lastModifiedDate":"2022-09-13"},{"lineNumber":19,"author":{"gitId":"chiewyx"},"content":"        return taskList.get(index);","lastModifiedDate":"2022-09-13"},{"lineNumber":20,"author":{"gitId":"chiewyx"},"content":"    }","lastModifiedDate":"2022-09-13"},{"lineNumber":21,"author":{"gitId":"chiewyx"},"content":"","lastModifiedDate":"2022-09-13"},{"lineNumber":22,"author":{"gitId":"chiewyx"},"content":"    public void addTask(Task toAdd) {","lastModifiedDate":"2022-09-13"},{"lineNumber":23,"author":{"gitId":"chiewyx"},"content":"        taskList.add(toAdd);","lastModifiedDate":"2022-09-13"},{"lineNumber":24,"author":{"gitId":"chiewyx"},"content":"    }","lastModifiedDate":"2022-09-13"},{"lineNumber":25,"author":{"gitId":"chiewyx"},"content":"","lastModifiedDate":"2022-09-13"},{"lineNumber":26,"author":{"gitId":"chiewyx"},"content":"    public void deleteTask(int index) throws IndexOutOfBoundsException{","lastModifiedDate":"2022-09-18"},{"lineNumber":27,"author":{"gitId":"chiewyx"},"content":"        if (index \u003e taskList.size()) {","lastModifiedDate":"2022-09-18"},{"lineNumber":28,"author":{"gitId":"chiewyx"},"content":"            throw new IndexOutOfBoundsException();","lastModifiedDate":"2022-09-18"},{"lineNumber":29,"author":{"gitId":"chiewyx"},"content":"        }","lastModifiedDate":"2022-09-18"},{"lineNumber":30,"author":{"gitId":"chiewyx"},"content":"        taskList.remove(index);","lastModifiedDate":"2022-09-13"},{"lineNumber":31,"author":{"gitId":"chiewyx"},"content":"    }","lastModifiedDate":"2022-09-13"},{"lineNumber":32,"author":{"gitId":"chiewyx"},"content":"","lastModifiedDate":"2022-09-13"},{"lineNumber":33,"author":{"gitId":"chiewyx"},"content":"    public int getSize() {","lastModifiedDate":"2022-09-13"},{"lineNumber":34,"author":{"gitId":"chiewyx"},"content":"        return taskList.size();","lastModifiedDate":"2022-09-13"},{"lineNumber":35,"author":{"gitId":"chiewyx"},"content":"    }","lastModifiedDate":"2022-09-13"},{"lineNumber":36,"author":{"gitId":"chiewyx"},"content":"","lastModifiedDate":"2022-09-13"},{"lineNumber":37,"author":{"gitId":"chiewyx"},"content":"    public void markDone(int index) {","lastModifiedDate":"2022-09-13"},{"lineNumber":38,"author":{"gitId":"chiewyx"},"content":"        taskList.get(index).markDone();","lastModifiedDate":"2022-09-13"},{"lineNumber":39,"author":{"gitId":"chiewyx"},"content":"    }","lastModifiedDate":"2022-09-13"},{"lineNumber":40,"author":{"gitId":"chiewyx"},"content":"","lastModifiedDate":"2022-09-13"},{"lineNumber":41,"author":{"gitId":"chiewyx"},"content":"    public void markUndone(int index) {","lastModifiedDate":"2022-09-13"},{"lineNumber":42,"author":{"gitId":"chiewyx"},"content":"        taskList.get(index).markUndone();","lastModifiedDate":"2022-09-13"},{"lineNumber":43,"author":{"gitId":"chiewyx"},"content":"    }","lastModifiedDate":"2022-09-13"},{"lineNumber":44,"author":{"gitId":"chiewyx"},"content":"","lastModifiedDate":"2022-09-13"},{"lineNumber":45,"author":{"gitId":"chiewyx"},"content":"    public void listTask() {","lastModifiedDate":"2022-09-13"},{"lineNumber":46,"author":{"gitId":"chiewyx"},"content":"        int counter \u003d 1;","lastModifiedDate":"2022-09-13"},{"lineNumber":47,"author":{"gitId":"chiewyx"},"content":"        System.out.println(\"come uncle show you your tasks\");","lastModifiedDate":"2022-09-13"},{"lineNumber":48,"author":{"gitId":"chiewyx"},"content":"        for (Task task : taskList) {","lastModifiedDate":"2022-09-13"},{"lineNumber":49,"author":{"gitId":"chiewyx"},"content":"            if (task !\u003d null) {","lastModifiedDate":"2022-09-13"},{"lineNumber":50,"author":{"gitId":"chiewyx"},"content":"                String toBePrinted \u003d task.toString();","lastModifiedDate":"2022-09-13"},{"lineNumber":51,"author":{"gitId":"chiewyx"},"content":"                System.out.println(counter + \". \" + toBePrinted);","lastModifiedDate":"2022-09-13"},{"lineNumber":52,"author":{"gitId":"chiewyx"},"content":"                counter++;","lastModifiedDate":"2022-09-13"},{"lineNumber":53,"author":{"gitId":"chiewyx"},"content":"            }","lastModifiedDate":"2022-09-13"},{"lineNumber":54,"author":{"gitId":"chiewyx"},"content":"        }","lastModifiedDate":"2022-09-13"},{"lineNumber":55,"author":{"gitId":"chiewyx"},"content":"        System.out.println(DIVIDER);","lastModifiedDate":"2022-09-13"},{"lineNumber":56,"author":{"gitId":"chiewyx"},"content":"    }","lastModifiedDate":"2022-09-13"},{"lineNumber":57,"author":{"gitId":"chiewyx"},"content":"}","lastModifiedDate":"2022-09-13"}],"authorContributionMap":{"chiewyx":57}},{"path":"src/main/java/duke/task/Todo.java","fileType":"java","lines":[{"lineNumber":1,"author":{"gitId":"chiewyx"},"content":"package duke.task;","lastModifiedDate":"2022-09-06"},{"lineNumber":2,"author":{"gitId":"chiewyx"},"content":"","lastModifiedDate":"2022-09-06"},{"lineNumber":3,"author":{"gitId":"chiewyx"},"content":"public class Todo extends Task {","lastModifiedDate":"2022-09-01"},{"lineNumber":4,"author":{"gitId":"chiewyx"},"content":"","lastModifiedDate":"2022-09-01"},{"lineNumber":5,"author":{"gitId":"chiewyx"},"content":"    public Todo(String description) {","lastModifiedDate":"2022-09-01"},{"lineNumber":6,"author":{"gitId":"chiewyx"},"content":"        super(description);","lastModifiedDate":"2022-09-01"},{"lineNumber":7,"author":{"gitId":"chiewyx"},"content":"    }","lastModifiedDate":"2022-09-01"},{"lineNumber":8,"author":{"gitId":"chiewyx"},"content":"","lastModifiedDate":"2022-09-01"},{"lineNumber":9,"author":{"gitId":"chiewyx"},"content":"    public String toString() {","lastModifiedDate":"2022-09-01"},{"lineNumber":10,"author":{"gitId":"chiewyx"},"content":"        return \"[T]\" + super.toString();","lastModifiedDate":"2022-09-01"},{"lineNumber":11,"author":{"gitId":"chiewyx"},"content":"    }","lastModifiedDate":"2022-09-01"},{"lineNumber":12,"author":{"gitId":"chiewyx"},"content":"","lastModifiedDate":"2022-09-13"},{"lineNumber":13,"author":{"gitId":"chiewyx"},"content":"    @Override","lastModifiedDate":"2022-09-13"},{"lineNumber":14,"author":{"gitId":"chiewyx"},"content":"    public String taskToString() {","lastModifiedDate":"2022-09-13"},{"lineNumber":15,"author":{"gitId":"chiewyx"},"content":"        return \"T\" + super.taskToString();","lastModifiedDate":"2022-09-13"},{"lineNumber":16,"author":{"gitId":"chiewyx"},"content":"    }","lastModifiedDate":"2022-09-13"},{"lineNumber":17,"author":{"gitId":"chiewyx"},"content":"}","lastModifiedDate":"2022-09-01"}],"authorContributionMap":{"chiewyx":17}},{"path":"src/main/java/duke/ui/Ui.java","fileType":"java","lines":[{"lineNumber":1,"author":{"gitId":"chiewyx"},"content":"package duke.ui;","lastModifiedDate":"2022-09-18"},{"lineNumber":2,"author":{"gitId":"chiewyx"},"content":"","lastModifiedDate":"2022-09-18"},{"lineNumber":3,"author":{"gitId":"chiewyx"},"content":"import duke.task.TaskList;","lastModifiedDate":"2022-09-18"},{"lineNumber":4,"author":{"gitId":"chiewyx"},"content":"","lastModifiedDate":"2022-09-18"},{"lineNumber":5,"author":{"gitId":"chiewyx"},"content":"import java.util.Scanner;","lastModifiedDate":"2022-09-18"},{"lineNumber":6,"author":{"gitId":"chiewyx"},"content":"","lastModifiedDate":"2022-09-18"},{"lineNumber":7,"author":{"gitId":"chiewyx"},"content":"public class Ui {","lastModifiedDate":"2022-09-18"},{"lineNumber":8,"author":{"gitId":"chiewyx"},"content":"","lastModifiedDate":"2022-09-18"},{"lineNumber":9,"author":{"gitId":"chiewyx"},"content":"    private final static String logo2 \u003d \"                   _      \\n\"","lastModifiedDate":"2022-09-18"},{"lineNumber":10,"author":{"gitId":"chiewyx"},"content":"            + \"                  | |     \\n\"","lastModifiedDate":"2022-09-18"},{"lineNumber":11,"author":{"gitId":"chiewyx"},"content":"            + \"  _   _ _ __   ___| | ___ \\n\"","lastModifiedDate":"2022-09-18"},{"lineNumber":12,"author":{"gitId":"chiewyx"},"content":"            + \" | | | | \u0027_ \\\\ / __| |/ _ |\\n\"","lastModifiedDate":"2022-09-18"},{"lineNumber":13,"author":{"gitId":"chiewyx"},"content":"            + \" | |_| | | | | (__| |  __/ \\n\"","lastModifiedDate":"2022-09-18"},{"lineNumber":14,"author":{"gitId":"chiewyx"},"content":"            + \"  \\\\__,_|_| |_|\\\\___|_|\\\\___| \\n\";","lastModifiedDate":"2022-09-18"},{"lineNumber":15,"author":{"gitId":"chiewyx"},"content":"","lastModifiedDate":"2022-09-18"},{"lineNumber":16,"author":{"gitId":"chiewyx"},"content":"    private static final String DIVIDER \u003d \"-------------------------------------------------\";","lastModifiedDate":"2022-09-18"},{"lineNumber":17,"author":{"gitId":"chiewyx"},"content":"","lastModifiedDate":"2022-09-18"},{"lineNumber":18,"author":{"gitId":"chiewyx"},"content":"    private static final String SPACER \u003d \"  \";","lastModifiedDate":"2022-09-18"},{"lineNumber":19,"author":{"gitId":"chiewyx"},"content":"","lastModifiedDate":"2022-09-18"},{"lineNumber":20,"author":{"gitId":"chiewyx"},"content":"    private final Scanner in;","lastModifiedDate":"2022-09-18"},{"lineNumber":21,"author":{"gitId":"chiewyx"},"content":"","lastModifiedDate":"2022-09-18"},{"lineNumber":22,"author":{"gitId":"chiewyx"},"content":"    public Ui() {","lastModifiedDate":"2022-09-18"},{"lineNumber":23,"author":{"gitId":"chiewyx"},"content":"        this.in \u003d new Scanner(System.in);","lastModifiedDate":"2022-09-18"},{"lineNumber":24,"author":{"gitId":"chiewyx"},"content":"    }","lastModifiedDate":"2022-09-18"},{"lineNumber":25,"author":{"gitId":"chiewyx"},"content":"","lastModifiedDate":"2022-09-18"},{"lineNumber":26,"author":{"gitId":"chiewyx"},"content":"    public String readCommand() {","lastModifiedDate":"2022-09-18"},{"lineNumber":27,"author":{"gitId":"chiewyx"},"content":"        return in.nextLine();","lastModifiedDate":"2022-09-18"},{"lineNumber":28,"author":{"gitId":"chiewyx"},"content":"    }","lastModifiedDate":"2022-09-18"},{"lineNumber":29,"author":{"gitId":"chiewyx"},"content":"","lastModifiedDate":"2022-09-18"},{"lineNumber":30,"author":{"gitId":"chiewyx"},"content":"    public void printToUser(String line) {","lastModifiedDate":"2022-09-18"},{"lineNumber":31,"author":{"gitId":"chiewyx"},"content":"        System.out.println(line + System.lineSeparator() + DIVIDER);","lastModifiedDate":"2022-09-18"},{"lineNumber":32,"author":{"gitId":"chiewyx"},"content":"    }","lastModifiedDate":"2022-09-18"},{"lineNumber":33,"author":{"gitId":"chiewyx"},"content":"","lastModifiedDate":"2022-09-18"},{"lineNumber":34,"author":{"gitId":"chiewyx"},"content":"    public void printGreeting() {","lastModifiedDate":"2022-09-18"},{"lineNumber":35,"author":{"gitId":"chiewyx"},"content":"        printToUser(\"Hello I\u0027m\\n\" + logo2 + System.lineSeparator() + \"What you want?\");","lastModifiedDate":"2022-09-18"},{"lineNumber":36,"author":{"gitId":"chiewyx"},"content":"    }","lastModifiedDate":"2022-09-18"},{"lineNumber":37,"author":{"gitId":"chiewyx"},"content":"","lastModifiedDate":"2022-09-18"},{"lineNumber":38,"author":{"gitId":"chiewyx"},"content":"    public void printBye() {","lastModifiedDate":"2022-09-18"},{"lineNumber":39,"author":{"gitId":"chiewyx"},"content":"        printToUser(\"bye bye\");","lastModifiedDate":"2022-09-18"},{"lineNumber":40,"author":{"gitId":"chiewyx"},"content":"    }","lastModifiedDate":"2022-09-18"},{"lineNumber":41,"author":{"gitId":"chiewyx"},"content":"","lastModifiedDate":"2022-09-18"},{"lineNumber":42,"author":{"gitId":"chiewyx"},"content":"    public void printAddTask(TaskList tasks) {","lastModifiedDate":"2022-09-18"},{"lineNumber":43,"author":{"gitId":"chiewyx"},"content":"        int tasksLength \u003d tasks.getSize();","lastModifiedDate":"2022-09-18"},{"lineNumber":44,"author":{"gitId":"chiewyx"},"content":"        String taskType \u003d tasks.findTask(tasksLength - 1).toString();","lastModifiedDate":"2022-09-18"},{"lineNumber":45,"author":{"gitId":"chiewyx"},"content":"        printToUser(\"task added\" + System.lineSeparator() + SPACER + taskType + System.lineSeparator()","lastModifiedDate":"2022-09-18"},{"lineNumber":46,"author":{"gitId":"chiewyx"},"content":"                + \"you still have \" + tasksLength + \" tasks left\");","lastModifiedDate":"2022-09-18"},{"lineNumber":47,"author":{"gitId":"chiewyx"},"content":"    }","lastModifiedDate":"2022-09-18"},{"lineNumber":48,"author":{"gitId":"chiewyx"},"content":"","lastModifiedDate":"2022-09-18"},{"lineNumber":49,"author":{"gitId":"chiewyx"},"content":"    public void printDeleteTask(TaskList tasks, int taskNum) {","lastModifiedDate":"2022-09-18"},{"lineNumber":50,"author":{"gitId":"chiewyx"},"content":"        int tasksLength \u003d tasks.getSize();","lastModifiedDate":"2022-09-18"},{"lineNumber":51,"author":{"gitId":"chiewyx"},"content":"        if (tasksLength !\u003d 0) {","lastModifiedDate":"2022-09-18"},{"lineNumber":52,"author":{"gitId":"chiewyx"},"content":"            String taskType \u003d tasks.findTask(taskNum).toString();","lastModifiedDate":"2022-09-18"},{"lineNumber":53,"author":{"gitId":"chiewyx"},"content":"            printToUser(\"task deleted\" + System.lineSeparator() + SPACER + taskType + System.lineSeparator()","lastModifiedDate":"2022-09-18"},{"lineNumber":54,"author":{"gitId":"chiewyx"},"content":"                    + \"you still have \" + (tasksLength - 1) + \" tasks left\");","lastModifiedDate":"2022-09-18"},{"lineNumber":55,"author":{"gitId":"chiewyx"},"content":"        }","lastModifiedDate":"2022-09-18"},{"lineNumber":56,"author":{"gitId":"chiewyx"},"content":"    }","lastModifiedDate":"2022-09-18"},{"lineNumber":57,"author":{"gitId":"chiewyx"},"content":"","lastModifiedDate":"2022-09-18"},{"lineNumber":58,"author":{"gitId":"chiewyx"},"content":"    public void printMarkTask(TaskList tasks, int taskNum) {","lastModifiedDate":"2022-09-18"},{"lineNumber":59,"author":{"gitId":"chiewyx"},"content":"        String taskType \u003d tasks.findTask(taskNum).toString();","lastModifiedDate":"2022-09-18"},{"lineNumber":60,"author":{"gitId":"chiewyx"},"content":"        printToUser(\"that was fast\\n\" + SPACER + taskType);","lastModifiedDate":"2022-09-18"},{"lineNumber":61,"author":{"gitId":"chiewyx"},"content":"    }","lastModifiedDate":"2022-09-18"},{"lineNumber":62,"author":{"gitId":"chiewyx"},"content":"","lastModifiedDate":"2022-09-18"},{"lineNumber":63,"author":{"gitId":"chiewyx"},"content":"    public void printUnmarkTask(TaskList tasks, int taskNum) {","lastModifiedDate":"2022-09-18"},{"lineNumber":64,"author":{"gitId":"chiewyx"},"content":"        String taskType \u003d tasks.findTask(taskNum).toString();","lastModifiedDate":"2022-09-18"},{"lineNumber":65,"author":{"gitId":"chiewyx"},"content":"        printToUser(\"can you make up your mind\\n\" + SPACER + taskType);","lastModifiedDate":"2022-09-18"},{"lineNumber":66,"author":{"gitId":"chiewyx"},"content":"    }","lastModifiedDate":"2022-09-18"},{"lineNumber":67,"author":{"gitId":"chiewyx"},"content":"","lastModifiedDate":"2022-09-18"},{"lineNumber":68,"author":{"gitId":"chiewyx"},"content":"    public void printError(String message) {","lastModifiedDate":"2022-09-18"},{"lineNumber":69,"author":{"gitId":"chiewyx"},"content":"        printToUser(message);","lastModifiedDate":"2022-09-18"},{"lineNumber":70,"author":{"gitId":"chiewyx"},"content":"    }","lastModifiedDate":"2022-09-18"},{"lineNumber":71,"author":{"gitId":"chiewyx"},"content":"","lastModifiedDate":"2022-09-18"},{"lineNumber":72,"author":{"gitId":"chiewyx"},"content":"}","lastModifiedDate":"2022-09-18"}],"authorContributionMap":{"chiewyx":72}},{"path":"text-ui-test/input.txt","fileType":"txt","lines":[{"lineNumber":1,"author":{"gitId":"chiewyx"},"content":"todo run","lastModifiedDate":"2022-09-01"},{"lineNumber":2,"author":{"gitId":"chiewyx"},"content":"deadline assignment 1 /thurs 2359","lastModifiedDate":"2022-09-01"},{"lineNumber":3,"author":{"gitId":"chiewyx"},"content":"list","lastModifiedDate":"2022-09-01"},{"lineNumber":4,"author":{"gitId":"chiewyx"},"content":"event tuition /saturday","lastModifiedDate":"2022-09-01"},{"lineNumber":5,"author":{"gitId":"chiewyx"},"content":"mark 2","lastModifiedDate":"2022-09-01"},{"lineNumber":6,"author":{"gitId":"chiewyx"},"content":"list","lastModifiedDate":"2022-09-01"},{"lineNumber":7,"author":{"gitId":"chiewyx"},"content":"what","lastModifiedDate":"2022-09-01"},{"lineNumber":8,"author":{"gitId":"chiewyx"},"content":"bye","lastModifiedDate":"2022-09-01"}],"authorContributionMap":{"chiewyx":8}}]
