[{"path":"src/main/java/Deadline.java","fileType":"java","lines":[{"lineNumber":1,"author":{"gitId":"Franky4566"},"content":"public class Deadline extends Task {","lastModifiedDate":"2022-09-03"},{"lineNumber":2,"author":{"gitId":"Franky4566"},"content":"","lastModifiedDate":"2022-09-03"},{"lineNumber":3,"author":{"gitId":"Franky4566"},"content":"    protected String by;","lastModifiedDate":"2022-09-03"},{"lineNumber":4,"author":{"gitId":"Franky4566"},"content":"","lastModifiedDate":"2022-09-03"},{"lineNumber":5,"author":{"gitId":"Franky4566"},"content":"    public Deadline(String description, String by) {","lastModifiedDate":"2022-09-03"},{"lineNumber":6,"author":{"gitId":"Franky4566"},"content":"        super(description);","lastModifiedDate":"2022-09-03"},{"lineNumber":7,"author":{"gitId":"Franky4566"},"content":"        this.by \u003d by;","lastModifiedDate":"2022-09-03"},{"lineNumber":8,"author":{"gitId":"Franky4566"},"content":"    }","lastModifiedDate":"2022-09-03"},{"lineNumber":9,"author":{"gitId":"Franky4566"},"content":"","lastModifiedDate":"2022-09-03"},{"lineNumber":10,"author":{"gitId":"Franky4566"},"content":"    @Override","lastModifiedDate":"2022-09-03"},{"lineNumber":11,"author":{"gitId":"Franky4566"},"content":"    public String toString() {","lastModifiedDate":"2022-09-03"},{"lineNumber":12,"author":{"gitId":"Franky4566"},"content":"        return \"[D]\" + getStatusIcon() + super.description + \" (by: \" + this.by + \")\";","lastModifiedDate":"2022-09-03"},{"lineNumber":13,"author":{"gitId":"Franky4566"},"content":"    }","lastModifiedDate":"2022-09-03"},{"lineNumber":14,"author":{"gitId":"Franky4566"},"content":"","lastModifiedDate":"2022-09-03"},{"lineNumber":15,"author":{"gitId":"Franky4566"},"content":"    public String getBy() {","lastModifiedDate":"2022-09-03"},{"lineNumber":16,"author":{"gitId":"Franky4566"},"content":"        return this.by;","lastModifiedDate":"2022-09-03"},{"lineNumber":17,"author":{"gitId":"Franky4566"},"content":"    }","lastModifiedDate":"2022-09-03"},{"lineNumber":18,"author":{"gitId":"Franky4566"},"content":"}","lastModifiedDate":"2022-09-03"}],"authorContributionMap":{"Franky4566":18}},{"path":"src/main/java/Duke.java","fileType":"java","lines":[{"lineNumber":1,"author":{"gitId":"Franky4566"},"content":"import java.util.Scanner;","lastModifiedDate":"2022-08-28"},{"lineNumber":2,"author":{"gitId":"Franky4566"},"content":"","lastModifiedDate":"2022-09-03"},{"lineNumber":3,"author":{"gitId":"-"},"content":"public class Duke {","lastModifiedDate":"2019-07-29"},{"lineNumber":4,"author":{"gitId":"Franky4566"},"content":"    static TaskManager tasks \u003d new TaskManager();","lastModifiedDate":"2022-08-28"},{"lineNumber":5,"author":{"gitId":"Franky4566"},"content":"    static String PRINT_LINE \u003d \"____________________________________________________________\\n\";","lastModifiedDate":"2022-08-28"},{"lineNumber":6,"author":{"gitId":"Franky4566"},"content":"","lastModifiedDate":"2022-09-03"},{"lineNumber":7,"author":{"gitId":"-"},"content":"    public static void main(String[] args) {","lastModifiedDate":"2019-07-29"},{"lineNumber":8,"author":{"gitId":"Franky4566"},"content":"","lastModifiedDate":"2022-08-28"},{"lineNumber":9,"author":{"gitId":"Franky4566"},"content":"        WelcomeLogo();","lastModifiedDate":"2022-09-08"},{"lineNumber":10,"author":{"gitId":"Franky4566"},"content":"        System.out.println(","lastModifiedDate":"2022-08-28"},{"lineNumber":11,"author":{"gitId":"Franky4566"},"content":"                PRINT_LINE +","lastModifiedDate":"2022-08-28"},{"lineNumber":12,"author":{"gitId":"Franky4566"},"content":"                        \" Hello! I\u0027m King Bob\\n\" +","lastModifiedDate":"2022-09-08"},{"lineNumber":13,"author":{"gitId":"Franky4566"},"content":"                        \" What can I do for you?\\n\" +","lastModifiedDate":"2022-08-28"},{"lineNumber":14,"author":{"gitId":"Franky4566"},"content":"                        PRINT_LINE","lastModifiedDate":"2022-08-28"},{"lineNumber":15,"author":{"gitId":"Franky4566"},"content":"        );","lastModifiedDate":"2022-08-28"},{"lineNumber":16,"author":{"gitId":"Franky4566"},"content":"        Scanner sc \u003d new Scanner(System.in);","lastModifiedDate":"2022-08-28"},{"lineNumber":17,"author":{"gitId":"Franky4566"},"content":"        boolean isFinished \u003d false;","lastModifiedDate":"2022-08-28"},{"lineNumber":18,"author":{"gitId":"Franky4566"},"content":"        int taskNum \u003d 0;","lastModifiedDate":"2022-08-28"},{"lineNumber":19,"author":{"gitId":"Franky4566"},"content":"","lastModifiedDate":"2022-08-28"},{"lineNumber":20,"author":{"gitId":"Franky4566"},"content":"","lastModifiedDate":"2022-08-28"},{"lineNumber":21,"author":{"gitId":"Franky4566"},"content":"        do {","lastModifiedDate":"2022-08-28"},{"lineNumber":22,"author":{"gitId":"Franky4566"},"content":"            String command \u003d sc.nextLine();","lastModifiedDate":"2022-08-28"},{"lineNumber":23,"author":{"gitId":"Franky4566"},"content":"","lastModifiedDate":"2022-08-28"},{"lineNumber":24,"author":{"gitId":"Franky4566"},"content":"            if (command.equals(\"bye\")) {","lastModifiedDate":"2022-08-28"},{"lineNumber":25,"author":{"gitId":"Franky4566"},"content":"                isFinished \u003d true;","lastModifiedDate":"2022-08-28"},{"lineNumber":26,"author":{"gitId":"Franky4566"},"content":"            } else if (command.startsWith(\"mark\")) {","lastModifiedDate":"2022-08-28"},{"lineNumber":27,"author":{"gitId":"Franky4566"},"content":"                taskNum \u003d Integer.parseInt(command.substring(command.length() - 1));","lastModifiedDate":"2022-08-28"},{"lineNumber":28,"author":{"gitId":"Franky4566"},"content":"                tasks.markTask(taskNum);","lastModifiedDate":"2022-08-28"},{"lineNumber":29,"author":{"gitId":"Franky4566"},"content":"            } else if (command.startsWith(\"unmark\")) {","lastModifiedDate":"2022-08-28"},{"lineNumber":30,"author":{"gitId":"Franky4566"},"content":"                taskNum \u003d Integer.parseInt(command.substring(command.length() - 1));","lastModifiedDate":"2022-08-28"},{"lineNumber":31,"author":{"gitId":"Franky4566"},"content":"                tasks.unmarkTask(taskNum);","lastModifiedDate":"2022-08-28"},{"lineNumber":32,"author":{"gitId":"Franky4566"},"content":"            } else if (command.equals(\"list\")) { // list","lastModifiedDate":"2022-08-28"},{"lineNumber":33,"author":{"gitId":"Franky4566"},"content":"                tasks.printList();","lastModifiedDate":"2022-08-28"},{"lineNumber":34,"author":{"gitId":"Franky4566"},"content":"            } else if (command.startsWith(\"todo\")) {","lastModifiedDate":"2022-09-03"},{"lineNumber":35,"author":{"gitId":"Franky4566"},"content":"                tasks.addToDo(command);","lastModifiedDate":"2022-09-03"},{"lineNumber":36,"author":{"gitId":"Franky4566"},"content":"            } else if (command.startsWith(\"event\")) {","lastModifiedDate":"2022-09-03"},{"lineNumber":37,"author":{"gitId":"Franky4566"},"content":"                tasks.addEvent(command);","lastModifiedDate":"2022-09-03"},{"lineNumber":38,"author":{"gitId":"Franky4566"},"content":"            } else if (command.startsWith(\"deadline\")) {","lastModifiedDate":"2022-09-03"},{"lineNumber":39,"author":{"gitId":"Franky4566"},"content":"                tasks.addDeadline(command);","lastModifiedDate":"2022-09-03"},{"lineNumber":40,"author":{"gitId":"Franky4566"},"content":"            }","lastModifiedDate":"2022-08-28"},{"lineNumber":41,"author":{"gitId":"Franky4566"},"content":"","lastModifiedDate":"2022-08-28"},{"lineNumber":42,"author":{"gitId":"Franky4566"},"content":"        } while (isFinished !\u003d true);","lastModifiedDate":"2022-08-28"},{"lineNumber":43,"author":{"gitId":"Franky4566"},"content":"        System.out.println(","lastModifiedDate":"2022-08-28"},{"lineNumber":44,"author":{"gitId":"Franky4566"},"content":"                PRINT_LINE","lastModifiedDate":"2022-08-28"},{"lineNumber":45,"author":{"gitId":"Franky4566"},"content":"                        + \"Bye. Come back soon! :) \\n\"","lastModifiedDate":"2022-09-03"},{"lineNumber":46,"author":{"gitId":"Franky4566"},"content":"                        + PRINT_LINE","lastModifiedDate":"2022-08-28"},{"lineNumber":47,"author":{"gitId":"Franky4566"},"content":"        );","lastModifiedDate":"2022-08-28"},{"lineNumber":48,"author":{"gitId":"-"},"content":"    }","lastModifiedDate":"2019-07-29"},{"lineNumber":49,"author":{"gitId":"Franky4566"},"content":"","lastModifiedDate":"2022-09-08"},{"lineNumber":50,"author":{"gitId":"Franky4566"},"content":"    public static void WelcomeLogo(){","lastModifiedDate":"2022-09-08"},{"lineNumber":51,"author":{"gitId":"Franky4566"},"content":"        String logo \u003d \"⠀⠀⠀⠀⠀⣠⡾⣿⣷⢤⣀⠀⠀⠀⠀⠀⠀⠀⠀⠀⠀⠀⠀⠀⠀⠀⠀⠀⠀⠀⠀⠀⠀⠀⠀⠀⠀⠀⠀⠀⠀⠀⠀⠀⠀⠀⠀⠀⠀⠀\\n\" +","lastModifiedDate":"2022-09-08"},{"lineNumber":52,"author":{"gitId":"Franky4566"},"content":"                \"⠀⠀⣠⣤⣴⠋⠀⢻⣿⣧⣈⢳⡀⠀⠀⠀⠀⠀⠀⠀⠀⠀⠀⠀⠀⢀⣀⣀⣀⣀⣀⠀⠀⠀⠀⠀⠀⠀⠀⠀⠀⠀⠀⠀⠀⠀⠀⠀⠀⠀\\n\" +","lastModifiedDate":"2022-09-08"},{"lineNumber":53,"author":{"gitId":"Franky4566"},"content":"                \"⠀⠰⡇⢀⣿⣀⠀⠿⠋⠙⠛⠀⡟⢦⠀⠀⠀⠀⠀⠀⠀⢀⣠⠶⠛⠉⣁⣀⣀⣀⣈⠉⠛⠶⣤⡀⠀⠀⠀⠀⠀⠀⠀⠀⠀⠀⠀⠀⠀⠀\\n\" +","lastModifiedDate":"2022-09-08"},{"lineNumber":54,"author":{"gitId":"Franky4566"},"content":"                \"⠀⢀⡹⠟⠃⢈⣳⣄⠀⠀⠀⣰⠷⠋⠀⠀⠀⠀⠀⠀⣴⠯⢥⡖⣶⡿⣋⡤⠒⠒⠦⣍⠢⡀⠀⠙⠳⣄⠀⠀⠀⠀⠀⠀⠀⠀⠀⠀⠀⠀\\n\" +","lastModifiedDate":"2022-09-08"},{"lineNumber":55,"author":{"gitId":"Franky4566"},"content":"                \"⠀⣼⠁⠀⠀⠘⢧⣈⣷⠒⠛⣧⠀⠀⠀⠀⠀⠀⠀⡾⠭⢭⣿⣾⠏⣰⣿⣿⠀⠀⠀⠘⣷⠸⠶⢛⣩⣭⣙⡲⣄⠀⠀⠀⠀⠀⠀⠀⠀⠀\\n\" +","lastModifiedDate":"2022-09-08"},{"lineNumber":56,"author":{"gitId":"Franky4566"},"content":"                \"⡴⠙⣄⠀⠀⠀⢀⡇⠘⢻⡞⠁⠀⠀⠀⠀⠀⠀⣼⠃⠀⠀⠙⣿⡀⢿⠟⠋⠀⠀⠀⠀⣿⢀⣾⣯⠀⠀⠀⠹⣮⢳⠀⠀⠀⠀⠀⠀⠀⠀\\n\" +","lastModifiedDate":"2022-09-08"},{"lineNumber":57,"author":{"gitId":"Franky4566"},"content":"                \"⠛⠦⠊⢹⠁⠘⡏⠙⠶⢯⣉⠓⢦⣀⡀⠀⠀⣰⡏⠀⠀⠀⠀⠘⣷⡘⢦⣀⠀⠀⣀⡼⠋⢸⣿⡿⠀⠀⠀⠀⣿⠘⡇⠀⠀⠀⠀⠀⠀⠀\\n\" +","lastModifiedDate":"2022-09-08"},{"lineNumber":58,"author":{"gitId":"Franky4566"},"content":"                \"⠀⠀⠀⠈⠳⠶⠛⠀⠀⠀⠈⠓⢤⣀⠉⠓⢺⣄⠙⣆⠀⠀⠀⢠⣌⡛⠲⠬⠍⠉⠥⠶⣦⡘⣆⠀⠀⠀⠀⣠⡟⣸⠁⠀⠀⠀⠀⠀⠀⠀\\n\" +","lastModifiedDate":"2022-09-08"},{"lineNumber":59,"author":{"gitId":"Franky4566"},"content":"                \"⠀⠀⠀⠀⠀⠀⠀⠀⠀⠀⠀⠀⠀⠀⠙⢲⡞⠘⣆⠘⢦⠀⠀⢸⡻⢍⣦⣄⡀⠀⠀⠀⠘⠳⣬⡑⠒⠒⢚⣩⠞⠁⠀⠀⠀⠀⠀⠀⠀⠀\\n\" +","lastModifiedDate":"2022-09-08"},{"lineNumber":60,"author":{"gitId":"Franky4566"},"content":"                \"⠀⠀⠀⠀⠀⠀⠀⠀⠀⠀⠀⠀⠀⠀⠀⡾⠀⠀⠈⢧⣨⣷⣤⣀⠳⢄⡈⠓⠛⢶⣦⣤⡀⠀⠀⠉⠉⠉⢹⠇⠀⠀⠀⠀⠀⠀⠀⠀⠀⠀\\n\" +","lastModifiedDate":"2022-09-08"},{"lineNumber":61,"author":{"gitId":"Franky4566"},"content":"                \"⠀⠀⠀⠀⠀⠀⠀⠀⠀⠀⠀⠀⠀⠀⢸⣇⡀⠀⣠⠎⠻⠟⠁⠈⠑⠲⠭⣑⠲⠤⠴⠟⠃⠀⠀⠀⠀⢠⡏⠀⠀⠀⠀⠀⠀⠀⠀⠀⠀⠀\\n\" +","lastModifiedDate":"2022-09-08"},{"lineNumber":62,"author":{"gitId":"Franky4566"},"content":"                \"⠀⠀⠀⠀⠀⠀⠀⠀⠀⠀⠀⠀⠀⠀⢿⠀⢉⡻⠃⠀⠀⠀⣰⠋⠓⠦⢄⣀⠉⡉⠓⢲⣤⡤⠤⠖⢒⣽⠁⠀⠀⠀⠀⠀⠀⠀⠀⠀⠀⠀\\n\" +","lastModifiedDate":"2022-09-08"},{"lineNumber":63,"author":{"gitId":"Franky4566"},"content":"                \"⠀⠀⠀⠀⠀⠀⠀⠀⠀⠀⠀⠀⠀⠀⠸⡏⠉⠀⠀⠀⠀⠀⢧⣀⠀⠀⠀⢀⡽⠃⠀⠸⣧⠷⠖⠊⠉⠉⠓⠦⣄⡀⠀⠀⠀⠀⠀⠀⠀⠀\\n\" +","lastModifiedDate":"2022-09-08"},{"lineNumber":64,"author":{"gitId":"Franky4566"},"content":"                \"⠀⠀⠀⠀⠀⠀⠀⠀⠀⠀⠀⠀⠀⠀⠀⠙⢦⣤⡀⠀⠀⠀⠀⠈⠉⠓⠒⠋⠀⠀⠀⢠⠋⠀⠀⡼⠋⠙⠒⠤⣄⣉⠙⠒⢶⣦⠤⡖⢒⠦\\n\" +","lastModifiedDate":"2022-09-08"},{"lineNumber":65,"author":{"gitId":"Franky4566"},"content":"                \"⠀⠀⠀⠀⠀⠀⠀⠀⠀⠀⠀⠀⠀⠀⠀⠀⢸⠈⠙⠓⢤⣄⡀⠀⠀⠀⠀⠀⠀⠀⢰⡏⠑⠒⣾⠁⠀⠀⠀⠀⠀⠈⠉⠳⠿⠴⣄⣰⣯⡔\\n\" +","lastModifiedDate":"2022-09-08"},{"lineNumber":66,"author":{"gitId":"Franky4566"},"content":"                \"⠀⠀⠀⠀⠀⠀⠀⠀⠀⠀⠀⠀⠀⠀⠀⠀⡞⠓⣲⠞⠉⠉⠉⠻⡶⠦⣤⣀⣀⡀⠈⢳⣶⠞⠁⠀⠀⠀⠀⠀⠀⠀⠀⠀⠀⠀⠀⠀⠁⠀\\n\" +","lastModifiedDate":"2022-09-08"},{"lineNumber":67,"author":{"gitId":"Franky4566"},"content":"                \"⠀⠀⠀⠀⠀⠀⠀⠀⠀⠀⠀⠀⠀⠀⠀⠀⠉⠉⠁⠀⠀⠀⠀⠀⢷⣤⣶⣶⣾⡿⣯⠉⠀⠀⠀⠀⠀⠀⠀⠀⠀⠀⠀⠀⠀⠀⠀⠀⠀⠀\\n\" +","lastModifiedDate":"2022-09-08"},{"lineNumber":68,"author":{"gitId":"Franky4566"},"content":"                \"⠀⠀⠀⠀⠀⠀⠀⠀⠀⠀⠀⠀⠀⠀⠀⠀⠀⠀⠀⠀⠀⠀⠀⠀⢸⣿⣿⠭⠤⠖⠋⠀⠀⠀⠀⠀⠀⠀⠀⠀⠀⠀⠀⠀⠀⠀⠀⠀⠀⠀\";","lastModifiedDate":"2022-09-08"},{"lineNumber":69,"author":{"gitId":"Franky4566"},"content":"        System.out.println(logo);","lastModifiedDate":"2022-09-08"},{"lineNumber":70,"author":{"gitId":"-"},"content":"    }","lastModifiedDate":"2022-09-08"},{"lineNumber":71,"author":{"gitId":"-"},"content":"}","lastModifiedDate":"2019-07-29"}],"authorContributionMap":{"Franky4566":66,"-":5}},{"path":"src/main/java/Event.java","fileType":"java","lines":[{"lineNumber":1,"author":{"gitId":"Franky4566"},"content":"public class Event extends Task {","lastModifiedDate":"2022-09-03"},{"lineNumber":2,"author":{"gitId":"Franky4566"},"content":"    protected String at;","lastModifiedDate":"2022-09-03"},{"lineNumber":3,"author":{"gitId":"Franky4566"},"content":"","lastModifiedDate":"2022-09-03"},{"lineNumber":4,"author":{"gitId":"Franky4566"},"content":"    public Event(String description, String at) {","lastModifiedDate":"2022-09-03"},{"lineNumber":5,"author":{"gitId":"Franky4566"},"content":"        super(description);","lastModifiedDate":"2022-09-03"},{"lineNumber":6,"author":{"gitId":"Franky4566"},"content":"        this.at \u003d at;","lastModifiedDate":"2022-09-03"},{"lineNumber":7,"author":{"gitId":"Franky4566"},"content":"    }","lastModifiedDate":"2022-09-03"},{"lineNumber":8,"author":{"gitId":"Franky4566"},"content":"","lastModifiedDate":"2022-09-03"},{"lineNumber":9,"author":{"gitId":"Franky4566"},"content":"    @Override","lastModifiedDate":"2022-09-03"},{"lineNumber":10,"author":{"gitId":"Franky4566"},"content":"    public String toString() {","lastModifiedDate":"2022-09-03"},{"lineNumber":11,"author":{"gitId":"Franky4566"},"content":"","lastModifiedDate":"2022-09-03"},{"lineNumber":12,"author":{"gitId":"Franky4566"},"content":"        return \"[E]\" + getStatusIcon() + super.description + \" (at: \" + this.at + \")\";","lastModifiedDate":"2022-09-03"},{"lineNumber":13,"author":{"gitId":"Franky4566"},"content":"    }","lastModifiedDate":"2022-09-03"},{"lineNumber":14,"author":{"gitId":"Franky4566"},"content":"","lastModifiedDate":"2022-09-03"},{"lineNumber":15,"author":{"gitId":"Franky4566"},"content":"    public String getAt() {","lastModifiedDate":"2022-09-03"},{"lineNumber":16,"author":{"gitId":"Franky4566"},"content":"        return this.at;","lastModifiedDate":"2022-09-03"},{"lineNumber":17,"author":{"gitId":"Franky4566"},"content":"    }","lastModifiedDate":"2022-09-03"},{"lineNumber":18,"author":{"gitId":"Franky4566"},"content":"}","lastModifiedDate":"2022-09-03"}],"authorContributionMap":{"Franky4566":18}},{"path":"src/main/java/Task.java","fileType":"java","lines":[{"lineNumber":1,"author":{"gitId":"Franky4566"},"content":"public class Task {","lastModifiedDate":"2022-08-28"},{"lineNumber":2,"author":{"gitId":"Franky4566"},"content":"    protected String description;","lastModifiedDate":"2022-08-28"},{"lineNumber":3,"author":{"gitId":"Franky4566"},"content":"    protected boolean isDone;","lastModifiedDate":"2022-08-28"},{"lineNumber":4,"author":{"gitId":"Franky4566"},"content":"    protected String taskType;","lastModifiedDate":"2022-09-03"},{"lineNumber":5,"author":{"gitId":"Franky4566"},"content":"","lastModifiedDate":"2022-08-28"},{"lineNumber":6,"author":{"gitId":"Franky4566"},"content":"    public Task(String description) {","lastModifiedDate":"2022-08-28"},{"lineNumber":7,"author":{"gitId":"Franky4566"},"content":"        this.description \u003d description;","lastModifiedDate":"2022-08-28"},{"lineNumber":8,"author":{"gitId":"Franky4566"},"content":"        this.isDone \u003d false;","lastModifiedDate":"2022-08-28"},{"lineNumber":9,"author":{"gitId":"Franky4566"},"content":"        this.taskType \u003d \"T\";","lastModifiedDate":"2022-09-03"},{"lineNumber":10,"author":{"gitId":"Franky4566"},"content":"    }","lastModifiedDate":"2022-08-28"},{"lineNumber":11,"author":{"gitId":"Franky4566"},"content":"","lastModifiedDate":"2022-08-28"},{"lineNumber":12,"author":{"gitId":"Franky4566"},"content":"    /**","lastModifiedDate":"2022-08-28"},{"lineNumber":13,"author":{"gitId":"Franky4566"},"content":"     * Get status of list item if it is done or undone","lastModifiedDate":"2022-08-28"},{"lineNumber":14,"author":{"gitId":"Franky4566"},"content":"     */","lastModifiedDate":"2022-08-28"},{"lineNumber":15,"author":{"gitId":"Franky4566"},"content":"    public String getStatusIcon() {","lastModifiedDate":"2022-08-28"},{"lineNumber":16,"author":{"gitId":"Franky4566"},"content":"        return (isDone ? \"[X]\" : \"[ ]\"","lastModifiedDate":"2022-09-03"},{"lineNumber":17,"author":{"gitId":"Franky4566"},"content":"        ); // mark done task with X","lastModifiedDate":"2022-09-03"},{"lineNumber":18,"author":{"gitId":"Franky4566"},"content":"    }","lastModifiedDate":"2022-08-28"},{"lineNumber":19,"author":{"gitId":"Franky4566"},"content":"","lastModifiedDate":"2022-08-28"},{"lineNumber":20,"author":{"gitId":"Franky4566"},"content":"","lastModifiedDate":"2022-09-03"},{"lineNumber":21,"author":{"gitId":"Franky4566"},"content":"    /**","lastModifiedDate":"2022-08-28"},{"lineNumber":22,"author":{"gitId":"Franky4566"},"content":"     * Mark an item as not done","lastModifiedDate":"2022-08-28"},{"lineNumber":23,"author":{"gitId":"Franky4566"},"content":"     */","lastModifiedDate":"2022-08-28"},{"lineNumber":24,"author":{"gitId":"Franky4566"},"content":"    public void markAsNotDone() {","lastModifiedDate":"2022-08-28"},{"lineNumber":25,"author":{"gitId":"Franky4566"},"content":"        this.isDone \u003d false;","lastModifiedDate":"2022-08-28"},{"lineNumber":26,"author":{"gitId":"Franky4566"},"content":"        System.out.println(","lastModifiedDate":"2022-08-28"},{"lineNumber":27,"author":{"gitId":"Franky4566"},"content":"                Duke.PRINT_LINE","lastModifiedDate":"2022-08-28"},{"lineNumber":28,"author":{"gitId":"Franky4566"},"content":"                        + \"OK, I\u0027ve marked this task as not done:\\n\"","lastModifiedDate":"2022-09-03"},{"lineNumber":29,"author":{"gitId":"Franky4566"},"content":"                        + \"[ ] \"","lastModifiedDate":"2022-08-28"},{"lineNumber":30,"author":{"gitId":"Franky4566"},"content":"                        + description","lastModifiedDate":"2022-08-28"},{"lineNumber":31,"author":{"gitId":"Franky4566"},"content":"                        + \"\\n\" + Duke.PRINT_LINE","lastModifiedDate":"2022-09-03"},{"lineNumber":32,"author":{"gitId":"Franky4566"},"content":"        );","lastModifiedDate":"2022-08-28"},{"lineNumber":33,"author":{"gitId":"Franky4566"},"content":"    }","lastModifiedDate":"2022-08-28"},{"lineNumber":34,"author":{"gitId":"Franky4566"},"content":"","lastModifiedDate":"2022-08-28"},{"lineNumber":35,"author":{"gitId":"Franky4566"},"content":"    /**","lastModifiedDate":"2022-08-28"},{"lineNumber":36,"author":{"gitId":"Franky4566"},"content":"     * Mark an item as done","lastModifiedDate":"2022-08-28"},{"lineNumber":37,"author":{"gitId":"Franky4566"},"content":"     */","lastModifiedDate":"2022-08-28"},{"lineNumber":38,"author":{"gitId":"Franky4566"},"content":"    public void markAsDone() {","lastModifiedDate":"2022-08-28"},{"lineNumber":39,"author":{"gitId":"Franky4566"},"content":"        this.isDone \u003d true;","lastModifiedDate":"2022-08-28"},{"lineNumber":40,"author":{"gitId":"Franky4566"},"content":"        System.out.println(","lastModifiedDate":"2022-08-28"},{"lineNumber":41,"author":{"gitId":"Franky4566"},"content":"                Duke.PRINT_LINE","lastModifiedDate":"2022-08-28"},{"lineNumber":42,"author":{"gitId":"Franky4566"},"content":"                        + \"Nice! I\u0027ve marked this task as done:\\n\"","lastModifiedDate":"2022-08-28"},{"lineNumber":43,"author":{"gitId":"Franky4566"},"content":"                        + \"[X] \"","lastModifiedDate":"2022-08-28"},{"lineNumber":44,"author":{"gitId":"Franky4566"},"content":"                        + description","lastModifiedDate":"2022-08-28"},{"lineNumber":45,"author":{"gitId":"Franky4566"},"content":"                        + \"\\n\" + Duke.PRINT_LINE","lastModifiedDate":"2022-09-03"},{"lineNumber":46,"author":{"gitId":"Franky4566"},"content":"        );","lastModifiedDate":"2022-08-28"},{"lineNumber":47,"author":{"gitId":"Franky4566"},"content":"    }","lastModifiedDate":"2022-08-28"},{"lineNumber":48,"author":{"gitId":"Franky4566"},"content":"}","lastModifiedDate":"2022-08-28"}],"authorContributionMap":{"Franky4566":48}},{"path":"src/main/java/TaskManager.java","fileType":"java","lines":[{"lineNumber":1,"author":{"gitId":"Franky4566"},"content":"public class TaskManager {","lastModifiedDate":"2022-08-28"},{"lineNumber":2,"author":{"gitId":"Franky4566"},"content":"","lastModifiedDate":"2022-09-03"},{"lineNumber":3,"author":{"gitId":"Franky4566"},"content":"    public static final String TASK_ADDED \u003d \"Got it. I\u0027ve added this task:\\n\";","lastModifiedDate":"2022-09-03"},{"lineNumber":4,"author":{"gitId":"Franky4566"},"content":"    public Task[] taskList \u003d new Task[100];","lastModifiedDate":"2022-08-28"},{"lineNumber":5,"author":{"gitId":"Franky4566"},"content":"    public int numOfTasks \u003d 0;","lastModifiedDate":"2022-08-28"},{"lineNumber":6,"author":{"gitId":"Franky4566"},"content":"","lastModifiedDate":"2022-08-28"},{"lineNumber":7,"author":{"gitId":"Franky4566"},"content":"    /**","lastModifiedDate":"2022-08-28"},{"lineNumber":8,"author":{"gitId":"Franky4566"},"content":"     * Add a task into the list and prints an indication it has been added successfully","lastModifiedDate":"2022-09-03"},{"lineNumber":9,"author":{"gitId":"Franky4566"},"content":"     *","lastModifiedDate":"2022-08-28"},{"lineNumber":10,"author":{"gitId":"Franky4566"},"content":"     * @param task task to add","lastModifiedDate":"2022-09-03"},{"lineNumber":11,"author":{"gitId":"Franky4566"},"content":"     */","lastModifiedDate":"2022-08-28"},{"lineNumber":12,"author":{"gitId":"Franky4566"},"content":"    public void addTask(Task task) {","lastModifiedDate":"2022-09-03"},{"lineNumber":13,"author":{"gitId":"Franky4566"},"content":"        taskList[numOfTasks] \u003d task;","lastModifiedDate":"2022-09-03"},{"lineNumber":14,"author":{"gitId":"Franky4566"},"content":"        numOfTasks++;","lastModifiedDate":"2022-08-28"},{"lineNumber":15,"author":{"gitId":"Franky4566"},"content":"        System.out.println(","lastModifiedDate":"2022-08-28"},{"lineNumber":16,"author":{"gitId":"Franky4566"},"content":"                Duke.PRINT_LINE","lastModifiedDate":"2022-08-28"},{"lineNumber":17,"author":{"gitId":"Franky4566"},"content":"                        + TASK_ADDED","lastModifiedDate":"2022-09-03"},{"lineNumber":18,"author":{"gitId":"Franky4566"},"content":"                        + task + \"\\n\"","lastModifiedDate":"2022-09-03"},{"lineNumber":19,"author":{"gitId":"Franky4566"},"content":"                        + \"Now you have \" + numOfTasks + \" in the list.\\n\"","lastModifiedDate":"2022-09-03"},{"lineNumber":20,"author":{"gitId":"Franky4566"},"content":"                        + Duke.PRINT_LINE","lastModifiedDate":"2022-08-28"},{"lineNumber":21,"author":{"gitId":"Franky4566"},"content":"        );","lastModifiedDate":"2022-08-28"},{"lineNumber":22,"author":{"gitId":"Franky4566"},"content":"    }","lastModifiedDate":"2022-08-28"},{"lineNumber":23,"author":{"gitId":"Franky4566"},"content":"    /**","lastModifiedDate":"2022-09-03"},{"lineNumber":24,"author":{"gitId":"Franky4566"},"content":"     * Adds a todo type task to the list","lastModifiedDate":"2022-09-03"},{"lineNumber":25,"author":{"gitId":"Franky4566"},"content":"     *","lastModifiedDate":"2022-09-03"},{"lineNumber":26,"author":{"gitId":"Franky4566"},"content":"     * @param input input of user","lastModifiedDate":"2022-09-03"},{"lineNumber":27,"author":{"gitId":"Franky4566"},"content":"     */","lastModifiedDate":"2022-09-03"},{"lineNumber":28,"author":{"gitId":"Franky4566"},"content":"    public void addToDo(String input) {","lastModifiedDate":"2022-09-03"},{"lineNumber":29,"author":{"gitId":"Franky4566"},"content":"        String todoTask \u003d input.substring(\"todo\".length(), input.length());","lastModifiedDate":"2022-09-03"},{"lineNumber":30,"author":{"gitId":"Franky4566"},"content":"        ToDo todo \u003d new ToDo(todoTask);","lastModifiedDate":"2022-09-03"},{"lineNumber":31,"author":{"gitId":"Franky4566"},"content":"        addTask(todo);","lastModifiedDate":"2022-09-03"},{"lineNumber":32,"author":{"gitId":"Franky4566"},"content":"    }","lastModifiedDate":"2022-09-03"},{"lineNumber":33,"author":{"gitId":"Franky4566"},"content":"    /**","lastModifiedDate":"2022-09-03"},{"lineNumber":34,"author":{"gitId":"Franky4566"},"content":"     * Adds an event type task to the list","lastModifiedDate":"2022-09-03"},{"lineNumber":35,"author":{"gitId":"Franky4566"},"content":"     *","lastModifiedDate":"2022-09-03"},{"lineNumber":36,"author":{"gitId":"Franky4566"},"content":"     * @param input input of user","lastModifiedDate":"2022-09-03"},{"lineNumber":37,"author":{"gitId":"Franky4566"},"content":"     */","lastModifiedDate":"2022-09-03"},{"lineNumber":38,"author":{"gitId":"Franky4566"},"content":"    public void addEvent(String input) {","lastModifiedDate":"2022-09-03"},{"lineNumber":39,"author":{"gitId":"Franky4566"},"content":"        String eventTask \u003d input.substring(\"event\".length(), input.indexOf(\"/\") - 1);","lastModifiedDate":"2022-09-03"},{"lineNumber":40,"author":{"gitId":"Franky4566"},"content":"        String eventDate \u003d input.substring(input.indexOf(\"/at \") + \"/at \".length());","lastModifiedDate":"2022-09-03"},{"lineNumber":41,"author":{"gitId":"Franky4566"},"content":"        Event event \u003d new Event(eventTask, eventDate);","lastModifiedDate":"2022-09-03"},{"lineNumber":42,"author":{"gitId":"Franky4566"},"content":"        addTask(event);","lastModifiedDate":"2022-09-03"},{"lineNumber":43,"author":{"gitId":"Franky4566"},"content":"","lastModifiedDate":"2022-09-03"},{"lineNumber":44,"author":{"gitId":"Franky4566"},"content":"    }","lastModifiedDate":"2022-09-03"},{"lineNumber":45,"author":{"gitId":"Franky4566"},"content":"","lastModifiedDate":"2022-09-03"},{"lineNumber":46,"author":{"gitId":"Franky4566"},"content":"    /**","lastModifiedDate":"2022-09-03"},{"lineNumber":47,"author":{"gitId":"Franky4566"},"content":"     * Adds a deadline type task to the list","lastModifiedDate":"2022-09-03"},{"lineNumber":48,"author":{"gitId":"Franky4566"},"content":"     *","lastModifiedDate":"2022-09-03"},{"lineNumber":49,"author":{"gitId":"Franky4566"},"content":"     * @param input input of user","lastModifiedDate":"2022-09-03"},{"lineNumber":50,"author":{"gitId":"Franky4566"},"content":"     */","lastModifiedDate":"2022-09-03"},{"lineNumber":51,"author":{"gitId":"Franky4566"},"content":"    public void addDeadline(String input) {","lastModifiedDate":"2022-09-03"},{"lineNumber":52,"author":{"gitId":"Franky4566"},"content":"        String deadlineTask \u003d input.substring(\"deadline\".length(), input.indexOf(\"/\") - 1);","lastModifiedDate":"2022-09-03"},{"lineNumber":53,"author":{"gitId":"Franky4566"},"content":"        String deadlineDate \u003d input.substring(input.indexOf(\"/by \") + \"/by \".length());","lastModifiedDate":"2022-09-03"},{"lineNumber":54,"author":{"gitId":"Franky4566"},"content":"        Deadline deadline \u003d new Deadline(deadlineTask, deadlineDate);","lastModifiedDate":"2022-09-03"},{"lineNumber":55,"author":{"gitId":"Franky4566"},"content":"        addTask(deadline);","lastModifiedDate":"2022-09-03"},{"lineNumber":56,"author":{"gitId":"Franky4566"},"content":"","lastModifiedDate":"2022-09-03"},{"lineNumber":57,"author":{"gitId":"Franky4566"},"content":"    }","lastModifiedDate":"2022-09-03"},{"lineNumber":58,"author":{"gitId":"Franky4566"},"content":"","lastModifiedDate":"2022-09-03"},{"lineNumber":59,"author":{"gitId":"Franky4566"},"content":"","lastModifiedDate":"2022-08-28"},{"lineNumber":60,"author":{"gitId":"Franky4566"},"content":"    /**","lastModifiedDate":"2022-08-28"},{"lineNumber":61,"author":{"gitId":"Franky4566"},"content":"     * mark a task in the list","lastModifiedDate":"2022-08-28"},{"lineNumber":62,"author":{"gitId":"Franky4566"},"content":"     *","lastModifiedDate":"2022-08-28"},{"lineNumber":63,"author":{"gitId":"Franky4566"},"content":"     * @param input position of item to mark in the list","lastModifiedDate":"2022-08-28"},{"lineNumber":64,"author":{"gitId":"Franky4566"},"content":"     */","lastModifiedDate":"2022-08-28"},{"lineNumber":65,"author":{"gitId":"Franky4566"},"content":"    public void markTask(int input) {","lastModifiedDate":"2022-08-28"},{"lineNumber":66,"author":{"gitId":"Franky4566"},"content":"        if (input \u003e 0 \u0026\u0026 input \u003c\u003d numOfTasks) {","lastModifiedDate":"2022-08-28"},{"lineNumber":67,"author":{"gitId":"Franky4566"},"content":"            taskList[input - 1].markAsDone();","lastModifiedDate":"2022-08-28"},{"lineNumber":68,"author":{"gitId":"Franky4566"},"content":"        }","lastModifiedDate":"2022-08-28"},{"lineNumber":69,"author":{"gitId":"Franky4566"},"content":"    }","lastModifiedDate":"2022-08-28"},{"lineNumber":70,"author":{"gitId":"Franky4566"},"content":"","lastModifiedDate":"2022-08-28"},{"lineNumber":71,"author":{"gitId":"Franky4566"},"content":"    /**","lastModifiedDate":"2022-08-28"},{"lineNumber":72,"author":{"gitId":"Franky4566"},"content":"     * unmark a task in the list","lastModifiedDate":"2022-08-28"},{"lineNumber":73,"author":{"gitId":"Franky4566"},"content":"     *","lastModifiedDate":"2022-08-28"},{"lineNumber":74,"author":{"gitId":"Franky4566"},"content":"     * @param input position of item to unmark in the list","lastModifiedDate":"2022-08-28"},{"lineNumber":75,"author":{"gitId":"Franky4566"},"content":"     */","lastModifiedDate":"2022-08-28"},{"lineNumber":76,"author":{"gitId":"Franky4566"},"content":"    public void unmarkTask(int input) {","lastModifiedDate":"2022-08-28"},{"lineNumber":77,"author":{"gitId":"Franky4566"},"content":"        if (input \u003e 0 \u0026\u0026 input \u003c\u003d numOfTasks) {","lastModifiedDate":"2022-08-28"},{"lineNumber":78,"author":{"gitId":"Franky4566"},"content":"            taskList[input - 1].markAsNotDone();","lastModifiedDate":"2022-08-28"},{"lineNumber":79,"author":{"gitId":"Franky4566"},"content":"        }","lastModifiedDate":"2022-08-28"},{"lineNumber":80,"author":{"gitId":"Franky4566"},"content":"    }","lastModifiedDate":"2022-08-28"},{"lineNumber":81,"author":{"gitId":"Franky4566"},"content":"","lastModifiedDate":"2022-08-28"},{"lineNumber":82,"author":{"gitId":"Franky4566"},"content":"    /**","lastModifiedDate":"2022-08-28"},{"lineNumber":83,"author":{"gitId":"Franky4566"},"content":"     * Print List in chronological order","lastModifiedDate":"2022-08-28"},{"lineNumber":84,"author":{"gitId":"Franky4566"},"content":"     */","lastModifiedDate":"2022-08-28"},{"lineNumber":85,"author":{"gitId":"Franky4566"},"content":"    public void printList() {","lastModifiedDate":"2022-08-28"},{"lineNumber":86,"author":{"gitId":"Franky4566"},"content":"        System.out.println(","lastModifiedDate":"2022-08-28"},{"lineNumber":87,"author":{"gitId":"Franky4566"},"content":"                Duke.PRINT_LINE","lastModifiedDate":"2022-08-28"},{"lineNumber":88,"author":{"gitId":"Franky4566"},"content":"                        + \"Here are the tasks in your list:\"","lastModifiedDate":"2022-08-28"},{"lineNumber":89,"author":{"gitId":"Franky4566"},"content":"        );","lastModifiedDate":"2022-08-28"},{"lineNumber":90,"author":{"gitId":"Franky4566"},"content":"        for (int i \u003d 0; i \u003c numOfTasks; i++) {","lastModifiedDate":"2022-08-28"},{"lineNumber":91,"author":{"gitId":"Franky4566"},"content":"            System.out.println(","lastModifiedDate":"2022-08-28"},{"lineNumber":92,"author":{"gitId":"Franky4566"},"content":"                    (i + 1) + \".\"","lastModifiedDate":"2022-08-28"},{"lineNumber":93,"author":{"gitId":"Franky4566"},"content":"                            + taskList[i]","lastModifiedDate":"2022-09-03"},{"lineNumber":94,"author":{"gitId":"Franky4566"},"content":"            );","lastModifiedDate":"2022-08-28"},{"lineNumber":95,"author":{"gitId":"Franky4566"},"content":"        }","lastModifiedDate":"2022-08-28"},{"lineNumber":96,"author":{"gitId":"Franky4566"},"content":"        System.out.println(","lastModifiedDate":"2022-08-28"},{"lineNumber":97,"author":{"gitId":"Franky4566"},"content":"                Duke.PRINT_LINE","lastModifiedDate":"2022-08-28"},{"lineNumber":98,"author":{"gitId":"Franky4566"},"content":"        );","lastModifiedDate":"2022-08-28"},{"lineNumber":99,"author":{"gitId":"Franky4566"},"content":"    }","lastModifiedDate":"2022-08-28"},{"lineNumber":100,"author":{"gitId":"Franky4566"},"content":"}","lastModifiedDate":"2022-08-28"}],"authorContributionMap":{"Franky4566":100}},{"path":"src/main/java/ToDo.java","fileType":"java","lines":[{"lineNumber":1,"author":{"gitId":"Franky4566"},"content":"public class ToDo extends Task {","lastModifiedDate":"2022-09-03"},{"lineNumber":2,"author":{"gitId":"Franky4566"},"content":"","lastModifiedDate":"2022-09-03"},{"lineNumber":3,"author":{"gitId":"Franky4566"},"content":"    public ToDo(String description) {","lastModifiedDate":"2022-09-03"},{"lineNumber":4,"author":{"gitId":"Franky4566"},"content":"","lastModifiedDate":"2022-09-03"},{"lineNumber":5,"author":{"gitId":"Franky4566"},"content":"        super(description);","lastModifiedDate":"2022-09-03"},{"lineNumber":6,"author":{"gitId":"Franky4566"},"content":"    }","lastModifiedDate":"2022-09-03"},{"lineNumber":7,"author":{"gitId":"Franky4566"},"content":"","lastModifiedDate":"2022-09-03"},{"lineNumber":8,"author":{"gitId":"Franky4566"},"content":"    @Override","lastModifiedDate":"2022-09-03"},{"lineNumber":9,"author":{"gitId":"Franky4566"},"content":"    public String toString() {","lastModifiedDate":"2022-09-03"},{"lineNumber":10,"author":{"gitId":"Franky4566"},"content":"","lastModifiedDate":"2022-09-03"},{"lineNumber":11,"author":{"gitId":"Franky4566"},"content":"        return \"[T]\" + getStatusIcon() + super.description;","lastModifiedDate":"2022-09-03"},{"lineNumber":12,"author":{"gitId":"Franky4566"},"content":"    }","lastModifiedDate":"2022-09-03"},{"lineNumber":13,"author":{"gitId":"Franky4566"},"content":"}","lastModifiedDate":"2022-09-03"}],"authorContributionMap":{"Franky4566":13}}]
