{"authorDailyContributionsMap":{"Franky4566":[{"date":"2022-08-28","commitResults":[{"hash":"eb600f59b092caacc970cc4f36979e884410fce6","messageTitle":"Add Duke Skeleton to greet user and exit","messageBody":"","tags":["Level-0"],"fileTypesAndContributionMap":{"java":{"insertions":12,"deletions":1}}},{"hash":"1e4f4a3c14eda13ded73271ef634df2df3f57753","messageTitle":"Read user input and execute echo or exit functionality","messageBody":"","tags":["Level-1"],"fileTypesAndContributionMap":{"java":{"insertions":28,"deletions":3}}},{"hash":"6c40d50ed958986c6c8e8f4dcba8594cb68d54f9","messageTitle":"Add level-2: Add, List functionality","messageBody":"","tags":["Level-2"],"fileTypesAndContributionMap":{"java":{"insertions":22,"deletions":6}}},{"hash":"3fd39e69694919eaea89d6e823b8e6e191e4ae90","messageTitle":"Add level-3: Mark or unmark List","messageBody":"","tags":["Level-3"],"fileTypesAndContributionMap":{"java":{"insertions":93,"deletions":29}}},{"hash":"3c878cc08c7bd06ed5a17df8fe1d97f9be265cde","messageTitle":"Edit code to follow coding standard","messageBody":"","tags":["A-CodingStandard"],"fileTypesAndContributionMap":{"java":{"insertions":41,"deletions":12}}}]},{"date":"2022-09-03","commitResults":[{"hash":"68c43e5085779e4f1c3e30ef971d08fe97aca252","messageTitle":"Add ToDo, Event and Deadlines","messageBody":"","tags":["Level-4"],"fileTypesAndContributionMap":{"java":{"insertions":93,"deletions":14}}},{"hash":"cb52b23c1b7655d96aeda046e24fed63fb4ec49d","messageTitle":"Modify readability and improve code quality","messageBody":"","tags":["A-CodeQuality"],"fileTypesAndContributionMap":{"java":{"insertions":56,"deletions":37}}}]},{"date":"2022-09-08","commitResults":[{"hash":"147aff82957e74e5203d136a9a861040426c5eba","messageTitle":"Update Welcome message","messageBody":"","fileTypesAndContributionMap":{"java":{"insertions":24,"deletions":9}}}]},{"date":"2022-09-09","commitResults":[{"hash":"f4985021854d0a20575b844cf40f44248510cf4c","messageTitle":"Level-5: Handle todo errors","messageBody":"","tags":["Level-5"],"fileTypesAndContributionMap":{"java":{"insertions":65,"deletions":20}}}]},{"date":"2022-09-14","commitResults":[{"hash":"cd2a6870ff92084e0b7f4a858cc402ce072ca2b0","messageTitle":"Improve input handling,  and add event and deadline empty arguement exceptions","messageBody":"","fileTypesAndContributionMap":{"java":{"insertions":52,"deletions":23}}}]},{"date":"2022-09-16","commitResults":[{"hash":"ef6880f56b33864575c932914baa39a54de7dacf","messageTitle":"Add mark and unmark exceptions. Improve input handling","messageBody":"","fileTypesAndContributionMap":{"java":{"insertions":74,"deletions":35}}},{"hash":"34edb14aba661d830f391fcd09d19fc6775f843e","messageTitle":"Sort Duke into appropriate packages","messageBody":"","fileTypesAndContributionMap":{"java":{"insertions":40,"deletions":3}}}]},{"date":"2022-09-21","commitResults":[{"hash":"d48b6ee91a4eec61b0b9be317f97c0dd9f6e929e","messageTitle":"Add level-6 method: delete task from list","messageBody":"","fileTypesAndContributionMap":{"java":{"insertions":36,"deletions":5}}}]},{"date":"2022-09-24","commitResults":[{"hash":"26d532d02d3b732a262d16bb59cc42235efccf7c","messageTitle":"Add level-7 methods: Reading and writing to text file storage","messageBody":"","tags":["A-Collections"],"fileTypesAndContributionMap":{"txt":{"insertions":3,"deletions":0},"java":{"insertions":200,"deletions":18}}},{"hash":"fde34eb93531e3a2de804de8cb19ee63280ade34","messageTitle":"Create executable java file with updated messages","messageBody":"","fileTypesAndContributionMap":{"txt":{"insertions":2,"deletions":2},"java":{"insertions":8,"deletions":18}}}]},{"date":"2022-09-28","commitResults":[{"hash":"ce0b2bf601cef224904af5237e9a3b6a1a83f36d","messageTitle":"Fix Mark and Unmark WrongArguementexception bugs","messageBody":"","fileTypesAndContributionMap":{"txt":{"insertions":2,"deletions":2},"java":{"insertions":29,"deletions":12}}},{"hash":"675aae546b49a3deb1237677ba3fe3d7e42b309a","messageTitle":"Modified dukesaved.txt","messageBody":"","fileTypesAndContributionMap":{"txt":{"insertions":3,"deletions":3}}},{"hash":"6c1318581b070752eef4b305b4d92683b0143213","messageTitle":"Add Level-9 find functionality","messageBody":"","fileTypesAndContributionMap":{"txt":{"insertions":2,"deletions":2},"java":{"insertions":53,"deletions":6}}},{"hash":"ddc1cbdfc08a2edeff841ec24816753353b19a33","messageTitle":"Refactored code to extract out additional classes","messageBody":"","tags":["A-MoreOOP"],"fileTypesAndContributionMap":{"txt":{"insertions":3,"deletions":4},"java":{"insertions":158,"deletions":130}}}]},{"date":"2022-09-29","commitResults":[{"hash":"677843bd2adeaeea0d64dcc8008b01cc13f3ffd7","messageTitle":"Update User Guide","messageBody":"","tags":["A-UserGuide"],"fileTypesAndContributionMap":{"md":{"insertions":303,"deletions":13}}},{"hash":"fdb8924b048dd8d4f15bb612f7ac36bb6aaa87a9","messageTitle":"Update User Guide v2","messageBody":"","fileTypesAndContributionMap":{"md":{"insertions":3,"deletions":1}}},{"hash":"6d8edeb38cc8793f9d9828ada89c37b5cf906b7b","messageTitle":"Minor Updates to User Guide","messageBody":"","fileTypesAndContributionMap":{"md":{"insertions":3,"deletions":2}}},{"hash":"adbad85ebc1dc49458842a308f022bad434f9d09","messageTitle":"Removed unnecessary imports and comments","messageBody":"","fileTypesAndContributionMap":{"java":{"insertions":11,"deletions":20}}}]}]},"authorFileTypeContributionMap":{"Franky4566":{"java":699,"md":296,"fxml":0,"sh":0,"bat":0,"gradle":0,"txt":3}},"authorContributionVariance":{"Franky4566":8713.868},"authorDisplayNameMap":{"Franky4566":"CS2113-T17-1 RACH..YUAN"}}
