[{"path":"data/duke.txt","fileType":"txt","lines":[{"lineNumber":1,"author":{"gitId":"gaoyunfan"},"content":"T | 1 | test","lastModifiedDate":"2022-09-13"},{"lineNumber":2,"author":{"gitId":"gaoyunfan"},"content":"T | 1 | check","lastModifiedDate":"2022-09-13"}],"authorContributionMap":{"gaoyunfan":2}},{"path":"src/main/java/duke/Duke.java","fileType":"java","lines":[{"lineNumber":1,"author":{"gitId":"gaoyunfan"},"content":"package duke;","lastModifiedDate":"2022-09-06"},{"lineNumber":2,"author":{"gitId":"gaoyunfan"},"content":"","lastModifiedDate":"2022-09-06"},{"lineNumber":3,"author":{"gitId":"gaoyunfan"},"content":"import duke.task.Deadline;","lastModifiedDate":"2022-09-06"},{"lineNumber":4,"author":{"gitId":"gaoyunfan"},"content":"import duke.task.Event;","lastModifiedDate":"2022-09-06"},{"lineNumber":5,"author":{"gitId":"gaoyunfan"},"content":"import duke.task.Task;","lastModifiedDate":"2022-09-06"},{"lineNumber":6,"author":{"gitId":"gaoyunfan"},"content":"import duke.task.ToDo;","lastModifiedDate":"2022-09-22"},{"lineNumber":7,"author":{"gitId":"gaoyunfan"},"content":"","lastModifiedDate":"2022-09-06"},{"lineNumber":8,"author":{"gitId":"gaoyunfan"},"content":"import java.io.IOException;","lastModifiedDate":"2022-09-13"},{"lineNumber":9,"author":{"gitId":"gaoyunfan"},"content":"","lastModifiedDate":"2022-08-22"},{"lineNumber":10,"author":{"gitId":"-"},"content":"public class Duke {","lastModifiedDate":"2019-07-29"},{"lineNumber":11,"author":{"gitId":"gaoyunfan"},"content":"","lastModifiedDate":"2022-08-29"},{"lineNumber":12,"author":{"gitId":"gaoyunfan"},"content":"    public static final String QUERY_COMMAND_MESSAGE \u003d \"What can I do for you?\";","lastModifiedDate":"2022-08-29"},{"lineNumber":13,"author":{"gitId":"gaoyunfan"},"content":"    public static final String PRINT_LIST_MESSAGE \u003d \"Here are the tasks in your list:\";","lastModifiedDate":"2022-08-29"},{"lineNumber":14,"author":{"gitId":"gaoyunfan"},"content":"    public static final String EXIT_MESSAGE \u003d \"Bye. Hope to see you again soon!\";","lastModifiedDate":"2022-08-29"},{"lineNumber":15,"author":{"gitId":"gaoyunfan"},"content":"    public static final String MARK_TASK_UNDONE_MESSAGE \u003d \"Nice! I\u0027ve marked this task as not done:\";","lastModifiedDate":"2022-08-29"},{"lineNumber":16,"author":{"gitId":"gaoyunfan"},"content":"    public static final String MARK_TASK_DONE_MESSAGE \u003d \"Nice! I\u0027ve marked this task as done:\";","lastModifiedDate":"2022-08-29"},{"lineNumber":17,"author":{"gitId":"gaoyunfan"},"content":"","lastModifiedDate":"2022-08-29"},{"lineNumber":18,"author":{"gitId":"gaoyunfan"},"content":"    public static final String ADD_TASK_MESSAGE \u003d \"Got it. I\u0027ve added this task:\";","lastModifiedDate":"2022-09-22"},{"lineNumber":19,"author":{"gitId":"gaoyunfan"},"content":"    public static final String EVENT_DESCRIPTION_SEPARATOR \u003d \" /at \";","lastModifiedDate":"2022-09-22"},{"lineNumber":20,"author":{"gitId":"gaoyunfan"},"content":"    public static final String DEADLINE_DESCRIPTION_SEPARATOR \u003d \" /by \";","lastModifiedDate":"2022-09-22"},{"lineNumber":21,"author":{"gitId":"gaoyunfan"},"content":"    public static final String DATA_DUKE_TXT \u003d \"data/duke.txt\";","lastModifiedDate":"2022-09-22"},{"lineNumber":22,"author":{"gitId":"gaoyunfan"},"content":"    public static final String DELETE_TASK_MESSAGE \u003d \"Noted. I\u0027ve removed this task:\";","lastModifiedDate":"2022-09-22"},{"lineNumber":23,"author":{"gitId":"gaoyunfan"},"content":"","lastModifiedDate":"2022-09-22"},{"lineNumber":24,"author":{"gitId":"gaoyunfan"},"content":"    private Storage storage;","lastModifiedDate":"2022-09-22"},{"lineNumber":25,"author":{"gitId":"gaoyunfan"},"content":"    private TaskList taskList;","lastModifiedDate":"2022-09-22"},{"lineNumber":26,"author":{"gitId":"gaoyunfan"},"content":"    private Ui ui;","lastModifiedDate":"2022-09-22"},{"lineNumber":27,"author":{"gitId":"gaoyunfan"},"content":"","lastModifiedDate":"2022-09-22"},{"lineNumber":28,"author":{"gitId":"gaoyunfan"},"content":"    private Parser parser;","lastModifiedDate":"2022-09-22"},{"lineNumber":29,"author":{"gitId":"gaoyunfan"},"content":"    public Duke(String filePath) {","lastModifiedDate":"2022-09-22"},{"lineNumber":30,"author":{"gitId":"gaoyunfan"},"content":"        ui \u003d new Ui();","lastModifiedDate":"2022-09-22"},{"lineNumber":31,"author":{"gitId":"gaoyunfan"},"content":"        storage \u003d new Storage(filePath);","lastModifiedDate":"2022-09-22"},{"lineNumber":32,"author":{"gitId":"gaoyunfan"},"content":"        parser \u003d new Parser();","lastModifiedDate":"2022-09-22"},{"lineNumber":33,"author":{"gitId":"gaoyunfan"},"content":"        try {","lastModifiedDate":"2022-09-13"},{"lineNumber":34,"author":{"gitId":"gaoyunfan"},"content":"            taskList \u003d new TaskList(storage.load());","lastModifiedDate":"2022-09-22"},{"lineNumber":35,"author":{"gitId":"gaoyunfan"},"content":"        } catch (IOException e) {","lastModifiedDate":"2022-09-13"},{"lineNumber":36,"author":{"gitId":"gaoyunfan"},"content":"            ui.showLoadingError();","lastModifiedDate":"2022-09-22"},{"lineNumber":37,"author":{"gitId":"gaoyunfan"},"content":"            taskList \u003d new TaskList();","lastModifiedDate":"2022-09-22"},{"lineNumber":38,"author":{"gitId":"gaoyunfan"},"content":"        }","lastModifiedDate":"2022-09-22"},{"lineNumber":39,"author":{"gitId":"gaoyunfan"},"content":"    }","lastModifiedDate":"2022-09-13"},{"lineNumber":40,"author":{"gitId":"gaoyunfan"},"content":"","lastModifiedDate":"2022-09-22"},{"lineNumber":41,"author":{"gitId":"gaoyunfan"},"content":"    public static void main(String[] args) {","lastModifiedDate":"2022-09-22"},{"lineNumber":42,"author":{"gitId":"gaoyunfan"},"content":"        new Duke(DATA_DUKE_TXT).run();","lastModifiedDate":"2022-09-22"},{"lineNumber":43,"author":{"gitId":"gaoyunfan"},"content":"    }","lastModifiedDate":"2022-09-22"},{"lineNumber":44,"author":{"gitId":"gaoyunfan"},"content":"","lastModifiedDate":"2022-09-22"},{"lineNumber":45,"author":{"gitId":"gaoyunfan"},"content":"    private void run() {","lastModifiedDate":"2022-09-22"},{"lineNumber":46,"author":{"gitId":"gaoyunfan"},"content":"        ui.showWelcomeMessage();","lastModifiedDate":"2022-09-22"},{"lineNumber":47,"author":{"gitId":"gaoyunfan"},"content":"        while (true) {","lastModifiedDate":"2022-08-29"},{"lineNumber":48,"author":{"gitId":"gaoyunfan"},"content":"            try {","lastModifiedDate":"2022-09-06"},{"lineNumber":49,"author":{"gitId":"gaoyunfan"},"content":"                String input \u003d ui.readCommand();","lastModifiedDate":"2022-09-22"},{"lineNumber":50,"author":{"gitId":"gaoyunfan"},"content":"                String[] CommandTypeAndArguments \u003d parser.splitCommandTypeAndArguments(input);","lastModifiedDate":"2022-09-22"},{"lineNumber":51,"author":{"gitId":"gaoyunfan"},"content":"                String feedback \u003d executeCommand(CommandTypeAndArguments);","lastModifiedDate":"2022-09-22"},{"lineNumber":52,"author":{"gitId":"gaoyunfan"},"content":"                ui.showFeedbackToUser(feedback);","lastModifiedDate":"2022-09-22"},{"lineNumber":53,"author":{"gitId":"gaoyunfan"},"content":"            }  catch (InvalidCommandException e) {","lastModifiedDate":"2022-09-06"},{"lineNumber":54,"author":{"gitId":"gaoyunfan"},"content":"                ui.showFeedbackToUser(e.getMessage());","lastModifiedDate":"2022-09-22"},{"lineNumber":55,"author":{"gitId":"gaoyunfan"},"content":"            } catch (EmptyDescriptionException e) {","lastModifiedDate":"2022-09-22"},{"lineNumber":56,"author":{"gitId":"gaoyunfan"},"content":"                ui.showFeedbackToUser(e.getMessage());","lastModifiedDate":"2022-09-22"},{"lineNumber":57,"author":{"gitId":"gaoyunfan"},"content":"            } catch (IOException e) {","lastModifiedDate":"2022-09-13"},{"lineNumber":58,"author":{"gitId":"gaoyunfan"},"content":"                throw new RuntimeException(e);","lastModifiedDate":"2022-09-22"},{"lineNumber":59,"author":{"gitId":"gaoyunfan"},"content":"            }","lastModifiedDate":"2022-09-13"},{"lineNumber":60,"author":{"gitId":"gaoyunfan"},"content":"        }","lastModifiedDate":"2022-08-22"},{"lineNumber":61,"author":{"gitId":"gaoyunfan"},"content":"    }","lastModifiedDate":"2022-08-28"},{"lineNumber":62,"author":{"gitId":"gaoyunfan"},"content":"","lastModifiedDate":"2022-09-13"},{"lineNumber":63,"author":{"gitId":"gaoyunfan"},"content":"","lastModifiedDate":"2022-09-13"},{"lineNumber":64,"author":{"gitId":"gaoyunfan"},"content":"    private String executeCommand(String[] commandTypeAndArguments) throws EmptyDescriptionException, InvalidCommandException, IOException {","lastModifiedDate":"2022-09-22"},{"lineNumber":65,"author":{"gitId":"gaoyunfan"},"content":"       String commandType \u003d commandTypeAndArguments[0];","lastModifiedDate":"2022-09-22"},{"lineNumber":66,"author":{"gitId":"gaoyunfan"},"content":"       String commandArguments \u003d getCommandArguments(commandTypeAndArguments);","lastModifiedDate":"2022-09-22"},{"lineNumber":67,"author":{"gitId":"gaoyunfan"},"content":"        switch (commandType) {","lastModifiedDate":"2022-09-22"},{"lineNumber":68,"author":{"gitId":"gaoyunfan"},"content":"        case \"list\":","lastModifiedDate":"2022-08-29"},{"lineNumber":69,"author":{"gitId":"gaoyunfan"},"content":"            return executeListCommand();","lastModifiedDate":"2022-09-22"},{"lineNumber":70,"author":{"gitId":"gaoyunfan"},"content":"        case \"mark\":","lastModifiedDate":"2022-08-29"},{"lineNumber":71,"author":{"gitId":"gaoyunfan"},"content":"            return executeMark(true, commandArguments);","lastModifiedDate":"2022-09-22"},{"lineNumber":72,"author":{"gitId":"gaoyunfan"},"content":"        case \"unmark\":","lastModifiedDate":"2022-08-29"},{"lineNumber":73,"author":{"gitId":"gaoyunfan"},"content":"            return executeMark(false, commandArguments);","lastModifiedDate":"2022-09-22"},{"lineNumber":74,"author":{"gitId":"gaoyunfan"},"content":"        case \"todo\":","lastModifiedDate":"2022-08-29"},{"lineNumber":75,"author":{"gitId":"gaoyunfan"},"content":"            return executeCreateToDo(commandArguments);","lastModifiedDate":"2022-09-22"},{"lineNumber":76,"author":{"gitId":"gaoyunfan"},"content":"        case \"deadline\":","lastModifiedDate":"2022-08-29"},{"lineNumber":77,"author":{"gitId":"gaoyunfan"},"content":"            return executeCreateDeadline(commandArguments);","lastModifiedDate":"2022-09-22"},{"lineNumber":78,"author":{"gitId":"gaoyunfan"},"content":"        case \"event\":","lastModifiedDate":"2022-08-29"},{"lineNumber":79,"author":{"gitId":"gaoyunfan"},"content":"            return executeCreateEvent(commandArguments);","lastModifiedDate":"2022-09-22"},{"lineNumber":80,"author":{"gitId":"gaoyunfan"},"content":"        case \"delete\":","lastModifiedDate":"2022-09-12"},{"lineNumber":81,"author":{"gitId":"gaoyunfan"},"content":"            return executeDelete(commandArguments);","lastModifiedDate":"2022-09-22"},{"lineNumber":82,"author":{"gitId":"gaoyunfan"},"content":"        case \"bye\":","lastModifiedDate":"2022-08-29"},{"lineNumber":83,"author":{"gitId":"gaoyunfan"},"content":"            exitProgramme();","lastModifiedDate":"2022-08-29"},{"lineNumber":84,"author":{"gitId":"gaoyunfan"},"content":"        default:","lastModifiedDate":"2022-08-29"},{"lineNumber":85,"author":{"gitId":"gaoyunfan"},"content":"            throw new InvalidCommandException(\"OOPS!!! I\u0027m sorry, but I don\u0027t know what that means :-(\");","lastModifiedDate":"2022-09-22"},{"lineNumber":86,"author":{"gitId":"gaoyunfan"},"content":"        }","lastModifiedDate":"2022-08-29"},{"lineNumber":87,"author":{"gitId":"gaoyunfan"},"content":"    }","lastModifiedDate":"2022-09-13"},{"lineNumber":88,"author":{"gitId":"gaoyunfan"},"content":"","lastModifiedDate":"2022-08-29"},{"lineNumber":89,"author":{"gitId":"gaoyunfan"},"content":"    private String getCommandArguments(String[] commandTypeAndArguments) {","lastModifiedDate":"2022-09-22"},{"lineNumber":90,"author":{"gitId":"gaoyunfan"},"content":"        if (commandTypeAndArguments.length \u003d\u003d 1) {","lastModifiedDate":"2022-09-22"},{"lineNumber":91,"author":{"gitId":"gaoyunfan"},"content":"            return \"\";","lastModifiedDate":"2022-09-22"},{"lineNumber":92,"author":{"gitId":"gaoyunfan"},"content":"        }","lastModifiedDate":"2022-09-12"},{"lineNumber":93,"author":{"gitId":"gaoyunfan"},"content":"        return commandTypeAndArguments[1];","lastModifiedDate":"2022-09-22"},{"lineNumber":94,"author":{"gitId":"gaoyunfan"},"content":"    }","lastModifiedDate":"2022-09-13"},{"lineNumber":95,"author":{"gitId":"gaoyunfan"},"content":"","lastModifiedDate":"2022-09-22"},{"lineNumber":96,"author":{"gitId":"gaoyunfan"},"content":"    private String executeDelete(String commandArguments) throws IOException {","lastModifiedDate":"2022-09-22"},{"lineNumber":97,"author":{"gitId":"gaoyunfan"},"content":"        int taskIndex \u003d Integer.parseInt(commandArguments) - 1;","lastModifiedDate":"2022-09-22"},{"lineNumber":98,"author":{"gitId":"gaoyunfan"},"content":"        String feedback \u003d DELETE_TASK_MESSAGE + System.lineSeparator() + \"  \" + taskList.getTasks().get(taskIndex).getTaskInfo();","lastModifiedDate":"2022-09-22"},{"lineNumber":99,"author":{"gitId":"gaoyunfan"},"content":"        taskList.getTasks().remove(taskIndex);","lastModifiedDate":"2022-09-22"},{"lineNumber":100,"author":{"gitId":"gaoyunfan"},"content":"        storage.overWriteDukeTxt(taskList.getTasks());","lastModifiedDate":"2022-09-22"},{"lineNumber":101,"author":{"gitId":"gaoyunfan"},"content":"        return feedback + System.lineSeparator()+ getTasksCountFeedback();","lastModifiedDate":"2022-09-22"},{"lineNumber":102,"author":{"gitId":"gaoyunfan"},"content":"    }","lastModifiedDate":"2022-09-13"},{"lineNumber":103,"author":{"gitId":"gaoyunfan"},"content":"","lastModifiedDate":"2022-08-29"},{"lineNumber":104,"author":{"gitId":"gaoyunfan"},"content":"    private String executeCreateEvent(String commandArguments) throws EmptyDescriptionException, IOException {","lastModifiedDate":"2022-09-22"},{"lineNumber":105,"author":{"gitId":"gaoyunfan"},"content":"        if (commandArguments.length() \u003d\u003d 0) {","lastModifiedDate":"2022-09-22"},{"lineNumber":106,"author":{"gitId":"gaoyunfan"},"content":"            throw new EmptyDescriptionException(\"The description of an event cannot be empty\");","lastModifiedDate":"2022-09-22"},{"lineNumber":107,"author":{"gitId":"gaoyunfan"},"content":"        }","lastModifiedDate":"2022-09-13"},{"lineNumber":108,"author":{"gitId":"gaoyunfan"},"content":"        String[] separatedArguments \u003d getDescriptionAndTime(commandArguments, EVENT_DESCRIPTION_SEPARATOR);","lastModifiedDate":"2022-09-22"},{"lineNumber":109,"author":{"gitId":"gaoyunfan"},"content":"        if (separatedArguments.length \u003c 2) {","lastModifiedDate":"2022-09-22"},{"lineNumber":110,"author":{"gitId":"gaoyunfan"},"content":"            throw new EmptyDescriptionException(\"pty\");","lastModifiedDate":"2022-09-22"},{"lineNumber":111,"author":{"gitId":"gaoyunfan"},"content":"        }","lastModifiedDate":"2022-09-13"},{"lineNumber":112,"author":{"gitId":"gaoyunfan"},"content":"        return createEvent(separatedArguments);","lastModifiedDate":"2022-09-22"},{"lineNumber":113,"author":{"gitId":"gaoyunfan"},"content":"    }","lastModifiedDate":"2022-08-29"},{"lineNumber":114,"author":{"gitId":"gaoyunfan"},"content":"","lastModifiedDate":"2022-08-29"},{"lineNumber":115,"author":{"gitId":"gaoyunfan"},"content":"    private String createEvent(String[] separatedArguments) throws IOException {","lastModifiedDate":"2022-09-22"},{"lineNumber":116,"author":{"gitId":"gaoyunfan"},"content":"        Event newEvent \u003d new Event(separatedArguments[0], separatedArguments[1]);","lastModifiedDate":"2022-09-22"},{"lineNumber":117,"author":{"gitId":"gaoyunfan"},"content":"        taskList.getTasks().add(newEvent);","lastModifiedDate":"2022-09-22"},{"lineNumber":118,"author":{"gitId":"gaoyunfan"},"content":"        storage.appendToFile(newEvent.toString());","lastModifiedDate":"2022-09-22"},{"lineNumber":119,"author":{"gitId":"gaoyunfan"},"content":"        return ADD_TASK_MESSAGE + System.lineSeparator() +  newEvent.getTaskInfo() + System.lineSeparator() + getTasksCountFeedback();","lastModifiedDate":"2022-09-22"},{"lineNumber":120,"author":{"gitId":"gaoyunfan"},"content":"    }","lastModifiedDate":"2022-08-29"},{"lineNumber":121,"author":{"gitId":"gaoyunfan"},"content":"","lastModifiedDate":"2022-08-29"},{"lineNumber":122,"author":{"gitId":"gaoyunfan"},"content":"","lastModifiedDate":"2022-08-29"},{"lineNumber":123,"author":{"gitId":"gaoyunfan"},"content":"    private String executeCreateDeadline(String commandArguments) throws EmptyDescriptionException, IOException {","lastModifiedDate":"2022-09-22"},{"lineNumber":124,"author":{"gitId":"gaoyunfan"},"content":"        if (commandArguments.length() \u003d\u003d 0) {","lastModifiedDate":"2022-09-22"},{"lineNumber":125,"author":{"gitId":"gaoyunfan"},"content":"            throw new EmptyDescriptionException(\"The description  of a deadline cannot be empty\");","lastModifiedDate":"2022-09-22"},{"lineNumber":126,"author":{"gitId":"gaoyunfan"},"content":"        }","lastModifiedDate":"2022-08-29"},{"lineNumber":127,"author":{"gitId":"gaoyunfan"},"content":"        String[] separatedArguments \u003d getDescriptionAndTime(commandArguments, DEADLINE_DESCRIPTION_SEPARATOR);","lastModifiedDate":"2022-09-22"},{"lineNumber":128,"author":{"gitId":"gaoyunfan"},"content":"        if (separatedArguments.length \u003c 2) {","lastModifiedDate":"2022-09-22"},{"lineNumber":129,"author":{"gitId":"gaoyunfan"},"content":"            throw new EmptyDescriptionException(\"The description of a deadline cannot be empty\");","lastModifiedDate":"2022-09-22"},{"lineNumber":130,"author":{"gitId":"gaoyunfan"},"content":"        }","lastModifiedDate":"2022-09-06"},{"lineNumber":131,"author":{"gitId":"gaoyunfan"},"content":"        return createDeadline(separatedArguments);","lastModifiedDate":"2022-09-22"},{"lineNumber":132,"author":{"gitId":"gaoyunfan"},"content":"    }","lastModifiedDate":"2022-08-29"},{"lineNumber":133,"author":{"gitId":"gaoyunfan"},"content":"","lastModifiedDate":"2022-08-29"},{"lineNumber":134,"author":{"gitId":"gaoyunfan"},"content":"    private String createDeadline(String[] separatedArguments) throws IOException {","lastModifiedDate":"2022-09-22"},{"lineNumber":135,"author":{"gitId":"gaoyunfan"},"content":"        Deadline newDeadline \u003d new Deadline(separatedArguments[0], separatedArguments[1]);","lastModifiedDate":"2022-09-22"},{"lineNumber":136,"author":{"gitId":"gaoyunfan"},"content":"        taskList.getTasks().add(newDeadline);","lastModifiedDate":"2022-09-22"},{"lineNumber":137,"author":{"gitId":"gaoyunfan"},"content":"        storage.appendToFile(newDeadline.toString());","lastModifiedDate":"2022-09-22"},{"lineNumber":138,"author":{"gitId":"gaoyunfan"},"content":"        return ADD_TASK_MESSAGE + System.lineSeparator() +  newDeadline.getTaskInfo() + System.lineSeparator() + getTasksCountFeedback();","lastModifiedDate":"2022-09-22"},{"lineNumber":139,"author":{"gitId":"gaoyunfan"},"content":"    }","lastModifiedDate":"2022-08-29"},{"lineNumber":140,"author":{"gitId":"gaoyunfan"},"content":"","lastModifiedDate":"2022-08-29"},{"lineNumber":141,"author":{"gitId":"gaoyunfan"},"content":"    private static String[] getDescriptionAndTime(String commandArguments, String deadlineInfoSeparator) {","lastModifiedDate":"2022-09-22"},{"lineNumber":142,"author":{"gitId":"gaoyunfan"},"content":"        return commandArguments.split(deadlineInfoSeparator);","lastModifiedDate":"2022-09-22"},{"lineNumber":143,"author":{"gitId":"gaoyunfan"},"content":"    }","lastModifiedDate":"2022-08-29"},{"lineNumber":144,"author":{"gitId":"gaoyunfan"},"content":"","lastModifiedDate":"2022-08-29"},{"lineNumber":145,"author":{"gitId":"gaoyunfan"},"content":"    private String executeCreateToDo(String commandArgument) throws EmptyDescriptionException, IOException {","lastModifiedDate":"2022-09-22"},{"lineNumber":146,"author":{"gitId":"gaoyunfan"},"content":"        if (commandArgument.length() \u003d\u003d 0) {","lastModifiedDate":"2022-09-22"},{"lineNumber":147,"author":{"gitId":"gaoyunfan"},"content":"            throw new EmptyDescriptionException(\"The description of a todo cannot be empty.\");","lastModifiedDate":"2022-09-22"},{"lineNumber":148,"author":{"gitId":"gaoyunfan"},"content":"        }","lastModifiedDate":"2022-08-29"},{"lineNumber":149,"author":{"gitId":"gaoyunfan"},"content":"        ToDo newToDo \u003d new ToDo(commandArgument);","lastModifiedDate":"2022-09-22"},{"lineNumber":150,"author":{"gitId":"gaoyunfan"},"content":"        taskList.getTasks().add(newToDo);","lastModifiedDate":"2022-09-22"},{"lineNumber":151,"author":{"gitId":"gaoyunfan"},"content":"        storage.appendToFile(newToDo.toString());","lastModifiedDate":"2022-09-22"},{"lineNumber":152,"author":{"gitId":"gaoyunfan"},"content":"        String feedback \u003d \"Got it. I\u0027ve added this task\";","lastModifiedDate":"2022-09-22"},{"lineNumber":153,"author":{"gitId":"gaoyunfan"},"content":"        feedback +\u003d System.lineSeparator() + newToDo.getTaskInfo() + System.lineSeparator() + getTasksCountFeedback();","lastModifiedDate":"2022-09-22"},{"lineNumber":154,"author":{"gitId":"gaoyunfan"},"content":"        return feedback;","lastModifiedDate":"2022-09-22"},{"lineNumber":155,"author":{"gitId":"gaoyunfan"},"content":"    }","lastModifiedDate":"2022-08-29"},{"lineNumber":156,"author":{"gitId":"gaoyunfan"},"content":"","lastModifiedDate":"2022-08-29"},{"lineNumber":157,"author":{"gitId":"gaoyunfan"},"content":"    private String executeMark(boolean isMarkAsDone, String commandArgument) throws IOException {","lastModifiedDate":"2022-09-22"},{"lineNumber":158,"author":{"gitId":"gaoyunfan"},"content":"        int taskIndex \u003d Integer.parseInt(commandArgument) - 1;","lastModifiedDate":"2022-09-22"},{"lineNumber":159,"author":{"gitId":"gaoyunfan"},"content":"        Task targetTask \u003d taskList.getTasks().get(taskIndex);","lastModifiedDate":"2022-09-22"},{"lineNumber":160,"author":{"gitId":"gaoyunfan"},"content":"        String feedback\u003d \"\";","lastModifiedDate":"2022-09-22"},{"lineNumber":161,"author":{"gitId":"gaoyunfan"},"content":"        if (isMarkAsDone) {","lastModifiedDate":"2022-08-29"},{"lineNumber":162,"author":{"gitId":"gaoyunfan"},"content":"            targetTask.setDone(true);","lastModifiedDate":"2022-09-22"},{"lineNumber":163,"author":{"gitId":"gaoyunfan"},"content":"            feedback \u003d MARK_TASK_DONE_MESSAGE;","lastModifiedDate":"2022-09-22"},{"lineNumber":164,"author":{"gitId":"gaoyunfan"},"content":"        } else {","lastModifiedDate":"2022-08-22"},{"lineNumber":165,"author":{"gitId":"gaoyunfan"},"content":"            targetTask.setDone(false);","lastModifiedDate":"2022-09-22"},{"lineNumber":166,"author":{"gitId":"gaoyunfan"},"content":"            feedback \u003d MARK_TASK_UNDONE_MESSAGE;","lastModifiedDate":"2022-09-22"},{"lineNumber":167,"author":{"gitId":"gaoyunfan"},"content":"        }","lastModifiedDate":"2022-08-22"},{"lineNumber":168,"author":{"gitId":"gaoyunfan"},"content":"        storage.overWriteDukeTxt(taskList.getTasks());","lastModifiedDate":"2022-09-22"},{"lineNumber":169,"author":{"gitId":"gaoyunfan"},"content":"        feedback \u003d feedback + System.lineSeparator() + \"  \" + targetTask.getTaskInfo();","lastModifiedDate":"2022-09-22"},{"lineNumber":170,"author":{"gitId":"gaoyunfan"},"content":"        return feedback;","lastModifiedDate":"2022-09-22"},{"lineNumber":171,"author":{"gitId":"gaoyunfan"},"content":"    }","lastModifiedDate":"2022-08-22"},{"lineNumber":172,"author":{"gitId":"gaoyunfan"},"content":"","lastModifiedDate":"2022-08-29"},{"lineNumber":173,"author":{"gitId":"gaoyunfan"},"content":"    private void exitProgramme() {","lastModifiedDate":"2022-09-22"},{"lineNumber":174,"author":{"gitId":"gaoyunfan"},"content":"        ui.showFeedbackToUser(EXIT_MESSAGE);","lastModifiedDate":"2022-09-22"},{"lineNumber":175,"author":{"gitId":"gaoyunfan"},"content":"        System.exit(0);","lastModifiedDate":"2022-08-29"},{"lineNumber":176,"author":{"gitId":"gaoyunfan"},"content":"    }","lastModifiedDate":"2022-08-29"},{"lineNumber":177,"author":{"gitId":"gaoyunfan"},"content":"","lastModifiedDate":"2022-08-29"},{"lineNumber":178,"author":{"gitId":"gaoyunfan"},"content":"","lastModifiedDate":"2022-09-13"},{"lineNumber":179,"author":{"gitId":"gaoyunfan"},"content":"    private String executeListCommand() {","lastModifiedDate":"2022-09-22"},{"lineNumber":180,"author":{"gitId":"gaoyunfan"},"content":"        ui.showTaskList(taskList.getTasks());","lastModifiedDate":"2022-09-22"},{"lineNumber":181,"author":{"gitId":"gaoyunfan"},"content":"        return getTasksCountFeedback();","lastModifiedDate":"2022-09-22"},{"lineNumber":182,"author":{"gitId":"gaoyunfan"},"content":"    }","lastModifiedDate":"2022-08-29"},{"lineNumber":183,"author":{"gitId":"gaoyunfan"},"content":"","lastModifiedDate":"2022-08-29"},{"lineNumber":184,"author":{"gitId":"gaoyunfan"},"content":"    private String getTasksCountFeedback() {","lastModifiedDate":"2022-09-22"},{"lineNumber":185,"author":{"gitId":"gaoyunfan"},"content":"        int taskCount \u003d taskList.getTaskCount();","lastModifiedDate":"2022-09-22"},{"lineNumber":186,"author":{"gitId":"gaoyunfan"},"content":"        String taskName \u003d taskCount \u003c 2 ? \"task\" : \"tasks\";","lastModifiedDate":"2022-09-22"},{"lineNumber":187,"author":{"gitId":"gaoyunfan"},"content":"        return System.lineSeparator() + String.format(\"Now you have %d %s in the list.\", taskCount, taskName);","lastModifiedDate":"2022-09-22"},{"lineNumber":188,"author":{"gitId":"-"},"content":"    }","lastModifiedDate":"2019-07-29"},{"lineNumber":189,"author":{"gitId":"gaoyunfan"},"content":"","lastModifiedDate":"2022-08-29"},{"lineNumber":190,"author":{"gitId":"gaoyunfan"},"content":"}","lastModifiedDate":"2022-08-29"}],"authorContributionMap":{"gaoyunfan":188,"-":2}},{"path":"src/main/java/duke/DukeException.java","fileType":"java","lines":[{"lineNumber":1,"author":{"gitId":"gaoyunfan"},"content":"package duke;","lastModifiedDate":"2022-09-22"},{"lineNumber":2,"author":{"gitId":"gaoyunfan"},"content":"","lastModifiedDate":"2022-09-22"},{"lineNumber":3,"author":{"gitId":"gaoyunfan"},"content":"public class DukeException extends Exception{","lastModifiedDate":"2022-09-22"},{"lineNumber":4,"author":{"gitId":"gaoyunfan"},"content":"}","lastModifiedDate":"2022-09-22"}],"authorContributionMap":{"gaoyunfan":4}},{"path":"src/main/java/duke/EmptyDescriptionException.java","fileType":"java","lines":[{"lineNumber":1,"author":{"gitId":"gaoyunfan"},"content":"package duke;","lastModifiedDate":"2022-09-06"},{"lineNumber":2,"author":{"gitId":"gaoyunfan"},"content":"","lastModifiedDate":"2022-09-06"},{"lineNumber":3,"author":{"gitId":"gaoyunfan"},"content":"public class EmptyDescriptionException extends Exception {","lastModifiedDate":"2022-09-12"},{"lineNumber":4,"author":{"gitId":"gaoyunfan"},"content":"        public EmptyDescriptionException(String message) {","lastModifiedDate":"2022-09-22"},{"lineNumber":5,"author":{"gitId":"gaoyunfan"},"content":"            super(message);","lastModifiedDate":"2022-09-22"},{"lineNumber":6,"author":{"gitId":"gaoyunfan"},"content":"        }","lastModifiedDate":"2022-09-06"},{"lineNumber":7,"author":{"gitId":"gaoyunfan"},"content":"}","lastModifiedDate":"2022-09-06"}],"authorContributionMap":{"gaoyunfan":7}},{"path":"src/main/java/duke/InvalidCommandException.java","fileType":"java","lines":[{"lineNumber":1,"author":{"gitId":"gaoyunfan"},"content":"package duke;","lastModifiedDate":"2022-09-06"},{"lineNumber":2,"author":{"gitId":"gaoyunfan"},"content":"","lastModifiedDate":"2022-09-06"},{"lineNumber":3,"author":{"gitId":"gaoyunfan"},"content":"public class InvalidCommandException extends Exception {","lastModifiedDate":"2022-09-12"},{"lineNumber":4,"author":{"gitId":"gaoyunfan"},"content":"    public InvalidCommandException(String message) {","lastModifiedDate":"2022-09-22"},{"lineNumber":5,"author":{"gitId":"gaoyunfan"},"content":"        super(message);","lastModifiedDate":"2022-09-22"},{"lineNumber":6,"author":{"gitId":"gaoyunfan"},"content":"    }","lastModifiedDate":"2022-09-06"},{"lineNumber":7,"author":{"gitId":"gaoyunfan"},"content":"","lastModifiedDate":"2022-09-22"},{"lineNumber":8,"author":{"gitId":"gaoyunfan"},"content":"}","lastModifiedDate":"2022-09-06"}],"authorContributionMap":{"gaoyunfan":8}},{"path":"src/main/java/duke/Parser.java","fileType":"java","lines":[{"lineNumber":1,"author":{"gitId":"gaoyunfan"},"content":"package duke;","lastModifiedDate":"2022-09-22"},{"lineNumber":2,"author":{"gitId":"gaoyunfan"},"content":"","lastModifiedDate":"2022-09-22"},{"lineNumber":3,"author":{"gitId":"gaoyunfan"},"content":"import duke.task.Deadline;","lastModifiedDate":"2022-09-22"},{"lineNumber":4,"author":{"gitId":"gaoyunfan"},"content":"import duke.task.Event;","lastModifiedDate":"2022-09-22"},{"lineNumber":5,"author":{"gitId":"gaoyunfan"},"content":"import duke.task.Task;","lastModifiedDate":"2022-09-22"},{"lineNumber":6,"author":{"gitId":"gaoyunfan"},"content":"import duke.task.ToDo;","lastModifiedDate":"2022-09-22"},{"lineNumber":7,"author":{"gitId":"gaoyunfan"},"content":"","lastModifiedDate":"2022-09-22"},{"lineNumber":8,"author":{"gitId":"gaoyunfan"},"content":"import java.util.ArrayList;","lastModifiedDate":"2022-09-22"},{"lineNumber":9,"author":{"gitId":"gaoyunfan"},"content":"","lastModifiedDate":"2022-09-22"},{"lineNumber":10,"author":{"gitId":"gaoyunfan"},"content":"public class Parser {","lastModifiedDate":"2022-09-22"},{"lineNumber":11,"author":{"gitId":"gaoyunfan"},"content":"    public Parser() {","lastModifiedDate":"2022-09-22"},{"lineNumber":12,"author":{"gitId":"gaoyunfan"},"content":"    }","lastModifiedDate":"2022-09-22"},{"lineNumber":13,"author":{"gitId":"gaoyunfan"},"content":"","lastModifiedDate":"2022-09-22"},{"lineNumber":14,"author":{"gitId":"gaoyunfan"},"content":"    public ArrayList\u003cTask\u003e decodeTaskListFromFile(ArrayList\u003cString\u003e fileContent) {","lastModifiedDate":"2022-09-22"},{"lineNumber":15,"author":{"gitId":"gaoyunfan"},"content":"        ArrayList\u003cTask\u003e tasks \u003d new ArrayList\u003c\u003e();","lastModifiedDate":"2022-09-22"},{"lineNumber":16,"author":{"gitId":"gaoyunfan"},"content":"        for (String line : fileContent) {","lastModifiedDate":"2022-09-22"},{"lineNumber":17,"author":{"gitId":"gaoyunfan"},"content":"            ArrayList\u003cString\u003e commandWordAndParameters \u003d parsedCommand(line);","lastModifiedDate":"2022-09-22"},{"lineNumber":18,"author":{"gitId":"gaoyunfan"},"content":"            decodeTaskFromString(tasks, commandWordAndParameters);","lastModifiedDate":"2022-09-22"},{"lineNumber":19,"author":{"gitId":"gaoyunfan"},"content":"        }","lastModifiedDate":"2022-09-22"},{"lineNumber":20,"author":{"gitId":"gaoyunfan"},"content":"        return tasks;","lastModifiedDate":"2022-09-22"},{"lineNumber":21,"author":{"gitId":"gaoyunfan"},"content":"    }","lastModifiedDate":"2022-09-22"},{"lineNumber":22,"author":{"gitId":"gaoyunfan"},"content":"","lastModifiedDate":"2022-09-22"},{"lineNumber":23,"author":{"gitId":"gaoyunfan"},"content":"    private void decodeTaskFromString(ArrayList\u003cTask\u003e tasks, ArrayList\u003cString\u003e commandWordAndParameters) {","lastModifiedDate":"2022-09-22"},{"lineNumber":24,"author":{"gitId":"gaoyunfan"},"content":"        String taskType  \u003d getTaskType(commandWordAndParameters);","lastModifiedDate":"2022-09-22"},{"lineNumber":25,"author":{"gitId":"gaoyunfan"},"content":"        switch (taskType) {","lastModifiedDate":"2022-09-22"},{"lineNumber":26,"author":{"gitId":"gaoyunfan"},"content":"        case (\"T\"):","lastModifiedDate":"2022-09-22"},{"lineNumber":27,"author":{"gitId":"gaoyunfan"},"content":"            ToDo todo \u003d createToDoAndUpdateStatus(commandWordAndParameters);","lastModifiedDate":"2022-09-22"},{"lineNumber":28,"author":{"gitId":"gaoyunfan"},"content":"            tasks.add(todo);","lastModifiedDate":"2022-09-22"},{"lineNumber":29,"author":{"gitId":"gaoyunfan"},"content":"            break;","lastModifiedDate":"2022-09-22"},{"lineNumber":30,"author":{"gitId":"gaoyunfan"},"content":"        case (\"D\"):","lastModifiedDate":"2022-09-22"},{"lineNumber":31,"author":{"gitId":"gaoyunfan"},"content":"            Deadline deadline \u003d createDeadlineAndUpdateStatus(commandWordAndParameters);","lastModifiedDate":"2022-09-22"},{"lineNumber":32,"author":{"gitId":"gaoyunfan"},"content":"            tasks.add(deadline);","lastModifiedDate":"2022-09-22"},{"lineNumber":33,"author":{"gitId":"gaoyunfan"},"content":"            break;","lastModifiedDate":"2022-09-22"},{"lineNumber":34,"author":{"gitId":"gaoyunfan"},"content":"        case (\"E\"):","lastModifiedDate":"2022-09-22"},{"lineNumber":35,"author":{"gitId":"gaoyunfan"},"content":"            Event event \u003d createEventAndUpdateStatus(commandWordAndParameters);","lastModifiedDate":"2022-09-22"},{"lineNumber":36,"author":{"gitId":"gaoyunfan"},"content":"            tasks.add(event);","lastModifiedDate":"2022-09-22"},{"lineNumber":37,"author":{"gitId":"gaoyunfan"},"content":"            break;","lastModifiedDate":"2022-09-22"},{"lineNumber":38,"author":{"gitId":"gaoyunfan"},"content":"        default:","lastModifiedDate":"2022-09-22"},{"lineNumber":39,"author":{"gitId":"gaoyunfan"},"content":"            throw new IllegalStateException(\"Unexpected value: \" + taskType);","lastModifiedDate":"2022-09-22"},{"lineNumber":40,"author":{"gitId":"gaoyunfan"},"content":"        }","lastModifiedDate":"2022-09-22"},{"lineNumber":41,"author":{"gitId":"gaoyunfan"},"content":"    }","lastModifiedDate":"2022-09-22"},{"lineNumber":42,"author":{"gitId":"gaoyunfan"},"content":"","lastModifiedDate":"2022-09-22"},{"lineNumber":43,"author":{"gitId":"gaoyunfan"},"content":"    private Event createEventAndUpdateStatus(ArrayList\u003cString\u003e words) {","lastModifiedDate":"2022-09-22"},{"lineNumber":44,"author":{"gitId":"gaoyunfan"},"content":"        Event event \u003d new Event(words.get(2), words.get(3));","lastModifiedDate":"2022-09-22"},{"lineNumber":45,"author":{"gitId":"gaoyunfan"},"content":"        if (words.get(1).equals(\"1\")) {","lastModifiedDate":"2022-09-22"},{"lineNumber":46,"author":{"gitId":"gaoyunfan"},"content":"            event.setDone(true);","lastModifiedDate":"2022-09-22"},{"lineNumber":47,"author":{"gitId":"gaoyunfan"},"content":"        }","lastModifiedDate":"2022-09-22"},{"lineNumber":48,"author":{"gitId":"gaoyunfan"},"content":"        return event;","lastModifiedDate":"2022-09-22"},{"lineNumber":49,"author":{"gitId":"gaoyunfan"},"content":"    }","lastModifiedDate":"2022-09-22"},{"lineNumber":50,"author":{"gitId":"gaoyunfan"},"content":"","lastModifiedDate":"2022-09-22"},{"lineNumber":51,"author":{"gitId":"gaoyunfan"},"content":"    private Deadline createDeadlineAndUpdateStatus(ArrayList\u003cString\u003e words) {","lastModifiedDate":"2022-09-22"},{"lineNumber":52,"author":{"gitId":"gaoyunfan"},"content":"        Deadline deadline \u003d new Deadline(words.get(2), words.get(3));","lastModifiedDate":"2022-09-22"},{"lineNumber":53,"author":{"gitId":"gaoyunfan"},"content":"        if (words.get(1).equals(\"1\")) {","lastModifiedDate":"2022-09-22"},{"lineNumber":54,"author":{"gitId":"gaoyunfan"},"content":"            deadline.setDone(true);","lastModifiedDate":"2022-09-22"},{"lineNumber":55,"author":{"gitId":"gaoyunfan"},"content":"        }","lastModifiedDate":"2022-09-22"},{"lineNumber":56,"author":{"gitId":"gaoyunfan"},"content":"        return deadline;","lastModifiedDate":"2022-09-22"},{"lineNumber":57,"author":{"gitId":"gaoyunfan"},"content":"    }","lastModifiedDate":"2022-09-22"},{"lineNumber":58,"author":{"gitId":"gaoyunfan"},"content":"","lastModifiedDate":"2022-09-22"},{"lineNumber":59,"author":{"gitId":"gaoyunfan"},"content":"    private ToDo createToDoAndUpdateStatus(ArrayList\u003cString\u003e words) {","lastModifiedDate":"2022-09-22"},{"lineNumber":60,"author":{"gitId":"gaoyunfan"},"content":"        ToDo todo \u003d new ToDo(words.get(2));","lastModifiedDate":"2022-09-22"},{"lineNumber":61,"author":{"gitId":"gaoyunfan"},"content":"        if (words.get(1).equals(\"1\")) {","lastModifiedDate":"2022-09-22"},{"lineNumber":62,"author":{"gitId":"gaoyunfan"},"content":"            todo.setDone(true);","lastModifiedDate":"2022-09-22"},{"lineNumber":63,"author":{"gitId":"gaoyunfan"},"content":"        }","lastModifiedDate":"2022-09-22"},{"lineNumber":64,"author":{"gitId":"gaoyunfan"},"content":"        return todo;","lastModifiedDate":"2022-09-22"},{"lineNumber":65,"author":{"gitId":"gaoyunfan"},"content":"    }","lastModifiedDate":"2022-09-22"},{"lineNumber":66,"author":{"gitId":"gaoyunfan"},"content":"    public String getTaskType(ArrayList\u003cString\u003e words) {","lastModifiedDate":"2022-09-22"},{"lineNumber":67,"author":{"gitId":"gaoyunfan"},"content":"        return words.get(0);","lastModifiedDate":"2022-09-22"},{"lineNumber":68,"author":{"gitId":"gaoyunfan"},"content":"    }","lastModifiedDate":"2022-09-22"},{"lineNumber":69,"author":{"gitId":"gaoyunfan"},"content":"","lastModifiedDate":"2022-09-22"},{"lineNumber":70,"author":{"gitId":"gaoyunfan"},"content":"","lastModifiedDate":"2022-09-22"},{"lineNumber":71,"author":{"gitId":"gaoyunfan"},"content":"    public ArrayList\u003cString\u003e parsedCommand(String line) {","lastModifiedDate":"2022-09-22"},{"lineNumber":72,"author":{"gitId":"gaoyunfan"},"content":"        ArrayList\u003cString\u003e words \u003d new ArrayList\u003c\u003e();","lastModifiedDate":"2022-09-22"},{"lineNumber":73,"author":{"gitId":"gaoyunfan"},"content":"        int separatorIndex \u003d line.indexOf(\"|\");","lastModifiedDate":"2022-09-22"},{"lineNumber":74,"author":{"gitId":"gaoyunfan"},"content":"        while (separatorIndex !\u003d -1) {","lastModifiedDate":"2022-09-22"},{"lineNumber":75,"author":{"gitId":"gaoyunfan"},"content":"            words.add(line.substring(0, separatorIndex).trim());","lastModifiedDate":"2022-09-22"},{"lineNumber":76,"author":{"gitId":"gaoyunfan"},"content":"            line \u003d line.substring(separatorIndex + 1).trim();","lastModifiedDate":"2022-09-22"},{"lineNumber":77,"author":{"gitId":"gaoyunfan"},"content":"            separatorIndex \u003d line.indexOf(\"|\");","lastModifiedDate":"2022-09-22"},{"lineNumber":78,"author":{"gitId":"gaoyunfan"},"content":"        }","lastModifiedDate":"2022-09-22"},{"lineNumber":79,"author":{"gitId":"gaoyunfan"},"content":"        words.add(line);","lastModifiedDate":"2022-09-22"},{"lineNumber":80,"author":{"gitId":"gaoyunfan"},"content":"        return words;","lastModifiedDate":"2022-09-22"},{"lineNumber":81,"author":{"gitId":"gaoyunfan"},"content":"    }","lastModifiedDate":"2022-09-22"},{"lineNumber":82,"author":{"gitId":"gaoyunfan"},"content":"    public String[] splitCommandTypeAndArguments(String input) {","lastModifiedDate":"2022-09-22"},{"lineNumber":83,"author":{"gitId":"gaoyunfan"},"content":"        return input.split(\" \", 2);","lastModifiedDate":"2022-09-22"},{"lineNumber":84,"author":{"gitId":"gaoyunfan"},"content":"    }","lastModifiedDate":"2022-09-22"},{"lineNumber":85,"author":{"gitId":"gaoyunfan"},"content":"","lastModifiedDate":"2022-09-22"},{"lineNumber":86,"author":{"gitId":"gaoyunfan"},"content":"","lastModifiedDate":"2022-09-22"},{"lineNumber":87,"author":{"gitId":"gaoyunfan"},"content":"}","lastModifiedDate":"2022-09-22"}],"authorContributionMap":{"gaoyunfan":87}},{"path":"src/main/java/duke/Storage.java","fileType":"java","lines":[{"lineNumber":1,"author":{"gitId":"gaoyunfan"},"content":"package duke;","lastModifiedDate":"2022-09-22"},{"lineNumber":2,"author":{"gitId":"gaoyunfan"},"content":"","lastModifiedDate":"2022-09-22"},{"lineNumber":3,"author":{"gitId":"gaoyunfan"},"content":"import duke.task.Task;","lastModifiedDate":"2022-09-22"},{"lineNumber":4,"author":{"gitId":"gaoyunfan"},"content":"","lastModifiedDate":"2022-09-22"},{"lineNumber":5,"author":{"gitId":"gaoyunfan"},"content":"import java.io.File;","lastModifiedDate":"2022-09-22"},{"lineNumber":6,"author":{"gitId":"gaoyunfan"},"content":"import java.io.FileWriter;","lastModifiedDate":"2022-09-22"},{"lineNumber":7,"author":{"gitId":"gaoyunfan"},"content":"import java.io.IOException;","lastModifiedDate":"2022-09-22"},{"lineNumber":8,"author":{"gitId":"gaoyunfan"},"content":"import java.nio.file.Files;","lastModifiedDate":"2022-09-22"},{"lineNumber":9,"author":{"gitId":"gaoyunfan"},"content":"import java.nio.file.Path;","lastModifiedDate":"2022-09-22"},{"lineNumber":10,"author":{"gitId":"gaoyunfan"},"content":"import java.util.ArrayList;","lastModifiedDate":"2022-09-22"},{"lineNumber":11,"author":{"gitId":"gaoyunfan"},"content":"","lastModifiedDate":"2022-09-22"},{"lineNumber":12,"author":{"gitId":"gaoyunfan"},"content":"public class Storage {","lastModifiedDate":"2022-09-22"},{"lineNumber":13,"author":{"gitId":"gaoyunfan"},"content":"    private String filePath;","lastModifiedDate":"2022-09-22"},{"lineNumber":14,"author":{"gitId":"gaoyunfan"},"content":"    private File storageFile;","lastModifiedDate":"2022-09-22"},{"lineNumber":15,"author":{"gitId":"gaoyunfan"},"content":"","lastModifiedDate":"2022-09-22"},{"lineNumber":16,"author":{"gitId":"gaoyunfan"},"content":"    public Storage(String filePath) {","lastModifiedDate":"2022-09-22"},{"lineNumber":17,"author":{"gitId":"gaoyunfan"},"content":"        this.filePath \u003d filePath;","lastModifiedDate":"2022-09-22"},{"lineNumber":18,"author":{"gitId":"gaoyunfan"},"content":"        this.storageFile \u003d new File(filePath);","lastModifiedDate":"2022-09-22"},{"lineNumber":19,"author":{"gitId":"gaoyunfan"},"content":"    }","lastModifiedDate":"2022-09-22"},{"lineNumber":20,"author":{"gitId":"gaoyunfan"},"content":"","lastModifiedDate":"2022-09-22"},{"lineNumber":21,"author":{"gitId":"gaoyunfan"},"content":"    public ArrayList\u003cTask\u003e load() throws IOException {","lastModifiedDate":"2022-09-22"},{"lineNumber":22,"author":{"gitId":"gaoyunfan"},"content":"        ArrayList\u003cString\u003e fileContent \u003d readFile();","lastModifiedDate":"2022-09-22"},{"lineNumber":23,"author":{"gitId":"gaoyunfan"},"content":"        Parser parser \u003d new Parser();","lastModifiedDate":"2022-09-22"},{"lineNumber":24,"author":{"gitId":"gaoyunfan"},"content":"        ArrayList\u003cTask\u003e taskList \u003d parser.decodeTaskListFromFile(fileContent);","lastModifiedDate":"2022-09-22"},{"lineNumber":25,"author":{"gitId":"gaoyunfan"},"content":"        return taskList;","lastModifiedDate":"2022-09-22"},{"lineNumber":26,"author":{"gitId":"gaoyunfan"},"content":"    }","lastModifiedDate":"2022-09-22"},{"lineNumber":27,"author":{"gitId":"gaoyunfan"},"content":"","lastModifiedDate":"2022-09-22"},{"lineNumber":28,"author":{"gitId":"gaoyunfan"},"content":"    private ArrayList\u003cString\u003e readFile() throws IOException {","lastModifiedDate":"2022-09-22"},{"lineNumber":29,"author":{"gitId":"gaoyunfan"},"content":"        if (!storageFile.getParentFile().exists()) {","lastModifiedDate":"2022-09-22"},{"lineNumber":30,"author":{"gitId":"gaoyunfan"},"content":"            storageFile.getParentFile().mkdirs();","lastModifiedDate":"2022-09-22"},{"lineNumber":31,"author":{"gitId":"gaoyunfan"},"content":"        }","lastModifiedDate":"2022-09-22"},{"lineNumber":32,"author":{"gitId":"gaoyunfan"},"content":"        if (!storageFile.exists()) {","lastModifiedDate":"2022-09-22"},{"lineNumber":33,"author":{"gitId":"gaoyunfan"},"content":"            storageFile.createNewFile();","lastModifiedDate":"2022-09-22"},{"lineNumber":34,"author":{"gitId":"gaoyunfan"},"content":"            return new ArrayList\u003cString\u003e();","lastModifiedDate":"2022-09-22"},{"lineNumber":35,"author":{"gitId":"gaoyunfan"},"content":"        }","lastModifiedDate":"2022-09-22"},{"lineNumber":36,"author":{"gitId":"gaoyunfan"},"content":"        return (ArrayList\u003cString\u003e) Files.readAllLines(Path.of(filePath));","lastModifiedDate":"2022-09-22"},{"lineNumber":37,"author":{"gitId":"gaoyunfan"},"content":"    }","lastModifiedDate":"2022-09-22"},{"lineNumber":38,"author":{"gitId":"gaoyunfan"},"content":"","lastModifiedDate":"2022-09-22"},{"lineNumber":39,"author":{"gitId":"gaoyunfan"},"content":"","lastModifiedDate":"2022-09-22"},{"lineNumber":40,"author":{"gitId":"gaoyunfan"},"content":"","lastModifiedDate":"2022-09-22"},{"lineNumber":41,"author":{"gitId":"gaoyunfan"},"content":"","lastModifiedDate":"2022-09-22"},{"lineNumber":42,"author":{"gitId":"gaoyunfan"},"content":"   public void overWriteDukeTxt(ArrayList\u003cTask\u003e tasks) throws IOException {","lastModifiedDate":"2022-09-22"},{"lineNumber":43,"author":{"gitId":"gaoyunfan"},"content":"        String newText \u003d generateNewText(tasks);","lastModifiedDate":"2022-09-22"},{"lineNumber":44,"author":{"gitId":"gaoyunfan"},"content":"        writeToFile(newText);","lastModifiedDate":"2022-09-22"},{"lineNumber":45,"author":{"gitId":"gaoyunfan"},"content":"    }","lastModifiedDate":"2022-09-22"},{"lineNumber":46,"author":{"gitId":"gaoyunfan"},"content":"","lastModifiedDate":"2022-09-22"},{"lineNumber":47,"author":{"gitId":"gaoyunfan"},"content":"    private static String generateNewText(ArrayList\u003cTask\u003e tasks) {","lastModifiedDate":"2022-09-22"},{"lineNumber":48,"author":{"gitId":"gaoyunfan"},"content":"        String newText \u003d \"\";","lastModifiedDate":"2022-09-22"},{"lineNumber":49,"author":{"gitId":"gaoyunfan"},"content":"        for (Task task : tasks) {","lastModifiedDate":"2022-09-22"},{"lineNumber":50,"author":{"gitId":"gaoyunfan"},"content":"            newText +\u003d task.toString();","lastModifiedDate":"2022-09-22"},{"lineNumber":51,"author":{"gitId":"gaoyunfan"},"content":"        }","lastModifiedDate":"2022-09-22"},{"lineNumber":52,"author":{"gitId":"gaoyunfan"},"content":"        return newText;","lastModifiedDate":"2022-09-22"},{"lineNumber":53,"author":{"gitId":"gaoyunfan"},"content":"    }","lastModifiedDate":"2022-09-22"},{"lineNumber":54,"author":{"gitId":"gaoyunfan"},"content":"","lastModifiedDate":"2022-09-22"},{"lineNumber":55,"author":{"gitId":"gaoyunfan"},"content":"    private void writeToFile(String textToAdd) throws IOException {","lastModifiedDate":"2022-09-22"},{"lineNumber":56,"author":{"gitId":"gaoyunfan"},"content":"        FileWriter fileWriter \u003d new FileWriter(filePath);","lastModifiedDate":"2022-09-22"},{"lineNumber":57,"author":{"gitId":"gaoyunfan"},"content":"        fileWriter.write(textToAdd);","lastModifiedDate":"2022-09-22"},{"lineNumber":58,"author":{"gitId":"gaoyunfan"},"content":"        fileWriter.close();","lastModifiedDate":"2022-09-22"},{"lineNumber":59,"author":{"gitId":"gaoyunfan"},"content":"    }","lastModifiedDate":"2022-09-22"},{"lineNumber":60,"author":{"gitId":"gaoyunfan"},"content":"","lastModifiedDate":"2022-09-22"},{"lineNumber":61,"author":{"gitId":"gaoyunfan"},"content":"    public void appendToFile(String textToAppend) throws IOException {","lastModifiedDate":"2022-09-22"},{"lineNumber":62,"author":{"gitId":"gaoyunfan"},"content":"        FileWriter fileWriter \u003d new FileWriter(filePath, true); // create a FileWriter in append mode","lastModifiedDate":"2022-09-22"},{"lineNumber":63,"author":{"gitId":"gaoyunfan"},"content":"        fileWriter.write(textToAppend);","lastModifiedDate":"2022-09-22"},{"lineNumber":64,"author":{"gitId":"gaoyunfan"},"content":"        fileWriter.close();","lastModifiedDate":"2022-09-22"},{"lineNumber":65,"author":{"gitId":"gaoyunfan"},"content":"    }","lastModifiedDate":"2022-09-22"},{"lineNumber":66,"author":{"gitId":"gaoyunfan"},"content":"}","lastModifiedDate":"2022-09-22"}],"authorContributionMap":{"gaoyunfan":66}},{"path":"src/main/java/duke/TaskList.java","fileType":"java","lines":[{"lineNumber":1,"author":{"gitId":"gaoyunfan"},"content":"package duke;","lastModifiedDate":"2022-09-22"},{"lineNumber":2,"author":{"gitId":"gaoyunfan"},"content":"","lastModifiedDate":"2022-09-22"},{"lineNumber":3,"author":{"gitId":"gaoyunfan"},"content":"import duke.task.Task;","lastModifiedDate":"2022-09-22"},{"lineNumber":4,"author":{"gitId":"gaoyunfan"},"content":"","lastModifiedDate":"2022-09-22"},{"lineNumber":5,"author":{"gitId":"gaoyunfan"},"content":"import java.util.ArrayList;","lastModifiedDate":"2022-09-22"},{"lineNumber":6,"author":{"gitId":"gaoyunfan"},"content":"","lastModifiedDate":"2022-09-22"},{"lineNumber":7,"author":{"gitId":"gaoyunfan"},"content":"public class TaskList {","lastModifiedDate":"2022-09-22"},{"lineNumber":8,"author":{"gitId":"gaoyunfan"},"content":"    private ArrayList\u003cTask\u003e tasks;","lastModifiedDate":"2022-09-22"},{"lineNumber":9,"author":{"gitId":"gaoyunfan"},"content":"    public TaskList(ArrayList\u003cTask\u003e tasks) {","lastModifiedDate":"2022-09-22"},{"lineNumber":10,"author":{"gitId":"gaoyunfan"},"content":"        this.tasks \u003d tasks;","lastModifiedDate":"2022-09-22"},{"lineNumber":11,"author":{"gitId":"gaoyunfan"},"content":"    }","lastModifiedDate":"2022-09-22"},{"lineNumber":12,"author":{"gitId":"gaoyunfan"},"content":"","lastModifiedDate":"2022-09-22"},{"lineNumber":13,"author":{"gitId":"gaoyunfan"},"content":"    public TaskList() {","lastModifiedDate":"2022-09-22"},{"lineNumber":14,"author":{"gitId":"gaoyunfan"},"content":"        this.tasks \u003d new ArrayList\u003c\u003e();","lastModifiedDate":"2022-09-22"},{"lineNumber":15,"author":{"gitId":"gaoyunfan"},"content":"    }","lastModifiedDate":"2022-09-22"},{"lineNumber":16,"author":{"gitId":"gaoyunfan"},"content":"","lastModifiedDate":"2022-09-22"},{"lineNumber":17,"author":{"gitId":"gaoyunfan"},"content":"    public ArrayList\u003cTask\u003e getTasks() {","lastModifiedDate":"2022-09-22"},{"lineNumber":18,"author":{"gitId":"gaoyunfan"},"content":"        return tasks;","lastModifiedDate":"2022-09-22"},{"lineNumber":19,"author":{"gitId":"gaoyunfan"},"content":"    }","lastModifiedDate":"2022-09-22"},{"lineNumber":20,"author":{"gitId":"gaoyunfan"},"content":"","lastModifiedDate":"2022-09-22"},{"lineNumber":21,"author":{"gitId":"gaoyunfan"},"content":"    public int getTaskCount() {","lastModifiedDate":"2022-09-22"},{"lineNumber":22,"author":{"gitId":"gaoyunfan"},"content":"        return tasks.size();","lastModifiedDate":"2022-09-22"},{"lineNumber":23,"author":{"gitId":"gaoyunfan"},"content":"    }","lastModifiedDate":"2022-09-22"},{"lineNumber":24,"author":{"gitId":"gaoyunfan"},"content":"}","lastModifiedDate":"2022-09-22"}],"authorContributionMap":{"gaoyunfan":24}},{"path":"src/main/java/duke/Ui.java","fileType":"java","lines":[{"lineNumber":1,"author":{"gitId":"gaoyunfan"},"content":"package duke;","lastModifiedDate":"2022-09-22"},{"lineNumber":2,"author":{"gitId":"gaoyunfan"},"content":"","lastModifiedDate":"2022-09-22"},{"lineNumber":3,"author":{"gitId":"gaoyunfan"},"content":"import duke.task.Task;","lastModifiedDate":"2022-09-22"},{"lineNumber":4,"author":{"gitId":"gaoyunfan"},"content":"","lastModifiedDate":"2022-09-22"},{"lineNumber":5,"author":{"gitId":"gaoyunfan"},"content":"import java.util.ArrayList;","lastModifiedDate":"2022-09-22"},{"lineNumber":6,"author":{"gitId":"gaoyunfan"},"content":"import java.util.Scanner;","lastModifiedDate":"2022-09-22"},{"lineNumber":7,"author":{"gitId":"gaoyunfan"},"content":"","lastModifiedDate":"2022-09-22"},{"lineNumber":8,"author":{"gitId":"gaoyunfan"},"content":"public class Ui {","lastModifiedDate":"2022-09-22"},{"lineNumber":9,"author":{"gitId":"gaoyunfan"},"content":"    public static final String WELCOME_MESSAGE \u003d \"Hello! I\u0027m Duke\";","lastModifiedDate":"2022-09-22"},{"lineNumber":10,"author":{"gitId":"gaoyunfan"},"content":"    public static final String QUESTION_MESSAGE \u003d \"What can I do for you?\";","lastModifiedDate":"2022-09-22"},{"lineNumber":11,"author":{"gitId":"gaoyunfan"},"content":"","lastModifiedDate":"2022-09-22"},{"lineNumber":12,"author":{"gitId":"gaoyunfan"},"content":"    public static final String PRINT_LIST_MESSAGE \u003d \"Here are the tasks in your list:\";","lastModifiedDate":"2022-09-22"},{"lineNumber":13,"author":{"gitId":"gaoyunfan"},"content":"","lastModifiedDate":"2022-09-22"},{"lineNumber":14,"author":{"gitId":"gaoyunfan"},"content":"    public static final String LINE_DIVIDER \u003d \"____________________________________________________________\";","lastModifiedDate":"2022-09-22"},{"lineNumber":15,"author":{"gitId":"gaoyunfan"},"content":"    private Scanner scanner;","lastModifiedDate":"2022-09-22"},{"lineNumber":16,"author":{"gitId":"gaoyunfan"},"content":"    public Ui() {","lastModifiedDate":"2022-09-22"},{"lineNumber":17,"author":{"gitId":"gaoyunfan"},"content":"        scanner \u003dnew Scanner(System.in);","lastModifiedDate":"2022-09-22"},{"lineNumber":18,"author":{"gitId":"gaoyunfan"},"content":"    }","lastModifiedDate":"2022-09-22"},{"lineNumber":19,"author":{"gitId":"gaoyunfan"},"content":"","lastModifiedDate":"2022-09-22"},{"lineNumber":20,"author":{"gitId":"gaoyunfan"},"content":"    public void showLoadingError() {","lastModifiedDate":"2022-09-22"},{"lineNumber":21,"author":{"gitId":"gaoyunfan"},"content":"    }","lastModifiedDate":"2022-09-22"},{"lineNumber":22,"author":{"gitId":"gaoyunfan"},"content":"","lastModifiedDate":"2022-09-22"},{"lineNumber":23,"author":{"gitId":"gaoyunfan"},"content":"","lastModifiedDate":"2022-09-22"},{"lineNumber":24,"author":{"gitId":"gaoyunfan"},"content":"    public void showWelcomeMessage() {","lastModifiedDate":"2022-09-22"},{"lineNumber":25,"author":{"gitId":"gaoyunfan"},"content":"        printOutput(LINE_DIVIDER, WELCOME_MESSAGE, QUESTION_MESSAGE);","lastModifiedDate":"2022-09-22"},{"lineNumber":26,"author":{"gitId":"gaoyunfan"},"content":"    }","lastModifiedDate":"2022-09-22"},{"lineNumber":27,"author":{"gitId":"gaoyunfan"},"content":"","lastModifiedDate":"2022-09-22"},{"lineNumber":28,"author":{"gitId":"gaoyunfan"},"content":"","lastModifiedDate":"2022-09-22"},{"lineNumber":29,"author":{"gitId":"gaoyunfan"},"content":"    private void printOutput(String... message) {","lastModifiedDate":"2022-09-22"},{"lineNumber":30,"author":{"gitId":"gaoyunfan"},"content":"        for (String line : message) {","lastModifiedDate":"2022-09-22"},{"lineNumber":31,"author":{"gitId":"gaoyunfan"},"content":"            System.out.println(line);","lastModifiedDate":"2022-09-22"},{"lineNumber":32,"author":{"gitId":"gaoyunfan"},"content":"        }","lastModifiedDate":"2022-09-22"},{"lineNumber":33,"author":{"gitId":"gaoyunfan"},"content":"    }","lastModifiedDate":"2022-09-22"},{"lineNumber":34,"author":{"gitId":"gaoyunfan"},"content":"","lastModifiedDate":"2022-09-22"},{"lineNumber":35,"author":{"gitId":"gaoyunfan"},"content":"    public String readCommand() {","lastModifiedDate":"2022-09-22"},{"lineNumber":36,"author":{"gitId":"gaoyunfan"},"content":"        String input \u003d scanner.nextLine();","lastModifiedDate":"2022-09-22"},{"lineNumber":37,"author":{"gitId":"gaoyunfan"},"content":"        return input;","lastModifiedDate":"2022-09-22"},{"lineNumber":38,"author":{"gitId":"gaoyunfan"},"content":"    }","lastModifiedDate":"2022-09-22"},{"lineNumber":39,"author":{"gitId":"gaoyunfan"},"content":"","lastModifiedDate":"2022-09-22"},{"lineNumber":40,"author":{"gitId":"gaoyunfan"},"content":"    public void showFeedbackToUser(String result) {","lastModifiedDate":"2022-09-22"},{"lineNumber":41,"author":{"gitId":"gaoyunfan"},"content":"        printOutput(result, LINE_DIVIDER);","lastModifiedDate":"2022-09-22"},{"lineNumber":42,"author":{"gitId":"gaoyunfan"},"content":"    }","lastModifiedDate":"2022-09-22"},{"lineNumber":43,"author":{"gitId":"gaoyunfan"},"content":"","lastModifiedDate":"2022-09-22"},{"lineNumber":44,"author":{"gitId":"gaoyunfan"},"content":"    public void showFeedbackToUser(ArrayList\u003cString\u003e result) {","lastModifiedDate":"2022-09-22"},{"lineNumber":45,"author":{"gitId":"gaoyunfan"},"content":"        for (String string : result) {","lastModifiedDate":"2022-09-22"},{"lineNumber":46,"author":{"gitId":"gaoyunfan"},"content":"            System.out.println(string);","lastModifiedDate":"2022-09-22"},{"lineNumber":47,"author":{"gitId":"gaoyunfan"},"content":"        }","lastModifiedDate":"2022-09-22"},{"lineNumber":48,"author":{"gitId":"gaoyunfan"},"content":"    }","lastModifiedDate":"2022-09-22"},{"lineNumber":49,"author":{"gitId":"gaoyunfan"},"content":"","lastModifiedDate":"2022-09-22"},{"lineNumber":50,"author":{"gitId":"gaoyunfan"},"content":"    public void showTaskList(ArrayList\u003cTask\u003e tasks) {","lastModifiedDate":"2022-09-22"},{"lineNumber":51,"author":{"gitId":"gaoyunfan"},"content":"        ArrayList\u003cString\u003e feedbackTaskList \u003d getTaskListFeedback(tasks);","lastModifiedDate":"2022-09-22"},{"lineNumber":52,"author":{"gitId":"gaoyunfan"},"content":"        showFeedbackToUser(feedbackTaskList);","lastModifiedDate":"2022-09-22"},{"lineNumber":53,"author":{"gitId":"gaoyunfan"},"content":"    }","lastModifiedDate":"2022-09-22"},{"lineNumber":54,"author":{"gitId":"gaoyunfan"},"content":"","lastModifiedDate":"2022-09-22"},{"lineNumber":55,"author":{"gitId":"gaoyunfan"},"content":"    private static ArrayList\u003cString\u003e getTaskListFeedback(ArrayList\u003cTask\u003e tasks) {","lastModifiedDate":"2022-09-22"},{"lineNumber":56,"author":{"gitId":"gaoyunfan"},"content":"        ArrayList\u003cString\u003e taskListFeedback \u003d new ArrayList\u003c\u003e();","lastModifiedDate":"2022-09-22"},{"lineNumber":57,"author":{"gitId":"gaoyunfan"},"content":"        taskListFeedback.add(PRINT_LIST_MESSAGE);","lastModifiedDate":"2022-09-22"},{"lineNumber":58,"author":{"gitId":"gaoyunfan"},"content":"        for (int i \u003d 0; i \u003c tasks.size(); i++) {","lastModifiedDate":"2022-09-22"},{"lineNumber":59,"author":{"gitId":"gaoyunfan"},"content":"            taskListFeedback.add(String.format(\"%d.\", i + 1) + tasks.get(i).getTaskInfo());","lastModifiedDate":"2022-09-22"},{"lineNumber":60,"author":{"gitId":"gaoyunfan"},"content":"        }","lastModifiedDate":"2022-09-22"},{"lineNumber":61,"author":{"gitId":"gaoyunfan"},"content":"        return taskListFeedback;","lastModifiedDate":"2022-09-22"},{"lineNumber":62,"author":{"gitId":"gaoyunfan"},"content":"    }","lastModifiedDate":"2022-09-22"},{"lineNumber":63,"author":{"gitId":"gaoyunfan"},"content":"}","lastModifiedDate":"2022-09-22"}],"authorContributionMap":{"gaoyunfan":63}},{"path":"src/main/java/duke/task/Deadline.java","fileType":"java","lines":[{"lineNumber":1,"author":{"gitId":"gaoyunfan"},"content":"package duke.task;","lastModifiedDate":"2022-09-06"},{"lineNumber":2,"author":{"gitId":"gaoyunfan"},"content":"","lastModifiedDate":"2022-09-06"},{"lineNumber":3,"author":{"gitId":"gaoyunfan"},"content":"public class Deadline extends Task{","lastModifiedDate":"2022-08-28"},{"lineNumber":4,"author":{"gitId":"gaoyunfan"},"content":"    protected String by;","lastModifiedDate":"2022-08-28"},{"lineNumber":5,"author":{"gitId":"gaoyunfan"},"content":"    public Deadline(String description, String by) {","lastModifiedDate":"2022-08-28"},{"lineNumber":6,"author":{"gitId":"gaoyunfan"},"content":"        super(description);","lastModifiedDate":"2022-08-28"},{"lineNumber":7,"author":{"gitId":"gaoyunfan"},"content":"        this.by \u003d by;","lastModifiedDate":"2022-08-28"},{"lineNumber":8,"author":{"gitId":"gaoyunfan"},"content":"    }","lastModifiedDate":"2022-08-28"},{"lineNumber":9,"author":{"gitId":"gaoyunfan"},"content":"    @Override","lastModifiedDate":"2022-08-28"},{"lineNumber":10,"author":{"gitId":"gaoyunfan"},"content":"    public String getTaskInfo() {","lastModifiedDate":"2022-08-28"},{"lineNumber":11,"author":{"gitId":"gaoyunfan"},"content":"        String statusIcon \u003d isDone ? \"X\" : \" \";","lastModifiedDate":"2022-09-22"},{"lineNumber":12,"author":{"gitId":"gaoyunfan"},"content":"        return \"[D]\" + \"[\" + statusIcon + \"] \" + this.description + \" (by: \" + this.by + \")\";","lastModifiedDate":"2022-09-22"},{"lineNumber":13,"author":{"gitId":"gaoyunfan"},"content":"    }","lastModifiedDate":"2022-08-28"},{"lineNumber":14,"author":{"gitId":"gaoyunfan"},"content":"","lastModifiedDate":"2022-09-22"},{"lineNumber":15,"author":{"gitId":"gaoyunfan"},"content":"    @Override","lastModifiedDate":"2022-09-22"},{"lineNumber":16,"author":{"gitId":"gaoyunfan"},"content":"    public void setDone(boolean isDone) {","lastModifiedDate":"2022-09-22"},{"lineNumber":17,"author":{"gitId":"gaoyunfan"},"content":"        this.isDone \u003d isDone;","lastModifiedDate":"2022-09-22"},{"lineNumber":18,"author":{"gitId":"gaoyunfan"},"content":"    }","lastModifiedDate":"2022-09-22"},{"lineNumber":19,"author":{"gitId":"gaoyunfan"},"content":"","lastModifiedDate":"2022-09-22"},{"lineNumber":20,"author":{"gitId":"gaoyunfan"},"content":"    @Override","lastModifiedDate":"2022-09-13"},{"lineNumber":21,"author":{"gitId":"gaoyunfan"},"content":"    public String toString () {","lastModifiedDate":"2022-09-13"},{"lineNumber":22,"author":{"gitId":"gaoyunfan"},"content":"        int isDoneInNumber \u003d this.isDone ? 1 : 0;","lastModifiedDate":"2022-09-13"},{"lineNumber":23,"author":{"gitId":"gaoyunfan"},"content":"        return String.format(\"D | %d | %s | %s\", isDoneInNumber, description, by) + System.lineSeparator();","lastModifiedDate":"2022-09-13"},{"lineNumber":24,"author":{"gitId":"gaoyunfan"},"content":"    }","lastModifiedDate":"2022-09-13"},{"lineNumber":25,"author":{"gitId":"gaoyunfan"},"content":"}","lastModifiedDate":"2022-08-28"}],"authorContributionMap":{"gaoyunfan":25}},{"path":"src/main/java/duke/task/Event.java","fileType":"java","lines":[{"lineNumber":1,"author":{"gitId":"gaoyunfan"},"content":"package duke.task;","lastModifiedDate":"2022-09-06"},{"lineNumber":2,"author":{"gitId":"gaoyunfan"},"content":"","lastModifiedDate":"2022-09-06"},{"lineNumber":3,"author":{"gitId":"gaoyunfan"},"content":"public class Event extends Task{","lastModifiedDate":"2022-08-28"},{"lineNumber":4,"author":{"gitId":"gaoyunfan"},"content":"    protected String time;","lastModifiedDate":"2022-08-28"},{"lineNumber":5,"author":{"gitId":"gaoyunfan"},"content":"    public Event(String description, String time) {","lastModifiedDate":"2022-08-28"},{"lineNumber":6,"author":{"gitId":"gaoyunfan"},"content":"        super(description);","lastModifiedDate":"2022-08-28"},{"lineNumber":7,"author":{"gitId":"gaoyunfan"},"content":"        this.time \u003d time;","lastModifiedDate":"2022-08-28"},{"lineNumber":8,"author":{"gitId":"gaoyunfan"},"content":"    }","lastModifiedDate":"2022-08-28"},{"lineNumber":9,"author":{"gitId":"gaoyunfan"},"content":"    @Override","lastModifiedDate":"2022-08-28"},{"lineNumber":10,"author":{"gitId":"gaoyunfan"},"content":"    public String getTaskInfo() {","lastModifiedDate":"2022-08-28"},{"lineNumber":11,"author":{"gitId":"gaoyunfan"},"content":"        String statusIcon \u003d isDone ? \"X\" : \" \";","lastModifiedDate":"2022-09-22"},{"lineNumber":12,"author":{"gitId":"gaoyunfan"},"content":"        return \"[E]\" +\"[\" + statusIcon + \"] \" + this.description +  \" (at: \" + this.time + \")\";","lastModifiedDate":"2022-09-22"},{"lineNumber":13,"author":{"gitId":"gaoyunfan"},"content":"    }","lastModifiedDate":"2022-09-22"},{"lineNumber":14,"author":{"gitId":"gaoyunfan"},"content":"","lastModifiedDate":"2022-09-22"},{"lineNumber":15,"author":{"gitId":"gaoyunfan"},"content":"    public void setDone(boolean isDone) {","lastModifiedDate":"2022-09-22"},{"lineNumber":16,"author":{"gitId":"gaoyunfan"},"content":"        this.isDone \u003d isDone;","lastModifiedDate":"2022-09-22"},{"lineNumber":17,"author":{"gitId":"gaoyunfan"},"content":"    }","lastModifiedDate":"2022-08-28"},{"lineNumber":18,"author":{"gitId":"gaoyunfan"},"content":"    @Override","lastModifiedDate":"2022-09-13"},{"lineNumber":19,"author":{"gitId":"gaoyunfan"},"content":"    public String toString () {","lastModifiedDate":"2022-09-13"},{"lineNumber":20,"author":{"gitId":"gaoyunfan"},"content":"        int isDoneInNumber \u003d this.isDone ? 1 : 0;","lastModifiedDate":"2022-09-13"},{"lineNumber":21,"author":{"gitId":"gaoyunfan"},"content":"        return String.format(\"E | %d | %s | %s\", isDoneInNumber, description, time) + System.lineSeparator();","lastModifiedDate":"2022-09-13"},{"lineNumber":22,"author":{"gitId":"gaoyunfan"},"content":"    }","lastModifiedDate":"2022-09-13"},{"lineNumber":23,"author":{"gitId":"gaoyunfan"},"content":"}","lastModifiedDate":"2022-08-28"}],"authorContributionMap":{"gaoyunfan":23}},{"path":"src/main/java/duke/task/Task.java","fileType":"java","lines":[{"lineNumber":1,"author":{"gitId":"gaoyunfan"},"content":"package duke.task;","lastModifiedDate":"2022-09-06"},{"lineNumber":2,"author":{"gitId":"gaoyunfan"},"content":"public abstract class Task {","lastModifiedDate":"2022-09-22"},{"lineNumber":3,"author":{"gitId":"gaoyunfan"},"content":"    protected String description;","lastModifiedDate":"2022-08-28"},{"lineNumber":4,"author":{"gitId":"gaoyunfan"},"content":"    protected boolean isDone;","lastModifiedDate":"2022-08-28"},{"lineNumber":5,"author":{"gitId":"gaoyunfan"},"content":"","lastModifiedDate":"2022-08-22"},{"lineNumber":6,"author":{"gitId":"gaoyunfan"},"content":"    public Task(String description) {","lastModifiedDate":"2022-08-22"},{"lineNumber":7,"author":{"gitId":"gaoyunfan"},"content":"        this.description \u003d description;","lastModifiedDate":"2022-08-22"},{"lineNumber":8,"author":{"gitId":"gaoyunfan"},"content":"        this.isDone \u003d false;","lastModifiedDate":"2022-08-22"},{"lineNumber":9,"author":{"gitId":"gaoyunfan"},"content":"    }","lastModifiedDate":"2022-08-22"},{"lineNumber":10,"author":{"gitId":"gaoyunfan"},"content":"","lastModifiedDate":"2022-08-22"},{"lineNumber":11,"author":{"gitId":"gaoyunfan"},"content":"    public abstract String getTaskInfo();","lastModifiedDate":"2022-09-22"},{"lineNumber":12,"author":{"gitId":"gaoyunfan"},"content":"","lastModifiedDate":"2022-08-29"},{"lineNumber":13,"author":{"gitId":"gaoyunfan"},"content":"    public abstract void setDone(boolean isDone);","lastModifiedDate":"2022-09-22"},{"lineNumber":14,"author":{"gitId":"gaoyunfan"},"content":"","lastModifiedDate":"2022-08-22"},{"lineNumber":15,"author":{"gitId":"gaoyunfan"},"content":"}","lastModifiedDate":"2022-08-22"}],"authorContributionMap":{"gaoyunfan":15}},{"path":"src/main/java/duke/task/Todo.java","fileType":"java","lines":[{"lineNumber":1,"author":{"gitId":"gaoyunfan"},"content":"package duke.task;","lastModifiedDate":"2022-09-06"},{"lineNumber":2,"author":{"gitId":"gaoyunfan"},"content":"","lastModifiedDate":"2022-09-06"},{"lineNumber":3,"author":{"gitId":"gaoyunfan"},"content":"public class ToDo extends Task {","lastModifiedDate":"2022-09-22"},{"lineNumber":4,"author":{"gitId":"gaoyunfan"},"content":"    public ToDo(String description) {","lastModifiedDate":"2022-09-22"},{"lineNumber":5,"author":{"gitId":"gaoyunfan"},"content":"        super(description);","lastModifiedDate":"2022-08-28"},{"lineNumber":6,"author":{"gitId":"gaoyunfan"},"content":"    }","lastModifiedDate":"2022-08-28"},{"lineNumber":7,"author":{"gitId":"gaoyunfan"},"content":"","lastModifiedDate":"2022-08-28"},{"lineNumber":8,"author":{"gitId":"gaoyunfan"},"content":"    @Override","lastModifiedDate":"2022-08-28"},{"lineNumber":9,"author":{"gitId":"gaoyunfan"},"content":"    public String getTaskInfo() {","lastModifiedDate":"2022-08-28"},{"lineNumber":10,"author":{"gitId":"gaoyunfan"},"content":"        String statusIcon \u003d isDone ? \"X\" : \" \";","lastModifiedDate":"2022-09-22"},{"lineNumber":11,"author":{"gitId":"gaoyunfan"},"content":"        return \"[T]\" +\"[\" + statusIcon + \"] \" + this.description;","lastModifiedDate":"2022-09-22"},{"lineNumber":12,"author":{"gitId":"gaoyunfan"},"content":"    }","lastModifiedDate":"2022-09-22"},{"lineNumber":13,"author":{"gitId":"gaoyunfan"},"content":"","lastModifiedDate":"2022-09-22"},{"lineNumber":14,"author":{"gitId":"gaoyunfan"},"content":"    public void setDone(boolean isDone) {","lastModifiedDate":"2022-09-22"},{"lineNumber":15,"author":{"gitId":"gaoyunfan"},"content":"        this.isDone \u003d isDone;","lastModifiedDate":"2022-09-22"},{"lineNumber":16,"author":{"gitId":"gaoyunfan"},"content":"    }","lastModifiedDate":"2022-08-28"},{"lineNumber":17,"author":{"gitId":"gaoyunfan"},"content":"    @Override","lastModifiedDate":"2022-09-13"},{"lineNumber":18,"author":{"gitId":"gaoyunfan"},"content":"    public String toString () {","lastModifiedDate":"2022-09-13"},{"lineNumber":19,"author":{"gitId":"gaoyunfan"},"content":"        int isDoneInNumber \u003d this.isDone ? 1 : 0;","lastModifiedDate":"2022-09-13"},{"lineNumber":20,"author":{"gitId":"gaoyunfan"},"content":"        return String.format(\"T | %d | %s\", isDoneInNumber, description) + System.lineSeparator();","lastModifiedDate":"2022-09-13"},{"lineNumber":21,"author":{"gitId":"gaoyunfan"},"content":"    }","lastModifiedDate":"2022-09-13"},{"lineNumber":22,"author":{"gitId":"gaoyunfan"},"content":"}","lastModifiedDate":"2022-08-28"},{"lineNumber":23,"author":{"gitId":"gaoyunfan"},"content":"","lastModifiedDate":"2022-08-28"}],"authorContributionMap":{"gaoyunfan":23}},{"path":"text-ui-test/input.txt","fileType":"txt","lines":[{"lineNumber":1,"author":{"gitId":"gaoyunfan"},"content":"todo Gao YunFan: Answer CS2113 tutorial questions","lastModifiedDate":"2022-09-06"},{"lineNumber":2,"author":{"gitId":"gaoyunfan"},"content":"deadline weekly CS2113 quiz /by Monday 9pm","lastModifiedDate":"2022-09-06"},{"lineNumber":3,"author":{"gitId":"gaoyunfan"},"content":"list","lastModifiedDate":"2022-09-06"},{"lineNumber":4,"author":{"gitId":"gaoyunfan"},"content":"event CS2113 lecture /at Friday 4 to 6 pm","lastModifiedDate":"2022-09-06"},{"lineNumber":5,"author":{"gitId":"gaoyunfan"},"content":"mark 1","lastModifiedDate":"2022-09-06"},{"lineNumber":6,"author":{"gitId":"gaoyunfan"},"content":"list","lastModifiedDate":"2022-09-06"},{"lineNumber":7,"author":{"gitId":"gaoyunfan"},"content":"mark 2","lastModifiedDate":"2022-09-06"},{"lineNumber":8,"author":{"gitId":"gaoyunfan"},"content":"todo","lastModifiedDate":"2022-09-06"},{"lineNumber":9,"author":{"gitId":"gaoyunfan"},"content":"todo borrow book","lastModifiedDate":"2022-09-12"},{"lineNumber":10,"author":{"gitId":"gaoyunfan"},"content":"list","lastModifiedDate":"2022-09-06"},{"lineNumber":11,"author":{"gitId":"gaoyunfan"},"content":"blah","lastModifiedDate":"2022-09-06"},{"lineNumber":12,"author":{"gitId":"gaoyunfan"},"content":"delete 2","lastModifiedDate":"2022-09-12"},{"lineNumber":13,"author":{"gitId":"gaoyunfan"},"content":"list","lastModifiedDate":"2022-09-12"},{"lineNumber":14,"author":{"gitId":"gaoyunfan"},"content":"bye","lastModifiedDate":"2022-09-06"}],"authorContributionMap":{"gaoyunfan":14}},{"path":"text-ui-test/runtest.sh","fileType":"sh","lines":[{"lineNumber":1,"author":{"gitId":"-"},"content":"#!/usr/bin/env bash","lastModifiedDate":"2020-05-25"},{"lineNumber":2,"author":{"gitId":"-"},"content":"","lastModifiedDate":"2020-05-25"},{"lineNumber":3,"author":{"gitId":"-"},"content":"# create bin directory if it doesn\u0027t exist","lastModifiedDate":"2020-05-25"},{"lineNumber":4,"author":{"gitId":"-"},"content":"if [ ! -d \"../bin\" ]","lastModifiedDate":"2020-05-25"},{"lineNumber":5,"author":{"gitId":"-"},"content":"then","lastModifiedDate":"2020-05-25"},{"lineNumber":6,"author":{"gitId":"-"},"content":"    mkdir ../bin","lastModifiedDate":"2020-05-25"},{"lineNumber":7,"author":{"gitId":"-"},"content":"fi","lastModifiedDate":"2020-05-25"},{"lineNumber":8,"author":{"gitId":"-"},"content":"","lastModifiedDate":"2020-05-25"},{"lineNumber":9,"author":{"gitId":"-"},"content":"# delete output from previous run","lastModifiedDate":"2020-05-25"},{"lineNumber":10,"author":{"gitId":"-"},"content":"if [ -e \"./ACTUAL.TXT\" ]","lastModifiedDate":"2020-05-25"},{"lineNumber":11,"author":{"gitId":"-"},"content":"then","lastModifiedDate":"2020-05-25"},{"lineNumber":12,"author":{"gitId":"-"},"content":"    rm ACTUAL.TXT","lastModifiedDate":"2020-05-25"},{"lineNumber":13,"author":{"gitId":"-"},"content":"fi","lastModifiedDate":"2020-05-25"},{"lineNumber":14,"author":{"gitId":"-"},"content":"","lastModifiedDate":"2020-05-25"},{"lineNumber":15,"author":{"gitId":"-"},"content":"# compile the code into the bin folder, terminates if error occurred","lastModifiedDate":"2020-05-25"},{"lineNumber":16,"author":{"gitId":"gaoyunfan"},"content":"if ! javac -cp ../src -Xlint:none -d ../bin ../src/main/java/duke/*.java ../src/main/java/duke/task/*.java","lastModifiedDate":"2022-09-06"},{"lineNumber":17,"author":{"gitId":"-"},"content":"then","lastModifiedDate":"2020-05-25"},{"lineNumber":18,"author":{"gitId":"-"},"content":"    echo \"********** BUILD FAILURE **********\"","lastModifiedDate":"2020-05-25"},{"lineNumber":19,"author":{"gitId":"-"},"content":"    exit 1","lastModifiedDate":"2020-05-25"},{"lineNumber":20,"author":{"gitId":"-"},"content":"fi","lastModifiedDate":"2020-05-25"},{"lineNumber":21,"author":{"gitId":"-"},"content":"","lastModifiedDate":"2020-05-25"},{"lineNumber":22,"author":{"gitId":"-"},"content":"# run the program, feed commands from input.txt file and redirect the output to the ACTUAL.TXT","lastModifiedDate":"2020-05-25"},{"lineNumber":23,"author":{"gitId":"gaoyunfan"},"content":"java -classpath ../bin duke.Duke \u003c input.txt \u003e ACTUAL.TXT","lastModifiedDate":"2022-09-06"},{"lineNumber":24,"author":{"gitId":"-"},"content":"","lastModifiedDate":"2020-05-25"},{"lineNumber":25,"author":{"gitId":"-"},"content":"# convert to UNIX format","lastModifiedDate":"2020-05-25"},{"lineNumber":26,"author":{"gitId":"-"},"content":"cp EXPECTED.TXT EXPECTED-UNIX.TXT","lastModifiedDate":"2020-05-25"},{"lineNumber":27,"author":{"gitId":"-"},"content":"dos2unix ACTUAL.TXT EXPECTED-UNIX.TXT","lastModifiedDate":"2020-05-25"},{"lineNumber":28,"author":{"gitId":"-"},"content":"","lastModifiedDate":"2020-05-25"},{"lineNumber":29,"author":{"gitId":"-"},"content":"# compare the output to the expected output","lastModifiedDate":"2020-05-25"},{"lineNumber":30,"author":{"gitId":"-"},"content":"diff ACTUAL.TXT EXPECTED-UNIX.TXT","lastModifiedDate":"2020-05-25"},{"lineNumber":31,"author":{"gitId":"-"},"content":"if [ $? -eq 0 ]","lastModifiedDate":"2020-05-25"},{"lineNumber":32,"author":{"gitId":"-"},"content":"then","lastModifiedDate":"2020-05-25"},{"lineNumber":33,"author":{"gitId":"-"},"content":"    echo \"Test result: PASSED\"","lastModifiedDate":"2020-05-25"},{"lineNumber":34,"author":{"gitId":"-"},"content":"    exit 0","lastModifiedDate":"2020-05-25"},{"lineNumber":35,"author":{"gitId":"-"},"content":"else","lastModifiedDate":"2020-05-25"},{"lineNumber":36,"author":{"gitId":"-"},"content":"    echo \"Test result: FAILED\"","lastModifiedDate":"2020-05-25"},{"lineNumber":37,"author":{"gitId":"-"},"content":"    exit 1","lastModifiedDate":"2020-05-25"},{"lineNumber":38,"author":{"gitId":"-"},"content":"fi","lastModifiedDate":"2020-05-25"}],"authorContributionMap":{"gaoyunfan":2,"-":36}}]
