{"authorDailyContributionsMap":{"gaoyunfan":[{"date":"2022-08-19","commitResults":[{"hash":"e887e4ba68ecb357fe3b72cd85c49c808b664394","messageTitle":"Add greet","messageBody":"","tags":["Level-0"],"fileTypesAndContributionMap":{"java":{"insertions":4,"deletions":6}}}]},{"date":"2022-08-22","commitResults":[{"hash":"c20f4fc1687ee7682c643a29788822f4990e797a","messageTitle":"Add echo","messageBody":"","tags":["Level-1"],"fileTypesAndContributionMap":{"java":{"insertions":11,"deletions":2}}},{"hash":"b0eb4b7661ecef6a8ac0b838acd1c01c1bd830f1","messageTitle":"Add text storage","messageBody":"","tags":["Level-2"],"fileTypesAndContributionMap":{"java":{"insertions":15,"deletions":5}}},{"hash":"1bfe02944054819b3dcb87e516319a960cbaadfe","messageTitle":"Add task class","messageBody":"","fileTypesAndContributionMap":{"java":{"insertions":31,"deletions":0}}},{"hash":"6889edf3a159d7f9cef3fa3232829bac50673556","messageTitle":"Add mark tasks done with task class","messageBody":"","tags":["Level-3","A-CodingStandard"],"fileTypesAndContributionMap":{"java":{"insertions":22,"deletions":12}}}]},{"date":"2022-08-28","commitResults":[{"hash":"b9e850d6cba124dcd529d04d2e43d70140aee0ba","messageTitle":"Add Todo, Task and Deadline classes","messageBody":"","tags":["Level-4"],"fileTypesAndContributionMap":{"java":{"insertions":75,"deletions":10}}}]},{"date":"2022-08-29","commitResults":[{"hash":"20d0b49d0923d74e51b8f052fbf084e46d056a5c","messageTitle":"Refactor code","messageBody":"","tags":["A-CodeQuality"],"fileTypesAndContributionMap":{"java":{"insertions":157,"deletions":63}}}]},{"date":"2022-09-06","commitResults":[{"hash":"5026b82d26cb16da1cd1154f9502b27b80990b0f","messageTitle":"Add handle empty description and invalid command errors","messageBody":"","fileTypesAndContributionMap":{"txt":{"insertions":11,"deletions":0},"java":{"insertions":47,"deletions":24}}},{"hash":"dfa0c5a6320f86f65a730b2c13861886928afd7e","messageTitle":"Add duke and duke.task packages","messageBody":"","fileTypesAndContributionMap":{"java":{"insertions":21,"deletions":0},"sh":{"insertions":2,"deletions":2}}}]}]},"authorFileTypeContributionMap":{"gaoyunfan":{"java":268,"md":0,"fxml":0,"sh":2,"bat":0,"gradle":0,"txt":11}},"authorContributionVariance":{"gaoyunfan":2553.0},"authorDisplayNameMap":{"gaoyunfan":"CS2113-W12-3 GAO .. FAN"}}
