{"authorDailyContributionsMap":{"LokQiJun":[{"date":"2022-08-12","commitResults":[{"hash":"265befa511df76f4fa25d17f9330b1f514e22be3","messageTitle":"wk2 level 0 greet","messageBody":"","fileTypesAndContributionMap":{"java":{"insertions":11,"deletions":0}}},{"hash":"0c097b0a29904777d3304ed78447a3ab53f86f7f","messageTitle":"wk2 level 0 greet","messageBody":"","tags":["Level_0"],"fileTypesAndContributionMap":{"java":{"insertions":2,"deletions":2}}}]},{"date":"2022-08-21","commitResults":[{"hash":"01ed5c4fb52b460886305aa919d1dc4ca87db364","messageTitle":"Added level 1","messageBody":"","tags":["Level_1"],"fileTypesAndContributionMap":{"java":{"insertions":9,"deletions":2}}},{"hash":"0199be48cbcf99034071821fbafe4ff56f7475ba","messageTitle":"Added level 2","messageBody":"","tags":["Level_2"],"fileTypesAndContributionMap":{"java":{"insertions":42,"deletions":12}}},{"hash":"bd384ee777c1757abd8213fd2d7bc12ef4b18aa9","messageTitle":"Added level 3","messageBody":"","tags":["Level_3"],"fileTypesAndContributionMap":{"java":{"insertions":23,"deletions":2}}}]}]},"authorFileTypeContributionMap":{"LokQiJun":{"java":70,"md":0,"fxml":0,"sh":0,"bat":0,"gradle":0,"txt":0}},"authorContributionVariance":{"LokQiJun":722.25},"authorDisplayNameMap":{"LokQiJun":"LOK .. JUN"}}
