{"authorDailyContributionsMap":{"LokQiJun":[{"date":"2022-08-12","commitResults":[{"hash":"265befa511df76f4fa25d17f9330b1f514e22be3","messageTitle":"wk2 level 0 greet","messageBody":"","fileTypesAndContributionMap":{"java":{"insertions":11,"deletions":0}}},{"hash":"0c097b0a29904777d3304ed78447a3ab53f86f7f","messageTitle":"wk2 level 0 greet","messageBody":"","tags":["Level-0"],"fileTypesAndContributionMap":{"java":{"insertions":2,"deletions":2}}}]},{"date":"2022-08-21","commitResults":[{"hash":"01ed5c4fb52b460886305aa919d1dc4ca87db364","messageTitle":"Added level 1","messageBody":"","tags":["Level_1","Level-1"],"fileTypesAndContributionMap":{"java":{"insertions":9,"deletions":2}}},{"hash":"0199be48cbcf99034071821fbafe4ff56f7475ba","messageTitle":"Added level 2","messageBody":"","tags":["Level_2","Level-2","A-Collections"],"fileTypesAndContributionMap":{"java":{"insertions":42,"deletions":12}}},{"hash":"bd384ee777c1757abd8213fd2d7bc12ef4b18aa9","messageTitle":"Added level 3","messageBody":"","tags":["Level_3","Level-3"],"fileTypesAndContributionMap":{"java":{"insertions":23,"deletions":2}}}]},{"date":"2022-08-27","commitResults":[{"hash":"a3fe9b91ddebf6ee717cb3435ee80df0568fe05d","messageTitle":"Added level 4","messageBody":"","tags":["Level_4","Level-4"],"fileTypesAndContributionMap":{"java":{"insertions":62,"deletions":21}}}]},{"date":"2022-08-31","commitResults":[{"hash":"000de54fc1af10976283815005d59ecaba92adda","messageTitle":"Applied OOP principles to make code more organised","messageBody":"","tags":["A-CodeQuality"],"fileTypesAndContributionMap":{"txt":{"insertions":38,"deletions":0},"java":{"insertions":222,"deletions":116}}},{"hash":"9860342d617bd4cc918b12262dede07d62a24b32","messageTitle":"Edited names of variable","messageBody":"","fileTypesAndContributionMap":{"java":{"insertions":11,"deletions":11}}},{"hash":"32c2c16ce42d71a6b49d002f7a21cd1b1e9973d6","messageTitle":"Added test","messageBody":"","tags":["A-TextUiTesting"],"fileTypesAndContributionMap":{"txt":{"insertions":13,"deletions":35}}}]},{"date":"2022-09-06","commitResults":[{"hash":"e518ba2daa14d0231da3ab8ac39148cdfe4455f2","messageTitle":"A-Package","messageBody":"","tags":["A-Packages"],"fileTypesAndContributionMap":{"java":{"insertions":8,"deletions":1}}},{"hash":"a5b5555792708ab6bd642806afa1784b752b2535","messageTitle":"Add DukeException and a new class ExceptionHandler containing error messages","messageBody":"","tags":["A-Exceptions"],"fileTypesAndContributionMap":{"java":{"insertions":4,"deletions":0}}},{"hash":"6ed1b162b0f2dbf19485396c4639532c8bec62e5","messageTitle":"Packaged files into Duke and implemented error handling regarding inputs of user","messageBody":"","tags":["Level-5"],"fileTypesAndContributionMap":{"java":{"insertions":84,"deletions":41}}}]},{"date":"2022-09-20","commitResults":[{"hash":"4c475cee9e49f9fa2fe911bb1c7972018d9d12ae","messageTitle":"Repackaged files, changed command processing from if-else to switch-case \u0026 added delete task functions","messageBody":"","tags":["Level-6"],"fileTypesAndContributionMap":{"java":{"insertions":172,"deletions":129}}}]},{"date":"2022-09-26","commitResults":[{"hash":"66a35084a9ab5f1e43108d92d63101eb6fd562a5","messageTitle":"Added Parser and Command class","messageBody":"","tags":["A-MoreOOP"],"fileTypesAndContributionMap":{"java":{"insertions":156,"deletions":147},"bat":{"insertions":1,"deletions":1},"sh":{"insertions":1,"deletions":1}}}]},{"date":"2022-09-27","commitResults":[{"hash":"01b857c3ff9de86e654d38496c249966d6bbdafd","messageTitle":"Added Memory class and save data function","messageBody":"","fileTypesAndContributionMap":{"txt":{"insertions":1,"deletions":0},"java":{"insertions":69,"deletions":7}}},{"hash":"17282e8337229c276dfbc1e6943a450623d6f5d0","messageTitle":"Added load from file method in memory","messageBody":"","tags":["Level-7"],"fileTypesAndContributionMap":{"txt":{"insertions":2,"deletions":1},"java":{"insertions":92,"deletions":31}}},{"hash":"435aaae9ebd9b022f9d48c66ba85a27ad4a80c3e","messageTitle":"Added date and find function","messageBody":"","tags":["Level-9","Level-8"],"fileTypesAndContributionMap":{"txt":{"insertions":2,"deletions":2},"java":{"insertions":90,"deletions":9}}},{"hash":"a86f08f78d6d3f353ce9d658586f39a783103bb1","messageTitle":"Added jar files and documentation","messageBody":"","tags":["A-JavaDoc","A-Jar"],"fileTypesAndContributionMap":{"txt":{"insertions":7,"deletions":2},"java":{"insertions":223,"deletions":34}}},{"hash":"aee1e8b212edbeff15cfed3f4ea60124a66d801c","messageTitle":"Minor changes to exception messages","messageBody":"","fileTypesAndContributionMap":{"java":{"insertions":2,"deletions":1}}},{"hash":"a4d92f215adee11ecf446a0839f7c206b2446c46","messageTitle":"Minor changes to output messages","messageBody":"","fileTypesAndContributionMap":{"java":{"insertions":4,"deletions":4}}},{"hash":"1436f1b332f8ac37fd985afa94b5541d8d6b612b","messageTitle":"Removed unicode as it does not show in console terminal","messageBody":"","fileTypesAndContributionMap":{"java":{"insertions":2,"deletions":2}}},{"hash":"13eb628bb3b05071ae4ff2ec35a8040dd2bf6a12","messageTitle":"Update README.md","messageBody":"","fileTypesAndContributionMap":{"md":{"insertions":249,"deletions":12}}},{"hash":"4c085fe576985a38b1110ddd525b55f29bbd635d","messageTitle":"Fixed minor bugs","messageBody":"","fileTypesAndContributionMap":{"java":{"insertions":10,"deletions":17}}},{"hash":"81dc71af3d2d4fc23181e531c3fd5e04d8175b8d","messageTitle":"Update README.md","messageBody":"","fileTypesAndContributionMap":{"md":{"insertions":5,"deletions":5}}},{"hash":"97e62ca2c937e73e45b2c117add6b5a95af7fde9","messageTitle":"Update README.md","messageBody":"","fileTypesAndContributionMap":{"md":{"insertions":1,"deletions":1}}},{"hash":"28903f5fa485f1dba8f2377a9b5c8a0ac7cc2451","messageTitle":"Update README.md","messageBody":"","tags":["A-UserGuide","A-Release"],"fileTypesAndContributionMap":{"md":{"insertions":3,"deletions":3}}}]},{"date":"2022-09-28","commitResults":[{"hash":"d3d98febdd7c9ce44a108906ea649b7b40c98d9b","messageTitle":"Edited exception messages","messageBody":"","fileTypesAndContributionMap":{"java":{"insertions":3,"deletions":2}}},{"hash":"9daa3d289dfb4b817d402e06a58a640230bf3b78","messageTitle":"Update README.md","messageBody":"","fileTypesAndContributionMap":{"md":{"insertions":6,"deletions":6}}}]}]},"authorFileTypeContributionMap":{"LokQiJun":{"java":716,"md":247,"fxml":0,"sh":1,"bat":1,"gradle":0,"txt":23}},"authorContributionVariance":{"LokQiJun":23052.29},"authorDisplayNameMap":{"LokQiJun":"CS2113T-W11-1 LOK .. JUN"}}
