{"authorDailyContributionsMap":{"kyrenechua":[{"date":"2022-08-24","commitResults":[{"hash":"de3d7a9266990c84c9b7455e1414c9cb66493450","messageTitle":"Level 1, Greet, Echo, Exit","messageBody":"","fileTypesAndContributionMap":{"java":{"insertions":19,"deletions":6}}},{"hash":"e583b10cf55b6f2d70aae7b93bbab9e3806f7a32","messageTitle":"Add the ability to store whatever text entered by the user and display them back to the user when requested.","messageBody":"","tags":["Level-2,Add,List"],"fileTypesAndContributionMap":{"java":{"insertions":13,"deletions":4}}}]},{"date":"2022-08-25","commitResults":[{"hash":"8e13a03630f535d65b9ead23c7d87ca1f1fe4d82","messageTitle":"Changed from fixed sized array to Array list Added the mark and unmark features","messageBody":"","tags":["Level-2,Mark-as-done"],"fileTypesAndContributionMap":{"java":{"insertions":60,"deletions":12}}},{"hash":"fbb53372c42081e52694fcc4dc45f9bdab41e108","messageTitle":"Added a feature to check if task has already been marked/unmarked Reformatted code to follow standard coding conventions","messageBody":"","tags":["Level-4,Follow-coding-standard"],"fileTypesAndContributionMap":{"java":{"insertions":11,"deletions":8}}}]}]},"authorFileTypeContributionMap":{"kyrenechua":{"java":79,"md":0,"fxml":0,"sh":0,"bat":0,"gradle":0,"txt":0}},"authorContributionVariance":{"kyrenechua":627.25},"authorDisplayNameMap":{"kyrenechua":"CHUA..RENE"}}
