{"authorDailyContributionsMap":{"kyrenechua":[{"date":"2022-08-24","commitResults":[{"hash":"de3d7a9266990c84c9b7455e1414c9cb66493450","messageTitle":"Level 1, Greet, Echo, Exit","messageBody":"","tags":["Level-1,Greet,Echo,Exit"],"fileTypesAndContributionMap":{"java":{"insertions":19,"deletions":6}}},{"hash":"e583b10cf55b6f2d70aae7b93bbab9e3806f7a32","messageTitle":"Add the ability to store whatever text entered by the user and display them back to the user when requested.","messageBody":"","tags":["Level-2,Add,List"],"fileTypesAndContributionMap":{"java":{"insertions":13,"deletions":4}}}]},{"date":"2022-08-25","commitResults":[{"hash":"8e13a03630f535d65b9ead23c7d87ca1f1fe4d82","messageTitle":"Changed from fixed sized array to Array list Added the mark and unmark features","messageBody":"","tags":["Level-3,Mark,As,Done"],"fileTypesAndContributionMap":{"java":{"insertions":60,"deletions":12}}},{"hash":"fbb53372c42081e52694fcc4dc45f9bdab41e108","messageTitle":"Added a feature to check if task has already been marked/unmarked Reformatted code to follow standard coding conventions","messageBody":"","fileTypesAndContributionMap":{"java":{"insertions":11,"deletions":8}}}]},{"date":"2022-08-29","commitResults":[{"hash":"718765ab42fe28e2cf52ffcff1c1cc03486b3201","messageTitle":"Edited the code to follow coding standards","messageBody":"","tags":["A-CodingStandard"],"fileTypesAndContributionMap":{"java":{"insertions":2,"deletions":3}}},{"hash":"7704f08fbd112aa480997356586e4c251d1c62a2","messageTitle":"Editted code to follow coding standards","messageBody":"","fileTypesAndContributionMap":{"java":{"insertions":4,"deletions":0}}},{"hash":"504097144fc20c76d7271952d60ad96963f3a75d","messageTitle":"Revert \"Editted code to follow coding standards\"","messageBody":"This reverts commit 7704f08fbd112aa480997356586e4c251d1c62a2.\n","fileTypesAndContributionMap":{"java":{"insertions":0,"deletions":4}}}]},{"date":"2022-08-30","commitResults":[{"hash":"67f1678d589e5f9e251e336660bd16caf28a0b95","messageTitle":"Add support for tracking three types of tasks: Task, Event, Deadline Added classes Task, Events, Deadline Editted code in level 3 to allow for constructors from classes","messageBody":"","tags":["Level-4,Todos,Events,Deadlines"],"fileTypesAndContributionMap":{"java":{"insertions":93,"deletions":41}}}]},{"date":"2022-08-31","commitResults":[{"hash":"83d1e11df52b81194dd46776b27c2269d8214f53","messageTitle":"Editted code to fit coding standards","messageBody":"","tags":["A-CodeQuality"],"fileTypesAndContributionMap":{"java":{"insertions":12,"deletions":12}}},{"hash":"8669c061da59eb166ca1aa4c2192ca1ab352a817","messageTitle":"Use the input/output redirection technique to semi-automate the testing of Duke.","messageBody":"","tags":["A-TextUiTesting"],"fileTypesAndContributionMap":{"txt":{"insertions":11,"deletions":0},"bat":{"insertions":3,"deletions":3}}}]},{"date":"2022-09-06","commitResults":[{"hash":"32e438ce5a0d4e4a2ebc5f303ac17c24d79ffbee","messageTitle":"Edited the if-else block to a switch block for better readibility. Added constants for better readability.","messageBody":"","fileTypesAndContributionMap":{"java":{"insertions":39,"deletions":20}}}]},{"date":"2022-09-07","commitResults":[{"hash":"0acfd7580681a29e160d21e586bed989b248886e","messageTitle":"Added minimal exception classes 1. empty todo description exception 2. unrecgonised input exception","messageBody":"","fileTypesAndContributionMap":{"java":{"insertions":82,"deletions":12}}}]},{"date":"2022-09-08","commitResults":[{"hash":"a6f8ec762c7a5c6a58466e747bd96e4bec8479e2","messageTitle":"Added more exceptions (EmptyDescriptionException, IllegalMarkingException, IllegalUnmarkingException, UnrecognisedDeadlineException, UnrecognisedEventException, IllegalTaskNumberException)","messageBody":"","tags":["A-Exceptions"],"fileTypesAndContributionMap":{"java":{"insertions":140,"deletions":36}}},{"hash":"60153ffda18c7d1d0d43cc11f81d14b3afb0112e","messageTitle":"Added a new exception EmptyListException; Created a new package DukeTaskPackage for the different classes of tasks; created a new package DukeExceptionsPackage for the different classes of the exceptions.","messageBody":"","tags":["A-Packages"],"fileTypesAndContributionMap":{"java":{"insertions":71,"deletions":9}}}]},{"date":"2022-09-14","commitResults":[{"hash":"38339d3de0d0a27e0bde69890cd2776ed1927bc7","messageTitle":"Added delete function, removed irrelevant task.alphabet","messageBody":"","fileTypesAndContributionMap":{"java":{"insertions":20,"deletions":16}}},{"hash":"926727d826bab3a154b64ba7e8da7e814c8d7f86","messageTitle":"Added a save feature","messageBody":"","fileTypesAndContributionMap":{"txt":{"insertions":1,"deletions":0},"java":{"insertions":103,"deletions":9}}}]},{"date":"2022-09-15","commitResults":[{"hash":"d48329f72110338dac9c9cb38c533c6fa98b8af0","messageTitle":"edited list for grammar, changed the parsing stirng \"at\" to \"/at\"","messageBody":"","fileTypesAndContributionMap":{"java":{"insertions":8,"deletions":3}}},{"hash":"51e6b94c83861aa33aa7ae6a5d9ab55c93c01d9f","messageTitle":"Edited clear function","messageBody":"","fileTypesAndContributionMap":{"java":{"insertions":11,"deletions":1}}},{"hash":"9d8d04aef9c3feaa46c235a43340c3e4775aaada","messageTitle":"Added feature to automatically exit programme","messageBody":"","fileTypesAndContributionMap":{"java":{"insertions":5,"deletions":2}}}]},{"date":"2022-09-19","commitResults":[{"hash":"c4c4648c9f21e44ec85baa602c3c24f9a8249740","messageTitle":"added readTextFile function to read inputs from duke.txt, editted deleted function to delete duke.txt","messageBody":"","fileTypesAndContributionMap":{"java":{"insertions":117,"deletions":46}}}]}]},"authorFileTypeContributionMap":{"kyrenechua":{"java":574,"md":0,"fxml":0,"sh":0,"bat":2,"gradle":0,"txt":11}},"authorContributionVariance":{"kyrenechua":3279.686},"authorDisplayNameMap":{"kyrenechua":"CS2113-T17-4 CHUA..RENE"}}
