[{"path":"src/main/java/Deadline.java","fileType":"java","lines":[{"lineNumber":1,"author":{"gitId":"indraneelrp"},"content":"public class Deadline extends Task{","lastModifiedDate":"2022-09-05"},{"lineNumber":2,"author":{"gitId":"indraneelrp"},"content":"    protected String by;","lastModifiedDate":"2022-09-05"},{"lineNumber":3,"author":{"gitId":"indraneelrp"},"content":"","lastModifiedDate":"2022-09-05"},{"lineNumber":4,"author":{"gitId":"indraneelrp"},"content":"    public Deadline(String descriptionString, String by) {","lastModifiedDate":"2022-09-05"},{"lineNumber":5,"author":{"gitId":"indraneelrp"},"content":"        super(descriptionString);","lastModifiedDate":"2022-09-05"},{"lineNumber":6,"author":{"gitId":"indraneelrp"},"content":"        this.by \u003d by;","lastModifiedDate":"2022-09-05"},{"lineNumber":7,"author":{"gitId":"indraneelrp"},"content":"    }","lastModifiedDate":"2022-09-05"},{"lineNumber":8,"author":{"gitId":"indraneelrp"},"content":"","lastModifiedDate":"2022-09-05"},{"lineNumber":9,"author":{"gitId":"indraneelrp"},"content":"    @Override","lastModifiedDate":"2022-09-05"},{"lineNumber":10,"author":{"gitId":"indraneelrp"},"content":"    public String toString() {","lastModifiedDate":"2022-09-05"},{"lineNumber":11,"author":{"gitId":"indraneelrp"},"content":"        return \"[D]\" + super.getStatusIcon() + \" \" + super.descriptionString + \" (by:\" + this.by + \")\";","lastModifiedDate":"2022-09-05"},{"lineNumber":12,"author":{"gitId":"indraneelrp"},"content":"    }","lastModifiedDate":"2022-09-05"},{"lineNumber":13,"author":{"gitId":"indraneelrp"},"content":"}","lastModifiedDate":"2022-09-05"}],"authorContributionMap":{"indraneelrp":13}},{"path":"src/main/java/Duke.java","fileType":"java","lines":[{"lineNumber":1,"author":{"gitId":"indraneelrp"},"content":"import java.util.Scanner;","lastModifiedDate":"2022-09-05"},{"lineNumber":2,"author":{"gitId":"indraneelrp"},"content":"import java.util.ArrayList;","lastModifiedDate":"2022-09-05"},{"lineNumber":3,"author":{"gitId":"indraneelrp"},"content":"","lastModifiedDate":"2022-09-05"},{"lineNumber":4,"author":{"gitId":"-"},"content":"public class Duke {","lastModifiedDate":"2022-09-05"},{"lineNumber":5,"author":{"gitId":"indraneelrp"},"content":"","lastModifiedDate":"2022-09-05"},{"lineNumber":6,"author":{"gitId":"indraneelrp"},"content":"    // HELPER FUNCTIONS","lastModifiedDate":"2022-09-05"},{"lineNumber":7,"author":{"gitId":"indraneelrp"},"content":"    public static void greetUser() {","lastModifiedDate":"2022-09-05"},{"lineNumber":8,"author":{"gitId":"indraneelrp"},"content":"        String line \u003d \"------------------------\\n\";","lastModifiedDate":"2022-09-05"},{"lineNumber":9,"author":{"gitId":"indraneelrp"},"content":"        System.out.println(line + \"Hello! I\u0027m Juke!\\nWhat can I do for you?\\n\" + line);","lastModifiedDate":"2022-09-05"},{"lineNumber":10,"author":{"gitId":"indraneelrp"},"content":"    }","lastModifiedDate":"2022-09-05"},{"lineNumber":11,"author":{"gitId":"indraneelrp"},"content":"","lastModifiedDate":"2022-09-05"},{"lineNumber":12,"author":{"gitId":"indraneelrp"},"content":"    public static void listTasks(ArrayList\u003cTask\u003e tasks) {","lastModifiedDate":"2022-09-05"},{"lineNumber":13,"author":{"gitId":"indraneelrp"},"content":"        String line \u003d \"\\t------------------------\\n\";","lastModifiedDate":"2022-09-05"},{"lineNumber":14,"author":{"gitId":"indraneelrp"},"content":"        System.out.println(line);","lastModifiedDate":"2022-09-05"},{"lineNumber":15,"author":{"gitId":"indraneelrp"},"content":"        for (int i \u003d 0; i \u003c tasks.size(); i++) {","lastModifiedDate":"2022-09-05"},{"lineNumber":16,"author":{"gitId":"indraneelrp"},"content":"            int j \u003d i + 1;","lastModifiedDate":"2022-09-05"},{"lineNumber":17,"author":{"gitId":"indraneelrp"},"content":"            System.out.println(\"\\t\"+ j + \". \" + tasks.get(i) + \"\\n\");","lastModifiedDate":"2022-09-05"},{"lineNumber":18,"author":{"gitId":"indraneelrp"},"content":"        }","lastModifiedDate":"2022-09-05"},{"lineNumber":19,"author":{"gitId":"indraneelrp"},"content":"        System.out.println(line);","lastModifiedDate":"2022-09-05"},{"lineNumber":20,"author":{"gitId":"indraneelrp"},"content":"    }","lastModifiedDate":"2022-09-05"},{"lineNumber":21,"author":{"gitId":"indraneelrp"},"content":"","lastModifiedDate":"2022-09-05"},{"lineNumber":22,"author":{"gitId":"indraneelrp"},"content":"    public static void printStatus(Task latest, int total){","lastModifiedDate":"2022-09-05"},{"lineNumber":23,"author":{"gitId":"indraneelrp"},"content":"        String line \u003d \"\\t------------------------\\n\";","lastModifiedDate":"2022-09-05"},{"lineNumber":24,"author":{"gitId":"indraneelrp"},"content":"        System.out.println(line + \"\\tGot it. I\u0027ve added this task:\\n\\t\" + latest);","lastModifiedDate":"2022-09-05"},{"lineNumber":25,"author":{"gitId":"indraneelrp"},"content":"        System.out.println(\"\\n\\tNow you have \" + total + \" task(s) in the list.\\n\" + line);","lastModifiedDate":"2022-09-05"},{"lineNumber":26,"author":{"gitId":"indraneelrp"},"content":"    }","lastModifiedDate":"2022-09-05"},{"lineNumber":27,"author":{"gitId":"indraneelrp"},"content":"","lastModifiedDate":"2022-09-05"},{"lineNumber":28,"author":{"gitId":"indraneelrp"},"content":"    public static void processUserInput() {","lastModifiedDate":"2022-09-05"},{"lineNumber":29,"author":{"gitId":"indraneelrp"},"content":"        // CONSTANTS","lastModifiedDate":"2022-09-05"},{"lineNumber":30,"author":{"gitId":"indraneelrp"},"content":"        final String LIST_TRIGGER \u003d \"list\";","lastModifiedDate":"2022-09-05"},{"lineNumber":31,"author":{"gitId":"indraneelrp"},"content":"        final String TODO_TRIGGER \u003d \"todo\";","lastModifiedDate":"2022-09-05"},{"lineNumber":32,"author":{"gitId":"indraneelrp"},"content":"        final String EVENT_TRIGGER \u003d \"event\";","lastModifiedDate":"2022-09-05"},{"lineNumber":33,"author":{"gitId":"indraneelrp"},"content":"        final String DEADLINE_TRIGGER \u003d \"deadline\";","lastModifiedDate":"2022-09-05"},{"lineNumber":34,"author":{"gitId":"indraneelrp"},"content":"        final String EXIT_TRIGGER \u003d \"bye\";","lastModifiedDate":"2022-09-05"},{"lineNumber":35,"author":{"gitId":"indraneelrp"},"content":"        final String MARK_TRIGGER \u003d \"mark\";","lastModifiedDate":"2022-09-05"},{"lineNumber":36,"author":{"gitId":"indraneelrp"},"content":"        final String UNMARK_TRIGGER \u003d \"unmark\";","lastModifiedDate":"2022-09-05"},{"lineNumber":37,"author":{"gitId":"indraneelrp"},"content":"","lastModifiedDate":"2022-09-05"},{"lineNumber":38,"author":{"gitId":"indraneelrp"},"content":"        // VARS","lastModifiedDate":"2022-09-05"},{"lineNumber":39,"author":{"gitId":"indraneelrp"},"content":"        String userInput \u003d \"\";","lastModifiedDate":"2022-09-05"},{"lineNumber":40,"author":{"gitId":"indraneelrp"},"content":"        Scanner scanObj \u003d new Scanner(System.in);","lastModifiedDate":"2022-09-05"},{"lineNumber":41,"author":{"gitId":"indraneelrp"},"content":"        ArrayList\u003cTask\u003e tasks \u003d new ArrayList\u003cTask\u003e();","lastModifiedDate":"2022-09-05"},{"lineNumber":42,"author":{"gitId":"indraneelrp"},"content":"","lastModifiedDate":"2022-09-05"},{"lineNumber":43,"author":{"gitId":"indraneelrp"},"content":"        // JUKE LOGIC","lastModifiedDate":"2022-09-05"},{"lineNumber":44,"author":{"gitId":"indraneelrp"},"content":"        while (!userInput.equals(\"bye\")) {","lastModifiedDate":"2022-09-05"},{"lineNumber":45,"author":{"gitId":"indraneelrp"},"content":"            // Read user input, splits it into 2 strings- the command and the remaining (if exists)","lastModifiedDate":"2022-09-05"},{"lineNumber":46,"author":{"gitId":"indraneelrp"},"content":"            userInput \u003d scanObj.nextLine();","lastModifiedDate":"2022-09-05"},{"lineNumber":47,"author":{"gitId":"indraneelrp"},"content":"            String[] words \u003d userInput.split(\" \", 2);","lastModifiedDate":"2022-09-05"},{"lineNumber":48,"author":{"gitId":"indraneelrp"},"content":"            ","lastModifiedDate":"2022-09-05"},{"lineNumber":49,"author":{"gitId":"indraneelrp"},"content":"            // variables required for Tasks with timestamps","lastModifiedDate":"2022-09-05"},{"lineNumber":50,"author":{"gitId":"indraneelrp"},"content":"            int dividerIndex \u003d 0;","lastModifiedDate":"2022-09-05"},{"lineNumber":51,"author":{"gitId":"indraneelrp"},"content":"            String timestamp \u003d \"\";","lastModifiedDate":"2022-09-05"},{"lineNumber":52,"author":{"gitId":"indraneelrp"},"content":"            String taskDescription\u003d\"\";","lastModifiedDate":"2022-09-05"},{"lineNumber":53,"author":{"gitId":"indraneelrp"},"content":"","lastModifiedDate":"2022-09-05"},{"lineNumber":54,"author":{"gitId":"indraneelrp"},"content":"            switch (words[0]) {","lastModifiedDate":"2022-09-05"},{"lineNumber":55,"author":{"gitId":"indraneelrp"},"content":"            case LIST_TRIGGER:","lastModifiedDate":"2022-09-05"},{"lineNumber":56,"author":{"gitId":"indraneelrp"},"content":"                listTasks(tasks);","lastModifiedDate":"2022-09-05"},{"lineNumber":57,"author":{"gitId":"indraneelrp"},"content":"                break;","lastModifiedDate":"2022-09-05"},{"lineNumber":58,"author":{"gitId":"indraneelrp"},"content":"","lastModifiedDate":"2022-09-05"},{"lineNumber":59,"author":{"gitId":"indraneelrp"},"content":"            case EXIT_TRIGGER:","lastModifiedDate":"2022-09-05"},{"lineNumber":60,"author":{"gitId":"indraneelrp"},"content":"                break;","lastModifiedDate":"2022-09-05"},{"lineNumber":61,"author":{"gitId":"indraneelrp"},"content":"","lastModifiedDate":"2022-09-05"},{"lineNumber":62,"author":{"gitId":"indraneelrp"},"content":"            case TODO_TRIGGER:","lastModifiedDate":"2022-09-05"},{"lineNumber":63,"author":{"gitId":"indraneelrp"},"content":"                Todo latestTodo \u003d new Todo(words[1]);","lastModifiedDate":"2022-09-05"},{"lineNumber":64,"author":{"gitId":"indraneelrp"},"content":"                tasks.add(latestTodo);","lastModifiedDate":"2022-09-05"},{"lineNumber":65,"author":{"gitId":"indraneelrp"},"content":"                printStatus(latestTodo, tasks.size());","lastModifiedDate":"2022-09-05"},{"lineNumber":66,"author":{"gitId":"indraneelrp"},"content":"                break;","lastModifiedDate":"2022-09-05"},{"lineNumber":67,"author":{"gitId":"indraneelrp"},"content":"","lastModifiedDate":"2022-09-05"},{"lineNumber":68,"author":{"gitId":"indraneelrp"},"content":"            case EVENT_TRIGGER:","lastModifiedDate":"2022-09-05"},{"lineNumber":69,"author":{"gitId":"indraneelrp"},"content":"                dividerIndex \u003d words[1].indexOf(\"/\");","lastModifiedDate":"2022-09-05"},{"lineNumber":70,"author":{"gitId":"indraneelrp"},"content":"                timestamp \u003d words[1].substring(dividerIndex+3);","lastModifiedDate":"2022-09-05"},{"lineNumber":71,"author":{"gitId":"indraneelrp"},"content":"                taskDescription \u003d words[1].substring(0, dividerIndex-1);","lastModifiedDate":"2022-09-05"},{"lineNumber":72,"author":{"gitId":"indraneelrp"},"content":"                ","lastModifiedDate":"2022-09-05"},{"lineNumber":73,"author":{"gitId":"indraneelrp"},"content":"                Event latestEvent \u003d new Event(taskDescription, timestamp);","lastModifiedDate":"2022-09-05"},{"lineNumber":74,"author":{"gitId":"indraneelrp"},"content":"                tasks.add(latestEvent);","lastModifiedDate":"2022-09-05"},{"lineNumber":75,"author":{"gitId":"indraneelrp"},"content":"                printStatus(latestEvent, tasks.size());","lastModifiedDate":"2022-09-05"},{"lineNumber":76,"author":{"gitId":"indraneelrp"},"content":"                break;","lastModifiedDate":"2022-09-05"},{"lineNumber":77,"author":{"gitId":"indraneelrp"},"content":"","lastModifiedDate":"2022-09-05"},{"lineNumber":78,"author":{"gitId":"indraneelrp"},"content":"            case DEADLINE_TRIGGER:","lastModifiedDate":"2022-09-05"},{"lineNumber":79,"author":{"gitId":"indraneelrp"},"content":"                dividerIndex \u003d words[1].indexOf(\"/\");","lastModifiedDate":"2022-09-05"},{"lineNumber":80,"author":{"gitId":"indraneelrp"},"content":"                timestamp \u003d words[1].substring(dividerIndex+3);","lastModifiedDate":"2022-09-05"},{"lineNumber":81,"author":{"gitId":"indraneelrp"},"content":"                taskDescription \u003d words[1].substring(0, dividerIndex-1);","lastModifiedDate":"2022-09-05"},{"lineNumber":82,"author":{"gitId":"indraneelrp"},"content":"                ","lastModifiedDate":"2022-09-05"},{"lineNumber":83,"author":{"gitId":"indraneelrp"},"content":"                Deadline latestDeadline \u003d new Deadline(taskDescription, timestamp);","lastModifiedDate":"2022-09-05"},{"lineNumber":84,"author":{"gitId":"indraneelrp"},"content":"                tasks.add(latestDeadline);","lastModifiedDate":"2022-09-05"},{"lineNumber":85,"author":{"gitId":"indraneelrp"},"content":"                printStatus(latestDeadline, tasks.size());","lastModifiedDate":"2022-09-05"},{"lineNumber":86,"author":{"gitId":"indraneelrp"},"content":"                break;","lastModifiedDate":"2022-09-05"},{"lineNumber":87,"author":{"gitId":"indraneelrp"},"content":"","lastModifiedDate":"2022-09-05"},{"lineNumber":88,"author":{"gitId":"indraneelrp"},"content":"            case MARK_TRIGGER:","lastModifiedDate":"2022-09-05"},{"lineNumber":89,"author":{"gitId":"indraneelrp"},"content":"                // making sure there is valid numerical input after mark/unmark","lastModifiedDate":"2022-09-05"},{"lineNumber":90,"author":{"gitId":"indraneelrp"},"content":"                if (userInput.matches(\"mark [0-9]+\")) {","lastModifiedDate":"2022-09-05"},{"lineNumber":91,"author":{"gitId":"indraneelrp"},"content":"                    int val \u003d Integer.parseInt(words[1]);","lastModifiedDate":"2022-09-05"},{"lineNumber":92,"author":{"gitId":"indraneelrp"},"content":"","lastModifiedDate":"2022-09-05"},{"lineNumber":93,"author":{"gitId":"indraneelrp"},"content":"                    if (val \u003c 0 || val \u003e tasks.size()) {","lastModifiedDate":"2022-09-05"},{"lineNumber":94,"author":{"gitId":"indraneelrp"},"content":"                        System.out.println(\"\\tOut-of-bounds value entered, try again.\\n\");","lastModifiedDate":"2022-09-05"},{"lineNumber":95,"author":{"gitId":"indraneelrp"},"content":"                        break;","lastModifiedDate":"2022-09-05"},{"lineNumber":96,"author":{"gitId":"indraneelrp"},"content":"                    } else {","lastModifiedDate":"2022-09-05"},{"lineNumber":97,"author":{"gitId":"indraneelrp"},"content":"                        tasks.get(val - 1).markDone();","lastModifiedDate":"2022-09-05"},{"lineNumber":98,"author":{"gitId":"indraneelrp"},"content":"                        listTasks(tasks);","lastModifiedDate":"2022-09-05"},{"lineNumber":99,"author":{"gitId":"indraneelrp"},"content":"                    }","lastModifiedDate":"2022-09-05"},{"lineNumber":100,"author":{"gitId":"indraneelrp"},"content":"                } ","lastModifiedDate":"2022-09-05"},{"lineNumber":101,"author":{"gitId":"indraneelrp"},"content":"","lastModifiedDate":"2022-09-05"},{"lineNumber":102,"author":{"gitId":"indraneelrp"},"content":"            case UNMARK_TRIGGER:","lastModifiedDate":"2022-09-05"},{"lineNumber":103,"author":{"gitId":"indraneelrp"},"content":"                // making sure there is valid numerical input after mark/unmark","lastModifiedDate":"2022-09-05"},{"lineNumber":104,"author":{"gitId":"indraneelrp"},"content":"                if (userInput.matches(\"unmark [0-9]+\")) {    ","lastModifiedDate":"2022-09-05"},{"lineNumber":105,"author":{"gitId":"indraneelrp"},"content":"                    int val \u003d Integer.parseInt(words[1]);","lastModifiedDate":"2022-09-05"},{"lineNumber":106,"author":{"gitId":"indraneelrp"},"content":"","lastModifiedDate":"2022-09-05"},{"lineNumber":107,"author":{"gitId":"indraneelrp"},"content":"                    if (val \u003c 0 || val \u003e tasks.size()) {","lastModifiedDate":"2022-09-05"},{"lineNumber":108,"author":{"gitId":"indraneelrp"},"content":"                        System.out.println(\"\\tOut-of-bounds value entered, try again.\\n\");","lastModifiedDate":"2022-09-05"},{"lineNumber":109,"author":{"gitId":"indraneelrp"},"content":"                        break;","lastModifiedDate":"2022-09-05"},{"lineNumber":110,"author":{"gitId":"indraneelrp"},"content":"                    } else {","lastModifiedDate":"2022-09-05"},{"lineNumber":111,"author":{"gitId":"indraneelrp"},"content":"                        tasks.get(val - 1).unmark();","lastModifiedDate":"2022-09-05"},{"lineNumber":112,"author":{"gitId":"indraneelrp"},"content":"                        listTasks(tasks);","lastModifiedDate":"2022-09-05"},{"lineNumber":113,"author":{"gitId":"indraneelrp"},"content":"                    }","lastModifiedDate":"2022-09-05"},{"lineNumber":114,"author":{"gitId":"indraneelrp"},"content":"                } ","lastModifiedDate":"2022-09-05"},{"lineNumber":115,"author":{"gitId":"indraneelrp"},"content":"","lastModifiedDate":"2022-09-05"},{"lineNumber":116,"author":{"gitId":"indraneelrp"},"content":"            default:","lastModifiedDate":"2022-09-05"},{"lineNumber":117,"author":{"gitId":"indraneelrp"},"content":"                // do nothing","lastModifiedDate":"2022-09-05"},{"lineNumber":118,"author":{"gitId":"indraneelrp"},"content":"                break;","lastModifiedDate":"2022-09-05"},{"lineNumber":119,"author":{"gitId":"indraneelrp"},"content":"            }","lastModifiedDate":"2022-09-05"},{"lineNumber":120,"author":{"gitId":"indraneelrp"},"content":"        }","lastModifiedDate":"2022-09-05"},{"lineNumber":121,"author":{"gitId":"indraneelrp"},"content":"","lastModifiedDate":"2022-09-05"},{"lineNumber":122,"author":{"gitId":"indraneelrp"},"content":"        scanObj.close();","lastModifiedDate":"2022-09-05"},{"lineNumber":123,"author":{"gitId":"indraneelrp"},"content":"    }","lastModifiedDate":"2022-09-05"},{"lineNumber":124,"author":{"gitId":"indraneelrp"},"content":"","lastModifiedDate":"2022-09-05"},{"lineNumber":125,"author":{"gitId":"indraneelrp"},"content":"    public static void printExitGreeting() {","lastModifiedDate":"2022-09-05"},{"lineNumber":126,"author":{"gitId":"indraneelrp"},"content":"        System.out.println(\"\\nSee you again!\");","lastModifiedDate":"2022-09-05"},{"lineNumber":127,"author":{"gitId":"indraneelrp"},"content":"    }","lastModifiedDate":"2022-09-05"},{"lineNumber":128,"author":{"gitId":"indraneelrp"},"content":"","lastModifiedDate":"2022-09-05"},{"lineNumber":129,"author":{"gitId":"indraneelrp"},"content":"    // MAIN FUNCTION","lastModifiedDate":"2022-09-05"},{"lineNumber":130,"author":{"gitId":"-"},"content":"    public static void main(String[] args) {","lastModifiedDate":"2022-09-05"},{"lineNumber":131,"author":{"gitId":"indraneelrp"},"content":"        greetUser();","lastModifiedDate":"2022-09-05"},{"lineNumber":132,"author":{"gitId":"indraneelrp"},"content":"        processUserInput();","lastModifiedDate":"2022-09-05"},{"lineNumber":133,"author":{"gitId":"indraneelrp"},"content":"        printExitGreeting();","lastModifiedDate":"2022-09-05"},{"lineNumber":134,"author":{"gitId":"-"},"content":"    }","lastModifiedDate":"2022-09-05"},{"lineNumber":135,"author":{"gitId":"-"},"content":"}","lastModifiedDate":"2022-09-05"}],"authorContributionMap":{"indraneelrp":131,"-":4}},{"path":"src/main/java/Event.java","fileType":"java","lines":[{"lineNumber":1,"author":{"gitId":"indraneelrp"},"content":"public class Event extends Task {","lastModifiedDate":"2022-09-05"},{"lineNumber":2,"author":{"gitId":"indraneelrp"},"content":"    protected String at;","lastModifiedDate":"2022-09-05"},{"lineNumber":3,"author":{"gitId":"indraneelrp"},"content":"","lastModifiedDate":"2022-09-05"},{"lineNumber":4,"author":{"gitId":"indraneelrp"},"content":"    public Event(String descriptionString, String at) {","lastModifiedDate":"2022-09-05"},{"lineNumber":5,"author":{"gitId":"indraneelrp"},"content":"        super(descriptionString);","lastModifiedDate":"2022-09-05"},{"lineNumber":6,"author":{"gitId":"indraneelrp"},"content":"        this.at \u003d at;","lastModifiedDate":"2022-09-05"},{"lineNumber":7,"author":{"gitId":"indraneelrp"},"content":"    }","lastModifiedDate":"2022-09-05"},{"lineNumber":8,"author":{"gitId":"indraneelrp"},"content":"","lastModifiedDate":"2022-09-05"},{"lineNumber":9,"author":{"gitId":"indraneelrp"},"content":"    @Override","lastModifiedDate":"2022-09-05"},{"lineNumber":10,"author":{"gitId":"indraneelrp"},"content":"    public String toString() {","lastModifiedDate":"2022-09-05"},{"lineNumber":11,"author":{"gitId":"indraneelrp"},"content":"        return \"[E]\" + super.getStatusIcon() + \" \" + super.descriptionString + \" (at:\" + this.at + \")\";","lastModifiedDate":"2022-09-05"},{"lineNumber":12,"author":{"gitId":"indraneelrp"},"content":"    }","lastModifiedDate":"2022-09-05"},{"lineNumber":13,"author":{"gitId":"indraneelrp"},"content":"}","lastModifiedDate":"2022-09-05"}],"authorContributionMap":{"indraneelrp":13}},{"path":"src/main/java/Task.java","fileType":"java","lines":[{"lineNumber":1,"author":{"gitId":"indraneelrp"},"content":"public class Task {","lastModifiedDate":"2022-08-30"},{"lineNumber":2,"author":{"gitId":"indraneelrp"},"content":"    protected String descriptionString;","lastModifiedDate":"2022-09-05"},{"lineNumber":3,"author":{"gitId":"indraneelrp"},"content":"    protected boolean isDone;","lastModifiedDate":"2022-08-30"},{"lineNumber":4,"author":{"gitId":"indraneelrp"},"content":"","lastModifiedDate":"2022-08-30"},{"lineNumber":5,"author":{"gitId":"indraneelrp"},"content":"    public Task(String descriptionString) {","lastModifiedDate":"2022-09-05"},{"lineNumber":6,"author":{"gitId":"indraneelrp"},"content":"        this.descriptionString \u003d descriptionString;","lastModifiedDate":"2022-09-05"},{"lineNumber":7,"author":{"gitId":"indraneelrp"},"content":"        this.isDone \u003d false;","lastModifiedDate":"2022-08-30"},{"lineNumber":8,"author":{"gitId":"indraneelrp"},"content":"    }","lastModifiedDate":"2022-08-30"},{"lineNumber":9,"author":{"gitId":"indraneelrp"},"content":"","lastModifiedDate":"2022-08-30"},{"lineNumber":10,"author":{"gitId":"indraneelrp"},"content":"    public String getStatusIcon() {","lastModifiedDate":"2022-08-30"},{"lineNumber":11,"author":{"gitId":"indraneelrp"},"content":"        return (isDone ? \" [X]\" : \" [ ]\"); // mark done task with X","lastModifiedDate":"2022-08-30"},{"lineNumber":12,"author":{"gitId":"indraneelrp"},"content":"    }","lastModifiedDate":"2022-08-30"},{"lineNumber":13,"author":{"gitId":"indraneelrp"},"content":"","lastModifiedDate":"2022-08-30"},{"lineNumber":14,"author":{"gitId":"indraneelrp"},"content":"    public String getDescription() {","lastModifiedDate":"2022-08-30"},{"lineNumber":15,"author":{"gitId":"indraneelrp"},"content":"        return descriptionString;","lastModifiedDate":"2022-09-05"},{"lineNumber":16,"author":{"gitId":"indraneelrp"},"content":"    }","lastModifiedDate":"2022-08-30"},{"lineNumber":17,"author":{"gitId":"indraneelrp"},"content":"","lastModifiedDate":"2022-08-30"},{"lineNumber":18,"author":{"gitId":"indraneelrp"},"content":"    public String markDone() {","lastModifiedDate":"2022-08-30"},{"lineNumber":19,"author":{"gitId":"indraneelrp"},"content":"        this.isDone \u003d true;","lastModifiedDate":"2022-08-30"},{"lineNumber":20,"author":{"gitId":"indraneelrp"},"content":"        return \"marked done!\";","lastModifiedDate":"2022-08-30"},{"lineNumber":21,"author":{"gitId":"indraneelrp"},"content":"    }","lastModifiedDate":"2022-08-30"},{"lineNumber":22,"author":{"gitId":"indraneelrp"},"content":"","lastModifiedDate":"2022-08-30"},{"lineNumber":23,"author":{"gitId":"indraneelrp"},"content":"    public String unmark() {","lastModifiedDate":"2022-08-30"},{"lineNumber":24,"author":{"gitId":"indraneelrp"},"content":"        this.isDone \u003d false;","lastModifiedDate":"2022-08-30"},{"lineNumber":25,"author":{"gitId":"indraneelrp"},"content":"        return \"unamarked.\";","lastModifiedDate":"2022-08-30"},{"lineNumber":26,"author":{"gitId":"indraneelrp"},"content":"    }","lastModifiedDate":"2022-08-30"},{"lineNumber":27,"author":{"gitId":"indraneelrp"},"content":"","lastModifiedDate":"2022-08-30"},{"lineNumber":28,"author":{"gitId":"indraneelrp"},"content":"    @Override","lastModifiedDate":"2022-09-05"},{"lineNumber":29,"author":{"gitId":"indraneelrp"},"content":"    public String toString() {","lastModifiedDate":"2022-09-05"},{"lineNumber":30,"author":{"gitId":"indraneelrp"},"content":"        return this.descriptionString + this.getStatusIcon();","lastModifiedDate":"2022-09-05"},{"lineNumber":31,"author":{"gitId":"indraneelrp"},"content":"    }","lastModifiedDate":"2022-09-05"},{"lineNumber":32,"author":{"gitId":"indraneelrp"},"content":"","lastModifiedDate":"2022-09-05"},{"lineNumber":33,"author":{"gitId":"indraneelrp"},"content":"}","lastModifiedDate":"2022-08-30"}],"authorContributionMap":{"indraneelrp":33}},{"path":"src/main/java/Todo.java","fileType":"java","lines":[{"lineNumber":1,"author":{"gitId":"indraneelrp"},"content":"public class Todo extends Task{","lastModifiedDate":"2022-09-05"},{"lineNumber":2,"author":{"gitId":"indraneelrp"},"content":"","lastModifiedDate":"2022-09-05"},{"lineNumber":3,"author":{"gitId":"indraneelrp"},"content":"    public Todo(String descriptionString) {","lastModifiedDate":"2022-09-05"},{"lineNumber":4,"author":{"gitId":"indraneelrp"},"content":"        super(descriptionString);","lastModifiedDate":"2022-09-05"},{"lineNumber":5,"author":{"gitId":"indraneelrp"},"content":"    }","lastModifiedDate":"2022-09-05"},{"lineNumber":6,"author":{"gitId":"indraneelrp"},"content":"","lastModifiedDate":"2022-09-05"},{"lineNumber":7,"author":{"gitId":"indraneelrp"},"content":"    @Override","lastModifiedDate":"2022-09-05"},{"lineNumber":8,"author":{"gitId":"indraneelrp"},"content":"    public String toString() {","lastModifiedDate":"2022-09-05"},{"lineNumber":9,"author":{"gitId":"indraneelrp"},"content":"        return \"[T]\" + super.getStatusIcon() + \" \" + super.descriptionString;","lastModifiedDate":"2022-09-05"},{"lineNumber":10,"author":{"gitId":"indraneelrp"},"content":"    }","lastModifiedDate":"2022-09-05"},{"lineNumber":11,"author":{"gitId":"indraneelrp"},"content":"}","lastModifiedDate":"2022-09-05"}],"authorContributionMap":{"indraneelrp":11}},{"path":"text-ui-test/input.txt","fileType":"txt","lines":[{"lineNumber":1,"author":{"gitId":"indraneelrp"},"content":"mark 1","lastModifiedDate":"2022-09-06"},{"lineNumber":2,"author":{"gitId":"indraneelrp"},"content":"todo first task","lastModifiedDate":"2022-09-06"},{"lineNumber":3,"author":{"gitId":"indraneelrp"},"content":"deadline homework /by tomorrow","lastModifiedDate":"2022-09-06"},{"lineNumber":4,"author":{"gitId":"indraneelrp"},"content":"event cca /at friday","lastModifiedDate":"2022-09-06"},{"lineNumber":5,"author":{"gitId":"indraneelrp"},"content":"list","lastModifiedDate":"2022-09-06"},{"lineNumber":6,"author":{"gitId":"indraneelrp"},"content":"mark 2","lastModifiedDate":"2022-09-06"},{"lineNumber":7,"author":{"gitId":"indraneelrp"},"content":"unmark 2","lastModifiedDate":"2022-09-06"},{"lineNumber":8,"author":{"gitId":"indraneelrp"},"content":"bye","lastModifiedDate":"2022-09-06"}],"authorContributionMap":{"indraneelrp":8}}]
