{"authorDailyContributionsMap":{"indraneelrp":[{"date":"2022-08-19","commitResults":[{"hash":"4a63e68afc26989360c33638ffae62847bd6778d","messageTitle":"test commit","messageBody":"","fileTypesAndContributionMap":{"java":{"insertions":1,"deletions":0}}}]},{"date":"2022-08-28","commitResults":[{"hash":"ec7ba0542cb8fc91783538fb60308f6990881159","messageTitle":"Add Duke Level-0 with tags","messageBody":"","tags":["Level-0"],"fileTypesAndContributionMap":{"java":{"insertions":3,"deletions":7}}}]},{"date":"2022-08-29","commitResults":[{"hash":"79abfd5f954fbc6081d607188277d5c6049dc30d","messageTitle":"Add level-1 (echo user input)","messageBody":"","tags":["Level-1"],"fileTypesAndContributionMap":{"java":{"insertions":18,"deletions":2}}},{"hash":"e6f17709e092b88a8612b8c39b2ea3530e15a8fe","messageTitle":"add Level-2 (storage of input)","messageBody":"","tags":["Level-2"],"fileTypesAndContributionMap":{"java":{"insertions":45,"deletions":23}}}]},{"date":"2022-08-30","commitResults":[{"hash":"aa30f7ca38138d81b0410075765c580c1914677c","messageTitle":"Add Level-3 (Ability to mark and unmark tasks)","messageBody":"","tags":["Level-3","A-CodingStandard"],"fileTypesAndContributionMap":{"java":{"insertions":76,"deletions":11}}}]},{"date":"2022-09-05","commitResults":[{"hash":"943993c7ce62f13fc97cd15cdfbeb4bc9b906e5d","messageTitle":"add support for Level-4 (Events, Deadlines, Todos)","messageBody":"","tags":["Level-4","A-CodeQuality"],"fileTypesAndContributionMap":{"java":{"insertions":181,"deletions":86}}}]},{"date":"2022-09-06","commitResults":[{"hash":"b6b7b1e41785964edd20ea338f75953bbf755e12","messageTitle":"add automated testing","messageBody":"","tags":["A-TextUiTesting"],"fileTypesAndContributionMap":{"txt":{"insertions":8,"deletions":0},"sh":{"insertions":0,"deletions":0}}},{"hash":"0163bc3b9126ed106df62be227b04e293f31276f","messageTitle":"test commit for new branch","messageBody":"","fileTypesAndContributionMap":{"java":{"insertions":1,"deletions":1}}}]},{"date":"2022-09-09","commitResults":[{"hash":"b3dd899072a4cb3a6e008cca4f0abc9b806641bf","messageTitle":"test change for non-fast forward merge","messageBody":"","fileTypesAndContributionMap":{"java":{"insertions":1,"deletions":0}}},{"hash":"d27cb2e5e18db24c43afdeda0b9ee3e58c99820d","messageTitle":"non fastforward merge test change 2","messageBody":"","fileTypesAndContributionMap":{"java":{"insertions":1,"deletions":1}}}]},{"date":"2022-09-10","commitResults":[{"hash":"4b2dbf193dec40a6ba50036ab0548c6fff542469","messageTitle":"Add packages and error handling","messageBody":"","tags":["A-Packages","A-Exceptions"],"fileTypesAndContributionMap":{"java":{"insertions":55,"deletions":20}}}]},{"date":"2022-09-12","commitResults":[{"hash":"5127c72a2eca32ddc2d5b6e69072ff575492eed7","messageTitle":"update to exceptions and rearrangement of files to ensure runtest.sh works","messageBody":"","fileTypesAndContributionMap":{"txt":{"insertions":0,"deletions":1},"java":{"insertions":226,"deletions":167},"sh":{"insertions":1,"deletions":1}}},{"hash":"290bbee96c2a77f69e6eced6f4a2512e111dd6d8","messageTitle":"Add Level-6 (delete functionality)","messageBody":"","fileTypesAndContributionMap":{"java":{"insertions":46,"deletions":21}}},{"hash":"b96c414e188facdbdbf03e091ae778a1d8469901","messageTitle":"Add Level-7 (saving to file functionality)","messageBody":"","fileTypesAndContributionMap":{"txt":{"insertions":3,"deletions":0},"java":{"insertions":131,"deletions":3}}},{"hash":"d132d4e6fd3bc906ad80da98200f62b8e1863cf3","messageTitle":"update gitignore to ignore txt file","messageBody":"","fileTypesAndContributionMap":{"txt":{"insertions":1,"deletions":2}}}]},{"date":"2022-09-13","commitResults":[{"hash":"21c31aad9aaf63d59777b4ff2a89c5160ab2e8a8","messageTitle":"modified the data folder to be made outside the java folder, edited gitignore","messageBody":"","tags":["A-Jar","A-Collections"],"fileTypesAndContributionMap":{"txt":{"insertions":0,"deletions":2},"java":{"insertions":3,"deletions":3}}}]}]},"authorFileTypeContributionMap":{"indraneelrp":{"java":447,"md":0,"fxml":0,"sh":1,"bat":0,"gradle":0,"txt":7}},"authorContributionVariance":{"indraneelrp":12602.869},"authorDisplayNameMap":{"indraneelrp":"CS2113-T18-1 PARA..JEEV"}}
