{"authorDailyContributionsMap":{"indraneelrp":[{"date":"2022-08-19","commitResults":[{"hash":"4a63e68afc26989360c33638ffae62847bd6778d","messageTitle":"test commit","messageBody":"","fileTypesAndContributionMap":{"java":{"insertions":1,"deletions":0}}}]},{"date":"2022-08-28","commitResults":[{"hash":"ec7ba0542cb8fc91783538fb60308f6990881159","messageTitle":"Add Duke Level-0 with tags","messageBody":"","tags":["Level-0"],"fileTypesAndContributionMap":{"java":{"insertions":3,"deletions":7}}}]},{"date":"2022-08-29","commitResults":[{"hash":"79abfd5f954fbc6081d607188277d5c6049dc30d","messageTitle":"Add level-1 (echo user input)","messageBody":"","tags":["Level-1"],"fileTypesAndContributionMap":{"java":{"insertions":18,"deletions":2}}},{"hash":"e6f17709e092b88a8612b8c39b2ea3530e15a8fe","messageTitle":"add Level-2 (storage of input)","messageBody":"","tags":["Level-2"],"fileTypesAndContributionMap":{"java":{"insertions":45,"deletions":23}}}]},{"date":"2022-08-30","commitResults":[{"hash":"aa30f7ca38138d81b0410075765c580c1914677c","messageTitle":"Add Level-3 (Ability to mark and unmark tasks)","messageBody":"","tags":["Level-3","A-CodingStandard"],"fileTypesAndContributionMap":{"java":{"insertions":76,"deletions":11}}}]},{"date":"2022-09-05","commitResults":[{"hash":"943993c7ce62f13fc97cd15cdfbeb4bc9b906e5d","messageTitle":"add support for Level-4 (Events, Deadlines, Todos)","messageBody":"","tags":["Level-4","A-CodeQuality"],"fileTypesAndContributionMap":{"java":{"insertions":181,"deletions":86}}}]},{"date":"2022-09-06","commitResults":[{"hash":"b6b7b1e41785964edd20ea338f75953bbf755e12","messageTitle":"add automated testing","messageBody":"","tags":["A-TextUiTesting"],"fileTypesAndContributionMap":{"txt":{"insertions":8,"deletions":0},"sh":{"insertions":0,"deletions":0}}},{"hash":"0163bc3b9126ed106df62be227b04e293f31276f","messageTitle":"test commit for new branch","messageBody":"","fileTypesAndContributionMap":{"java":{"insertions":1,"deletions":1}}}]},{"date":"2022-09-09","commitResults":[{"hash":"b3dd899072a4cb3a6e008cca4f0abc9b806641bf","messageTitle":"test change for non-fast forward merge","messageBody":"","fileTypesAndContributionMap":{"java":{"insertions":1,"deletions":0}}},{"hash":"d27cb2e5e18db24c43afdeda0b9ee3e58c99820d","messageTitle":"non fastforward merge test change 2","messageBody":"","fileTypesAndContributionMap":{"java":{"insertions":1,"deletions":1}}}]}]},"authorFileTypeContributionMap":{"indraneelrp":{"java":202,"md":0,"fxml":0,"sh":0,"bat":0,"gradle":0,"txt":8}},"authorContributionVariance":{"indraneelrp":2735.3054},"authorDisplayNameMap":{"indraneelrp":"CS2113-T18-1 PARA..JEEV"}}
