[{"path":"src/main/java/duke/Duke.java","fileType":"java","lines":[{"lineNumber":1,"author":{"gitId":"wilsonngja"},"content":"package duke;","lastModifiedDate":"2022-09-04"},{"lineNumber":2,"author":{"gitId":"wilsonngja"},"content":"","lastModifiedDate":"2022-09-04"},{"lineNumber":3,"author":{"gitId":"wilsonngja"},"content":"import duke.task.Deadline;","lastModifiedDate":"2022-09-04"},{"lineNumber":4,"author":{"gitId":"wilsonngja"},"content":"import duke.task.Event;","lastModifiedDate":"2022-09-04"},{"lineNumber":5,"author":{"gitId":"wilsonngja"},"content":"import duke.task.Task;","lastModifiedDate":"2022-09-04"},{"lineNumber":6,"author":{"gitId":"wilsonngja"},"content":"import duke.task.Todo;","lastModifiedDate":"2022-09-04"},{"lineNumber":7,"author":{"gitId":"wilsonngja"},"content":"","lastModifiedDate":"2022-09-04"},{"lineNumber":8,"author":{"gitId":"wilsonngja"},"content":"import java.util.ArrayList;","lastModifiedDate":"2022-09-10"},{"lineNumber":9,"author":{"gitId":"wilsonngja"},"content":"import java.io.File;","lastModifiedDate":"2022-09-11"},{"lineNumber":10,"author":{"gitId":"wilsonngja"},"content":"import java.io.FileNotFoundException;","lastModifiedDate":"2022-09-11"},{"lineNumber":11,"author":{"gitId":"wilsonngja"},"content":"import java.io.FileWriter;","lastModifiedDate":"2022-09-11"},{"lineNumber":12,"author":{"gitId":"wilsonngja"},"content":"import java.io.IOException;","lastModifiedDate":"2022-09-11"},{"lineNumber":13,"author":{"gitId":"wilsonngja"},"content":"import java.util.Scanner;","lastModifiedDate":"2022-08-19"},{"lineNumber":14,"author":{"gitId":"wilsonngja"},"content":"","lastModifiedDate":"2022-08-19"},{"lineNumber":15,"author":{"gitId":"wilsonngja"},"content":"","lastModifiedDate":"2022-08-28"},{"lineNumber":16,"author":{"gitId":"wilsonngja"},"content":"public class Duke {","lastModifiedDate":"2022-09-04"},{"lineNumber":17,"author":{"gitId":"wilsonngja"},"content":"    public enum TaskType {","lastModifiedDate":"2022-09-04"},{"lineNumber":18,"author":{"gitId":"wilsonngja"},"content":"        LIST,","lastModifiedDate":"2022-09-04"},{"lineNumber":19,"author":{"gitId":"wilsonngja"},"content":"        MARK,","lastModifiedDate":"2022-09-04"},{"lineNumber":20,"author":{"gitId":"wilsonngja"},"content":"        ADD,","lastModifiedDate":"2022-09-04"},{"lineNumber":21,"author":{"gitId":"wilsonngja"},"content":"        BYE,","lastModifiedDate":"2022-09-04"},{"lineNumber":22,"author":{"gitId":"wilsonngja"},"content":"        DELETE,","lastModifiedDate":"2022-09-10"},{"lineNumber":23,"author":{"gitId":"wilsonngja"},"content":"        ERROR","lastModifiedDate":"2022-09-04"},{"lineNumber":24,"author":{"gitId":"wilsonngja"},"content":"    }","lastModifiedDate":"2022-09-04"},{"lineNumber":25,"author":{"gitId":"wilsonngja"},"content":"","lastModifiedDate":"2022-09-11"},{"lineNumber":26,"author":{"gitId":"wilsonngja"},"content":"    private static ArrayList\u003cTask\u003e tasks \u003d new ArrayList\u003c\u003e();","lastModifiedDate":"2022-09-10"},{"lineNumber":27,"author":{"gitId":"wilsonngja"},"content":"    private static String filePath \u003d \"duke.txt\";","lastModifiedDate":"2022-09-11"},{"lineNumber":28,"author":{"gitId":"wilsonngja"},"content":"","lastModifiedDate":"2022-09-10"},{"lineNumber":29,"author":{"gitId":"wilsonngja"},"content":"    public static void showWelcomeMessage() {","lastModifiedDate":"2022-08-28"},{"lineNumber":30,"author":{"gitId":"wilsonngja"},"content":"        // Pikachu logo to show in front","lastModifiedDate":"2022-08-20"},{"lineNumber":31,"author":{"gitId":"wilsonngja"},"content":"        final String logo \u003d","lastModifiedDate":"2022-09-04"},{"lineNumber":32,"author":{"gitId":"wilsonngja"},"content":"                        \"⣿⣿⣿⣿⣿⡏⠉⠛⢿⣿⣿⣿⣿⣿⣿⣿⣿⣿⣿⣿⣿⣿⣿⣿⣿⣿⣿⣿⡿⣿⣿⣿⣿\\n\" +","lastModifiedDate":"2022-09-04"},{"lineNumber":33,"author":{"gitId":"wilsonngja"},"content":"                        \"⣿⣿⣿⣿⣿⣿⠀⠀⠀⠈⠛⢿⣿⣿⣿⣿⣿⣿⣿⣿⣿⣿⣿⣿⠿⠛⠉⠁⠀⣿⣿⣿⣿⣿\\n\" +","lastModifiedDate":"2022-09-10"},{"lineNumber":34,"author":{"gitId":"wilsonngja"},"content":"                        \"⣿⣿⣿⣿⣿⣿⣧⡀⠀⠀⠀⠀⠙⠿⠿⠿⠻⠿⠿⠟⠿⠛⠉⠀⠀⠀⠀⠀⣸⣿⣿⣿⣿⣿⣿\\n\" +","lastModifiedDate":"2022-09-10"},{"lineNumber":35,"author":{"gitId":"wilsonngja"},"content":"                        \"⣿⣿⣿⣿⣿⣿⣿⣷⣄⠀⡀⠀⠀⠀⠀⠀⠀⠀⠀⠀⠀⠀⠀⠀⠀⠀⢀⣴⣿⣿⣿⣿⣿⣿⣿⣿\\n\" +","lastModifiedDate":"2022-09-10"},{"lineNumber":36,"author":{"gitId":"wilsonngja"},"content":"                        \"⣿⣿⣿⣿⣿⣿⣿⣿⣿⠏⠀⠀⠀⠀⠀⠀⠀⠀⠀⠀⠀⠀⠀⠀⠠⣴⣿⣿⣿⣿⣿⣿⣿⣿⣿\\n\" +","lastModifiedDate":"2022-09-10"},{"lineNumber":37,"author":{"gitId":"wilsonngja"},"content":"                        \"⣿⣿⣿⣿⣿⣿⣿⣿⡟⠀⠀⢰⣹⡆⠀⠀⠀⠀⠀⠀⣭⣷⠀⠀⠀⠸⣿⣿⣿⣿⣿⣿⣿⣿⣿\\n\" +","lastModifiedDate":"2022-09-10"},{"lineNumber":38,"author":{"gitId":"wilsonngja"},"content":"                        \"⣿⣿⣿⣿⣿⣿⣿⣿⠃⠀⠀⠈⠉⠀⠀⠤⠄⠀⠀⠀⠉⠁⠀⠀⠀⠀⢿⣿⣿⣿⣿⣿⣿⣿⣿\\n\" +","lastModifiedDate":"2022-09-10"},{"lineNumber":39,"author":{"gitId":"wilsonngja"},"content":"                        \"⣿⣿⣿⣿⣿⣿⣿⣿⢾⣿⣷⠀⠀⠀⠀⡠⠤⢄⠀⠀⠀⠠⣿⣿⣷⠀⢸⣿⣿⣿⣿⣿⣿⣿\\n\" +","lastModifiedDate":"2022-09-10"},{"lineNumber":40,"author":{"gitId":"wilsonngja"},"content":"                        \"⣿⣿⣿⣿⣿⣿⣿⣿⡀⠉⠀⠀⠀⠀⠀⢄⠀⢀⠀⠀⠀⠀⠉⠉⠁⠀⠀⣿⣿⣿⣿⣿⣿⣿⣿\\n\" +","lastModifiedDate":"2022-09-10"},{"lineNumber":41,"author":{"gitId":"wilsonngja"},"content":"                        \"⣿⣿⣿⣿⣿⣿⣿⣿⣧⠀⠀⠀⠀⠀⠀⠀⠈⠀⠀⠀⠀⠀⠀⠀⠀⠀⠀⢹⣿⣿⣿⣿⣿⣿⣿⣿\\n\" +","lastModifiedDate":"2022-09-10"},{"lineNumber":42,"author":{"gitId":"wilsonngja"},"content":"                        \"⣿⣿⣿⣿⣿⣿⣿⣿⣿⠃⠀⠀⠀⠀⠀⠀⠀⠀⠀⠀⠀⠀⠀⠀⠀⠀⠀⢸⣿⣿⣿⣿⣿⣿⣿⣿\\n\";","lastModifiedDate":"2022-09-10"},{"lineNumber":43,"author":{"gitId":"wilsonngja"},"content":"","lastModifiedDate":"2022-08-17"},{"lineNumber":44,"author":{"gitId":"wilsonngja"},"content":"        System.out.println(logo);","lastModifiedDate":"2022-08-14"},{"lineNumber":45,"author":{"gitId":"wilsonngja"},"content":"        System.out.println(\"Hello! How can I help you?\");","lastModifiedDate":"2022-09-10"},{"lineNumber":46,"author":{"gitId":"wilsonngja"},"content":"    }","lastModifiedDate":"2022-08-20"},{"lineNumber":47,"author":{"gitId":"wilsonngja"},"content":"","lastModifiedDate":"2022-09-10"},{"lineNumber":48,"author":{"gitId":"wilsonngja"},"content":"","lastModifiedDate":"2022-09-11"},{"lineNumber":49,"author":{"gitId":"wilsonngja"},"content":"    public static void markOrUnmarkTask(String command) throws IOException {","lastModifiedDate":"2022-09-11"},{"lineNumber":50,"author":{"gitId":"wilsonngja"},"content":"        String markOrUnmark \u003d command.split(\" \")[0];","lastModifiedDate":"2022-08-28"},{"lineNumber":51,"author":{"gitId":"wilsonngja"},"content":"        int index \u003d Integer.parseInt(command.split(\" \")[1]) - 1;","lastModifiedDate":"2022-09-10"},{"lineNumber":52,"author":{"gitId":"wilsonngja"},"content":"        tasks.get(index).setStatusIcon(markOrUnmark);","lastModifiedDate":"2022-09-10"},{"lineNumber":53,"author":{"gitId":"wilsonngja"},"content":"        tasks.get(index).printTask(index);","lastModifiedDate":"2022-09-10"},{"lineNumber":54,"author":{"gitId":"wilsonngja"},"content":"","lastModifiedDate":"2022-09-11"},{"lineNumber":55,"author":{"gitId":"wilsonngja"},"content":"        String task \u003d tasks.get(index).getTask();","lastModifiedDate":"2022-09-11"},{"lineNumber":56,"author":{"gitId":"wilsonngja"},"content":"","lastModifiedDate":"2022-09-11"},{"lineNumber":57,"author":{"gitId":"wilsonngja"},"content":"        editTask(index, markOrUnmark);","lastModifiedDate":"2022-09-11"},{"lineNumber":58,"author":{"gitId":"wilsonngja"},"content":"    }","lastModifiedDate":"2022-08-28"},{"lineNumber":59,"author":{"gitId":"wilsonngja"},"content":"","lastModifiedDate":"2022-09-10"},{"lineNumber":60,"author":{"gitId":"wilsonngja"},"content":"    public static void printNumberOfTask() {","lastModifiedDate":"2022-09-10"},{"lineNumber":61,"author":{"gitId":"wilsonngja"},"content":"        if (tasks.size() \u003e 1) {","lastModifiedDate":"2022-09-10"},{"lineNumber":62,"author":{"gitId":"wilsonngja"},"content":"            System.out.println(\"You now have \" + tasks.size() + \" tasks.\");","lastModifiedDate":"2022-09-10"},{"lineNumber":63,"author":{"gitId":"wilsonngja"},"content":"        } else {","lastModifiedDate":"2022-09-04"},{"lineNumber":64,"author":{"gitId":"wilsonngja"},"content":"            System.out.println(\"You now have \" + tasks.size() + \" task.\");","lastModifiedDate":"2022-09-10"},{"lineNumber":65,"author":{"gitId":"wilsonngja"},"content":"        }","lastModifiedDate":"2022-09-04"},{"lineNumber":66,"author":{"gitId":"wilsonngja"},"content":"    }","lastModifiedDate":"2022-09-04"},{"lineNumber":67,"author":{"gitId":"wilsonngja"},"content":"","lastModifiedDate":"2022-09-10"},{"lineNumber":68,"author":{"gitId":"wilsonngja"},"content":"","lastModifiedDate":"2022-09-11"},{"lineNumber":69,"author":{"gitId":"wilsonngja"},"content":"    public static void editTask(int index, String markOrUnmark) throws IOException {","lastModifiedDate":"2022-09-11"},{"lineNumber":70,"author":{"gitId":"wilsonngja"},"content":"        File f \u003d new File(filePath);","lastModifiedDate":"2022-09-11"},{"lineNumber":71,"author":{"gitId":"wilsonngja"},"content":"        Scanner s \u003d new Scanner(f);","lastModifiedDate":"2022-09-11"},{"lineNumber":72,"author":{"gitId":"wilsonngja"},"content":"        String text \u003d \"\";","lastModifiedDate":"2022-09-11"},{"lineNumber":73,"author":{"gitId":"wilsonngja"},"content":"        int currentIndex \u003d 0;","lastModifiedDate":"2022-09-11"},{"lineNumber":74,"author":{"gitId":"wilsonngja"},"content":"        while (s.hasNext()) {","lastModifiedDate":"2022-09-11"},{"lineNumber":75,"author":{"gitId":"wilsonngja"},"content":"            String currentLine \u003d s.nextLine();","lastModifiedDate":"2022-09-11"},{"lineNumber":76,"author":{"gitId":"wilsonngja"},"content":"            if (index \u003d\u003d currentIndex) {","lastModifiedDate":"2022-09-11"},{"lineNumber":77,"author":{"gitId":"wilsonngja"},"content":"                text +\u003d changeMarkValue(currentLine, markOrUnmark) + System.lineSeparator();","lastModifiedDate":"2022-09-11"},{"lineNumber":78,"author":{"gitId":"wilsonngja"},"content":"            } else {","lastModifiedDate":"2022-09-11"},{"lineNumber":79,"author":{"gitId":"wilsonngja"},"content":"                text +\u003d currentLine + System.lineSeparator();","lastModifiedDate":"2022-09-11"},{"lineNumber":80,"author":{"gitId":"wilsonngja"},"content":"            }","lastModifiedDate":"2022-09-11"},{"lineNumber":81,"author":{"gitId":"wilsonngja"},"content":"            currentIndex +\u003d 1;","lastModifiedDate":"2022-09-11"},{"lineNumber":82,"author":{"gitId":"wilsonngja"},"content":"        }","lastModifiedDate":"2022-09-11"},{"lineNumber":83,"author":{"gitId":"wilsonngja"},"content":"","lastModifiedDate":"2022-09-11"},{"lineNumber":84,"author":{"gitId":"wilsonngja"},"content":"        FileWriter fw \u003d new FileWriter(filePath);","lastModifiedDate":"2022-09-11"},{"lineNumber":85,"author":{"gitId":"wilsonngja"},"content":"        fw.write(text);","lastModifiedDate":"2022-09-11"},{"lineNumber":86,"author":{"gitId":"wilsonngja"},"content":"        fw.close();","lastModifiedDate":"2022-09-11"},{"lineNumber":87,"author":{"gitId":"wilsonngja"},"content":"","lastModifiedDate":"2022-09-11"},{"lineNumber":88,"author":{"gitId":"wilsonngja"},"content":"    }","lastModifiedDate":"2022-09-11"},{"lineNumber":89,"author":{"gitId":"wilsonngja"},"content":"","lastModifiedDate":"2022-09-11"},{"lineNumber":90,"author":{"gitId":"wilsonngja"},"content":"","lastModifiedDate":"2022-09-11"},{"lineNumber":91,"author":{"gitId":"wilsonngja"},"content":"    public static String changeMarkValue(String currentLine, String markOrUnmark) {","lastModifiedDate":"2022-09-11"},{"lineNumber":92,"author":{"gitId":"wilsonngja"},"content":"        if (markOrUnmark.equals(\"mark\")) {","lastModifiedDate":"2022-09-11"},{"lineNumber":93,"author":{"gitId":"wilsonngja"},"content":"            return currentLine.replace(\" | 0 | \", \" | 1 | \");","lastModifiedDate":"2022-09-11"},{"lineNumber":94,"author":{"gitId":"wilsonngja"},"content":"        }","lastModifiedDate":"2022-09-11"},{"lineNumber":95,"author":{"gitId":"wilsonngja"},"content":"        return currentLine.replace(\" | 1 | \", \" | 0 | \");","lastModifiedDate":"2022-09-11"},{"lineNumber":96,"author":{"gitId":"wilsonngja"},"content":"    }","lastModifiedDate":"2022-09-11"},{"lineNumber":97,"author":{"gitId":"wilsonngja"},"content":"","lastModifiedDate":"2022-09-11"},{"lineNumber":98,"author":{"gitId":"wilsonngja"},"content":"","lastModifiedDate":"2022-09-11"},{"lineNumber":99,"author":{"gitId":"wilsonngja"},"content":"    public static void addTask(String command) {","lastModifiedDate":"2022-09-10"},{"lineNumber":100,"author":{"gitId":"wilsonngja"},"content":"        boolean isTodo \u003d command.contains(\"todo\");","lastModifiedDate":"2022-08-28"},{"lineNumber":101,"author":{"gitId":"wilsonngja"},"content":"        boolean isEvent \u003d command.contains(\"event\");","lastModifiedDate":"2022-08-28"},{"lineNumber":102,"author":{"gitId":"wilsonngja"},"content":"        boolean isDeadline \u003d command.contains(\"deadline\");","lastModifiedDate":"2022-08-28"},{"lineNumber":103,"author":{"gitId":"wilsonngja"},"content":"","lastModifiedDate":"2022-08-28"},{"lineNumber":104,"author":{"gitId":"wilsonngja"},"content":"        try {","lastModifiedDate":"2022-09-04"},{"lineNumber":105,"author":{"gitId":"wilsonngja"},"content":"            String taskType \u003d \"\";","lastModifiedDate":"2022-09-11"},{"lineNumber":106,"author":{"gitId":"wilsonngja"},"content":"            if (isTodo) {","lastModifiedDate":"2022-09-11"},{"lineNumber":107,"author":{"gitId":"wilsonngja"},"content":"                tasks.add(new Todo(command.replace(\"todo \", \"\")));","lastModifiedDate":"2022-09-11"},{"lineNumber":108,"author":{"gitId":"wilsonngja"},"content":"                taskType \u003d \"todo\";","lastModifiedDate":"2022-09-11"},{"lineNumber":109,"author":{"gitId":"wilsonngja"},"content":"            } else if (isEvent) {","lastModifiedDate":"2022-09-11"},{"lineNumber":110,"author":{"gitId":"wilsonngja"},"content":"                tasks.add(new Event(command.replace(\"event \", \"\")));","lastModifiedDate":"2022-09-11"},{"lineNumber":111,"author":{"gitId":"wilsonngja"},"content":"                taskType \u003d \"event\";","lastModifiedDate":"2022-09-11"},{"lineNumber":112,"author":{"gitId":"wilsonngja"},"content":"            } else if (isDeadline) {","lastModifiedDate":"2022-09-11"},{"lineNumber":113,"author":{"gitId":"wilsonngja"},"content":"                tasks.add(new Deadline(command.replace(\"deadline \", \"\")));","lastModifiedDate":"2022-09-11"},{"lineNumber":114,"author":{"gitId":"wilsonngja"},"content":"                taskType \u003d \"deadline\";","lastModifiedDate":"2022-09-11"},{"lineNumber":115,"author":{"gitId":"wilsonngja"},"content":"            }","lastModifiedDate":"2022-09-11"},{"lineNumber":116,"author":{"gitId":"wilsonngja"},"content":"","lastModifiedDate":"2022-09-11"},{"lineNumber":117,"author":{"gitId":"wilsonngja"},"content":"            addCompleteMessage(taskType);","lastModifiedDate":"2022-09-11"},{"lineNumber":118,"author":{"gitId":"wilsonngja"},"content":"            appendToFile(taskType);","lastModifiedDate":"2022-09-11"},{"lineNumber":119,"author":{"gitId":"wilsonngja"},"content":"","lastModifiedDate":"2022-09-11"},{"lineNumber":120,"author":{"gitId":"wilsonngja"},"content":"        } catch (EmptyDescriptionException emptyException) {","lastModifiedDate":"2022-09-11"},{"lineNumber":121,"author":{"gitId":"wilsonngja"},"content":"            System.out.println(\"OOPS!!! The description of a todo cannot be empty.\");","lastModifiedDate":"2022-09-11"},{"lineNumber":122,"author":{"gitId":"wilsonngja"},"content":"        } catch (IOException e) {","lastModifiedDate":"2022-09-11"},{"lineNumber":123,"author":{"gitId":"wilsonngja"},"content":"            System.out.println(\"Error writing to file.\");","lastModifiedDate":"2022-09-11"},{"lineNumber":124,"author":{"gitId":"wilsonngja"},"content":"        } catch (NoSpecficTimeException e) {","lastModifiedDate":"2022-09-11"},{"lineNumber":125,"author":{"gitId":"wilsonngja"},"content":"            System.out.println(\"No time is entered. Please re-enter and include \u0027/at\u0027.\");","lastModifiedDate":"2022-09-11"},{"lineNumber":126,"author":{"gitId":"wilsonngja"},"content":"        } catch (NoSpecificDeadlineException e) {","lastModifiedDate":"2022-09-11"},{"lineNumber":127,"author":{"gitId":"wilsonngja"},"content":"            System.out.println(\"No deadline is entered. Please re-enter and include \u0027/by\u0027. \");","lastModifiedDate":"2022-09-11"},{"lineNumber":128,"author":{"gitId":"wilsonngja"},"content":"        }","lastModifiedDate":"2022-09-11"},{"lineNumber":129,"author":{"gitId":"wilsonngja"},"content":"","lastModifiedDate":"2022-09-11"},{"lineNumber":130,"author":{"gitId":"wilsonngja"},"content":"    }","lastModifiedDate":"2022-09-11"},{"lineNumber":131,"author":{"gitId":"wilsonngja"},"content":"","lastModifiedDate":"2022-09-11"},{"lineNumber":132,"author":{"gitId":"wilsonngja"},"content":"    public static void reAddTask(String command) {","lastModifiedDate":"2022-09-11"},{"lineNumber":133,"author":{"gitId":"wilsonngja"},"content":"        boolean isTodo \u003d command.contains(\"todo\");","lastModifiedDate":"2022-09-11"},{"lineNumber":134,"author":{"gitId":"wilsonngja"},"content":"        boolean isEvent \u003d command.contains(\"event\");","lastModifiedDate":"2022-09-11"},{"lineNumber":135,"author":{"gitId":"wilsonngja"},"content":"        boolean isDeadline \u003d command.contains(\"deadline\");","lastModifiedDate":"2022-09-11"},{"lineNumber":136,"author":{"gitId":"wilsonngja"},"content":"","lastModifiedDate":"2022-08-28"},{"lineNumber":137,"author":{"gitId":"wilsonngja"},"content":"        try {","lastModifiedDate":"2022-09-04"},{"lineNumber":138,"author":{"gitId":"wilsonngja"},"content":"            if (isTodo) {","lastModifiedDate":"2022-08-28"},{"lineNumber":139,"author":{"gitId":"wilsonngja"},"content":"                tasks.add(new Todo(command.replace(\"todo\", \"\").trim()));","lastModifiedDate":"2022-09-10"},{"lineNumber":140,"author":{"gitId":"wilsonngja"},"content":"            } else if (isEvent) {","lastModifiedDate":"2022-08-28"},{"lineNumber":141,"author":{"gitId":"wilsonngja"},"content":"                tasks.add(new Event(command.replace(\"event\", \"\").trim()));","lastModifiedDate":"2022-09-10"},{"lineNumber":142,"author":{"gitId":"wilsonngja"},"content":"            } else if (isDeadline) {","lastModifiedDate":"2022-08-28"},{"lineNumber":143,"author":{"gitId":"wilsonngja"},"content":"                tasks.add(new Deadline(command.replace(\"deadline\", \"\").trim()));","lastModifiedDate":"2022-09-10"},{"lineNumber":144,"author":{"gitId":"wilsonngja"},"content":"            }","lastModifiedDate":"2022-08-28"},{"lineNumber":145,"author":{"gitId":"wilsonngja"},"content":"","lastModifiedDate":"2022-09-11"},{"lineNumber":146,"author":{"gitId":"wilsonngja"},"content":"        } catch (EmptyDescriptionException emptyException) {","lastModifiedDate":"2022-09-04"},{"lineNumber":147,"author":{"gitId":"wilsonngja"},"content":"            System.out.println(\"OOPS!!! The description cannot be empty.\");","lastModifiedDate":"2022-09-10"},{"lineNumber":148,"author":{"gitId":"wilsonngja"},"content":"        } catch (NoSpecificDeadlineException e) {","lastModifiedDate":"2022-09-10"},{"lineNumber":149,"author":{"gitId":"wilsonngja"},"content":"            System.out.println(\"You did not enter the deadline. Please re-enter the deadline by including \u0027/by\u0027.\");","lastModifiedDate":"2022-09-10"},{"lineNumber":150,"author":{"gitId":"wilsonngja"},"content":"        } catch (NoSpecficTimeException e) {","lastModifiedDate":"2022-09-10"},{"lineNumber":151,"author":{"gitId":"wilsonngja"},"content":"            System.out.println(\"You did not specify the time for the event. Please re-enter the event by including \u0027/at\u0027. \");","lastModifiedDate":"2022-09-10"},{"lineNumber":152,"author":{"gitId":"wilsonngja"},"content":"        }","lastModifiedDate":"2022-09-10"},{"lineNumber":153,"author":{"gitId":"wilsonngja"},"content":"    }","lastModifiedDate":"2022-09-10"},{"lineNumber":154,"author":{"gitId":"wilsonngja"},"content":"","lastModifiedDate":"2022-09-10"},{"lineNumber":155,"author":{"gitId":"wilsonngja"},"content":"    public static void printDeletedTask(int deleteNumber) {","lastModifiedDate":"2022-09-10"},{"lineNumber":156,"author":{"gitId":"wilsonngja"},"content":"        System.out.println(\"  [T][ ] \" + tasks.get(deleteNumber).getTask());","lastModifiedDate":"2022-09-10"},{"lineNumber":157,"author":{"gitId":"wilsonngja"},"content":"    }","lastModifiedDate":"2022-08-28"},{"lineNumber":158,"author":{"gitId":"wilsonngja"},"content":"","lastModifiedDate":"2022-09-10"},{"lineNumber":159,"author":{"gitId":"wilsonngja"},"content":"    public static void deleteTask(String command) {","lastModifiedDate":"2022-09-10"},{"lineNumber":160,"author":{"gitId":"wilsonngja"},"content":"        int deleteNumber \u003d Integer.parseInt(command.split(\" \")[1]) - 1;","lastModifiedDate":"2022-09-10"},{"lineNumber":161,"author":{"gitId":"wilsonngja"},"content":"        printDeletedTask(deleteNumber);","lastModifiedDate":"2022-09-10"},{"lineNumber":162,"author":{"gitId":"wilsonngja"},"content":"        tasks.remove(deleteNumber);","lastModifiedDate":"2022-09-10"},{"lineNumber":163,"author":{"gitId":"wilsonngja"},"content":"        printNumberOfTask();","lastModifiedDate":"2022-09-10"},{"lineNumber":164,"author":{"gitId":"wilsonngja"},"content":"    }","lastModifiedDate":"2022-08-20"},{"lineNumber":165,"author":{"gitId":"wilsonngja"},"content":"","lastModifiedDate":"2022-09-10"},{"lineNumber":166,"author":{"gitId":"wilsonngja"},"content":"","lastModifiedDate":"2022-09-11"},{"lineNumber":167,"author":{"gitId":"wilsonngja"},"content":"    public static void addCompleteMessage(String type) {","lastModifiedDate":"2022-09-11"},{"lineNumber":168,"author":{"gitId":"wilsonngja"},"content":"        boolean isTodo \u003d type.equals(\"todo\");","lastModifiedDate":"2022-09-11"},{"lineNumber":169,"author":{"gitId":"wilsonngja"},"content":"        boolean isEvent \u003d type.equals(\"event\");","lastModifiedDate":"2022-09-11"},{"lineNumber":170,"author":{"gitId":"wilsonngja"},"content":"        boolean isDeadline \u003d type.equals(\"deadline\");","lastModifiedDate":"2022-09-11"},{"lineNumber":171,"author":{"gitId":"wilsonngja"},"content":"","lastModifiedDate":"2022-09-11"},{"lineNumber":172,"author":{"gitId":"wilsonngja"},"content":"        System.out.println(\"Got it. I added to the list.\");","lastModifiedDate":"2022-09-11"},{"lineNumber":173,"author":{"gitId":"wilsonngja"},"content":"        int lastIndex \u003d tasks.size() - 1;","lastModifiedDate":"2022-09-11"},{"lineNumber":174,"author":{"gitId":"wilsonngja"},"content":"","lastModifiedDate":"2022-09-11"},{"lineNumber":175,"author":{"gitId":"wilsonngja"},"content":"        if (isTodo) {","lastModifiedDate":"2022-09-11"},{"lineNumber":176,"author":{"gitId":"wilsonngja"},"content":"            System.out.println(\"  [D][ ] \" + tasks.get(lastIndex).getTask());","lastModifiedDate":"2022-09-11"},{"lineNumber":177,"author":{"gitId":"wilsonngja"},"content":"        } else if (isEvent) {","lastModifiedDate":"2022-09-11"},{"lineNumber":178,"author":{"gitId":"wilsonngja"},"content":"            System.out.println(\"  [E][ ] \" + tasks.get(lastIndex).getTask());","lastModifiedDate":"2022-09-11"},{"lineNumber":179,"author":{"gitId":"wilsonngja"},"content":"        } else if (isDeadline){","lastModifiedDate":"2022-09-11"},{"lineNumber":180,"author":{"gitId":"wilsonngja"},"content":"            System.out.println(\"  [T][ ] \" + tasks.get(lastIndex).getTask());","lastModifiedDate":"2022-09-11"},{"lineNumber":181,"author":{"gitId":"wilsonngja"},"content":"        }","lastModifiedDate":"2022-09-11"},{"lineNumber":182,"author":{"gitId":"wilsonngja"},"content":"","lastModifiedDate":"2022-09-11"},{"lineNumber":183,"author":{"gitId":"wilsonngja"},"content":"","lastModifiedDate":"2022-09-11"},{"lineNumber":184,"author":{"gitId":"wilsonngja"},"content":"        printNumberOfTask();","lastModifiedDate":"2022-09-11"},{"lineNumber":185,"author":{"gitId":"wilsonngja"},"content":"","lastModifiedDate":"2022-09-11"},{"lineNumber":186,"author":{"gitId":"wilsonngja"},"content":"    }","lastModifiedDate":"2022-08-20"},{"lineNumber":187,"author":{"gitId":"wilsonngja"},"content":"","lastModifiedDate":"2022-09-11"},{"lineNumber":188,"author":{"gitId":"wilsonngja"},"content":"    public static void farewellMessage() {","lastModifiedDate":"2022-08-28"},{"lineNumber":189,"author":{"gitId":"wilsonngja"},"content":"        //Goodbye","lastModifiedDate":"2022-09-10"},{"lineNumber":190,"author":{"gitId":"wilsonngja"},"content":"        System.out.println(\"Bye bye!\");","lastModifiedDate":"2022-08-28"},{"lineNumber":191,"author":{"gitId":"wilsonngja"},"content":"    }","lastModifiedDate":"2022-08-28"},{"lineNumber":192,"author":{"gitId":"wilsonngja"},"content":"","lastModifiedDate":"2022-09-10"},{"lineNumber":193,"author":{"gitId":"wilsonngja"},"content":"    public static void printAllTasks() {","lastModifiedDate":"2022-09-10"},{"lineNumber":194,"author":{"gitId":"wilsonngja"},"content":"        for (int i \u003d 0; i \u003c tasks.size(); i +\u003d 1) {","lastModifiedDate":"2022-09-10"},{"lineNumber":195,"author":{"gitId":"wilsonngja"},"content":"            tasks.get(i).printTask(i);","lastModifiedDate":"2022-09-10"},{"lineNumber":196,"author":{"gitId":"wilsonngja"},"content":"        }","lastModifiedDate":"2022-09-04"},{"lineNumber":197,"author":{"gitId":"wilsonngja"},"content":"    }","lastModifiedDate":"2022-09-04"},{"lineNumber":198,"author":{"gitId":"wilsonngja"},"content":"","lastModifiedDate":"2022-09-10"},{"lineNumber":199,"author":{"gitId":"wilsonngja"},"content":"    public static TaskType identifyTask(String command) {","lastModifiedDate":"2022-09-04"},{"lineNumber":200,"author":{"gitId":"wilsonngja"},"content":"        String commandType \u003d command.split(\" \")[0];","lastModifiedDate":"2022-09-10"},{"lineNumber":201,"author":{"gitId":"wilsonngja"},"content":"","lastModifiedDate":"2022-08-28"},{"lineNumber":202,"author":{"gitId":"wilsonngja"},"content":"        switch (commandType) {","lastModifiedDate":"2022-09-10"},{"lineNumber":203,"author":{"gitId":"wilsonngja"},"content":"        case \"list\":","lastModifiedDate":"2022-09-10"},{"lineNumber":204,"author":{"gitId":"wilsonngja"},"content":"            return TaskType.LIST;","lastModifiedDate":"2022-09-04"},{"lineNumber":205,"author":{"gitId":"wilsonngja"},"content":"        case \"mark\":","lastModifiedDate":"2022-09-10"},{"lineNumber":206,"author":{"gitId":"wilsonngja"},"content":"            return TaskType.MARK;","lastModifiedDate":"2022-09-04"},{"lineNumber":207,"author":{"gitId":"wilsonngja"},"content":"        case \"todo\":","lastModifiedDate":"2022-09-10"},{"lineNumber":208,"author":{"gitId":"wilsonngja"},"content":"        case \"deadline\":","lastModifiedDate":"2022-09-10"},{"lineNumber":209,"author":{"gitId":"wilsonngja"},"content":"        case \"event\":","lastModifiedDate":"2022-09-10"},{"lineNumber":210,"author":{"gitId":"wilsonngja"},"content":"            return TaskType.ADD;","lastModifiedDate":"2022-09-04"},{"lineNumber":211,"author":{"gitId":"wilsonngja"},"content":"        case \"bye\":","lastModifiedDate":"2022-09-10"},{"lineNumber":212,"author":{"gitId":"wilsonngja"},"content":"            return TaskType.BYE;","lastModifiedDate":"2022-09-04"},{"lineNumber":213,"author":{"gitId":"wilsonngja"},"content":"        case \"delete\":","lastModifiedDate":"2022-09-10"},{"lineNumber":214,"author":{"gitId":"wilsonngja"},"content":"            return TaskType.DELETE;","lastModifiedDate":"2022-09-10"},{"lineNumber":215,"author":{"gitId":"wilsonngja"},"content":"        default:","lastModifiedDate":"2022-09-10"},{"lineNumber":216,"author":{"gitId":"wilsonngja"},"content":"            return TaskType.ERROR;","lastModifiedDate":"2022-09-04"},{"lineNumber":217,"author":{"gitId":"wilsonngja"},"content":"        }","lastModifiedDate":"2022-09-04"},{"lineNumber":218,"author":{"gitId":"wilsonngja"},"content":"    }","lastModifiedDate":"2022-09-04"},{"lineNumber":219,"author":{"gitId":"wilsonngja"},"content":"","lastModifiedDate":"2022-08-20"},{"lineNumber":220,"author":{"gitId":"wilsonngja"},"content":"    private static void appendToFile(String taskType) throws IOException {","lastModifiedDate":"2022-09-11"},{"lineNumber":221,"author":{"gitId":"wilsonngja"},"content":"        try {","lastModifiedDate":"2022-09-11"},{"lineNumber":222,"author":{"gitId":"wilsonngja"},"content":"            FileWriter fw \u003d new FileWriter(filePath, true);","lastModifiedDate":"2022-09-11"},{"lineNumber":223,"author":{"gitId":"wilsonngja"},"content":"            int lastIndex \u003d tasks.size() - 1;","lastModifiedDate":"2022-09-11"},{"lineNumber":224,"author":{"gitId":"wilsonngja"},"content":"            String appendTask \u003d tasks.get(lastIndex).getTask();","lastModifiedDate":"2022-09-11"},{"lineNumber":225,"author":{"gitId":"wilsonngja"},"content":"","lastModifiedDate":"2022-08-20"},{"lineNumber":226,"author":{"gitId":"wilsonngja"},"content":"            if (taskType.equals(\"todo\")) {","lastModifiedDate":"2022-09-11"},{"lineNumber":227,"author":{"gitId":"wilsonngja"},"content":"                fw.write(\"T | 0 | \" + appendTask + System.lineSeparator());","lastModifiedDate":"2022-09-11"},{"lineNumber":228,"author":{"gitId":"wilsonngja"},"content":"            } else if (taskType.equals(\"deadline\")) {","lastModifiedDate":"2022-09-11"},{"lineNumber":229,"author":{"gitId":"wilsonngja"},"content":"                fw.write(\"D | 0 | \" + appendTask + System.lineSeparator());","lastModifiedDate":"2022-09-11"},{"lineNumber":230,"author":{"gitId":"wilsonngja"},"content":"            } else {","lastModifiedDate":"2022-09-11"},{"lineNumber":231,"author":{"gitId":"wilsonngja"},"content":"                fw.write(\"E | 0 | \" + appendTask + System.lineSeparator());","lastModifiedDate":"2022-09-11"},{"lineNumber":232,"author":{"gitId":"wilsonngja"},"content":"            }","lastModifiedDate":"2022-09-11"},{"lineNumber":233,"author":{"gitId":"wilsonngja"},"content":"            fw.close();","lastModifiedDate":"2022-09-11"},{"lineNumber":234,"author":{"gitId":"wilsonngja"},"content":"","lastModifiedDate":"2022-08-28"},{"lineNumber":235,"author":{"gitId":"wilsonngja"},"content":"        } catch (IOException exception) {","lastModifiedDate":"2022-09-11"},{"lineNumber":236,"author":{"gitId":"wilsonngja"},"content":"            System.out.println(\"Error writing to file.\");","lastModifiedDate":"2022-09-11"},{"lineNumber":237,"author":{"gitId":"wilsonngja"},"content":"        }","lastModifiedDate":"2022-09-11"},{"lineNumber":238,"author":{"gitId":"wilsonngja"},"content":"    }","lastModifiedDate":"2022-09-11"},{"lineNumber":239,"author":{"gitId":"wilsonngja"},"content":"","lastModifiedDate":"2022-09-11"},{"lineNumber":240,"author":{"gitId":"wilsonngja"},"content":"    public static void load() throws FileNotFoundException {","lastModifiedDate":"2022-09-11"},{"lineNumber":241,"author":{"gitId":"wilsonngja"},"content":"","lastModifiedDate":"2022-09-11"},{"lineNumber":242,"author":{"gitId":"wilsonngja"},"content":"        File f \u003d new File(filePath);","lastModifiedDate":"2022-09-11"},{"lineNumber":243,"author":{"gitId":"wilsonngja"},"content":"","lastModifiedDate":"2022-09-11"},{"lineNumber":244,"author":{"gitId":"wilsonngja"},"content":"        if (f.exists()) {","lastModifiedDate":"2022-09-11"},{"lineNumber":245,"author":{"gitId":"wilsonngja"},"content":"            Scanner s \u003d new Scanner(f);","lastModifiedDate":"2022-09-11"},{"lineNumber":246,"author":{"gitId":"wilsonngja"},"content":"            while (s.hasNext()) {","lastModifiedDate":"2022-09-11"},{"lineNumber":247,"author":{"gitId":"wilsonngja"},"content":"                String entry \u003d s.nextLine();","lastModifiedDate":"2022-09-11"},{"lineNumber":248,"author":{"gitId":"wilsonngja"},"content":"                String[] entries \u003d entry.split(\"\\\\s\\\\|\\\\s\");","lastModifiedDate":"2022-09-11"},{"lineNumber":249,"author":{"gitId":"wilsonngja"},"content":"","lastModifiedDate":"2022-09-11"},{"lineNumber":250,"author":{"gitId":"wilsonngja"},"content":"                String entryType \u003d entries[0];","lastModifiedDate":"2022-09-11"},{"lineNumber":251,"author":{"gitId":"wilsonngja"},"content":"                boolean isMark \u003d entries[1].equals(\"1\");","lastModifiedDate":"2022-09-11"},{"lineNumber":252,"author":{"gitId":"wilsonngja"},"content":"                String entryText \u003d entries[2];","lastModifiedDate":"2022-09-11"},{"lineNumber":253,"author":{"gitId":"wilsonngja"},"content":"                String command;","lastModifiedDate":"2022-09-11"},{"lineNumber":254,"author":{"gitId":"wilsonngja"},"content":"                if (entryType.equals(\"T\")) {","lastModifiedDate":"2022-09-11"},{"lineNumber":255,"author":{"gitId":"wilsonngja"},"content":"                    command \u003d \"todo \" + entryText;","lastModifiedDate":"2022-09-11"},{"lineNumber":256,"author":{"gitId":"wilsonngja"},"content":"                } else if (entryType.equals(\"D\")) {","lastModifiedDate":"2022-09-11"},{"lineNumber":257,"author":{"gitId":"wilsonngja"},"content":"                    command \u003d \"deadline \" + entryText;","lastModifiedDate":"2022-09-11"},{"lineNumber":258,"author":{"gitId":"wilsonngja"},"content":"                } else {","lastModifiedDate":"2022-09-11"},{"lineNumber":259,"author":{"gitId":"wilsonngja"},"content":"                    command \u003d \"event \" + entryText;","lastModifiedDate":"2022-09-11"},{"lineNumber":260,"author":{"gitId":"wilsonngja"},"content":"                }","lastModifiedDate":"2022-09-11"},{"lineNumber":261,"author":{"gitId":"wilsonngja"},"content":"","lastModifiedDate":"2022-09-11"},{"lineNumber":262,"author":{"gitId":"wilsonngja"},"content":"                reAddTask(command);","lastModifiedDate":"2022-09-11"},{"lineNumber":263,"author":{"gitId":"wilsonngja"},"content":"                if (isMark) {","lastModifiedDate":"2022-09-11"},{"lineNumber":264,"author":{"gitId":"wilsonngja"},"content":"                    tasks.get(tasks.size() -1).setStatusIcon(\"mark\");","lastModifiedDate":"2022-09-11"},{"lineNumber":265,"author":{"gitId":"wilsonngja"},"content":"                }","lastModifiedDate":"2022-09-11"},{"lineNumber":266,"author":{"gitId":"wilsonngja"},"content":"            }","lastModifiedDate":"2022-09-11"},{"lineNumber":267,"author":{"gitId":"wilsonngja"},"content":"        }","lastModifiedDate":"2022-09-11"},{"lineNumber":268,"author":{"gitId":"wilsonngja"},"content":"","lastModifiedDate":"2022-09-11"},{"lineNumber":269,"author":{"gitId":"wilsonngja"},"content":"    }","lastModifiedDate":"2022-09-11"},{"lineNumber":270,"author":{"gitId":"wilsonngja"},"content":"","lastModifiedDate":"2022-08-28"},{"lineNumber":271,"author":{"gitId":"wilsonngja"},"content":"    public static void main(String[] args) throws FileNotFoundException {","lastModifiedDate":"2022-09-11"},{"lineNumber":272,"author":{"gitId":"wilsonngja"},"content":"        boolean isGoodbye;","lastModifiedDate":"2022-09-04"},{"lineNumber":273,"author":{"gitId":"wilsonngja"},"content":"        String command;","lastModifiedDate":"2022-09-04"},{"lineNumber":274,"author":{"gitId":"wilsonngja"},"content":"","lastModifiedDate":"2022-09-04"},{"lineNumber":275,"author":{"gitId":"wilsonngja"},"content":"        showWelcomeMessage();","lastModifiedDate":"2022-08-28"},{"lineNumber":276,"author":{"gitId":"wilsonngja"},"content":"        load();","lastModifiedDate":"2022-09-11"},{"lineNumber":277,"author":{"gitId":"wilsonngja"},"content":"","lastModifiedDate":"2022-08-28"},{"lineNumber":278,"author":{"gitId":"wilsonngja"},"content":"        Scanner in \u003d new Scanner(System.in);","lastModifiedDate":"2022-08-28"},{"lineNumber":279,"author":{"gitId":"wilsonngja"},"content":"","lastModifiedDate":"2022-08-28"},{"lineNumber":280,"author":{"gitId":"wilsonngja"},"content":"        // Loop that stops only when user enter \"bye\"","lastModifiedDate":"2022-08-28"},{"lineNumber":281,"author":{"gitId":"wilsonngja"},"content":"        do {","lastModifiedDate":"2022-08-28"},{"lineNumber":282,"author":{"gitId":"wilsonngja"},"content":"            command \u003d in.nextLine();","lastModifiedDate":"2022-08-28"},{"lineNumber":283,"author":{"gitId":"wilsonngja"},"content":"            isGoodbye \u003d command.contains(\"bye\");","lastModifiedDate":"2022-08-28"},{"lineNumber":284,"author":{"gitId":"wilsonngja"},"content":"","lastModifiedDate":"2022-08-28"},{"lineNumber":285,"author":{"gitId":"wilsonngja"},"content":"            // If user select list, show all the task","lastModifiedDate":"2022-08-28"},{"lineNumber":286,"author":{"gitId":"wilsonngja"},"content":"            try {","lastModifiedDate":"2022-09-04"},{"lineNumber":287,"author":{"gitId":"wilsonngja"},"content":"                TaskType taskType \u003d identifyTask(command);","lastModifiedDate":"2022-09-04"},{"lineNumber":288,"author":{"gitId":"wilsonngja"},"content":"                switch (taskType) {","lastModifiedDate":"2022-09-04"},{"lineNumber":289,"author":{"gitId":"wilsonngja"},"content":"                case MARK:","lastModifiedDate":"2022-09-04"},{"lineNumber":290,"author":{"gitId":"wilsonngja"},"content":"                    markOrUnmarkTask(command);","lastModifiedDate":"2022-08-28"},{"lineNumber":291,"author":{"gitId":"wilsonngja"},"content":"                    break;","lastModifiedDate":"2022-09-04"},{"lineNumber":292,"author":{"gitId":"wilsonngja"},"content":"                case LIST:","lastModifiedDate":"2022-09-04"},{"lineNumber":293,"author":{"gitId":"wilsonngja"},"content":"                    printAllTasks();","lastModifiedDate":"2022-09-10"},{"lineNumber":294,"author":{"gitId":"wilsonngja"},"content":"                    break;","lastModifiedDate":"2022-09-04"},{"lineNumber":295,"author":{"gitId":"wilsonngja"},"content":"                case ADD:","lastModifiedDate":"2022-09-04"},{"lineNumber":296,"author":{"gitId":"wilsonngja"},"content":"                    addTask(command);","lastModifiedDate":"2022-09-10"},{"lineNumber":297,"author":{"gitId":"wilsonngja"},"content":"                    break;","lastModifiedDate":"2022-09-04"},{"lineNumber":298,"author":{"gitId":"wilsonngja"},"content":"                case BYE:","lastModifiedDate":"2022-09-04"},{"lineNumber":299,"author":{"gitId":"wilsonngja"},"content":"                    farewellMessage();","lastModifiedDate":"2022-09-04"},{"lineNumber":300,"author":{"gitId":"wilsonngja"},"content":"                    break;","lastModifiedDate":"2022-09-04"},{"lineNumber":301,"author":{"gitId":"wilsonngja"},"content":"                case DELETE:","lastModifiedDate":"2022-09-10"},{"lineNumber":302,"author":{"gitId":"wilsonngja"},"content":"                    deleteTask(command);","lastModifiedDate":"2022-09-10"},{"lineNumber":303,"author":{"gitId":"wilsonngja"},"content":"                    break;","lastModifiedDate":"2022-09-10"},{"lineNumber":304,"author":{"gitId":"wilsonngja"},"content":"                case ERROR:","lastModifiedDate":"2022-09-04"},{"lineNumber":305,"author":{"gitId":"wilsonngja"},"content":"                    throw new IncorrectCommandException();","lastModifiedDate":"2022-09-04"},{"lineNumber":306,"author":{"gitId":"wilsonngja"},"content":"                }","lastModifiedDate":"2022-09-04"},{"lineNumber":307,"author":{"gitId":"wilsonngja"},"content":"            } catch (IncorrectCommandException incorrectCommand) {","lastModifiedDate":"2022-09-04"},{"lineNumber":308,"author":{"gitId":"wilsonngja"},"content":"                System.out.println(\"OOPS!!! I\u0027m sorry, but I don\u0027t know what that means :-(\");","lastModifiedDate":"2022-09-04"},{"lineNumber":309,"author":{"gitId":"wilsonngja"},"content":"            } catch (IOException e) {","lastModifiedDate":"2022-09-11"},{"lineNumber":310,"author":{"gitId":"wilsonngja"},"content":"                System.out.println(\"Unable to write to file\");","lastModifiedDate":"2022-09-11"},{"lineNumber":311,"author":{"gitId":"wilsonngja"},"content":"            }","lastModifiedDate":"2022-08-28"},{"lineNumber":312,"author":{"gitId":"wilsonngja"},"content":"        } while (!isGoodbye);","lastModifiedDate":"2022-08-28"},{"lineNumber":313,"author":{"gitId":"-"},"content":"    }","lastModifiedDate":"2019-07-29"},{"lineNumber":314,"author":{"gitId":"-"},"content":"}","lastModifiedDate":"2019-07-29"}],"authorContributionMap":{"wilsonngja":312,"-":2}},{"path":"src/main/java/duke/EmptyDescriptionException.java","fileType":"java","lines":[{"lineNumber":1,"author":{"gitId":"wilsonngja"},"content":"package duke;","lastModifiedDate":"2022-09-04"},{"lineNumber":2,"author":{"gitId":"wilsonngja"},"content":"","lastModifiedDate":"2022-09-04"},{"lineNumber":3,"author":{"gitId":"wilsonngja"},"content":"public class EmptyDescriptionException extends Exception {","lastModifiedDate":"2022-09-04"},{"lineNumber":4,"author":{"gitId":"wilsonngja"},"content":"    public EmptyDescriptionException() {","lastModifiedDate":"2022-09-04"},{"lineNumber":5,"author":{"gitId":"wilsonngja"},"content":"","lastModifiedDate":"2022-09-04"},{"lineNumber":6,"author":{"gitId":"wilsonngja"},"content":"    }","lastModifiedDate":"2022-09-04"},{"lineNumber":7,"author":{"gitId":"wilsonngja"},"content":"}","lastModifiedDate":"2022-09-04"}],"authorContributionMap":{"wilsonngja":7}},{"path":"src/main/java/duke/IncorrectCommandException.java","fileType":"java","lines":[{"lineNumber":1,"author":{"gitId":"wilsonngja"},"content":"package duke;","lastModifiedDate":"2022-09-04"},{"lineNumber":2,"author":{"gitId":"wilsonngja"},"content":"","lastModifiedDate":"2022-09-04"},{"lineNumber":3,"author":{"gitId":"wilsonngja"},"content":"public class IncorrectCommandException extends Exception {","lastModifiedDate":"2022-09-04"},{"lineNumber":4,"author":{"gitId":"wilsonngja"},"content":"    public IncorrectCommandException() {","lastModifiedDate":"2022-09-04"},{"lineNumber":5,"author":{"gitId":"wilsonngja"},"content":"        ","lastModifiedDate":"2022-09-04"},{"lineNumber":6,"author":{"gitId":"wilsonngja"},"content":"    }","lastModifiedDate":"2022-09-04"},{"lineNumber":7,"author":{"gitId":"wilsonngja"},"content":"}","lastModifiedDate":"2022-09-04"}],"authorContributionMap":{"wilsonngja":7}},{"path":"src/main/java/duke/NoSpecficTimeException.java","fileType":"java","lines":[{"lineNumber":1,"author":{"gitId":"wilsonngja"},"content":"package duke;","lastModifiedDate":"2022-09-10"},{"lineNumber":2,"author":{"gitId":"wilsonngja"},"content":"","lastModifiedDate":"2022-09-10"},{"lineNumber":3,"author":{"gitId":"wilsonngja"},"content":"public class NoSpecficTimeException extends Exception {","lastModifiedDate":"2022-09-10"},{"lineNumber":4,"author":{"gitId":"wilsonngja"},"content":"    public NoSpecficTimeException() {","lastModifiedDate":"2022-09-10"},{"lineNumber":5,"author":{"gitId":"wilsonngja"},"content":"","lastModifiedDate":"2022-09-10"},{"lineNumber":6,"author":{"gitId":"wilsonngja"},"content":"    }","lastModifiedDate":"2022-09-10"},{"lineNumber":7,"author":{"gitId":"wilsonngja"},"content":"}","lastModifiedDate":"2022-09-10"}],"authorContributionMap":{"wilsonngja":7}},{"path":"src/main/java/duke/NoSpecificDeadlineException.java","fileType":"java","lines":[{"lineNumber":1,"author":{"gitId":"wilsonngja"},"content":"package duke;","lastModifiedDate":"2022-09-10"},{"lineNumber":2,"author":{"gitId":"wilsonngja"},"content":"","lastModifiedDate":"2022-09-10"},{"lineNumber":3,"author":{"gitId":"wilsonngja"},"content":"public class NoSpecificDeadlineException extends Exception {","lastModifiedDate":"2022-09-10"},{"lineNumber":4,"author":{"gitId":"wilsonngja"},"content":"    public NoSpecificDeadlineException() {","lastModifiedDate":"2022-09-10"},{"lineNumber":5,"author":{"gitId":"wilsonngja"},"content":"","lastModifiedDate":"2022-09-10"},{"lineNumber":6,"author":{"gitId":"wilsonngja"},"content":"    }","lastModifiedDate":"2022-09-10"},{"lineNumber":7,"author":{"gitId":"wilsonngja"},"content":"}","lastModifiedDate":"2022-09-10"}],"authorContributionMap":{"wilsonngja":7}},{"path":"src/main/java/duke/task/Deadline.java","fileType":"java","lines":[{"lineNumber":1,"author":{"gitId":"wilsonngja"},"content":"package duke.task;","lastModifiedDate":"2022-09-04"},{"lineNumber":2,"author":{"gitId":"wilsonngja"},"content":"","lastModifiedDate":"2022-09-04"},{"lineNumber":3,"author":{"gitId":"wilsonngja"},"content":"import duke.EmptyDescriptionException;","lastModifiedDate":"2022-09-04"},{"lineNumber":4,"author":{"gitId":"wilsonngja"},"content":"import duke.NoSpecficTimeException;","lastModifiedDate":"2022-09-10"},{"lineNumber":5,"author":{"gitId":"wilsonngja"},"content":"import duke.NoSpecificDeadlineException;","lastModifiedDate":"2022-09-10"},{"lineNumber":6,"author":{"gitId":"wilsonngja"},"content":"import duke.task.Task;","lastModifiedDate":"2022-09-04"},{"lineNumber":7,"author":{"gitId":"wilsonngja"},"content":"","lastModifiedDate":"2022-09-04"},{"lineNumber":8,"author":{"gitId":"wilsonngja"},"content":"import java.io.FileWriter;","lastModifiedDate":"2022-09-11"},{"lineNumber":9,"author":{"gitId":"wilsonngja"},"content":"import java.io.IOException;","lastModifiedDate":"2022-09-11"},{"lineNumber":10,"author":{"gitId":"wilsonngja"},"content":"","lastModifiedDate":"2022-09-11"},{"lineNumber":11,"author":{"gitId":"wilsonngja"},"content":"public class Deadline extends Task {","lastModifiedDate":"2022-08-28"},{"lineNumber":12,"author":{"gitId":"wilsonngja"},"content":"    private static String filePath \u003d \"test.txt\";","lastModifiedDate":"2022-09-11"},{"lineNumber":13,"author":{"gitId":"wilsonngja"},"content":"","lastModifiedDate":"2022-09-11"},{"lineNumber":14,"author":{"gitId":"wilsonngja"},"content":"    public Deadline(String task) throws EmptyDescriptionException, NoSpecificDeadlineException, NoSpecficTimeException {","lastModifiedDate":"2022-09-10"},{"lineNumber":15,"author":{"gitId":"wilsonngja"},"content":"     // Call constructor of super class and change formatting to braces","lastModifiedDate":"2022-08-28"},{"lineNumber":16,"author":{"gitId":"wilsonngja"},"content":"        super(task.replace(\"/by\", \"(by:\") + \")\");","lastModifiedDate":"2022-08-28"},{"lineNumber":17,"author":{"gitId":"wilsonngja"},"content":"","lastModifiedDate":"2022-09-11"},{"lineNumber":18,"author":{"gitId":"wilsonngja"},"content":"    }","lastModifiedDate":"2022-08-28"},{"lineNumber":19,"author":{"gitId":"wilsonngja"},"content":"","lastModifiedDate":"2022-08-28"},{"lineNumber":20,"author":{"gitId":"wilsonngja"},"content":"    @Override","lastModifiedDate":"2022-08-28"},{"lineNumber":21,"author":{"gitId":"wilsonngja"},"content":"    public void printTask(int index) {","lastModifiedDate":"2022-08-28"},{"lineNumber":22,"author":{"gitId":"wilsonngja"},"content":"        // Overridden method to print deadlines with [D]","lastModifiedDate":"2022-08-28"},{"lineNumber":23,"author":{"gitId":"wilsonngja"},"content":"        System.out.println((index + 1) + \". [D][\" + getStatusIcon() + \"] \" + getTask());","lastModifiedDate":"2022-08-28"},{"lineNumber":24,"author":{"gitId":"wilsonngja"},"content":"    }","lastModifiedDate":"2022-08-28"},{"lineNumber":25,"author":{"gitId":"wilsonngja"},"content":"","lastModifiedDate":"2022-09-11"},{"lineNumber":26,"author":{"gitId":"wilsonngja"},"content":"}","lastModifiedDate":"2022-08-28"}],"authorContributionMap":{"wilsonngja":26}},{"path":"src/main/java/duke/task/Event.java","fileType":"java","lines":[{"lineNumber":1,"author":{"gitId":"wilsonngja"},"content":"package duke.task;","lastModifiedDate":"2022-09-04"},{"lineNumber":2,"author":{"gitId":"wilsonngja"},"content":"","lastModifiedDate":"2022-09-04"},{"lineNumber":3,"author":{"gitId":"wilsonngja"},"content":"import duke.EmptyDescriptionException;","lastModifiedDate":"2022-09-04"},{"lineNumber":4,"author":{"gitId":"wilsonngja"},"content":"import duke.NoSpecficTimeException;","lastModifiedDate":"2022-09-10"},{"lineNumber":5,"author":{"gitId":"wilsonngja"},"content":"import duke.NoSpecificDeadlineException;","lastModifiedDate":"2022-09-10"},{"lineNumber":6,"author":{"gitId":"wilsonngja"},"content":"import duke.task.Task;","lastModifiedDate":"2022-09-04"},{"lineNumber":7,"author":{"gitId":"wilsonngja"},"content":"","lastModifiedDate":"2022-09-04"},{"lineNumber":8,"author":{"gitId":"wilsonngja"},"content":"import java.io.FileWriter;","lastModifiedDate":"2022-09-11"},{"lineNumber":9,"author":{"gitId":"wilsonngja"},"content":"import java.io.IOException;","lastModifiedDate":"2022-09-11"},{"lineNumber":10,"author":{"gitId":"wilsonngja"},"content":"","lastModifiedDate":"2022-09-11"},{"lineNumber":11,"author":{"gitId":"wilsonngja"},"content":"public class Event extends Task {","lastModifiedDate":"2022-08-28"},{"lineNumber":12,"author":{"gitId":"wilsonngja"},"content":"    private static String filePath \u003d \"test.txt\";","lastModifiedDate":"2022-09-11"},{"lineNumber":13,"author":{"gitId":"wilsonngja"},"content":"","lastModifiedDate":"2022-09-11"},{"lineNumber":14,"author":{"gitId":"wilsonngja"},"content":"    public Event(String task) throws EmptyDescriptionException, NoSpecificDeadlineException, NoSpecficTimeException {","lastModifiedDate":"2022-09-10"},{"lineNumber":15,"author":{"gitId":"wilsonngja"},"content":"        // Call constructor for superclass and change formatting to brackets","lastModifiedDate":"2022-08-28"},{"lineNumber":16,"author":{"gitId":"wilsonngja"},"content":"        super(task.replace(\"/at\", \"(at:\") + \")\");","lastModifiedDate":"2022-08-28"},{"lineNumber":17,"author":{"gitId":"wilsonngja"},"content":"    }","lastModifiedDate":"2022-08-28"},{"lineNumber":18,"author":{"gitId":"wilsonngja"},"content":"","lastModifiedDate":"2022-08-28"},{"lineNumber":19,"author":{"gitId":"wilsonngja"},"content":"    @Override","lastModifiedDate":"2022-08-28"},{"lineNumber":20,"author":{"gitId":"wilsonngja"},"content":"    public void printTask(int index) {","lastModifiedDate":"2022-08-28"},{"lineNumber":21,"author":{"gitId":"wilsonngja"},"content":"        // Overridden method to print [E] for event type of task","lastModifiedDate":"2022-08-28"},{"lineNumber":22,"author":{"gitId":"wilsonngja"},"content":"        System.out.println((index + 1) + \". [E][\" + getStatusIcon() + \"] \" + getTask());","lastModifiedDate":"2022-08-28"},{"lineNumber":23,"author":{"gitId":"wilsonngja"},"content":"    }","lastModifiedDate":"2022-08-28"},{"lineNumber":24,"author":{"gitId":"wilsonngja"},"content":"","lastModifiedDate":"2022-09-11"},{"lineNumber":25,"author":{"gitId":"wilsonngja"},"content":"    private static void appendToFile(String text) throws IOException {","lastModifiedDate":"2022-09-11"},{"lineNumber":26,"author":{"gitId":"wilsonngja"},"content":"        try {","lastModifiedDate":"2022-09-11"},{"lineNumber":27,"author":{"gitId":"wilsonngja"},"content":"            FileWriter fw \u003d new FileWriter(filePath, true); // create a FileWriter in append mode","lastModifiedDate":"2022-09-11"},{"lineNumber":28,"author":{"gitId":"wilsonngja"},"content":"            fw.write(text + System.lineSeparator());","lastModifiedDate":"2022-09-11"},{"lineNumber":29,"author":{"gitId":"wilsonngja"},"content":"            fw.close();","lastModifiedDate":"2022-09-11"},{"lineNumber":30,"author":{"gitId":"wilsonngja"},"content":"        } catch (IOException exception) {","lastModifiedDate":"2022-09-11"},{"lineNumber":31,"author":{"gitId":"wilsonngja"},"content":"            System.out.println(\"Error writing to file.\");","lastModifiedDate":"2022-09-11"},{"lineNumber":32,"author":{"gitId":"wilsonngja"},"content":"        }","lastModifiedDate":"2022-09-11"},{"lineNumber":33,"author":{"gitId":"wilsonngja"},"content":"    }","lastModifiedDate":"2022-09-11"},{"lineNumber":34,"author":{"gitId":"wilsonngja"},"content":"}","lastModifiedDate":"2022-08-28"}],"authorContributionMap":{"wilsonngja":34}},{"path":"src/main/java/duke/task/Task.java","fileType":"java","lines":[{"lineNumber":1,"author":{"gitId":"wilsonngja"},"content":"package duke.task;","lastModifiedDate":"2022-09-04"},{"lineNumber":2,"author":{"gitId":"wilsonngja"},"content":"","lastModifiedDate":"2022-09-04"},{"lineNumber":3,"author":{"gitId":"wilsonngja"},"content":"import duke.EmptyDescriptionException;","lastModifiedDate":"2022-09-04"},{"lineNumber":4,"author":{"gitId":"wilsonngja"},"content":"import duke.NoSpecficTimeException;","lastModifiedDate":"2022-09-10"},{"lineNumber":5,"author":{"gitId":"wilsonngja"},"content":"import duke.NoSpecificDeadlineException;","lastModifiedDate":"2022-09-10"},{"lineNumber":6,"author":{"gitId":"wilsonngja"},"content":"","lastModifiedDate":"2022-09-04"},{"lineNumber":7,"author":{"gitId":"wilsonngja"},"content":"import javax.swing.*;","lastModifiedDate":"2022-09-11"},{"lineNumber":8,"author":{"gitId":"wilsonngja"},"content":"import java.io.FileWriter;","lastModifiedDate":"2022-09-11"},{"lineNumber":9,"author":{"gitId":"wilsonngja"},"content":"import java.io.IOException;","lastModifiedDate":"2022-09-11"},{"lineNumber":10,"author":{"gitId":"wilsonngja"},"content":"","lastModifiedDate":"2022-09-11"},{"lineNumber":11,"author":{"gitId":"wilsonngja"},"content":"public class Task {","lastModifiedDate":"2022-08-20"},{"lineNumber":12,"author":{"gitId":"wilsonngja"},"content":"    protected String task;","lastModifiedDate":"2022-08-20"},{"lineNumber":13,"author":{"gitId":"wilsonngja"},"content":"    protected boolean isDone;","lastModifiedDate":"2022-08-20"},{"lineNumber":14,"author":{"gitId":"wilsonngja"},"content":"    //Constructor","lastModifiedDate":"2022-08-28"},{"lineNumber":15,"author":{"gitId":"wilsonngja"},"content":"    public Task(String task) throws EmptyDescriptionException, NoSpecificDeadlineException, NoSpecficTimeException {","lastModifiedDate":"2022-09-10"},{"lineNumber":16,"author":{"gitId":"wilsonngja"},"content":"        boolean isEmpty \u003d (task.length() \u003d\u003d 0);","lastModifiedDate":"2022-09-10"},{"lineNumber":17,"author":{"gitId":"wilsonngja"},"content":"        boolean isDeadline \u003d this.getClass().getSimpleName().equals(\"Deadline\");","lastModifiedDate":"2022-09-10"},{"lineNumber":18,"author":{"gitId":"wilsonngja"},"content":"        boolean isEvent \u003d this.getClass().getSimpleName().equals(\"Event\");","lastModifiedDate":"2022-09-10"},{"lineNumber":19,"author":{"gitId":"wilsonngja"},"content":"","lastModifiedDate":"2022-09-04"},{"lineNumber":20,"author":{"gitId":"wilsonngja"},"content":"","lastModifiedDate":"2022-09-11"},{"lineNumber":21,"author":{"gitId":"wilsonngja"},"content":"        if (isEmpty) {","lastModifiedDate":"2022-09-04"},{"lineNumber":22,"author":{"gitId":"wilsonngja"},"content":"            throw new EmptyDescriptionException();","lastModifiedDate":"2022-09-04"},{"lineNumber":23,"author":{"gitId":"wilsonngja"},"content":"        } else {","lastModifiedDate":"2022-09-04"},{"lineNumber":24,"author":{"gitId":"wilsonngja"},"content":"            // Initialise task and print completion message","lastModifiedDate":"2022-09-04"},{"lineNumber":25,"author":{"gitId":"wilsonngja"},"content":"            if (isDeadline) {","lastModifiedDate":"2022-09-10"},{"lineNumber":26,"author":{"gitId":"wilsonngja"},"content":"                boolean hasDeadline \u003d task.contains(\"(by:\");","lastModifiedDate":"2022-09-10"},{"lineNumber":27,"author":{"gitId":"wilsonngja"},"content":"                if (!hasDeadline) {","lastModifiedDate":"2022-09-10"},{"lineNumber":28,"author":{"gitId":"wilsonngja"},"content":"                    throw new NoSpecificDeadlineException();","lastModifiedDate":"2022-09-10"},{"lineNumber":29,"author":{"gitId":"wilsonngja"},"content":"                } else {","lastModifiedDate":"2022-09-10"},{"lineNumber":30,"author":{"gitId":"wilsonngja"},"content":"                    this.task \u003d task;","lastModifiedDate":"2022-09-10"},{"lineNumber":31,"author":{"gitId":"wilsonngja"},"content":"                }","lastModifiedDate":"2022-09-10"},{"lineNumber":32,"author":{"gitId":"wilsonngja"},"content":"            } else if (isEvent) {","lastModifiedDate":"2022-09-10"},{"lineNumber":33,"author":{"gitId":"wilsonngja"},"content":"                boolean hasTime \u003d task.contains(\"(at:\");","lastModifiedDate":"2022-09-10"},{"lineNumber":34,"author":{"gitId":"wilsonngja"},"content":"                if (!hasTime) {","lastModifiedDate":"2022-09-10"},{"lineNumber":35,"author":{"gitId":"wilsonngja"},"content":"                    throw new NoSpecficTimeException();","lastModifiedDate":"2022-09-10"},{"lineNumber":36,"author":{"gitId":"wilsonngja"},"content":"                } else {","lastModifiedDate":"2022-09-10"},{"lineNumber":37,"author":{"gitId":"wilsonngja"},"content":"                    this.task \u003d task;","lastModifiedDate":"2022-09-10"},{"lineNumber":38,"author":{"gitId":"wilsonngja"},"content":"                }","lastModifiedDate":"2022-09-10"},{"lineNumber":39,"author":{"gitId":"wilsonngja"},"content":"            } else {","lastModifiedDate":"2022-09-10"},{"lineNumber":40,"author":{"gitId":"wilsonngja"},"content":"                this.task \u003d task;","lastModifiedDate":"2022-08-20"},{"lineNumber":41,"author":{"gitId":"wilsonngja"},"content":"","lastModifiedDate":"2022-08-20"},{"lineNumber":42,"author":{"gitId":"wilsonngja"},"content":"            }","lastModifiedDate":"2022-09-04"},{"lineNumber":43,"author":{"gitId":"wilsonngja"},"content":"            this.task \u003d task;","lastModifiedDate":"2022-08-20"},{"lineNumber":44,"author":{"gitId":"wilsonngja"},"content":"        }","lastModifiedDate":"2022-08-20"},{"lineNumber":45,"author":{"gitId":"wilsonngja"},"content":"    }","lastModifiedDate":"2022-09-10"},{"lineNumber":46,"author":{"gitId":"wilsonngja"},"content":"","lastModifiedDate":"2022-09-04"},{"lineNumber":47,"author":{"gitId":"wilsonngja"},"content":"    public String getTask() {","lastModifiedDate":"2022-08-20"},{"lineNumber":48,"author":{"gitId":"wilsonngja"},"content":"        // Return task","lastModifiedDate":"2022-08-28"},{"lineNumber":49,"author":{"gitId":"wilsonngja"},"content":"        return task;","lastModifiedDate":"2022-08-20"},{"lineNumber":50,"author":{"gitId":"wilsonngja"},"content":"    }","lastModifiedDate":"2022-08-20"},{"lineNumber":51,"author":{"gitId":"wilsonngja"},"content":"","lastModifiedDate":"2022-08-20"},{"lineNumber":52,"author":{"gitId":"wilsonngja"},"content":"    public String getStatusIcon() {","lastModifiedDate":"2022-08-20"},{"lineNumber":53,"author":{"gitId":"wilsonngja"},"content":"        // Return X if marked and empty if unmarked","lastModifiedDate":"2022-08-28"},{"lineNumber":54,"author":{"gitId":"wilsonngja"},"content":"        return (isDone? \"X\" : \" \");","lastModifiedDate":"2022-08-20"},{"lineNumber":55,"author":{"gitId":"wilsonngja"},"content":"    }","lastModifiedDate":"2022-08-20"},{"lineNumber":56,"author":{"gitId":"wilsonngja"},"content":"","lastModifiedDate":"2022-08-20"},{"lineNumber":57,"author":{"gitId":"wilsonngja"},"content":"    public void setStatusIcon(String status) {","lastModifiedDate":"2022-08-20"},{"lineNumber":58,"author":{"gitId":"wilsonngja"},"content":"        // If it\u0027s marked, isDone is changed to true and false if unmarked","lastModifiedDate":"2022-08-28"},{"lineNumber":59,"author":{"gitId":"wilsonngja"},"content":"        if (status.equals(\"mark\")) {","lastModifiedDate":"2022-08-20"},{"lineNumber":60,"author":{"gitId":"wilsonngja"},"content":"            isDone \u003d true;","lastModifiedDate":"2022-08-20"},{"lineNumber":61,"author":{"gitId":"wilsonngja"},"content":"        } else {","lastModifiedDate":"2022-08-20"},{"lineNumber":62,"author":{"gitId":"wilsonngja"},"content":"            isDone \u003d false;","lastModifiedDate":"2022-08-20"},{"lineNumber":63,"author":{"gitId":"wilsonngja"},"content":"        }","lastModifiedDate":"2022-08-20"},{"lineNumber":64,"author":{"gitId":"wilsonngja"},"content":"    }","lastModifiedDate":"2022-08-20"},{"lineNumber":65,"author":{"gitId":"wilsonngja"},"content":"    public void printTask(int index) {","lastModifiedDate":"2022-08-28"},{"lineNumber":66,"author":{"gitId":"wilsonngja"},"content":"        // Print the task in numbered list format.","lastModifiedDate":"2022-08-28"},{"lineNumber":67,"author":{"gitId":"wilsonngja"},"content":"        System.out.println((index + 1) + \". [\" + getStatusIcon() + \"] \" + getTask());","lastModifiedDate":"2022-08-28"},{"lineNumber":68,"author":{"gitId":"wilsonngja"},"content":"    }","lastModifiedDate":"2022-08-28"},{"lineNumber":69,"author":{"gitId":"wilsonngja"},"content":"","lastModifiedDate":"2022-08-28"},{"lineNumber":70,"author":{"gitId":"wilsonngja"},"content":"","lastModifiedDate":"2022-08-28"},{"lineNumber":71,"author":{"gitId":"wilsonngja"},"content":"}","lastModifiedDate":"2022-08-20"}],"authorContributionMap":{"wilsonngja":71}},{"path":"src/main/java/duke/task/Todo.java","fileType":"java","lines":[{"lineNumber":1,"author":{"gitId":"wilsonngja"},"content":"package duke.task;","lastModifiedDate":"2022-09-04"},{"lineNumber":2,"author":{"gitId":"wilsonngja"},"content":"","lastModifiedDate":"2022-09-04"},{"lineNumber":3,"author":{"gitId":"wilsonngja"},"content":"import duke.EmptyDescriptionException;","lastModifiedDate":"2022-09-04"},{"lineNumber":4,"author":{"gitId":"wilsonngja"},"content":"import duke.NoSpecficTimeException;","lastModifiedDate":"2022-09-10"},{"lineNumber":5,"author":{"gitId":"wilsonngja"},"content":"import duke.NoSpecificDeadlineException;","lastModifiedDate":"2022-09-10"},{"lineNumber":6,"author":{"gitId":"wilsonngja"},"content":"import duke.task.Task;","lastModifiedDate":"2022-09-04"},{"lineNumber":7,"author":{"gitId":"wilsonngja"},"content":"","lastModifiedDate":"2022-09-04"},{"lineNumber":8,"author":{"gitId":"wilsonngja"},"content":"import java.io.FileWriter;","lastModifiedDate":"2022-09-11"},{"lineNumber":9,"author":{"gitId":"wilsonngja"},"content":"import java.io.IOException;","lastModifiedDate":"2022-09-11"},{"lineNumber":10,"author":{"gitId":"wilsonngja"},"content":"","lastModifiedDate":"2022-09-11"},{"lineNumber":11,"author":{"gitId":"wilsonngja"},"content":"public class  Todo extends Task {","lastModifiedDate":"2022-08-28"},{"lineNumber":12,"author":{"gitId":"wilsonngja"},"content":"    private static String filePath \u003d \"test.txt\";","lastModifiedDate":"2022-09-11"},{"lineNumber":13,"author":{"gitId":"wilsonngja"},"content":"","lastModifiedDate":"2022-08-28"},{"lineNumber":14,"author":{"gitId":"wilsonngja"},"content":"    public Todo(String task) throws EmptyDescriptionException, NoSpecificDeadlineException, NoSpecficTimeException {","lastModifiedDate":"2022-09-10"},{"lineNumber":15,"author":{"gitId":"wilsonngja"},"content":"        // Call constructor of superclass and print ou task added","lastModifiedDate":"2022-08-28"},{"lineNumber":16,"author":{"gitId":"wilsonngja"},"content":"        super(task);","lastModifiedDate":"2022-08-28"},{"lineNumber":17,"author":{"gitId":"wilsonngja"},"content":"    }","lastModifiedDate":"2022-08-28"},{"lineNumber":18,"author":{"gitId":"wilsonngja"},"content":"","lastModifiedDate":"2022-08-28"},{"lineNumber":19,"author":{"gitId":"wilsonngja"},"content":"    @Override","lastModifiedDate":"2022-08-28"},{"lineNumber":20,"author":{"gitId":"wilsonngja"},"content":"    public void printTask(int index) {","lastModifiedDate":"2022-08-28"},{"lineNumber":21,"author":{"gitId":"wilsonngja"},"content":"        //Overridden method to print [T] for todo task","lastModifiedDate":"2022-08-28"},{"lineNumber":22,"author":{"gitId":"wilsonngja"},"content":"        System.out.println((index + 1) + \". [T][\" + getStatusIcon() + \"] \" + getTask());","lastModifiedDate":"2022-08-28"},{"lineNumber":23,"author":{"gitId":"wilsonngja"},"content":"    }","lastModifiedDate":"2022-08-28"},{"lineNumber":24,"author":{"gitId":"wilsonngja"},"content":"","lastModifiedDate":"2022-09-11"},{"lineNumber":25,"author":{"gitId":"wilsonngja"},"content":"    private static void appendToFile(String text) throws IOException {","lastModifiedDate":"2022-09-11"},{"lineNumber":26,"author":{"gitId":"wilsonngja"},"content":"        try {","lastModifiedDate":"2022-09-11"},{"lineNumber":27,"author":{"gitId":"wilsonngja"},"content":"            FileWriter fw \u003d new FileWriter(filePath, true); // create a FileWriter in append mode","lastModifiedDate":"2022-09-11"},{"lineNumber":28,"author":{"gitId":"wilsonngja"},"content":"            fw.write(text + System.lineSeparator());","lastModifiedDate":"2022-09-11"},{"lineNumber":29,"author":{"gitId":"wilsonngja"},"content":"            fw.close();","lastModifiedDate":"2022-09-11"},{"lineNumber":30,"author":{"gitId":"wilsonngja"},"content":"        } catch (IOException exception) {","lastModifiedDate":"2022-09-11"},{"lineNumber":31,"author":{"gitId":"wilsonngja"},"content":"            System.out.println(\"Error writing to file.\");","lastModifiedDate":"2022-09-11"},{"lineNumber":32,"author":{"gitId":"wilsonngja"},"content":"        }","lastModifiedDate":"2022-09-11"},{"lineNumber":33,"author":{"gitId":"wilsonngja"},"content":"    }","lastModifiedDate":"2022-09-11"},{"lineNumber":34,"author":{"gitId":"wilsonngja"},"content":"}","lastModifiedDate":"2022-08-28"}],"authorContributionMap":{"wilsonngja":34}},{"path":"text-ui-test/input.txt","fileType":"txt","lines":[{"lineNumber":1,"author":{"gitId":"wilsonngja"},"content":"todo read book","lastModifiedDate":"2022-08-28"},{"lineNumber":2,"author":{"gitId":"wilsonngja"},"content":"deadline return book /by June 6th","lastModifiedDate":"2022-08-28"},{"lineNumber":3,"author":{"gitId":"wilsonngja"},"content":"event project meeting /at Aug 6th 2-4pm","lastModifiedDate":"2022-08-28"},{"lineNumber":4,"author":{"gitId":"wilsonngja"},"content":"todo join sports club","lastModifiedDate":"2022-08-28"},{"lineNumber":5,"author":{"gitId":"wilsonngja"},"content":"list","lastModifiedDate":"2022-08-28"},{"lineNumber":6,"author":{"gitId":"wilsonngja"},"content":"mark 1","lastModifiedDate":"2022-08-28"},{"lineNumber":7,"author":{"gitId":"wilsonngja"},"content":"mark 4","lastModifiedDate":"2022-08-28"},{"lineNumber":8,"author":{"gitId":"wilsonngja"},"content":"todo borrow book","lastModifiedDate":"2022-08-28"},{"lineNumber":9,"author":{"gitId":"wilsonngja"},"content":"list","lastModifiedDate":"2022-08-28"},{"lineNumber":10,"author":{"gitId":"wilsonngja"},"content":"bye","lastModifiedDate":"2022-08-28"}],"authorContributionMap":{"wilsonngja":10}},{"path":"text-ui-test/runtest.sh","fileType":"sh","lines":[{"lineNumber":1,"author":{"gitId":"-"},"content":"#!/usr/bin/env bash","lastModifiedDate":"2020-05-25"},{"lineNumber":2,"author":{"gitId":"-"},"content":"","lastModifiedDate":"2020-05-25"},{"lineNumber":3,"author":{"gitId":"-"},"content":"# create bin directory if it doesn\u0027t exist","lastModifiedDate":"2020-05-25"},{"lineNumber":4,"author":{"gitId":"-"},"content":"if [ ! -d \"../bin\" ]","lastModifiedDate":"2020-05-25"},{"lineNumber":5,"author":{"gitId":"-"},"content":"then","lastModifiedDate":"2020-05-25"},{"lineNumber":6,"author":{"gitId":"-"},"content":"    mkdir ../bin","lastModifiedDate":"2020-05-25"},{"lineNumber":7,"author":{"gitId":"-"},"content":"fi","lastModifiedDate":"2020-05-25"},{"lineNumber":8,"author":{"gitId":"-"},"content":"","lastModifiedDate":"2020-05-25"},{"lineNumber":9,"author":{"gitId":"-"},"content":"# delete output from previous run","lastModifiedDate":"2020-05-25"},{"lineNumber":10,"author":{"gitId":"-"},"content":"if [ -e \"./ACTUAL.TXT\" ]","lastModifiedDate":"2020-05-25"},{"lineNumber":11,"author":{"gitId":"-"},"content":"then","lastModifiedDate":"2020-05-25"},{"lineNumber":12,"author":{"gitId":"-"},"content":"    rm ACTUAL.TXT","lastModifiedDate":"2020-05-25"},{"lineNumber":13,"author":{"gitId":"-"},"content":"fi","lastModifiedDate":"2020-05-25"},{"lineNumber":14,"author":{"gitId":"-"},"content":"","lastModifiedDate":"2020-05-25"},{"lineNumber":15,"author":{"gitId":"-"},"content":"# compile the code into the bin folder, terminates if error occurred","lastModifiedDate":"2020-05-25"},{"lineNumber":16,"author":{"gitId":"wilsonngja"},"content":"if ! javac -cp ../src/main/java -Xlint:none -d ../bin ../src/main/java/duke/*.java ../src/main/java/duke/task/*.java","lastModifiedDate":"2022-09-04"},{"lineNumber":17,"author":{"gitId":"-"},"content":"then","lastModifiedDate":"2020-05-25"},{"lineNumber":18,"author":{"gitId":"-"},"content":"    echo \"********** BUILD FAILURE **********\"","lastModifiedDate":"2020-05-25"},{"lineNumber":19,"author":{"gitId":"-"},"content":"    exit 1","lastModifiedDate":"2020-05-25"},{"lineNumber":20,"author":{"gitId":"-"},"content":"fi","lastModifiedDate":"2020-05-25"},{"lineNumber":21,"author":{"gitId":"-"},"content":"","lastModifiedDate":"2020-05-25"},{"lineNumber":22,"author":{"gitId":"-"},"content":"# run the program, feed commands from input.txt file and redirect the output to the ACTUAL.TXT","lastModifiedDate":"2020-05-25"},{"lineNumber":23,"author":{"gitId":"wilsonngja"},"content":"java -classpath ../bin duke.Duke \u003c input.txt \u003e ACTUAL.TXT","lastModifiedDate":"2022-09-04"},{"lineNumber":24,"author":{"gitId":"-"},"content":"","lastModifiedDate":"2020-05-25"},{"lineNumber":25,"author":{"gitId":"-"},"content":"# convert to UNIX format","lastModifiedDate":"2020-05-25"},{"lineNumber":26,"author":{"gitId":"-"},"content":"cp EXPECTED.TXT EXPECTED-UNIX.TXT","lastModifiedDate":"2020-05-25"},{"lineNumber":27,"author":{"gitId":"-"},"content":"dos2unix ACTUAL.TXT EXPECTED-UNIX.TXT","lastModifiedDate":"2020-05-25"},{"lineNumber":28,"author":{"gitId":"-"},"content":"","lastModifiedDate":"2020-05-25"},{"lineNumber":29,"author":{"gitId":"-"},"content":"# compare the output to the expected output","lastModifiedDate":"2020-05-25"},{"lineNumber":30,"author":{"gitId":"-"},"content":"diff ACTUAL.TXT EXPECTED-UNIX.TXT","lastModifiedDate":"2020-05-25"},{"lineNumber":31,"author":{"gitId":"-"},"content":"if [ $? -eq 0 ]","lastModifiedDate":"2020-05-25"},{"lineNumber":32,"author":{"gitId":"-"},"content":"then","lastModifiedDate":"2020-05-25"},{"lineNumber":33,"author":{"gitId":"-"},"content":"    echo \"Test result: PASSED\"","lastModifiedDate":"2020-05-25"},{"lineNumber":34,"author":{"gitId":"-"},"content":"    exit 0","lastModifiedDate":"2020-05-25"},{"lineNumber":35,"author":{"gitId":"-"},"content":"else","lastModifiedDate":"2020-05-25"},{"lineNumber":36,"author":{"gitId":"-"},"content":"    echo \"Test result: FAILED\"","lastModifiedDate":"2020-05-25"},{"lineNumber":37,"author":{"gitId":"-"},"content":"    exit 1","lastModifiedDate":"2020-05-25"},{"lineNumber":38,"author":{"gitId":"-"},"content":"fi","lastModifiedDate":"2020-05-25"}],"authorContributionMap":{"wilsonngja":2,"-":36}}]
