{"authorDailyContributionsMap":{"wilsonngja":[{"date":"2022-08-14","commitResults":[{"hash":"5f4ff68f94a3610f84dacd12906ce6e2fe178c41","messageTitle":"Edit greeting message","messageBody":"","fileTypesAndContributionMap":{"java":{"insertions":14,"deletions":6}}}]},{"date":"2022-08-17","commitResults":[{"hash":"4cf63dfeb7adcf61c0272d1ae32e795801098e43","messageTitle":"Change logo","messageBody":"","tags":["Level-0"],"fileTypesAndContributionMap":{"java":{"insertions":13,"deletions":6}}}]},{"date":"2022-08-19","commitResults":[{"hash":"cd4c4df31ce846f0406730c6bd863bc62e24a749","messageTitle":"Add Echo Function","messageBody":"","tags":["Level-1"],"fileTypesAndContributionMap":{"java":{"insertions":12,"deletions":4}}}]},{"date":"2022-08-20","commitResults":[{"hash":"452ebebc403aaee4976b75993b3deb3b088d1e03","messageTitle":"Add \u0027List\u0027 and \u0027Add\u0027 function","messageBody":"","tags":["Level-2"],"fileTypesAndContributionMap":{"java":{"insertions":32,"deletions":15}}},{"hash":"f2b5967eb3e8ac006ac4cd4e16bf690cbec28c21","messageTitle":"Add \u0027mark\u0027 and \u0027unmark\u0027 feature","messageBody":"","tags":["Level-3"],"fileTypesAndContributionMap":{"java":{"insertions":46,"deletions":7}}}]},{"date":"2022-08-24","commitResults":[{"hash":"d4355a3d84eda06ba1db22a8900cc154a8488c09","messageTitle":"Fix coding standard error","messageBody":"","tags":["A-CodingStandard"],"fileTypesAndContributionMap":{"java":{"insertions":8,"deletions":7}}}]},{"date":"2022-08-28","commitResults":[{"hash":"1416600b6fba4a8042aca1dba14b54afc87b7137","messageTitle":"Add Todo, Deadline and Event support.","messageBody":"","fileTypesAndContributionMap":{"java":{"insertions":51,"deletions":5}}},{"hash":"e8480ca58219fbcdffa529f47d86b89d64437199","messageTitle":"Fix bug where command type is display in task","messageBody":"","tags":["Level-4"],"fileTypesAndContributionMap":{"java":{"insertions":20,"deletions":15}}},{"hash":"95ad9a0bef5e2b4a7989f8a31207b847e5fb8151","messageTitle":"Add automated text UI testing","messageBody":"","tags":["A-TextUiTesting"],"fileTypesAndContributionMap":{"txt":{"insertions":10,"deletions":0}}},{"hash":"02f4d538f190bbc94fedbee3eb78a8a0be260c3e","messageTitle":"Improve Coding Quality","messageBody":"","fileTypesAndContributionMap":{"java":{"insertions":90,"deletions":57}}},{"hash":"f222af976faa8dbab155e1f20f96e4e2b1e4be45","messageTitle":"Fix bug where list constantly stay at 0","messageBody":"","fileTypesAndContributionMap":{"java":{"insertions":13,"deletions":11}}},{"hash":"fc292972dfa7a446632fdc462eac8e4c0e694e37","messageTitle":"Edit mark feature to display task that is being marked/unmarked","messageBody":"","tags":["A-CodeQuality"],"fileTypesAndContributionMap":{"java":{"insertions":1,"deletions":0}}}]},{"date":"2022-09-04","commitResults":[{"hash":"a8522160bb1b24e4ae1a1bb95481087c9c104b44","messageTitle":"Include Error Handling","messageBody":"","tags":["Level-5","A-Exceptions"],"fileTypesAndContributionMap":{"java":{"insertions":95,"deletions":46}}},{"hash":"497976d7b74d5847ab6039078cca6dec43e19c4a","messageTitle":"Organise classes into packages","messageBody":"","tags":["A-Packages"],"fileTypesAndContributionMap":{"java":{"insertions":45,"deletions":8},"sh":{"insertions":3,"deletions":3}}}]},{"date":"2022-09-10","commitResults":[{"hash":"b6c3675fc8227c33eae3669e195282741b5944f4","messageTitle":"Add the function to delete tasks.","messageBody":"","tags":["Level-6","A-Collections"],"fileTypesAndContributionMap":{"java":{"insertions":121,"deletions":58}}}]},{"date":"2022-09-11","commitResults":[{"hash":"8b084730b7314410445ec676f98c97f3089e9a40","messageTitle":"Add Save function that save task automatically.","messageBody":"","tags":["Level-7"],"fileTypesAndContributionMap":{"txt":{"insertions":4,"deletions":0},"java":{"insertions":189,"deletions":22}}},{"hash":"0e284ce9c66802baff48da3e95e5341d4bc99d69","messageTitle":"Delete duke.txt","messageBody":"","fileTypesAndContributionMap":{"txt":{"insertions":0,"deletions":7}}},{"hash":"4516410963ca54c02794a1c553acc8eeb0cb0e63","messageTitle":"Change directory of text file","messageBody":"","fileTypesAndContributionMap":{"java":{"insertions":1,"deletions":1}}}]}]},"authorFileTypeContributionMap":{"wilsonngja":{"java":505,"md":0,"fxml":0,"sh":2,"bat":0,"gradle":0,"txt":10}},"authorContributionVariance":{"wilsonngja":5570.7705},"authorDisplayNameMap":{"wilsonngja":"CS2113-F11-1 WILS..G AN"}}
