[{"path":"data/dukefile.txt","fileType":"txt","lines":[{"lineNumber":1,"author":{"gitId":"chinhan99"},"content":"E | X | do this  |  tuesday morning ","lastModifiedDate":"2022-09-15"},{"lineNumber":2,"author":{"gitId":"chinhan99"},"content":"E |   | say hi to cat  |  monday ","lastModifiedDate":"2022-09-15"},{"lineNumber":3,"author":{"gitId":"chinhan99"},"content":"D | X | do homework  |  sunday ","lastModifiedDate":"2022-09-17"},{"lineNumber":4,"author":{"gitId":"chinhan99"},"content":"T |   | go have dinner ","lastModifiedDate":"2022-09-17"},{"lineNumber":5,"author":{"gitId":"chinhan99"},"content":"T | X | finish dinner ","lastModifiedDate":"2022-09-17"},{"lineNumber":6,"author":{"gitId":"chinhan99"},"content":"T |   | do shopping ","lastModifiedDate":"2022-09-17"}],"authorContributionMap":{"chinhan99":6}},{"path":"src/main/java/duke/Duke.java","fileType":"java","lines":[{"lineNumber":1,"author":{"gitId":"chinhan99"},"content":"package duke;","lastModifiedDate":"2022-09-04"},{"lineNumber":2,"author":{"gitId":"chinhan99"},"content":"","lastModifiedDate":"2022-09-04"},{"lineNumber":3,"author":{"gitId":"chinhan99"},"content":"","lastModifiedDate":"2022-09-15"},{"lineNumber":4,"author":{"gitId":"chinhan99"},"content":"import duke.file.Storage;","lastModifiedDate":"2022-09-17"},{"lineNumber":5,"author":{"gitId":"chinhan99"},"content":"import duke.taskings.Task;","lastModifiedDate":"2022-09-04"},{"lineNumber":6,"author":{"gitId":"chinhan99"},"content":"import duke.messages.Ui;","lastModifiedDate":"2022-09-17"},{"lineNumber":7,"author":{"gitId":"chinhan99"},"content":"","lastModifiedDate":"2022-09-04"},{"lineNumber":8,"author":{"gitId":"chinhan99"},"content":"import java.util.ArrayList;","lastModifiedDate":"2022-09-10"},{"lineNumber":9,"author":{"gitId":"chinhan99"},"content":"import java.util.Scanner;","lastModifiedDate":"2022-08-22"},{"lineNumber":10,"author":{"gitId":"chinhan99"},"content":"","lastModifiedDate":"2022-08-22"},{"lineNumber":11,"author":{"gitId":"chinhan99"},"content":"","lastModifiedDate":"2022-09-14"},{"lineNumber":12,"author":{"gitId":"chinhan99"},"content":"public class Duke {","lastModifiedDate":"2022-09-17"},{"lineNumber":13,"author":{"gitId":"chinhan99"},"content":"","lastModifiedDate":"2022-08-24"},{"lineNumber":14,"author":{"gitId":"chinhan99"},"content":"    static final boolean EXIT \u003d false;","lastModifiedDate":"2022-09-17"},{"lineNumber":15,"author":{"gitId":"chinhan99"},"content":"","lastModifiedDate":"2022-08-22"},{"lineNumber":16,"author":{"gitId":"chinhan99"},"content":"","lastModifiedDate":"2022-09-04"},{"lineNumber":17,"author":{"gitId":"-"},"content":"    public static void main(String[] args) {","lastModifiedDate":"2019-07-29"},{"lineNumber":18,"author":{"gitId":"chinhan99"},"content":"","lastModifiedDate":"2022-08-31"},{"lineNumber":19,"author":{"gitId":"chinhan99"},"content":"        // array storing the Task objects.","lastModifiedDate":"2022-09-07"},{"lineNumber":20,"author":{"gitId":"chinhan99"},"content":"        ArrayList\u003cTask\u003e tasks \u003d new ArrayList\u003cTask\u003e();","lastModifiedDate":"2022-09-10"},{"lineNumber":21,"author":{"gitId":"chinhan99"},"content":"","lastModifiedDate":"2022-08-24"},{"lineNumber":22,"author":{"gitId":"chinhan99"},"content":"        String inData;","lastModifiedDate":"2022-08-22"},{"lineNumber":23,"author":{"gitId":"chinhan99"},"content":"        Scanner scan \u003d new Scanner(System.in);","lastModifiedDate":"2022-08-22"},{"lineNumber":24,"author":{"gitId":"chinhan99"},"content":"        Ui.greet();","lastModifiedDate":"2022-09-17"},{"lineNumber":25,"author":{"gitId":"chinhan99"},"content":"        Storage.initialiseFile(tasks);","lastModifiedDate":"2022-09-17"},{"lineNumber":26,"author":{"gitId":"chinhan99"},"content":"        Ui.displayLineDivider();","lastModifiedDate":"2022-09-17"},{"lineNumber":27,"author":{"gitId":"chinhan99"},"content":"","lastModifiedDate":"2022-08-22"},{"lineNumber":28,"author":{"gitId":"chinhan99"},"content":"        while (true) {","lastModifiedDate":"2022-08-31"},{"lineNumber":29,"author":{"gitId":"chinhan99"},"content":"            // continuously receive user input","lastModifiedDate":"2022-08-31"},{"lineNumber":30,"author":{"gitId":"chinhan99"},"content":"            String command \u003d \"\";","lastModifiedDate":"2022-09-14"},{"lineNumber":31,"author":{"gitId":"chinhan99"},"content":"            inData \u003d scan.nextLine();","lastModifiedDate":"2022-08-22"},{"lineNumber":32,"author":{"gitId":"chinhan99"},"content":"            inData \u003d inData.trim();","lastModifiedDate":"2022-09-14"},{"lineNumber":33,"author":{"gitId":"chinhan99"},"content":"","lastModifiedDate":"2022-09-15"},{"lineNumber":34,"author":{"gitId":"chinhan99"},"content":"            if (Parser.processInput(inData, tasks) \u003d\u003d EXIT) {","lastModifiedDate":"2022-09-17"},{"lineNumber":35,"author":{"gitId":"chinhan99"},"content":"                break;","lastModifiedDate":"2022-09-17"},{"lineNumber":36,"author":{"gitId":"chinhan99"},"content":"            }","lastModifiedDate":"2022-08-22"},{"lineNumber":37,"author":{"gitId":"chinhan99"},"content":"","lastModifiedDate":"2022-09-17"},{"lineNumber":38,"author":{"gitId":"chinhan99"},"content":"        }","lastModifiedDate":"2022-08-22"},{"lineNumber":39,"author":{"gitId":"-"},"content":"    }","lastModifiedDate":"2019-07-29"},{"lineNumber":40,"author":{"gitId":"-"},"content":"}","lastModifiedDate":"2019-07-29"}],"authorContributionMap":{"chinhan99":37,"-":3}},{"path":"src/main/java/duke/Parser.java","fileType":"java","lines":[{"lineNumber":1,"author":{"gitId":"chinhan99"},"content":"package duke;","lastModifiedDate":"2022-09-17"},{"lineNumber":2,"author":{"gitId":"chinhan99"},"content":"","lastModifiedDate":"2022-09-17"},{"lineNumber":3,"author":{"gitId":"chinhan99"},"content":"import duke.taskings.Task;","lastModifiedDate":"2022-09-17"},{"lineNumber":4,"author":{"gitId":"chinhan99"},"content":"import duke.taskings.TaskList;","lastModifiedDate":"2022-09-17"},{"lineNumber":5,"author":{"gitId":"chinhan99"},"content":"import duke.messages.Ui;","lastModifiedDate":"2022-09-17"},{"lineNumber":6,"author":{"gitId":"chinhan99"},"content":"","lastModifiedDate":"2022-09-17"},{"lineNumber":7,"author":{"gitId":"chinhan99"},"content":"import java.util.ArrayList;","lastModifiedDate":"2022-09-17"},{"lineNumber":8,"author":{"gitId":"chinhan99"},"content":"","lastModifiedDate":"2022-09-17"},{"lineNumber":9,"author":{"gitId":"chinhan99"},"content":"public class Parser {","lastModifiedDate":"2022-09-17"},{"lineNumber":10,"author":{"gitId":"chinhan99"},"content":"    /**","lastModifiedDate":"2022-09-17"},{"lineNumber":11,"author":{"gitId":"chinhan99"},"content":"     * Returns the number of words within a string.","lastModifiedDate":"2022-09-17"},{"lineNumber":12,"author":{"gitId":"chinhan99"},"content":"     *","lastModifiedDate":"2022-09-17"},{"lineNumber":13,"author":{"gitId":"chinhan99"},"content":"     * @param input the string input from the user","lastModifiedDate":"2022-09-17"},{"lineNumber":14,"author":{"gitId":"chinhan99"},"content":"     * @return the number of words in the string","lastModifiedDate":"2022-09-17"},{"lineNumber":15,"author":{"gitId":"chinhan99"},"content":"     */","lastModifiedDate":"2022-09-17"},{"lineNumber":16,"author":{"gitId":"chinhan99"},"content":"    public static int getNumOfWords(String input) {","lastModifiedDate":"2022-09-17"},{"lineNumber":17,"author":{"gitId":"chinhan99"},"content":"        if (input \u003d\u003d null || input.isEmpty()) {","lastModifiedDate":"2022-09-17"},{"lineNumber":18,"author":{"gitId":"chinhan99"},"content":"            return 0;","lastModifiedDate":"2022-09-17"},{"lineNumber":19,"author":{"gitId":"chinhan99"},"content":"        }","lastModifiedDate":"2022-09-17"},{"lineNumber":20,"author":{"gitId":"chinhan99"},"content":"        String[] words \u003d input.split(\"\\\\s+\");","lastModifiedDate":"2022-09-17"},{"lineNumber":21,"author":{"gitId":"chinhan99"},"content":"        return words.length;","lastModifiedDate":"2022-09-17"},{"lineNumber":22,"author":{"gitId":"chinhan99"},"content":"    }","lastModifiedDate":"2022-09-17"},{"lineNumber":23,"author":{"gitId":"chinhan99"},"content":"","lastModifiedDate":"2022-09-17"},{"lineNumber":24,"author":{"gitId":"chinhan99"},"content":"    public static boolean processInput(String inData, ArrayList\u003cTask\u003e tasks) {","lastModifiedDate":"2022-09-17"},{"lineNumber":25,"author":{"gitId":"chinhan99"},"content":"","lastModifiedDate":"2022-09-17"},{"lineNumber":26,"author":{"gitId":"chinhan99"},"content":"        if (inData.equals(\"help\")) {","lastModifiedDate":"2022-09-17"},{"lineNumber":27,"author":{"gitId":"chinhan99"},"content":"            Ui.getHelp();","lastModifiedDate":"2022-09-17"},{"lineNumber":28,"author":{"gitId":"chinhan99"},"content":"        } else if (inData.equals(\"list\")) {","lastModifiedDate":"2022-09-17"},{"lineNumber":29,"author":{"gitId":"chinhan99"},"content":"            //print entire list if input is equal to \"list\"","lastModifiedDate":"2022-09-17"},{"lineNumber":30,"author":{"gitId":"chinhan99"},"content":"            TaskList.getList(tasks);","lastModifiedDate":"2022-09-17"},{"lineNumber":31,"author":{"gitId":"chinhan99"},"content":"        } else if (inData.equals((\"bye\"))) {","lastModifiedDate":"2022-09-17"},{"lineNumber":32,"author":{"gitId":"chinhan99"},"content":"            Ui.showExit();","lastModifiedDate":"2022-09-17"},{"lineNumber":33,"author":{"gitId":"chinhan99"},"content":"            return false; //exit loop","lastModifiedDate":"2022-09-17"},{"lineNumber":34,"author":{"gitId":"chinhan99"},"content":"        } else if (inData.isBlank() || inData.isEmpty()) {","lastModifiedDate":"2022-09-17"},{"lineNumber":35,"author":{"gitId":"chinhan99"},"content":"            Ui.showWrongCommand();","lastModifiedDate":"2022-09-17"},{"lineNumber":36,"author":{"gitId":"chinhan99"},"content":"        } else if (inData.contains(\" \")) {","lastModifiedDate":"2022-09-17"},{"lineNumber":37,"author":{"gitId":"chinhan99"},"content":"            //further parse the user input for user taskings","lastModifiedDate":"2022-09-17"},{"lineNumber":38,"author":{"gitId":"chinhan99"},"content":"            int numOfWords \u003d getNumOfWords(inData);","lastModifiedDate":"2022-09-17"},{"lineNumber":39,"author":{"gitId":"chinhan99"},"content":"            String command \u003d inData.split(\" \")[0];","lastModifiedDate":"2022-09-17"},{"lineNumber":40,"author":{"gitId":"chinhan99"},"content":"            String[] userInput \u003d inData.split(\" \");","lastModifiedDate":"2022-09-17"},{"lineNumber":41,"author":{"gitId":"chinhan99"},"content":"            StringBuilder synthesizedArr \u003d new StringBuilder();","lastModifiedDate":"2022-09-17"},{"lineNumber":42,"author":{"gitId":"chinhan99"},"content":"            for (int i \u003d 1; i \u003c numOfWords; i +\u003d 1) {","lastModifiedDate":"2022-09-17"},{"lineNumber":43,"author":{"gitId":"chinhan99"},"content":"                synthesizedArr.append(userInput[i]).append(\" \");","lastModifiedDate":"2022-09-17"},{"lineNumber":44,"author":{"gitId":"chinhan99"},"content":"            }","lastModifiedDate":"2022-09-17"},{"lineNumber":45,"author":{"gitId":"chinhan99"},"content":"            String taskDescription \u003d synthesizedArr.toString();","lastModifiedDate":"2022-09-17"},{"lineNumber":46,"author":{"gitId":"chinhan99"},"content":"            switch (command) {","lastModifiedDate":"2022-09-17"},{"lineNumber":47,"author":{"gitId":"chinhan99"},"content":"            case \"mark\":","lastModifiedDate":"2022-09-17"},{"lineNumber":48,"author":{"gitId":"chinhan99"},"content":"                TaskList.processCommand(tasks, numOfWords, \"mark\", userInput);","lastModifiedDate":"2022-09-17"},{"lineNumber":49,"author":{"gitId":"chinhan99"},"content":"                break;","lastModifiedDate":"2022-09-17"},{"lineNumber":50,"author":{"gitId":"chinhan99"},"content":"            case \"unmark\":","lastModifiedDate":"2022-09-17"},{"lineNumber":51,"author":{"gitId":"chinhan99"},"content":"                TaskList.processCommand(tasks, numOfWords, \"unmark\", userInput);","lastModifiedDate":"2022-09-17"},{"lineNumber":52,"author":{"gitId":"chinhan99"},"content":"                break;","lastModifiedDate":"2022-09-17"},{"lineNumber":53,"author":{"gitId":"chinhan99"},"content":"            case \"delete\":","lastModifiedDate":"2022-09-17"},{"lineNumber":54,"author":{"gitId":"chinhan99"},"content":"                TaskList.processCommand(tasks, numOfWords, \"delete\", userInput);","lastModifiedDate":"2022-09-17"},{"lineNumber":55,"author":{"gitId":"chinhan99"},"content":"                break;","lastModifiedDate":"2022-09-17"},{"lineNumber":56,"author":{"gitId":"chinhan99"},"content":"            case \"todo\":","lastModifiedDate":"2022-09-17"},{"lineNumber":57,"author":{"gitId":"chinhan99"},"content":"                TaskList.addTodo(tasks, taskDescription);","lastModifiedDate":"2022-09-17"},{"lineNumber":58,"author":{"gitId":"chinhan99"},"content":"                break;","lastModifiedDate":"2022-09-17"},{"lineNumber":59,"author":{"gitId":"chinhan99"},"content":"            case \"deadline\":","lastModifiedDate":"2022-09-17"},{"lineNumber":60,"author":{"gitId":"chinhan99"},"content":"                TaskList.addDeadline(tasks, taskDescription);","lastModifiedDate":"2022-09-17"},{"lineNumber":61,"author":{"gitId":"chinhan99"},"content":"                break;","lastModifiedDate":"2022-09-17"},{"lineNumber":62,"author":{"gitId":"chinhan99"},"content":"            case \"event\":","lastModifiedDate":"2022-09-17"},{"lineNumber":63,"author":{"gitId":"chinhan99"},"content":"                TaskList.addEvent(tasks, taskDescription);","lastModifiedDate":"2022-09-17"},{"lineNumber":64,"author":{"gitId":"chinhan99"},"content":"                break;","lastModifiedDate":"2022-09-17"},{"lineNumber":65,"author":{"gitId":"chinhan99"},"content":"            default:","lastModifiedDate":"2022-09-17"},{"lineNumber":66,"author":{"gitId":"chinhan99"},"content":"                Ui.showWrongCommand();","lastModifiedDate":"2022-09-17"},{"lineNumber":67,"author":{"gitId":"chinhan99"},"content":"","lastModifiedDate":"2022-09-17"},{"lineNumber":68,"author":{"gitId":"chinhan99"},"content":"            }","lastModifiedDate":"2022-09-17"},{"lineNumber":69,"author":{"gitId":"chinhan99"},"content":"        } else {","lastModifiedDate":"2022-09-17"},{"lineNumber":70,"author":{"gitId":"chinhan99"},"content":"            Ui.showWrongCommand();","lastModifiedDate":"2022-09-17"},{"lineNumber":71,"author":{"gitId":"chinhan99"},"content":"        }","lastModifiedDate":"2022-09-17"},{"lineNumber":72,"author":{"gitId":"chinhan99"},"content":"        return true;","lastModifiedDate":"2022-09-17"},{"lineNumber":73,"author":{"gitId":"chinhan99"},"content":"    }","lastModifiedDate":"2022-09-17"},{"lineNumber":74,"author":{"gitId":"chinhan99"},"content":"}","lastModifiedDate":"2022-09-17"}],"authorContributionMap":{"chinhan99":74}},{"path":"src/main/java/duke/exception/DukeException.java","fileType":"java","lines":[{"lineNumber":1,"author":{"gitId":"chinhan99"},"content":"package duke.exception;","lastModifiedDate":"2022-09-04"},{"lineNumber":2,"author":{"gitId":"chinhan99"},"content":"","lastModifiedDate":"2022-09-04"},{"lineNumber":3,"author":{"gitId":"chinhan99"},"content":"public class DukeException extends Exception {","lastModifiedDate":"2022-09-04"},{"lineNumber":4,"author":{"gitId":"chinhan99"},"content":"}","lastModifiedDate":"2022-09-04"}],"authorContributionMap":{"chinhan99":4}},{"path":"src/main/java/duke/file/Storage.java","fileType":"java","lines":[{"lineNumber":1,"author":{"gitId":"chinhan99"},"content":"package duke.file;","lastModifiedDate":"2022-09-13"},{"lineNumber":2,"author":{"gitId":"chinhan99"},"content":"","lastModifiedDate":"2022-09-13"},{"lineNumber":3,"author":{"gitId":"chinhan99"},"content":"import duke.taskings.Event;","lastModifiedDate":"2022-09-17"},{"lineNumber":4,"author":{"gitId":"chinhan99"},"content":"import duke.taskings.Task;","lastModifiedDate":"2022-09-13"},{"lineNumber":5,"author":{"gitId":"chinhan99"},"content":"import duke.taskings.Todo;","lastModifiedDate":"2022-09-13"},{"lineNumber":6,"author":{"gitId":"chinhan99"},"content":"import duke.taskings.Deadline;","lastModifiedDate":"2022-09-13"},{"lineNumber":7,"author":{"gitId":"chinhan99"},"content":"import duke.messages.Ui;","lastModifiedDate":"2022-09-17"},{"lineNumber":8,"author":{"gitId":"chinhan99"},"content":"","lastModifiedDate":"2022-09-13"},{"lineNumber":9,"author":{"gitId":"chinhan99"},"content":"import java.io.File;","lastModifiedDate":"2022-09-13"},{"lineNumber":10,"author":{"gitId":"chinhan99"},"content":"import java.io.FileNotFoundException;","lastModifiedDate":"2022-09-13"},{"lineNumber":11,"author":{"gitId":"chinhan99"},"content":"import java.io.FileWriter;","lastModifiedDate":"2022-09-13"},{"lineNumber":12,"author":{"gitId":"chinhan99"},"content":"import java.io.IOException;","lastModifiedDate":"2022-09-13"},{"lineNumber":13,"author":{"gitId":"chinhan99"},"content":"import java.util.ArrayList;","lastModifiedDate":"2022-09-13"},{"lineNumber":14,"author":{"gitId":"chinhan99"},"content":"import java.util.Scanner;","lastModifiedDate":"2022-09-13"},{"lineNumber":15,"author":{"gitId":"chinhan99"},"content":"","lastModifiedDate":"2022-09-13"},{"lineNumber":16,"author":{"gitId":"chinhan99"},"content":"public class Storage {","lastModifiedDate":"2022-09-17"},{"lineNumber":17,"author":{"gitId":"chinhan99"},"content":"","lastModifiedDate":"2022-09-13"},{"lineNumber":18,"author":{"gitId":"chinhan99"},"content":"","lastModifiedDate":"2022-09-13"},{"lineNumber":19,"author":{"gitId":"chinhan99"},"content":"    static final String MISSING_FILE \u003d \"MissingFile\";","lastModifiedDate":"2022-09-15"},{"lineNumber":20,"author":{"gitId":"chinhan99"},"content":"    static final String FAILED_CREATION \u003d \"FailedFileCreation\";","lastModifiedDate":"2022-09-15"},{"lineNumber":21,"author":{"gitId":"chinhan99"},"content":"    static final String FILE_INPUT_FAILED \u003d \"FailedFileInput\";","lastModifiedDate":"2022-09-15"},{"lineNumber":22,"author":{"gitId":"chinhan99"},"content":"    static final String DEADLINE \u003d \"D\";","lastModifiedDate":"2022-09-15"},{"lineNumber":23,"author":{"gitId":"chinhan99"},"content":"    static final String EVENT \u003d \"E\";","lastModifiedDate":"2022-09-15"},{"lineNumber":24,"author":{"gitId":"chinhan99"},"content":"    static final String TODO \u003d \"T\";","lastModifiedDate":"2022-09-15"},{"lineNumber":25,"author":{"gitId":"chinhan99"},"content":"    static final String MARKED \u003d \"X\";","lastModifiedDate":"2022-09-15"},{"lineNumber":26,"author":{"gitId":"chinhan99"},"content":"","lastModifiedDate":"2022-09-15"},{"lineNumber":27,"author":{"gitId":"chinhan99"},"content":"","lastModifiedDate":"2022-09-15"},{"lineNumber":28,"author":{"gitId":"chinhan99"},"content":"    /**","lastModifiedDate":"2022-09-13"},{"lineNumber":29,"author":{"gitId":"chinhan99"},"content":"     * to check if file exists, then start storing file inputs back into the current tasks array","lastModifiedDate":"2022-09-13"},{"lineNumber":30,"author":{"gitId":"chinhan99"},"content":"     *","lastModifiedDate":"2022-09-13"},{"lineNumber":31,"author":{"gitId":"chinhan99"},"content":"     * @param tasks the array which we would be inserting entries into","lastModifiedDate":"2022-09-13"},{"lineNumber":32,"author":{"gitId":"chinhan99"},"content":"     */","lastModifiedDate":"2022-09-13"},{"lineNumber":33,"author":{"gitId":"chinhan99"},"content":"    public static void initialiseFile(ArrayList\u003cTask\u003e tasks) {","lastModifiedDate":"2022-09-13"},{"lineNumber":34,"author":{"gitId":"chinhan99"},"content":"        try {","lastModifiedDate":"2022-09-13"},{"lineNumber":35,"author":{"gitId":"chinhan99"},"content":"            File file \u003d manageFile();","lastModifiedDate":"2022-09-13"},{"lineNumber":36,"author":{"gitId":"chinhan99"},"content":"            Scanner input \u003d new Scanner(file);","lastModifiedDate":"2022-09-13"},{"lineNumber":37,"author":{"gitId":"chinhan99"},"content":"            while (input.hasNext()) {","lastModifiedDate":"2022-09-13"},{"lineNumber":38,"author":{"gitId":"chinhan99"},"content":"                String[] parsedStoredTask \u003d input.nextLine().split(\" \\\\| \");","lastModifiedDate":"2022-09-13"},{"lineNumber":39,"author":{"gitId":"chinhan99"},"content":"                switch (parsedStoredTask[0]) {","lastModifiedDate":"2022-09-13"},{"lineNumber":40,"author":{"gitId":"chinhan99"},"content":"                case TODO:","lastModifiedDate":"2022-09-15"},{"lineNumber":41,"author":{"gitId":"chinhan99"},"content":"                    if (parsedStoredTask[1].equals(MARKED)) {","lastModifiedDate":"2022-09-15"},{"lineNumber":42,"author":{"gitId":"chinhan99"},"content":"                        tasks.add(new Todo(TODO, parsedStoredTask[2], true));","lastModifiedDate":"2022-09-15"},{"lineNumber":43,"author":{"gitId":"chinhan99"},"content":"                    } else {","lastModifiedDate":"2022-09-13"},{"lineNumber":44,"author":{"gitId":"chinhan99"},"content":"                        tasks.add(new Todo(TODO, parsedStoredTask[2], false));","lastModifiedDate":"2022-09-15"},{"lineNumber":45,"author":{"gitId":"chinhan99"},"content":"                    }","lastModifiedDate":"2022-09-13"},{"lineNumber":46,"author":{"gitId":"chinhan99"},"content":"                    break;","lastModifiedDate":"2022-09-13"},{"lineNumber":47,"author":{"gitId":"chinhan99"},"content":"                case EVENT:","lastModifiedDate":"2022-09-15"},{"lineNumber":48,"author":{"gitId":"chinhan99"},"content":"                    if (parsedStoredTask[1].equals(MARKED)) {","lastModifiedDate":"2022-09-15"},{"lineNumber":49,"author":{"gitId":"chinhan99"},"content":"                        tasks.add(new Event(EVENT, parsedStoredTask[2], true, parsedStoredTask[3]));","lastModifiedDate":"2022-09-15"},{"lineNumber":50,"author":{"gitId":"chinhan99"},"content":"                    } else {","lastModifiedDate":"2022-09-13"},{"lineNumber":51,"author":{"gitId":"chinhan99"},"content":"                        tasks.add(new Event(EVENT, parsedStoredTask[2], false, parsedStoredTask[3]));","lastModifiedDate":"2022-09-15"},{"lineNumber":52,"author":{"gitId":"chinhan99"},"content":"                    }","lastModifiedDate":"2022-09-13"},{"lineNumber":53,"author":{"gitId":"chinhan99"},"content":"                    break;","lastModifiedDate":"2022-09-13"},{"lineNumber":54,"author":{"gitId":"chinhan99"},"content":"                case DEADLINE:","lastModifiedDate":"2022-09-15"},{"lineNumber":55,"author":{"gitId":"chinhan99"},"content":"                    if (parsedStoredTask[1].equals(MARKED)) {","lastModifiedDate":"2022-09-15"},{"lineNumber":56,"author":{"gitId":"chinhan99"},"content":"                        tasks.add(new Deadline(DEADLINE, parsedStoredTask[2], true, parsedStoredTask[3]));","lastModifiedDate":"2022-09-15"},{"lineNumber":57,"author":{"gitId":"chinhan99"},"content":"                    } else {","lastModifiedDate":"2022-09-13"},{"lineNumber":58,"author":{"gitId":"chinhan99"},"content":"                        tasks.add(new Deadline(DEADLINE, parsedStoredTask[2], false, parsedStoredTask[3]));","lastModifiedDate":"2022-09-15"},{"lineNumber":59,"author":{"gitId":"chinhan99"},"content":"                    }","lastModifiedDate":"2022-09-13"},{"lineNumber":60,"author":{"gitId":"chinhan99"},"content":"                    break;","lastModifiedDate":"2022-09-13"},{"lineNumber":61,"author":{"gitId":"chinhan99"},"content":"                default:","lastModifiedDate":"2022-09-13"},{"lineNumber":62,"author":{"gitId":"chinhan99"},"content":"                    break;","lastModifiedDate":"2022-09-13"},{"lineNumber":63,"author":{"gitId":"chinhan99"},"content":"                }","lastModifiedDate":"2022-09-13"},{"lineNumber":64,"author":{"gitId":"chinhan99"},"content":"            }","lastModifiedDate":"2022-09-13"},{"lineNumber":65,"author":{"gitId":"chinhan99"},"content":"        } catch (FileNotFoundException e) {","lastModifiedDate":"2022-09-13"},{"lineNumber":66,"author":{"gitId":"chinhan99"},"content":"            Ui.showFileError(MISSING_FILE);","lastModifiedDate":"2022-09-17"},{"lineNumber":67,"author":{"gitId":"chinhan99"},"content":"        }","lastModifiedDate":"2022-09-13"},{"lineNumber":68,"author":{"gitId":"chinhan99"},"content":"    }","lastModifiedDate":"2022-09-13"},{"lineNumber":69,"author":{"gitId":"chinhan99"},"content":"","lastModifiedDate":"2022-09-13"},{"lineNumber":70,"author":{"gitId":"chinhan99"},"content":"","lastModifiedDate":"2022-09-13"},{"lineNumber":71,"author":{"gitId":"chinhan99"},"content":"    /**","lastModifiedDate":"2022-09-13"},{"lineNumber":72,"author":{"gitId":"chinhan99"},"content":"     * called when file does not exist and creates a new file","lastModifiedDate":"2022-09-13"},{"lineNumber":73,"author":{"gitId":"chinhan99"},"content":"     *","lastModifiedDate":"2022-09-13"},{"lineNumber":74,"author":{"gitId":"chinhan99"},"content":"     * @return file when new file is created and null if no file is created.","lastModifiedDate":"2022-09-13"},{"lineNumber":75,"author":{"gitId":"chinhan99"},"content":"     */","lastModifiedDate":"2022-09-13"},{"lineNumber":76,"author":{"gitId":"chinhan99"},"content":"    public static File createFile() {","lastModifiedDate":"2022-09-13"},{"lineNumber":77,"author":{"gitId":"chinhan99"},"content":"        try {","lastModifiedDate":"2022-09-13"},{"lineNumber":78,"author":{"gitId":"chinhan99"},"content":"            File file \u003d new File(\"data/dukefile.txt\");","lastModifiedDate":"2022-09-13"},{"lineNumber":79,"author":{"gitId":"chinhan99"},"content":"            file.createNewFile();","lastModifiedDate":"2022-09-13"},{"lineNumber":80,"author":{"gitId":"chinhan99"},"content":"            return file;","lastModifiedDate":"2022-09-13"},{"lineNumber":81,"author":{"gitId":"chinhan99"},"content":"        } catch (Exception e) {","lastModifiedDate":"2022-09-13"},{"lineNumber":82,"author":{"gitId":"chinhan99"},"content":"            Ui.showFileError(FAILED_CREATION);","lastModifiedDate":"2022-09-17"},{"lineNumber":83,"author":{"gitId":"chinhan99"},"content":"        }","lastModifiedDate":"2022-09-13"},{"lineNumber":84,"author":{"gitId":"chinhan99"},"content":"        return null;","lastModifiedDate":"2022-09-13"},{"lineNumber":85,"author":{"gitId":"chinhan99"},"content":"    }","lastModifiedDate":"2022-09-13"},{"lineNumber":86,"author":{"gitId":"chinhan99"},"content":"","lastModifiedDate":"2022-09-13"},{"lineNumber":87,"author":{"gitId":"chinhan99"},"content":"    /**","lastModifiedDate":"2022-09-13"},{"lineNumber":88,"author":{"gitId":"chinhan99"},"content":"     * called to check on the existance of directory and file. Function creates missing directory and files when necessary.","lastModifiedDate":"2022-09-13"},{"lineNumber":89,"author":{"gitId":"chinhan99"},"content":"     *","lastModifiedDate":"2022-09-13"},{"lineNumber":90,"author":{"gitId":"chinhan99"},"content":"     * @return file after ensuring making sure directory and file is set.","lastModifiedDate":"2022-09-13"},{"lineNumber":91,"author":{"gitId":"chinhan99"},"content":"     */","lastModifiedDate":"2022-09-13"},{"lineNumber":92,"author":{"gitId":"chinhan99"},"content":"    public static File manageFile() {","lastModifiedDate":"2022-09-13"},{"lineNumber":93,"author":{"gitId":"chinhan99"},"content":"","lastModifiedDate":"2022-09-13"},{"lineNumber":94,"author":{"gitId":"chinhan99"},"content":"        File directory \u003d new File(\"data\");","lastModifiedDate":"2022-09-13"},{"lineNumber":95,"author":{"gitId":"chinhan99"},"content":"        File file \u003d new File(\"data/dukefile.txt\");","lastModifiedDate":"2022-09-13"},{"lineNumber":96,"author":{"gitId":"chinhan99"},"content":"        if (!directory.exists()) {","lastModifiedDate":"2022-09-13"},{"lineNumber":97,"author":{"gitId":"chinhan99"},"content":"            directory.mkdir();","lastModifiedDate":"2022-09-13"},{"lineNumber":98,"author":{"gitId":"chinhan99"},"content":"            System.out.println(\"Creating new directory\");","lastModifiedDate":"2022-09-13"},{"lineNumber":99,"author":{"gitId":"chinhan99"},"content":"        }","lastModifiedDate":"2022-09-13"},{"lineNumber":100,"author":{"gitId":"chinhan99"},"content":"        if (!file.exists()) {","lastModifiedDate":"2022-09-13"},{"lineNumber":101,"author":{"gitId":"chinhan99"},"content":"            file \u003d createFile();","lastModifiedDate":"2022-09-13"},{"lineNumber":102,"author":{"gitId":"chinhan99"},"content":"            System.out.println(\"* Created new file for use *\");","lastModifiedDate":"2022-09-13"},{"lineNumber":103,"author":{"gitId":"chinhan99"},"content":"        } else {","lastModifiedDate":"2022-09-13"},{"lineNumber":104,"author":{"gitId":"chinhan99"},"content":"            System.out.println(\"* Existing file is loaded and ready to be used *\");","lastModifiedDate":"2022-09-13"},{"lineNumber":105,"author":{"gitId":"chinhan99"},"content":"        }","lastModifiedDate":"2022-09-13"},{"lineNumber":106,"author":{"gitId":"chinhan99"},"content":"        return file;","lastModifiedDate":"2022-09-13"},{"lineNumber":107,"author":{"gitId":"chinhan99"},"content":"    }","lastModifiedDate":"2022-09-13"},{"lineNumber":108,"author":{"gitId":"chinhan99"},"content":"","lastModifiedDate":"2022-09-13"},{"lineNumber":109,"author":{"gitId":"chinhan99"},"content":"    /**","lastModifiedDate":"2022-09-13"},{"lineNumber":110,"author":{"gitId":"chinhan99"},"content":"     * updates dukefile.txt when called for each valid user command which requires updating of the tasks array.","lastModifiedDate":"2022-09-13"},{"lineNumber":111,"author":{"gitId":"chinhan99"},"content":"     *","lastModifiedDate":"2022-09-13"},{"lineNumber":112,"author":{"gitId":"chinhan99"},"content":"     * @param tasks the array containing the entries which would be converted to text format.","lastModifiedDate":"2022-09-13"},{"lineNumber":113,"author":{"gitId":"chinhan99"},"content":"     */","lastModifiedDate":"2022-09-13"},{"lineNumber":114,"author":{"gitId":"chinhan99"},"content":"    public static void writeToFile(ArrayList\u003cTask\u003e tasks) {","lastModifiedDate":"2022-09-13"},{"lineNumber":115,"author":{"gitId":"chinhan99"},"content":"        try {","lastModifiedDate":"2022-09-13"},{"lineNumber":116,"author":{"gitId":"chinhan99"},"content":"            FileWriter file \u003d new FileWriter(\"data/dukefile.txt\");","lastModifiedDate":"2022-09-13"},{"lineNumber":117,"author":{"gitId":"chinhan99"},"content":"            String textToWrite \u003d \"\";","lastModifiedDate":"2022-09-13"},{"lineNumber":118,"author":{"gitId":"chinhan99"},"content":"            for (Task task : tasks) {","lastModifiedDate":"2022-09-13"},{"lineNumber":119,"author":{"gitId":"chinhan99"},"content":"                switch (task.getTaskType()) {","lastModifiedDate":"2022-09-13"},{"lineNumber":120,"author":{"gitId":"chinhan99"},"content":"                case DEADLINE:","lastModifiedDate":"2022-09-15"},{"lineNumber":121,"author":{"gitId":"chinhan99"},"content":"                    textToWrite \u003d String.format(task.getTaskType() + \" | \" + task.getStatusIcon() + \" | \" + task.getDescription() + \" | \" + task.getBy());","lastModifiedDate":"2022-09-13"},{"lineNumber":122,"author":{"gitId":"chinhan99"},"content":"","lastModifiedDate":"2022-09-13"},{"lineNumber":123,"author":{"gitId":"chinhan99"},"content":"                    break;","lastModifiedDate":"2022-09-13"},{"lineNumber":124,"author":{"gitId":"chinhan99"},"content":"                case EVENT:","lastModifiedDate":"2022-09-15"},{"lineNumber":125,"author":{"gitId":"chinhan99"},"content":"                    textToWrite \u003d String.format(task.getTaskType() + \" | \" + task.getStatusIcon() + \" | \" + task.getDescription() + \" | \" + task.getAt());","lastModifiedDate":"2022-09-13"},{"lineNumber":126,"author":{"gitId":"chinhan99"},"content":"","lastModifiedDate":"2022-09-13"},{"lineNumber":127,"author":{"gitId":"chinhan99"},"content":"                    break;","lastModifiedDate":"2022-09-13"},{"lineNumber":128,"author":{"gitId":"chinhan99"},"content":"                case TODO:","lastModifiedDate":"2022-09-15"},{"lineNumber":129,"author":{"gitId":"chinhan99"},"content":"                    textToWrite \u003d String.format(task.getTaskType() + \" | \" + task.getStatusIcon() + \" | \" + task.getDescription());","lastModifiedDate":"2022-09-13"},{"lineNumber":130,"author":{"gitId":"chinhan99"},"content":"                    break;","lastModifiedDate":"2022-09-13"},{"lineNumber":131,"author":{"gitId":"chinhan99"},"content":"                default:","lastModifiedDate":"2022-09-13"},{"lineNumber":132,"author":{"gitId":"chinhan99"},"content":"                    break;","lastModifiedDate":"2022-09-13"},{"lineNumber":133,"author":{"gitId":"chinhan99"},"content":"                }","lastModifiedDate":"2022-09-13"},{"lineNumber":134,"author":{"gitId":"chinhan99"},"content":"                file.write(textToWrite + System.lineSeparator());","lastModifiedDate":"2022-09-13"},{"lineNumber":135,"author":{"gitId":"chinhan99"},"content":"            }","lastModifiedDate":"2022-09-13"},{"lineNumber":136,"author":{"gitId":"chinhan99"},"content":"            file.close();","lastModifiedDate":"2022-09-13"},{"lineNumber":137,"author":{"gitId":"chinhan99"},"content":"","lastModifiedDate":"2022-09-13"},{"lineNumber":138,"author":{"gitId":"chinhan99"},"content":"        } catch (IOException e) {","lastModifiedDate":"2022-09-13"},{"lineNumber":139,"author":{"gitId":"chinhan99"},"content":"            Ui.showFileError(FILE_INPUT_FAILED);","lastModifiedDate":"2022-09-17"},{"lineNumber":140,"author":{"gitId":"chinhan99"},"content":"        }","lastModifiedDate":"2022-09-13"},{"lineNumber":141,"author":{"gitId":"chinhan99"},"content":"    }","lastModifiedDate":"2022-09-13"},{"lineNumber":142,"author":{"gitId":"chinhan99"},"content":"}","lastModifiedDate":"2022-09-13"}],"authorContributionMap":{"chinhan99":142}},{"path":"src/main/java/duke/messages/Ui.java","fileType":"java","lines":[{"lineNumber":1,"author":{"gitId":"chinhan99"},"content":"package duke.messages;","lastModifiedDate":"2022-09-17"},{"lineNumber":2,"author":{"gitId":"chinhan99"},"content":"","lastModifiedDate":"2022-09-14"},{"lineNumber":3,"author":{"gitId":"chinhan99"},"content":"import duke.taskings.Task;","lastModifiedDate":"2022-09-14"},{"lineNumber":4,"author":{"gitId":"chinhan99"},"content":"","lastModifiedDate":"2022-09-14"},{"lineNumber":5,"author":{"gitId":"chinhan99"},"content":"import java.util.ArrayList;","lastModifiedDate":"2022-09-14"},{"lineNumber":6,"author":{"gitId":"chinhan99"},"content":"","lastModifiedDate":"2022-09-14"},{"lineNumber":7,"author":{"gitId":"chinhan99"},"content":"public class Ui {","lastModifiedDate":"2022-09-17"},{"lineNumber":8,"author":{"gitId":"chinhan99"},"content":"    static final String MISSING_FILE \u003d \"MissingFile\";","lastModifiedDate":"2022-09-17"},{"lineNumber":9,"author":{"gitId":"chinhan99"},"content":"    static final String FAILED_CREATION \u003d \"FailedFileCreation\";","lastModifiedDate":"2022-09-17"},{"lineNumber":10,"author":{"gitId":"chinhan99"},"content":"    static final String FILE_INPUT_FAILED \u003d \"FailedFileInput\";","lastModifiedDate":"2022-09-17"},{"lineNumber":11,"author":{"gitId":"chinhan99"},"content":"    static final String LINE_DIVIDER \u003d \"____________________________________________________________\";","lastModifiedDate":"2022-09-14"},{"lineNumber":12,"author":{"gitId":"chinhan99"},"content":"","lastModifiedDate":"2022-09-14"},{"lineNumber":13,"author":{"gitId":"chinhan99"},"content":"    public static void greet() {","lastModifiedDate":"2022-09-14"},{"lineNumber":14,"author":{"gitId":"chinhan99"},"content":"        System.out.println(LINE_DIVIDER);","lastModifiedDate":"2022-09-14"},{"lineNumber":15,"author":{"gitId":"chinhan99"},"content":"        System.out.println(\"Hello! I\u0027m Duke\\n\" + \"What can I do for you?\");","lastModifiedDate":"2022-09-14"},{"lineNumber":16,"author":{"gitId":"chinhan99"},"content":"        System.out.println(\"Enter \u003chelp\u003e if you need the list of commands\");","lastModifiedDate":"2022-09-14"},{"lineNumber":17,"author":{"gitId":"chinhan99"},"content":"        System.out.println(LINE_DIVIDER);","lastModifiedDate":"2022-09-14"},{"lineNumber":18,"author":{"gitId":"chinhan99"},"content":"    }","lastModifiedDate":"2022-09-14"},{"lineNumber":19,"author":{"gitId":"chinhan99"},"content":"","lastModifiedDate":"2022-09-14"},{"lineNumber":20,"author":{"gitId":"chinhan99"},"content":"    public static void getHelp() { // To be updated.","lastModifiedDate":"2022-09-14"},{"lineNumber":21,"author":{"gitId":"chinhan99"},"content":"        System.out.println(\"Available commands:\");","lastModifiedDate":"2022-09-14"},{"lineNumber":22,"author":{"gitId":"chinhan99"},"content":"        System.out.println(\"1) todo \");","lastModifiedDate":"2022-09-14"},{"lineNumber":23,"author":{"gitId":"chinhan99"},"content":"        System.out.println(\"2) event, use \u003c/at\u003e to indicate time period\");","lastModifiedDate":"2022-09-14"},{"lineNumber":24,"author":{"gitId":"chinhan99"},"content":"        System.out.println(\"3) deadline use \u003c/by\u003e to indicate deadline\");","lastModifiedDate":"2022-09-14"},{"lineNumber":25,"author":{"gitId":"chinhan99"},"content":"        System.out.println(\"4) mark \u003citem number\u003e  \");","lastModifiedDate":"2022-09-14"},{"lineNumber":26,"author":{"gitId":"chinhan99"},"content":"        System.out.println(\"5) unmark \u003citem number\u003e)\");","lastModifiedDate":"2022-09-14"},{"lineNumber":27,"author":{"gitId":"chinhan99"},"content":"        System.out.println(\"6) list \");","lastModifiedDate":"2022-09-14"},{"lineNumber":28,"author":{"gitId":"chinhan99"},"content":"        System.out.println(\"7) bye \");","lastModifiedDate":"2022-09-14"},{"lineNumber":29,"author":{"gitId":"chinhan99"},"content":"        System.out.println(LINE_DIVIDER);","lastModifiedDate":"2022-09-14"},{"lineNumber":30,"author":{"gitId":"chinhan99"},"content":"    }","lastModifiedDate":"2022-09-14"},{"lineNumber":31,"author":{"gitId":"chinhan99"},"content":"","lastModifiedDate":"2022-09-14"},{"lineNumber":32,"author":{"gitId":"chinhan99"},"content":"    public static void showExit() {","lastModifiedDate":"2022-09-14"},{"lineNumber":33,"author":{"gitId":"chinhan99"},"content":"        System.out.println(LINE_DIVIDER);","lastModifiedDate":"2022-09-14"},{"lineNumber":34,"author":{"gitId":"chinhan99"},"content":"        System.out.println(\"Good bye! See you soon!!\");","lastModifiedDate":"2022-09-14"},{"lineNumber":35,"author":{"gitId":"chinhan99"},"content":"        System.out.println(LINE_DIVIDER);","lastModifiedDate":"2022-09-14"},{"lineNumber":36,"author":{"gitId":"chinhan99"},"content":"    }","lastModifiedDate":"2022-09-14"},{"lineNumber":37,"author":{"gitId":"chinhan99"},"content":"","lastModifiedDate":"2022-09-14"},{"lineNumber":38,"author":{"gitId":"chinhan99"},"content":"    public static void displayLineDivider() {","lastModifiedDate":"2022-09-14"},{"lineNumber":39,"author":{"gitId":"chinhan99"},"content":"        System.out.println(LINE_DIVIDER);","lastModifiedDate":"2022-09-14"},{"lineNumber":40,"author":{"gitId":"chinhan99"},"content":"    }","lastModifiedDate":"2022-09-14"},{"lineNumber":41,"author":{"gitId":"chinhan99"},"content":"","lastModifiedDate":"2022-09-14"},{"lineNumber":42,"author":{"gitId":"chinhan99"},"content":"    public static void showWrongCommand() {","lastModifiedDate":"2022-09-14"},{"lineNumber":43,"author":{"gitId":"chinhan99"},"content":"        System.out.println(LINE_DIVIDER);","lastModifiedDate":"2022-09-14"},{"lineNumber":44,"author":{"gitId":"chinhan99"},"content":"        System.out.println(\"You have entered the wrong command. \");","lastModifiedDate":"2022-09-14"},{"lineNumber":45,"author":{"gitId":"chinhan99"},"content":"        System.out.println(\"Please enter \u003chelp\u003e for the list of available commands\");","lastModifiedDate":"2022-09-14"},{"lineNumber":46,"author":{"gitId":"chinhan99"},"content":"        System.out.println(LINE_DIVIDER);","lastModifiedDate":"2022-09-14"},{"lineNumber":47,"author":{"gitId":"chinhan99"},"content":"    }","lastModifiedDate":"2022-09-14"},{"lineNumber":48,"author":{"gitId":"chinhan99"},"content":"","lastModifiedDate":"2022-09-14"},{"lineNumber":49,"author":{"gitId":"chinhan99"},"content":"    public static void showErrorMessage(String command, String errorType) {","lastModifiedDate":"2022-09-14"},{"lineNumber":50,"author":{"gitId":"chinhan99"},"content":"        switch (errorType) {","lastModifiedDate":"2022-09-14"},{"lineNumber":51,"author":{"gitId":"chinhan99"},"content":"        case \"NonNumericError\":","lastModifiedDate":"2022-09-14"},{"lineNumber":52,"author":{"gitId":"chinhan99"},"content":"            System.out.println(\"Invalid \" + command + \" command - non numeric index detected.\");","lastModifiedDate":"2022-09-14"},{"lineNumber":53,"author":{"gitId":"chinhan99"},"content":"            System.out.println(LINE_DIVIDER);","lastModifiedDate":"2022-09-14"},{"lineNumber":54,"author":{"gitId":"chinhan99"},"content":"            break;","lastModifiedDate":"2022-09-14"},{"lineNumber":55,"author":{"gitId":"chinhan99"},"content":"        case \"IndexBeyondBoundError\":","lastModifiedDate":"2022-09-14"},{"lineNumber":56,"author":{"gitId":"chinhan99"},"content":"            System.out.println(\"Invalid \" + command + \" command - Index out of bounds.\");","lastModifiedDate":"2022-09-14"},{"lineNumber":57,"author":{"gitId":"chinhan99"},"content":"            System.out.println(LINE_DIVIDER);","lastModifiedDate":"2022-09-14"},{"lineNumber":58,"author":{"gitId":"chinhan99"},"content":"            break;","lastModifiedDate":"2022-09-14"},{"lineNumber":59,"author":{"gitId":"chinhan99"},"content":"        case \"WrongFormatError\":","lastModifiedDate":"2022-09-14"},{"lineNumber":60,"author":{"gitId":"chinhan99"},"content":"            System.out.println(\"Invalid \" + command + \" command - Wrong input format.\");","lastModifiedDate":"2022-09-14"},{"lineNumber":61,"author":{"gitId":"chinhan99"},"content":"            System.out.println(LINE_DIVIDER);","lastModifiedDate":"2022-09-14"},{"lineNumber":62,"author":{"gitId":"chinhan99"},"content":"            break;","lastModifiedDate":"2022-09-14"},{"lineNumber":63,"author":{"gitId":"chinhan99"},"content":"        default:","lastModifiedDate":"2022-09-14"},{"lineNumber":64,"author":{"gitId":"chinhan99"},"content":"            showWrongCommand();","lastModifiedDate":"2022-09-14"},{"lineNumber":65,"author":{"gitId":"chinhan99"},"content":"        }","lastModifiedDate":"2022-09-14"},{"lineNumber":66,"author":{"gitId":"chinhan99"},"content":"    }","lastModifiedDate":"2022-09-14"},{"lineNumber":67,"author":{"gitId":"chinhan99"},"content":"","lastModifiedDate":"2022-09-14"},{"lineNumber":68,"author":{"gitId":"chinhan99"},"content":"    public static void getAcknowledgement(String command) {","lastModifiedDate":"2022-09-14"},{"lineNumber":69,"author":{"gitId":"chinhan99"},"content":"        System.out.println(LINE_DIVIDER);","lastModifiedDate":"2022-09-15"},{"lineNumber":70,"author":{"gitId":"chinhan99"},"content":"        switch (command) {","lastModifiedDate":"2022-09-14"},{"lineNumber":71,"author":{"gitId":"chinhan99"},"content":"        case \"mark\":","lastModifiedDate":"2022-09-14"},{"lineNumber":72,"author":{"gitId":"chinhan99"},"content":"            System.out.println(\"Nice! I\u0027ve marked this task as done:\");","lastModifiedDate":"2022-09-14"},{"lineNumber":73,"author":{"gitId":"chinhan99"},"content":"            break;","lastModifiedDate":"2022-09-14"},{"lineNumber":74,"author":{"gitId":"chinhan99"},"content":"","lastModifiedDate":"2022-09-14"},{"lineNumber":75,"author":{"gitId":"chinhan99"},"content":"        case \"unmark\":","lastModifiedDate":"2022-09-14"},{"lineNumber":76,"author":{"gitId":"chinhan99"},"content":"            System.out.println(\"OK, I\u0027ve marked this task as NOT done yet:\");","lastModifiedDate":"2022-09-14"},{"lineNumber":77,"author":{"gitId":"chinhan99"},"content":"","lastModifiedDate":"2022-09-14"},{"lineNumber":78,"author":{"gitId":"chinhan99"},"content":"            break;","lastModifiedDate":"2022-09-14"},{"lineNumber":79,"author":{"gitId":"chinhan99"},"content":"        case \"delete\":","lastModifiedDate":"2022-09-14"},{"lineNumber":80,"author":{"gitId":"chinhan99"},"content":"            System.out.println(\"Noted. I\u0027ve removed this task:\");","lastModifiedDate":"2022-09-14"},{"lineNumber":81,"author":{"gitId":"chinhan99"},"content":"            break;","lastModifiedDate":"2022-09-14"},{"lineNumber":82,"author":{"gitId":"chinhan99"},"content":"","lastModifiedDate":"2022-09-14"},{"lineNumber":83,"author":{"gitId":"chinhan99"},"content":"        case \"list\":","lastModifiedDate":"2022-09-14"},{"lineNumber":84,"author":{"gitId":"chinhan99"},"content":"            System.out.println(\"Here are the tasks in your list:\");","lastModifiedDate":"2022-09-14"},{"lineNumber":85,"author":{"gitId":"chinhan99"},"content":"            break;","lastModifiedDate":"2022-09-14"},{"lineNumber":86,"author":{"gitId":"chinhan99"},"content":"        default:","lastModifiedDate":"2022-09-14"},{"lineNumber":87,"author":{"gitId":"chinhan99"},"content":"            System.out.println(\"Error displaying acknowledgement message. Please inform adminstrator to fix\");","lastModifiedDate":"2022-09-14"},{"lineNumber":88,"author":{"gitId":"chinhan99"},"content":"        }","lastModifiedDate":"2022-09-14"},{"lineNumber":89,"author":{"gitId":"chinhan99"},"content":"        System.out.println(LINE_DIVIDER);","lastModifiedDate":"2022-09-15"},{"lineNumber":90,"author":{"gitId":"chinhan99"},"content":"    }","lastModifiedDate":"2022-09-14"},{"lineNumber":91,"author":{"gitId":"chinhan99"},"content":"","lastModifiedDate":"2022-09-14"},{"lineNumber":92,"author":{"gitId":"chinhan99"},"content":"","lastModifiedDate":"2022-09-14"},{"lineNumber":93,"author":{"gitId":"chinhan99"},"content":"    public static void getEntryFullStatus(ArrayList\u003cTask\u003e tasks, int index) {","lastModifiedDate":"2022-09-14"},{"lineNumber":94,"author":{"gitId":"chinhan99"},"content":"        System.out.println(\"[\" + tasks.get(index).getTaskType() + \"]\" + \"[\" + tasks.get(index).getStatusIcon() + \"] \" + tasks.get(index).getDescription());","lastModifiedDate":"2022-09-14"},{"lineNumber":95,"author":{"gitId":"chinhan99"},"content":"    }","lastModifiedDate":"2022-09-14"},{"lineNumber":96,"author":{"gitId":"chinhan99"},"content":"","lastModifiedDate":"2022-09-14"},{"lineNumber":97,"author":{"gitId":"chinhan99"},"content":"    /**","lastModifiedDate":"2022-09-14"},{"lineNumber":98,"author":{"gitId":"chinhan99"},"content":"     * Prints the correct number of task message when called.","lastModifiedDate":"2022-09-14"},{"lineNumber":99,"author":{"gitId":"chinhan99"},"content":"     *","lastModifiedDate":"2022-09-14"},{"lineNumber":100,"author":{"gitId":"chinhan99"},"content":"     * @param numOfTasks the current count of tasking","lastModifiedDate":"2022-09-14"},{"lineNumber":101,"author":{"gitId":"chinhan99"},"content":"     */","lastModifiedDate":"2022-09-14"},{"lineNumber":102,"author":{"gitId":"chinhan99"},"content":"    public static void printNumOfTasks(int numOfTasks) {","lastModifiedDate":"2022-09-14"},{"lineNumber":103,"author":{"gitId":"chinhan99"},"content":"        if (numOfTasks \u003d\u003d 0) {","lastModifiedDate":"2022-09-14"},{"lineNumber":104,"author":{"gitId":"chinhan99"},"content":"            System.out.println(\"There are no tasks\");","lastModifiedDate":"2022-09-14"},{"lineNumber":105,"author":{"gitId":"chinhan99"},"content":"        } else if (numOfTasks \u003d\u003d 1) {","lastModifiedDate":"2022-09-14"},{"lineNumber":106,"author":{"gitId":"chinhan99"},"content":"            System.out.println(\"There is only 1 task!\");","lastModifiedDate":"2022-09-14"},{"lineNumber":107,"author":{"gitId":"chinhan99"},"content":"        } else {","lastModifiedDate":"2022-09-14"},{"lineNumber":108,"author":{"gitId":"chinhan99"},"content":"            System.out.println(\"There are \" + numOfTasks + \" tasks left :( \");","lastModifiedDate":"2022-09-14"},{"lineNumber":109,"author":{"gitId":"chinhan99"},"content":"        }","lastModifiedDate":"2022-09-14"},{"lineNumber":110,"author":{"gitId":"chinhan99"},"content":"    }","lastModifiedDate":"2022-09-14"},{"lineNumber":111,"author":{"gitId":"chinhan99"},"content":"","lastModifiedDate":"2022-09-15"},{"lineNumber":112,"author":{"gitId":"chinhan99"},"content":"","lastModifiedDate":"2022-09-15"},{"lineNumber":113,"author":{"gitId":"chinhan99"},"content":"    public static void showFileError(String errorType) {","lastModifiedDate":"2022-09-15"},{"lineNumber":114,"author":{"gitId":"chinhan99"},"content":"        switch (errorType) {","lastModifiedDate":"2022-09-15"},{"lineNumber":115,"author":{"gitId":"chinhan99"},"content":"        case MISSING_FILE :","lastModifiedDate":"2022-09-17"},{"lineNumber":116,"author":{"gitId":"chinhan99"},"content":"            System.out.println(\"File not found.\");","lastModifiedDate":"2022-09-15"},{"lineNumber":117,"author":{"gitId":"chinhan99"},"content":"            break;","lastModifiedDate":"2022-09-15"},{"lineNumber":118,"author":{"gitId":"chinhan99"},"content":"        case FAILED_CREATION:","lastModifiedDate":"2022-09-17"},{"lineNumber":119,"author":{"gitId":"chinhan99"},"content":"            System.out.println(\"File creation error occurred.\");","lastModifiedDate":"2022-09-15"},{"lineNumber":120,"author":{"gitId":"chinhan99"},"content":"            break;","lastModifiedDate":"2022-09-15"},{"lineNumber":121,"author":{"gitId":"chinhan99"},"content":"        case FILE_INPUT_FAILED:","lastModifiedDate":"2022-09-17"},{"lineNumber":122,"author":{"gitId":"chinhan99"},"content":"            System.out.println(\"Cannot write into file.\");","lastModifiedDate":"2022-09-15"},{"lineNumber":123,"author":{"gitId":"chinhan99"},"content":"            break;","lastModifiedDate":"2022-09-15"},{"lineNumber":124,"author":{"gitId":"chinhan99"},"content":"        default:","lastModifiedDate":"2022-09-15"},{"lineNumber":125,"author":{"gitId":"chinhan99"},"content":"            break;","lastModifiedDate":"2022-09-15"},{"lineNumber":126,"author":{"gitId":"chinhan99"},"content":"        }","lastModifiedDate":"2022-09-15"},{"lineNumber":127,"author":{"gitId":"chinhan99"},"content":"    }","lastModifiedDate":"2022-09-15"},{"lineNumber":128,"author":{"gitId":"chinhan99"},"content":"","lastModifiedDate":"2022-09-17"},{"lineNumber":129,"author":{"gitId":"chinhan99"},"content":"","lastModifiedDate":"2022-09-17"},{"lineNumber":130,"author":{"gitId":"chinhan99"},"content":"}","lastModifiedDate":"2022-09-14"}],"authorContributionMap":{"chinhan99":130}},{"path":"src/main/java/duke/taskings/Deadline.java","fileType":"java","lines":[{"lineNumber":1,"author":{"gitId":"chinhan99"},"content":"package duke.taskings;","lastModifiedDate":"2022-09-04"},{"lineNumber":2,"author":{"gitId":"chinhan99"},"content":"","lastModifiedDate":"2022-09-04"},{"lineNumber":3,"author":{"gitId":"chinhan99"},"content":"","lastModifiedDate":"2022-09-04"},{"lineNumber":4,"author":{"gitId":"chinhan99"},"content":"public class Deadline extends Task {","lastModifiedDate":"2022-08-27"},{"lineNumber":5,"author":{"gitId":"chinhan99"},"content":"","lastModifiedDate":"2022-08-27"},{"lineNumber":6,"author":{"gitId":"chinhan99"},"content":"    protected String by;","lastModifiedDate":"2022-08-27"},{"lineNumber":7,"author":{"gitId":"chinhan99"},"content":"","lastModifiedDate":"2022-08-27"},{"lineNumber":8,"author":{"gitId":"chinhan99"},"content":"    public Deadline(String taskType,String description, boolean isDone, String by) {","lastModifiedDate":"2022-09-13"},{"lineNumber":9,"author":{"gitId":"chinhan99"},"content":"        super(taskType,description, isDone);","lastModifiedDate":"2022-09-13"},{"lineNumber":10,"author":{"gitId":"chinhan99"},"content":"        this.by \u003d by;","lastModifiedDate":"2022-08-27"},{"lineNumber":11,"author":{"gitId":"chinhan99"},"content":"    }","lastModifiedDate":"2022-08-27"},{"lineNumber":12,"author":{"gitId":"chinhan99"},"content":"","lastModifiedDate":"2022-08-27"},{"lineNumber":13,"author":{"gitId":"chinhan99"},"content":"    @Override","lastModifiedDate":"2022-08-31"},{"lineNumber":14,"author":{"gitId":"chinhan99"},"content":"    public String getBy() {","lastModifiedDate":"2022-08-27"},{"lineNumber":15,"author":{"gitId":"chinhan99"},"content":"        return by;","lastModifiedDate":"2022-08-27"},{"lineNumber":16,"author":{"gitId":"chinhan99"},"content":"    }","lastModifiedDate":"2022-08-27"},{"lineNumber":17,"author":{"gitId":"chinhan99"},"content":"","lastModifiedDate":"2022-08-27"},{"lineNumber":18,"author":{"gitId":"chinhan99"},"content":"    @Override","lastModifiedDate":"2022-08-27"},{"lineNumber":19,"author":{"gitId":"chinhan99"},"content":"    public String toString() {","lastModifiedDate":"2022-08-27"},{"lineNumber":20,"author":{"gitId":"chinhan99"},"content":"        return \"Added deadline: [D] \" + super.toString() + \" (by: \" + by + \")\";","lastModifiedDate":"2022-08-27"},{"lineNumber":21,"author":{"gitId":"chinhan99"},"content":"    }","lastModifiedDate":"2022-08-27"},{"lineNumber":22,"author":{"gitId":"chinhan99"},"content":"","lastModifiedDate":"2022-08-27"},{"lineNumber":23,"author":{"gitId":"chinhan99"},"content":"    @Override","lastModifiedDate":"2022-08-31"},{"lineNumber":24,"author":{"gitId":"chinhan99"},"content":"    public String printList() {","lastModifiedDate":"2022-08-27"},{"lineNumber":25,"author":{"gitId":"chinhan99"},"content":"        return \"[D] [\" + super.getStatusIcon() + \"] \" + super.description + \" (by: \" + by + \")\";","lastModifiedDate":"2022-08-27"},{"lineNumber":26,"author":{"gitId":"chinhan99"},"content":"    }","lastModifiedDate":"2022-08-27"},{"lineNumber":27,"author":{"gitId":"chinhan99"},"content":"}","lastModifiedDate":"2022-08-27"}],"authorContributionMap":{"chinhan99":27}},{"path":"src/main/java/duke/taskings/Event.java","fileType":"java","lines":[{"lineNumber":1,"author":{"gitId":"chinhan99"},"content":"package duke.taskings;","lastModifiedDate":"2022-09-04"},{"lineNumber":2,"author":{"gitId":"chinhan99"},"content":"","lastModifiedDate":"2022-09-04"},{"lineNumber":3,"author":{"gitId":"chinhan99"},"content":"public class Event extends Task {","lastModifiedDate":"2022-08-27"},{"lineNumber":4,"author":{"gitId":"chinhan99"},"content":"","lastModifiedDate":"2022-08-27"},{"lineNumber":5,"author":{"gitId":"chinhan99"},"content":"    protected String at;","lastModifiedDate":"2022-08-27"},{"lineNumber":6,"author":{"gitId":"chinhan99"},"content":"    protected boolean isDone;","lastModifiedDate":"2022-09-13"},{"lineNumber":7,"author":{"gitId":"chinhan99"},"content":"","lastModifiedDate":"2022-08-27"},{"lineNumber":8,"author":{"gitId":"chinhan99"},"content":"    public Event(String taskType, String description, boolean isDone, String at) {","lastModifiedDate":"2022-09-13"},{"lineNumber":9,"author":{"gitId":"chinhan99"},"content":"        super(taskType, description, isDone);","lastModifiedDate":"2022-09-13"},{"lineNumber":10,"author":{"gitId":"chinhan99"},"content":"        this.at \u003d at;","lastModifiedDate":"2022-08-27"},{"lineNumber":11,"author":{"gitId":"chinhan99"},"content":"    }","lastModifiedDate":"2022-08-27"},{"lineNumber":12,"author":{"gitId":"chinhan99"},"content":"","lastModifiedDate":"2022-08-27"},{"lineNumber":13,"author":{"gitId":"chinhan99"},"content":"    @Override","lastModifiedDate":"2022-08-31"},{"lineNumber":14,"author":{"gitId":"chinhan99"},"content":"    public String getAt() {","lastModifiedDate":"2022-08-27"},{"lineNumber":15,"author":{"gitId":"chinhan99"},"content":"        return at;","lastModifiedDate":"2022-08-27"},{"lineNumber":16,"author":{"gitId":"chinhan99"},"content":"    }","lastModifiedDate":"2022-08-27"},{"lineNumber":17,"author":{"gitId":"chinhan99"},"content":"","lastModifiedDate":"2022-08-27"},{"lineNumber":18,"author":{"gitId":"chinhan99"},"content":"    @Override","lastModifiedDate":"2022-08-27"},{"lineNumber":19,"author":{"gitId":"chinhan99"},"content":"    public String toString() {","lastModifiedDate":"2022-08-27"},{"lineNumber":20,"author":{"gitId":"chinhan99"},"content":"        return \"Added new event : [E] \" + super.toString() + \" (at: \" + at + \")\";","lastModifiedDate":"2022-08-27"},{"lineNumber":21,"author":{"gitId":"chinhan99"},"content":"    }","lastModifiedDate":"2022-08-27"},{"lineNumber":22,"author":{"gitId":"chinhan99"},"content":"","lastModifiedDate":"2022-08-31"},{"lineNumber":23,"author":{"gitId":"chinhan99"},"content":"    @Override","lastModifiedDate":"2022-08-31"},{"lineNumber":24,"author":{"gitId":"chinhan99"},"content":"    public String printList() {","lastModifiedDate":"2022-08-27"},{"lineNumber":25,"author":{"gitId":"chinhan99"},"content":"        return \"[E] [\" + super.getStatusIcon() + \"] \" + super.description + \" (at: \" + at + \")\";","lastModifiedDate":"2022-08-27"},{"lineNumber":26,"author":{"gitId":"chinhan99"},"content":"    }","lastModifiedDate":"2022-08-27"},{"lineNumber":27,"author":{"gitId":"chinhan99"},"content":"}","lastModifiedDate":"2022-08-27"}],"authorContributionMap":{"chinhan99":27}},{"path":"src/main/java/duke/taskings/Task.java","fileType":"java","lines":[{"lineNumber":1,"author":{"gitId":"chinhan99"},"content":"package duke.taskings;","lastModifiedDate":"2022-09-04"},{"lineNumber":2,"author":{"gitId":"chinhan99"},"content":"","lastModifiedDate":"2022-09-04"},{"lineNumber":3,"author":{"gitId":"chinhan99"},"content":"public class Task {","lastModifiedDate":"2022-08-22"},{"lineNumber":4,"author":{"gitId":"chinhan99"},"content":"    /*","lastModifiedDate":"2022-08-24"},{"lineNumber":5,"author":{"gitId":"chinhan99"},"content":"     * a string storing the user\u0027s tasking.","lastModifiedDate":"2022-08-24"},{"lineNumber":6,"author":{"gitId":"chinhan99"},"content":"     * */","lastModifiedDate":"2022-08-24"},{"lineNumber":7,"author":{"gitId":"chinhan99"},"content":"    protected String description;","lastModifiedDate":"2022-08-22"},{"lineNumber":8,"author":{"gitId":"chinhan99"},"content":"    /*","lastModifiedDate":"2022-08-24"},{"lineNumber":9,"author":{"gitId":"chinhan99"},"content":"     * a boolean variable tracking the completeness of the tasking.","lastModifiedDate":"2022-08-24"},{"lineNumber":10,"author":{"gitId":"chinhan99"},"content":"     */","lastModifiedDate":"2022-08-24"},{"lineNumber":11,"author":{"gitId":"chinhan99"},"content":"","lastModifiedDate":"2022-08-24"},{"lineNumber":12,"author":{"gitId":"chinhan99"},"content":"    protected String taskType;","lastModifiedDate":"2022-08-27"},{"lineNumber":13,"author":{"gitId":"chinhan99"},"content":"    protected boolean isDone;","lastModifiedDate":"2022-08-22"},{"lineNumber":14,"author":{"gitId":"chinhan99"},"content":"","lastModifiedDate":"2022-08-22"},{"lineNumber":15,"author":{"gitId":"chinhan99"},"content":"","lastModifiedDate":"2022-08-27"},{"lineNumber":16,"author":{"gitId":"chinhan99"},"content":"    public Task(String taskType, String description, boolean isDone) {","lastModifiedDate":"2022-09-13"},{"lineNumber":17,"author":{"gitId":"chinhan99"},"content":"        this.taskType \u003d taskType;","lastModifiedDate":"2022-09-13"},{"lineNumber":18,"author":{"gitId":"chinhan99"},"content":"        this.description \u003d description;","lastModifiedDate":"2022-08-22"},{"lineNumber":19,"author":{"gitId":"chinhan99"},"content":"        this.isDone \u003d isDone;","lastModifiedDate":"2022-09-13"},{"lineNumber":20,"author":{"gitId":"chinhan99"},"content":"    }","lastModifiedDate":"2022-09-13"},{"lineNumber":21,"author":{"gitId":"chinhan99"},"content":"","lastModifiedDate":"2022-09-13"},{"lineNumber":22,"author":{"gitId":"chinhan99"},"content":"    public boolean getisDone() {","lastModifiedDate":"2022-09-13"},{"lineNumber":23,"author":{"gitId":"chinhan99"},"content":"        return isDone;","lastModifiedDate":"2022-09-13"},{"lineNumber":24,"author":{"gitId":"chinhan99"},"content":"    }","lastModifiedDate":"2022-08-22"},{"lineNumber":25,"author":{"gitId":"chinhan99"},"content":"","lastModifiedDate":"2022-08-22"},{"lineNumber":26,"author":{"gitId":"chinhan99"},"content":"    public String getStatusIcon() {","lastModifiedDate":"2022-08-22"},{"lineNumber":27,"author":{"gitId":"chinhan99"},"content":"        // mark completed task with X","lastModifiedDate":"2022-08-31"},{"lineNumber":28,"author":{"gitId":"chinhan99"},"content":"        return (isDone ? \"X\" : \" \");","lastModifiedDate":"2022-08-31"},{"lineNumber":29,"author":{"gitId":"chinhan99"},"content":"    }","lastModifiedDate":"2022-08-22"},{"lineNumber":30,"author":{"gitId":"chinhan99"},"content":"","lastModifiedDate":"2022-08-22"},{"lineNumber":31,"author":{"gitId":"chinhan99"},"content":"","lastModifiedDate":"2022-09-13"},{"lineNumber":32,"author":{"gitId":"chinhan99"},"content":"    public String getTaskType() {","lastModifiedDate":"2022-08-27"},{"lineNumber":33,"author":{"gitId":"chinhan99"},"content":"        return (taskType);","lastModifiedDate":"2022-08-27"},{"lineNumber":34,"author":{"gitId":"chinhan99"},"content":"    }","lastModifiedDate":"2022-08-27"},{"lineNumber":35,"author":{"gitId":"chinhan99"},"content":"","lastModifiedDate":"2022-08-27"},{"lineNumber":36,"author":{"gitId":"chinhan99"},"content":"    public void setTaskType(String taskType) {","lastModifiedDate":"2022-08-27"},{"lineNumber":37,"author":{"gitId":"chinhan99"},"content":"        this.taskType \u003d taskType;","lastModifiedDate":"2022-08-27"},{"lineNumber":38,"author":{"gitId":"chinhan99"},"content":"    }","lastModifiedDate":"2022-08-27"},{"lineNumber":39,"author":{"gitId":"chinhan99"},"content":"","lastModifiedDate":"2022-08-27"},{"lineNumber":40,"author":{"gitId":"chinhan99"},"content":"    public String getDescription() {","lastModifiedDate":"2022-08-22"},{"lineNumber":41,"author":{"gitId":"chinhan99"},"content":"        return description;","lastModifiedDate":"2022-08-22"},{"lineNumber":42,"author":{"gitId":"chinhan99"},"content":"    }","lastModifiedDate":"2022-08-22"},{"lineNumber":43,"author":{"gitId":"chinhan99"},"content":"","lastModifiedDate":"2022-08-22"},{"lineNumber":44,"author":{"gitId":"chinhan99"},"content":"    public void setDescription(String description) {","lastModifiedDate":"2022-08-22"},{"lineNumber":45,"author":{"gitId":"chinhan99"},"content":"        this.description \u003d description;","lastModifiedDate":"2022-08-22"},{"lineNumber":46,"author":{"gitId":"chinhan99"},"content":"    }","lastModifiedDate":"2022-08-22"},{"lineNumber":47,"author":{"gitId":"chinhan99"},"content":"","lastModifiedDate":"2022-08-22"},{"lineNumber":48,"author":{"gitId":"chinhan99"},"content":"    public void setDone(boolean done) {","lastModifiedDate":"2022-08-22"},{"lineNumber":49,"author":{"gitId":"chinhan99"},"content":"        isDone \u003d done;","lastModifiedDate":"2022-08-22"},{"lineNumber":50,"author":{"gitId":"chinhan99"},"content":"    }","lastModifiedDate":"2022-08-22"},{"lineNumber":51,"author":{"gitId":"chinhan99"},"content":"","lastModifiedDate":"2022-08-22"},{"lineNumber":52,"author":{"gitId":"chinhan99"},"content":"    public String getBy() {","lastModifiedDate":"2022-08-27"},{"lineNumber":53,"author":{"gitId":"chinhan99"},"content":"        return \"\";","lastModifiedDate":"2022-08-27"},{"lineNumber":54,"author":{"gitId":"chinhan99"},"content":"    }","lastModifiedDate":"2022-08-27"},{"lineNumber":55,"author":{"gitId":"chinhan99"},"content":"","lastModifiedDate":"2022-08-31"},{"lineNumber":56,"author":{"gitId":"chinhan99"},"content":"    public String getAt() {","lastModifiedDate":"2022-08-27"},{"lineNumber":57,"author":{"gitId":"chinhan99"},"content":"        return \"\";","lastModifiedDate":"2022-08-27"},{"lineNumber":58,"author":{"gitId":"chinhan99"},"content":"    }","lastModifiedDate":"2022-08-27"},{"lineNumber":59,"author":{"gitId":"chinhan99"},"content":"","lastModifiedDate":"2022-08-31"},{"lineNumber":60,"author":{"gitId":"chinhan99"},"content":"","lastModifiedDate":"2022-08-31"},{"lineNumber":61,"author":{"gitId":"chinhan99"},"content":"    public String printList() {","lastModifiedDate":"2022-08-27"},{"lineNumber":62,"author":{"gitId":"chinhan99"},"content":"        return \"\";","lastModifiedDate":"2022-08-27"},{"lineNumber":63,"author":{"gitId":"chinhan99"},"content":"    }","lastModifiedDate":"2022-08-27"},{"lineNumber":64,"author":{"gitId":"chinhan99"},"content":"","lastModifiedDate":"2022-08-27"},{"lineNumber":65,"author":{"gitId":"chinhan99"},"content":"","lastModifiedDate":"2022-08-27"},{"lineNumber":66,"author":{"gitId":"chinhan99"},"content":"    @Override","lastModifiedDate":"2022-08-27"},{"lineNumber":67,"author":{"gitId":"chinhan99"},"content":"    public String toString() {","lastModifiedDate":"2022-08-27"},{"lineNumber":68,"author":{"gitId":"chinhan99"},"content":"        return description;","lastModifiedDate":"2022-08-27"},{"lineNumber":69,"author":{"gitId":"chinhan99"},"content":"    }","lastModifiedDate":"2022-08-27"},{"lineNumber":70,"author":{"gitId":"chinhan99"},"content":"}","lastModifiedDate":"2022-08-22"}],"authorContributionMap":{"chinhan99":70}},{"path":"src/main/java/duke/taskings/TaskList.java","fileType":"java","lines":[{"lineNumber":1,"author":{"gitId":"chinhan99"},"content":"package duke.taskings;","lastModifiedDate":"2022-09-14"},{"lineNumber":2,"author":{"gitId":"chinhan99"},"content":"","lastModifiedDate":"2022-09-14"},{"lineNumber":3,"author":{"gitId":"chinhan99"},"content":"import duke.exception.DukeException;","lastModifiedDate":"2022-09-14"},{"lineNumber":4,"author":{"gitId":"chinhan99"},"content":"import duke.file.Storage;","lastModifiedDate":"2022-09-17"},{"lineNumber":5,"author":{"gitId":"chinhan99"},"content":"import duke.messages.Ui;","lastModifiedDate":"2022-09-17"},{"lineNumber":6,"author":{"gitId":"chinhan99"},"content":"","lastModifiedDate":"2022-09-14"},{"lineNumber":7,"author":{"gitId":"chinhan99"},"content":"import java.util.ArrayList;","lastModifiedDate":"2022-09-14"},{"lineNumber":8,"author":{"gitId":"chinhan99"},"content":"","lastModifiedDate":"2022-09-14"},{"lineNumber":9,"author":{"gitId":"chinhan99"},"content":"public class TaskList {","lastModifiedDate":"2022-09-17"},{"lineNumber":10,"author":{"gitId":"chinhan99"},"content":"","lastModifiedDate":"2022-09-17"},{"lineNumber":11,"author":{"gitId":"chinhan99"},"content":"","lastModifiedDate":"2022-09-14"},{"lineNumber":12,"author":{"gitId":"chinhan99"},"content":"    static final String OUT_OF_BOUNDS \u003d \"IndexBeyondBoundError\";","lastModifiedDate":"2022-09-15"},{"lineNumber":13,"author":{"gitId":"chinhan99"},"content":"    static final String NON_NUMERIC \u003d \"NonNumericError\";","lastModifiedDate":"2022-09-15"},{"lineNumber":14,"author":{"gitId":"chinhan99"},"content":"    static final String WRONG_FORMAT \u003d \"WrongFormatError\";","lastModifiedDate":"2022-09-15"},{"lineNumber":15,"author":{"gitId":"chinhan99"},"content":"","lastModifiedDate":"2022-09-14"},{"lineNumber":16,"author":{"gitId":"chinhan99"},"content":"    /**","lastModifiedDate":"2022-09-14"},{"lineNumber":17,"author":{"gitId":"chinhan99"},"content":"     * Checks if the checked index is within the current taskIndex and if it is above 0.","lastModifiedDate":"2022-09-14"},{"lineNumber":18,"author":{"gitId":"chinhan99"},"content":"     *","lastModifiedDate":"2022-09-14"},{"lineNumber":19,"author":{"gitId":"chinhan99"},"content":"     * @param index     the checked index","lastModifiedDate":"2022-09-14"},{"lineNumber":20,"author":{"gitId":"chinhan99"},"content":"     * @param arraySize the total number of entries in the tasks array.","lastModifiedDate":"2022-09-14"},{"lineNumber":21,"author":{"gitId":"chinhan99"},"content":"     * @return true if the index is within the bounds. else return DukeException().","lastModifiedDate":"2022-09-14"},{"lineNumber":22,"author":{"gitId":"chinhan99"},"content":"     */","lastModifiedDate":"2022-09-14"},{"lineNumber":23,"author":{"gitId":"chinhan99"},"content":"","lastModifiedDate":"2022-09-14"},{"lineNumber":24,"author":{"gitId":"chinhan99"},"content":"    public static boolean checkIfWithinBounds(int index, int arraySize) throws DukeException {","lastModifiedDate":"2022-09-14"},{"lineNumber":25,"author":{"gitId":"chinhan99"},"content":"        if ((index \u003c 0) || (index \u003e\u003d arraySize)) {","lastModifiedDate":"2022-09-14"},{"lineNumber":26,"author":{"gitId":"chinhan99"},"content":"            throw new DukeException();","lastModifiedDate":"2022-09-14"},{"lineNumber":27,"author":{"gitId":"chinhan99"},"content":"        }","lastModifiedDate":"2022-09-14"},{"lineNumber":28,"author":{"gitId":"chinhan99"},"content":"        return true;","lastModifiedDate":"2022-09-14"},{"lineNumber":29,"author":{"gitId":"chinhan99"},"content":"    }","lastModifiedDate":"2022-09-14"},{"lineNumber":30,"author":{"gitId":"chinhan99"},"content":"","lastModifiedDate":"2022-09-14"},{"lineNumber":31,"author":{"gitId":"chinhan99"},"content":"    public static void getList(ArrayList\u003cTask\u003e tasks) {","lastModifiedDate":"2022-09-14"},{"lineNumber":32,"author":{"gitId":"chinhan99"},"content":"        int indexNum \u003d 1;","lastModifiedDate":"2022-09-14"},{"lineNumber":33,"author":{"gitId":"chinhan99"},"content":"        Ui.getAcknowledgement(\"list\");","lastModifiedDate":"2022-09-17"},{"lineNumber":34,"author":{"gitId":"chinhan99"},"content":"        if (tasks.size() \u003d\u003d 0) {","lastModifiedDate":"2022-09-14"},{"lineNumber":35,"author":{"gitId":"chinhan99"},"content":"            Ui.printNumOfTasks(0);","lastModifiedDate":"2022-09-17"},{"lineNumber":36,"author":{"gitId":"chinhan99"},"content":"        } else {","lastModifiedDate":"2022-09-14"},{"lineNumber":37,"author":{"gitId":"chinhan99"},"content":"            for (Task task : tasks) {","lastModifiedDate":"2022-09-14"},{"lineNumber":38,"author":{"gitId":"chinhan99"},"content":"                System.out.println(indexNum + \". \" + task.printList());","lastModifiedDate":"2022-09-14"},{"lineNumber":39,"author":{"gitId":"chinhan99"},"content":"                indexNum +\u003d 1;","lastModifiedDate":"2022-09-14"},{"lineNumber":40,"author":{"gitId":"chinhan99"},"content":"            }","lastModifiedDate":"2022-09-14"},{"lineNumber":41,"author":{"gitId":"chinhan99"},"content":"        }","lastModifiedDate":"2022-09-14"},{"lineNumber":42,"author":{"gitId":"chinhan99"},"content":"        Ui.displayLineDivider();","lastModifiedDate":"2022-09-17"},{"lineNumber":43,"author":{"gitId":"chinhan99"},"content":"    }","lastModifiedDate":"2022-09-14"},{"lineNumber":44,"author":{"gitId":"chinhan99"},"content":"","lastModifiedDate":"2022-09-14"},{"lineNumber":45,"author":{"gitId":"chinhan99"},"content":"    public static void addTodo(ArrayList\u003cTask\u003e tasks, String taskDescription) {","lastModifiedDate":"2022-09-14"},{"lineNumber":46,"author":{"gitId":"chinhan99"},"content":"        Ui.displayLineDivider();","lastModifiedDate":"2022-09-17"},{"lineNumber":47,"author":{"gitId":"chinhan99"},"content":"        tasks.add(new Todo(\"T\", taskDescription, false));","lastModifiedDate":"2022-09-14"},{"lineNumber":48,"author":{"gitId":"chinhan99"},"content":"        Storage.writeToFile(tasks);","lastModifiedDate":"2022-09-17"},{"lineNumber":49,"author":{"gitId":"chinhan99"},"content":"        System.out.println(tasks.get(tasks.size() - 1));","lastModifiedDate":"2022-09-14"},{"lineNumber":50,"author":{"gitId":"chinhan99"},"content":"        Ui.printNumOfTasks(tasks.size());","lastModifiedDate":"2022-09-17"},{"lineNumber":51,"author":{"gitId":"chinhan99"},"content":"    }","lastModifiedDate":"2022-09-14"},{"lineNumber":52,"author":{"gitId":"chinhan99"},"content":"","lastModifiedDate":"2022-09-14"},{"lineNumber":53,"author":{"gitId":"chinhan99"},"content":"    public static void addDeadline(ArrayList\u003cTask\u003e tasks, String taskDescription) {","lastModifiedDate":"2022-09-14"},{"lineNumber":54,"author":{"gitId":"chinhan99"},"content":"        Ui.displayLineDivider();","lastModifiedDate":"2022-09-17"},{"lineNumber":55,"author":{"gitId":"chinhan99"},"content":"        // find \"/\" break point before processing the description and the deadline","lastModifiedDate":"2022-09-14"},{"lineNumber":56,"author":{"gitId":"chinhan99"},"content":"        String deadline \u003d taskDescription;","lastModifiedDate":"2022-09-14"},{"lineNumber":57,"author":{"gitId":"chinhan99"},"content":"        if (taskDescription.contains(\"/by\")) {","lastModifiedDate":"2022-09-14"},{"lineNumber":58,"author":{"gitId":"chinhan99"},"content":"            //update taskDescription and deadline","lastModifiedDate":"2022-09-14"},{"lineNumber":59,"author":{"gitId":"chinhan99"},"content":"            String[] tempArray \u003d taskDescription.split(\"/by\");","lastModifiedDate":"2022-09-14"},{"lineNumber":60,"author":{"gitId":"chinhan99"},"content":"            taskDescription \u003d tempArray[0];","lastModifiedDate":"2022-09-14"},{"lineNumber":61,"author":{"gitId":"chinhan99"},"content":"            deadline \u003d tempArray[1];","lastModifiedDate":"2022-09-14"},{"lineNumber":62,"author":{"gitId":"chinhan99"},"content":"        }","lastModifiedDate":"2022-09-14"},{"lineNumber":63,"author":{"gitId":"chinhan99"},"content":"","lastModifiedDate":"2022-09-14"},{"lineNumber":64,"author":{"gitId":"chinhan99"},"content":"        tasks.add(new Deadline(\"D\", taskDescription, false, deadline));","lastModifiedDate":"2022-09-14"},{"lineNumber":65,"author":{"gitId":"chinhan99"},"content":"        Storage.writeToFile(tasks);","lastModifiedDate":"2022-09-17"},{"lineNumber":66,"author":{"gitId":"chinhan99"},"content":"        System.out.println(tasks.get(tasks.size() - 1));","lastModifiedDate":"2022-09-14"},{"lineNumber":67,"author":{"gitId":"chinhan99"},"content":"        Ui.printNumOfTasks(tasks.size());","lastModifiedDate":"2022-09-17"},{"lineNumber":68,"author":{"gitId":"chinhan99"},"content":"    }","lastModifiedDate":"2022-09-14"},{"lineNumber":69,"author":{"gitId":"chinhan99"},"content":"","lastModifiedDate":"2022-09-14"},{"lineNumber":70,"author":{"gitId":"chinhan99"},"content":"    public static void addEvent(ArrayList\u003cTask\u003e tasks, String taskDescription) {","lastModifiedDate":"2022-09-14"},{"lineNumber":71,"author":{"gitId":"chinhan99"},"content":"        Ui.displayLineDivider();","lastModifiedDate":"2022-09-17"},{"lineNumber":72,"author":{"gitId":"chinhan99"},"content":"        String eventPeriod \u003d taskDescription;","lastModifiedDate":"2022-09-14"},{"lineNumber":73,"author":{"gitId":"chinhan99"},"content":"        if (taskDescription.contains(\"/at\")) {","lastModifiedDate":"2022-09-14"},{"lineNumber":74,"author":{"gitId":"chinhan99"},"content":"            //update taskDescription and deadline","lastModifiedDate":"2022-09-14"},{"lineNumber":75,"author":{"gitId":"chinhan99"},"content":"            String[] tempArray \u003d taskDescription.split(\"/at\");","lastModifiedDate":"2022-09-14"},{"lineNumber":76,"author":{"gitId":"chinhan99"},"content":"            taskDescription \u003d tempArray[0];","lastModifiedDate":"2022-09-14"},{"lineNumber":77,"author":{"gitId":"chinhan99"},"content":"            eventPeriod \u003d tempArray[1];","lastModifiedDate":"2022-09-14"},{"lineNumber":78,"author":{"gitId":"chinhan99"},"content":"        }","lastModifiedDate":"2022-09-14"},{"lineNumber":79,"author":{"gitId":"chinhan99"},"content":"","lastModifiedDate":"2022-09-14"},{"lineNumber":80,"author":{"gitId":"chinhan99"},"content":"        tasks.add(new Event(\"E\", taskDescription, false, eventPeriod));","lastModifiedDate":"2022-09-14"},{"lineNumber":81,"author":{"gitId":"chinhan99"},"content":"        Storage.writeToFile(tasks);","lastModifiedDate":"2022-09-17"},{"lineNumber":82,"author":{"gitId":"chinhan99"},"content":"        System.out.println(tasks.get(tasks.size() - 1));","lastModifiedDate":"2022-09-14"},{"lineNumber":83,"author":{"gitId":"chinhan99"},"content":"        Ui.printNumOfTasks(tasks.size());","lastModifiedDate":"2022-09-17"},{"lineNumber":84,"author":{"gitId":"chinhan99"},"content":"    }","lastModifiedDate":"2022-09-14"},{"lineNumber":85,"author":{"gitId":"chinhan99"},"content":"","lastModifiedDate":"2022-09-14"},{"lineNumber":86,"author":{"gitId":"chinhan99"},"content":"","lastModifiedDate":"2022-09-14"},{"lineNumber":87,"author":{"gitId":"chinhan99"},"content":"    public static void processCommand(ArrayList\u003cTask\u003e tasks, int numOfWords, String command, String[] userInput) {","lastModifiedDate":"2022-09-15"},{"lineNumber":88,"author":{"gitId":"chinhan99"},"content":"        try {","lastModifiedDate":"2022-09-14"},{"lineNumber":89,"author":{"gitId":"chinhan99"},"content":"            if (numOfWords \u003e 2) {","lastModifiedDate":"2022-09-14"},{"lineNumber":90,"author":{"gitId":"chinhan99"},"content":"                Ui.showErrorMessage(command, WRONG_FORMAT);","lastModifiedDate":"2022-09-17"},{"lineNumber":91,"author":{"gitId":"chinhan99"},"content":"            } else {","lastModifiedDate":"2022-09-14"},{"lineNumber":92,"author":{"gitId":"chinhan99"},"content":"                int index \u003d Integer.parseInt(userInput[1]) - 1;","lastModifiedDate":"2022-09-14"},{"lineNumber":93,"author":{"gitId":"chinhan99"},"content":"                if (checkIfWithinBounds(index, tasks.size())) {","lastModifiedDate":"2022-09-14"},{"lineNumber":94,"author":{"gitId":"chinhan99"},"content":"                    // checks if the user input command is within the current bound of the tasks array.","lastModifiedDate":"2022-09-14"},{"lineNumber":95,"author":{"gitId":"chinhan99"},"content":"                    switch (command) {","lastModifiedDate":"2022-09-15"},{"lineNumber":96,"author":{"gitId":"chinhan99"},"content":"                    case \"mark\":","lastModifiedDate":"2022-09-15"},{"lineNumber":97,"author":{"gitId":"chinhan99"},"content":"                        tasks.get(index).setDone(true);","lastModifiedDate":"2022-09-14"},{"lineNumber":98,"author":{"gitId":"chinhan99"},"content":"                        Ui.getAcknowledgement(command);","lastModifiedDate":"2022-09-17"},{"lineNumber":99,"author":{"gitId":"chinhan99"},"content":"                        Ui.getEntryFullStatus(tasks, index);","lastModifiedDate":"2022-09-17"},{"lineNumber":100,"author":{"gitId":"chinhan99"},"content":"                        Ui.displayLineDivider();","lastModifiedDate":"2022-09-17"},{"lineNumber":101,"author":{"gitId":"chinhan99"},"content":"                        break;","lastModifiedDate":"2022-09-15"},{"lineNumber":102,"author":{"gitId":"chinhan99"},"content":"                    case \"unmark\":","lastModifiedDate":"2022-09-15"},{"lineNumber":103,"author":{"gitId":"chinhan99"},"content":"                        tasks.get(index).setDone(false);","lastModifiedDate":"2022-09-14"},{"lineNumber":104,"author":{"gitId":"chinhan99"},"content":"                        Ui.getAcknowledgement(command);","lastModifiedDate":"2022-09-17"},{"lineNumber":105,"author":{"gitId":"chinhan99"},"content":"                        Ui.getEntryFullStatus(tasks, index);","lastModifiedDate":"2022-09-17"},{"lineNumber":106,"author":{"gitId":"chinhan99"},"content":"                        Ui.displayLineDivider();","lastModifiedDate":"2022-09-17"},{"lineNumber":107,"author":{"gitId":"chinhan99"},"content":"                        break;","lastModifiedDate":"2022-09-15"},{"lineNumber":108,"author":{"gitId":"chinhan99"},"content":"                    case \"delete\":","lastModifiedDate":"2022-09-15"},{"lineNumber":109,"author":{"gitId":"chinhan99"},"content":"                        Ui.getAcknowledgement(command);","lastModifiedDate":"2022-09-17"},{"lineNumber":110,"author":{"gitId":"chinhan99"},"content":"                        Ui.getEntryFullStatus(tasks, index);","lastModifiedDate":"2022-09-17"},{"lineNumber":111,"author":{"gitId":"chinhan99"},"content":"                        tasks.remove(index);","lastModifiedDate":"2022-09-15"},{"lineNumber":112,"author":{"gitId":"chinhan99"},"content":"                        if (tasks.size() \u003d\u003d 0) {","lastModifiedDate":"2022-09-15"},{"lineNumber":113,"author":{"gitId":"chinhan99"},"content":"                            Ui.printNumOfTasks(0);","lastModifiedDate":"2022-09-17"},{"lineNumber":114,"author":{"gitId":"chinhan99"},"content":"                        } else {","lastModifiedDate":"2022-09-15"},{"lineNumber":115,"author":{"gitId":"chinhan99"},"content":"                            Ui.printNumOfTasks(tasks.size());","lastModifiedDate":"2022-09-17"},{"lineNumber":116,"author":{"gitId":"chinhan99"},"content":"                        }","lastModifiedDate":"2022-09-15"},{"lineNumber":117,"author":{"gitId":"chinhan99"},"content":"                        break;","lastModifiedDate":"2022-09-15"},{"lineNumber":118,"author":{"gitId":"chinhan99"},"content":"                    default:","lastModifiedDate":"2022-09-15"},{"lineNumber":119,"author":{"gitId":"chinhan99"},"content":"                        break;","lastModifiedDate":"2022-09-15"},{"lineNumber":120,"author":{"gitId":"chinhan99"},"content":"                    }","lastModifiedDate":"2022-09-15"},{"lineNumber":121,"author":{"gitId":"chinhan99"},"content":"                    Storage.writeToFile(tasks); // to update the file with the updated tasks array","lastModifiedDate":"2022-09-17"},{"lineNumber":122,"author":{"gitId":"chinhan99"},"content":"                }","lastModifiedDate":"2022-09-14"},{"lineNumber":123,"author":{"gitId":"chinhan99"},"content":"            }","lastModifiedDate":"2022-09-14"},{"lineNumber":124,"author":{"gitId":"chinhan99"},"content":"        } catch (NumberFormatException e) {","lastModifiedDate":"2022-09-14"},{"lineNumber":125,"author":{"gitId":"chinhan99"},"content":"            Ui.showErrorMessage(command, NON_NUMERIC);","lastModifiedDate":"2022-09-17"},{"lineNumber":126,"author":{"gitId":"chinhan99"},"content":"        } catch (DukeException e) {","lastModifiedDate":"2022-09-14"},{"lineNumber":127,"author":{"gitId":"chinhan99"},"content":"            Ui.showErrorMessage(command, OUT_OF_BOUNDS);","lastModifiedDate":"2022-09-17"},{"lineNumber":128,"author":{"gitId":"chinhan99"},"content":"        }","lastModifiedDate":"2022-09-14"},{"lineNumber":129,"author":{"gitId":"chinhan99"},"content":"    }","lastModifiedDate":"2022-09-14"},{"lineNumber":130,"author":{"gitId":"chinhan99"},"content":"","lastModifiedDate":"2022-09-14"},{"lineNumber":131,"author":{"gitId":"chinhan99"},"content":"}","lastModifiedDate":"2022-09-14"}],"authorContributionMap":{"chinhan99":131}},{"path":"src/main/java/duke/taskings/Todo.java","fileType":"java","lines":[{"lineNumber":1,"author":{"gitId":"chinhan99"},"content":"package duke.taskings;","lastModifiedDate":"2022-09-04"},{"lineNumber":2,"author":{"gitId":"chinhan99"},"content":"","lastModifiedDate":"2022-09-04"},{"lineNumber":3,"author":{"gitId":"chinhan99"},"content":"public class Todo extends Task {","lastModifiedDate":"2022-08-27"},{"lineNumber":4,"author":{"gitId":"chinhan99"},"content":"","lastModifiedDate":"2022-08-27"},{"lineNumber":5,"author":{"gitId":"chinhan99"},"content":"","lastModifiedDate":"2022-09-13"},{"lineNumber":6,"author":{"gitId":"chinhan99"},"content":"    public Todo(String taskType, String description, boolean isDone) {","lastModifiedDate":"2022-09-13"},{"lineNumber":7,"author":{"gitId":"chinhan99"},"content":"        super(taskType, description, isDone);","lastModifiedDate":"2022-09-13"},{"lineNumber":8,"author":{"gitId":"chinhan99"},"content":"    }","lastModifiedDate":"2022-08-27"},{"lineNumber":9,"author":{"gitId":"chinhan99"},"content":"","lastModifiedDate":"2022-08-31"},{"lineNumber":10,"author":{"gitId":"chinhan99"},"content":"","lastModifiedDate":"2022-09-13"},{"lineNumber":11,"author":{"gitId":"chinhan99"},"content":"    @Override","lastModifiedDate":"2022-08-31"},{"lineNumber":12,"author":{"gitId":"chinhan99"},"content":"    public String printList() {","lastModifiedDate":"2022-08-27"},{"lineNumber":13,"author":{"gitId":"chinhan99"},"content":"        return \"[T] [\" + super.getStatusIcon() + \"] \" + super.description;","lastModifiedDate":"2022-08-27"},{"lineNumber":14,"author":{"gitId":"chinhan99"},"content":"    }","lastModifiedDate":"2022-08-27"},{"lineNumber":15,"author":{"gitId":"chinhan99"},"content":"","lastModifiedDate":"2022-08-27"},{"lineNumber":16,"author":{"gitId":"chinhan99"},"content":"    @Override","lastModifiedDate":"2022-08-27"},{"lineNumber":17,"author":{"gitId":"chinhan99"},"content":"    public String toString() {","lastModifiedDate":"2022-08-27"},{"lineNumber":18,"author":{"gitId":"chinhan99"},"content":"        return \"Added Todo Task : [T] \" + super.toString();","lastModifiedDate":"2022-08-27"},{"lineNumber":19,"author":{"gitId":"chinhan99"},"content":"    }","lastModifiedDate":"2022-08-27"},{"lineNumber":20,"author":{"gitId":"chinhan99"},"content":"}","lastModifiedDate":"2022-08-27"}],"authorContributionMap":{"chinhan99":20}},{"path":"text-ui-test/input.txt","fileType":"txt","lines":[{"lineNumber":1,"author":{"gitId":"chinhan99"},"content":"todo return book","lastModifiedDate":"2022-08-31"},{"lineNumber":2,"author":{"gitId":"chinhan99"},"content":"mark 1","lastModifiedDate":"2022-08-31"},{"lineNumber":3,"author":{"gitId":"chinhan99"},"content":"list","lastModifiedDate":"2022-08-31"},{"lineNumber":4,"author":{"gitId":"chinhan99"},"content":"unmark 1","lastModifiedDate":"2022-08-31"},{"lineNumber":5,"author":{"gitId":"chinhan99"},"content":"mark 10101","lastModifiedDate":"2022-09-04"},{"lineNumber":6,"author":{"gitId":"chinhan99"},"content":"mark a","lastModifiedDate":"2022-09-04"},{"lineNumber":7,"author":{"gitId":"chinhan99"},"content":"mark 1","lastModifiedDate":"2022-09-04"},{"lineNumber":8,"author":{"gitId":"chinhan99"},"content":"list","lastModifiedDate":"2022-08-31"},{"lineNumber":9,"author":{"gitId":"chinhan99"},"content":"whoops type wrong","lastModifiedDate":"2022-09-04"},{"lineNumber":10,"author":{"gitId":"chinhan99"},"content":"ohno","lastModifiedDate":"2022-09-04"},{"lineNumber":11,"author":{"gitId":"chinhan99"},"content":"deadline return calculator /by tuesday","lastModifiedDate":"2022-08-31"},{"lineNumber":12,"author":{"gitId":"chinhan99"},"content":"event go to school /at monday afternoon","lastModifiedDate":"2022-08-31"},{"lineNumber":13,"author":{"gitId":"chinhan99"},"content":"mark 2","lastModifiedDate":"2022-08-31"},{"lineNumber":14,"author":{"gitId":"chinhan99"},"content":"list","lastModifiedDate":"2022-08-31"},{"lineNumber":15,"author":{"gitId":"chinhan99"},"content":"bye","lastModifiedDate":"2022-08-31"}],"authorContributionMap":{"chinhan99":15}}]
