{"authorDailyContributionsMap":{"chinhan99":[{"date":"2022-08-22","commitResults":[{"hash":"4bad18d03e0b580e29806e20c1a3a5f89db5e7b6","messageTitle":"First commit","messageBody":"","fileTypesAndContributionMap":{"java":{"insertions":6,"deletions":6}}},{"hash":"42f285f89965aa993e83c767e31a5e4656d3e9a8","messageTitle":"Removed unnecessary comment","messageBody":"","tags":["Level-0"],"fileTypesAndContributionMap":{"java":{"insertions":0,"deletions":1}}},{"hash":"028de8094adedc70fa5388e44d21afdc11650bdc","messageTitle":"Added greeting, echo and exit feature","messageBody":"","tags":["Level-1"],"fileTypesAndContributionMap":{"java":{"insertions":15,"deletions":0}}},{"hash":"9d059b6874f15b668c643f16a46994654cd8477b","messageTitle":"Added list incrementing and listing feature","messageBody":"","tags":["Level-2"],"fileTypesAndContributionMap":{"java":{"insertions":24,"deletions":5}}},{"hash":"80f0ba8945bc5a0a3186b9e11bca85f3ac1b921d","messageTitle":"Mark as done exercise","messageBody":"","fileTypesAndContributionMap":{"java":{"insertions":110,"deletions":6}}},{"hash":"f4db9d6f6ed1775b8ea0212657bc6b4ca31cb02c","messageTitle":"removed unnecessary comments","messageBody":"","fileTypesAndContributionMap":{"java":{"insertions":2,"deletions":5}}}]},{"date":"2022-08-24","commitResults":[{"hash":"2a0c2652e9b9f6d2ebc42861541ca4d2a4fe70a7","messageTitle":"Added comments","messageBody":"","fileTypesAndContributionMap":{"java":{"insertions":43,"deletions":28}}},{"hash":"b8dcb3ee46392ead8c103290fe21234e958830cb","messageTitle":"updated missing comments","messageBody":"","tags":["Level-3","A-CodingStandard"],"fileTypesAndContributionMap":{"java":{"insertions":9,"deletions":2}}}]},{"date":"2022-08-27","commitResults":[{"hash":"62421a5b664632d20b95f74de1f4b1c0d974fcdc","messageTitle":"Added Todo,Event and Deadline function","messageBody":"","tags":["Level-4"],"fileTypesAndContributionMap":{"java":{"insertions":160,"deletions":41}}}]},{"date":"2022-08-31","commitResults":[{"hash":"d443c53bd1f0bc6d7ec9cc683ed0d45d1511e940","messageTitle":"added testing for code","messageBody":"","fileTypesAndContributionMap":{"txt":{"insertions":8,"deletions":0},"java":{"insertions":13,"deletions":9}}},{"hash":"cfedc2ea28d3456a310dfa3bd757bf4dd50bd617","messageTitle":"Changed commenting format and testing inputs","messageBody":"","fileTypesAndContributionMap":{"txt":{"insertions":3,"deletions":1},"java":{"insertions":33,"deletions":13}}}]},{"date":"2022-09-01","commitResults":[{"hash":"2a74bafd7d49f649dd220a5f1bddb12f415d5267","messageTitle":"Changed naming for unclear variable","messageBody":"","fileTypesAndContributionMap":{"java":{"insertions":11,"deletions":11}}},{"hash":"8de75af29441f45df980a2d9ba2761e624c4f873","messageTitle":"renamed array for clarity","messageBody":"","tags":["A-CodeQuality"],"fileTypesAndContributionMap":{"java":{"insertions":11,"deletions":11}}}]},{"date":"2022-09-04","commitResults":[{"hash":"372d4f32389798bd54f46a125855e6b99647f8c6","messageTitle":"Added error handling","messageBody":"","tags":["Level-5"],"fileTypesAndContributionMap":{"txt":{"insertions":5,"deletions":0},"java":{"insertions":45,"deletions":21}}},{"hash":"413045fad72232f01d8cf6105197987b336589e9","messageTitle":"Added exception class","messageBody":"","fileTypesAndContributionMap":{"java":{"insertions":7,"deletions":23}}},{"hash":"bbfcfc60305f4d948b6df9b53caabce3f272e96d","messageTitle":"Changed variable naming and added method comments","messageBody":"","tags":["A-Exceptions"],"fileTypesAndContributionMap":{"java":{"insertions":11,"deletions":2}}}]}]},"authorFileTypeContributionMap":{"chinhan99":{"java":322,"md":0,"fxml":0,"sh":0,"bat":0,"gradle":0,"txt":15}},"authorContributionVariance":{"chinhan99":3349.248},"authorDisplayNameMap":{"chinhan99":"CS2113-W12-2 YONG.. HAN"}}
