{"authorDailyContributionsMap":{"chinhan99":[{"date":"2022-08-22","commitResults":[{"hash":"4bad18d03e0b580e29806e20c1a3a5f89db5e7b6","messageTitle":"First commit","messageBody":"","fileTypesAndContributionMap":{"java":{"insertions":6,"deletions":6}}},{"hash":"42f285f89965aa993e83c767e31a5e4656d3e9a8","messageTitle":"Removed unnecessary comment","messageBody":"","tags":["Level-0"],"fileTypesAndContributionMap":{"java":{"insertions":0,"deletions":1}}},{"hash":"028de8094adedc70fa5388e44d21afdc11650bdc","messageTitle":"Added greeting, echo and exit feature","messageBody":"","tags":["Level-1"],"fileTypesAndContributionMap":{"java":{"insertions":15,"deletions":0}}},{"hash":"9d059b6874f15b668c643f16a46994654cd8477b","messageTitle":"Added list incrementing and listing feature","messageBody":"","tags":["Level-2"],"fileTypesAndContributionMap":{"java":{"insertions":24,"deletions":5}}},{"hash":"80f0ba8945bc5a0a3186b9e11bca85f3ac1b921d","messageTitle":"Mark as done exercise","messageBody":"","fileTypesAndContributionMap":{"java":{"insertions":110,"deletions":6}}},{"hash":"f4db9d6f6ed1775b8ea0212657bc6b4ca31cb02c","messageTitle":"removed unnecessary comments","messageBody":"","fileTypesAndContributionMap":{"java":{"insertions":2,"deletions":5}}}]},{"date":"2022-08-24","commitResults":[{"hash":"2a0c2652e9b9f6d2ebc42861541ca4d2a4fe70a7","messageTitle":"Added comments","messageBody":"","fileTypesAndContributionMap":{"java":{"insertions":43,"deletions":28}}},{"hash":"b8dcb3ee46392ead8c103290fe21234e958830cb","messageTitle":"updated missing comments","messageBody":"","tags":["Level-3","A-CodingStandard"],"fileTypesAndContributionMap":{"java":{"insertions":9,"deletions":2}}}]},{"date":"2022-08-27","commitResults":[{"hash":"62421a5b664632d20b95f74de1f4b1c0d974fcdc","messageTitle":"Added Todo,Event and Deadline function","messageBody":"","tags":["Level-4"],"fileTypesAndContributionMap":{"java":{"insertions":160,"deletions":41}}}]},{"date":"2022-08-31","commitResults":[{"hash":"d443c53bd1f0bc6d7ec9cc683ed0d45d1511e940","messageTitle":"added testing for code","messageBody":"","fileTypesAndContributionMap":{"txt":{"insertions":8,"deletions":0},"java":{"insertions":13,"deletions":9}}},{"hash":"cfedc2ea28d3456a310dfa3bd757bf4dd50bd617","messageTitle":"Changed commenting format and testing inputs","messageBody":"","fileTypesAndContributionMap":{"txt":{"insertions":3,"deletions":1},"java":{"insertions":33,"deletions":13}}}]},{"date":"2022-09-01","commitResults":[{"hash":"2a74bafd7d49f649dd220a5f1bddb12f415d5267","messageTitle":"Changed naming for unclear variable","messageBody":"","fileTypesAndContributionMap":{"java":{"insertions":11,"deletions":11}}},{"hash":"8de75af29441f45df980a2d9ba2761e624c4f873","messageTitle":"renamed array for clarity","messageBody":"","tags":["A-CodeQuality"],"fileTypesAndContributionMap":{"java":{"insertions":11,"deletions":11}}}]},{"date":"2022-09-04","commitResults":[{"hash":"372d4f32389798bd54f46a125855e6b99647f8c6","messageTitle":"Added error handling","messageBody":"","tags":["Level-5"],"fileTypesAndContributionMap":{"txt":{"insertions":5,"deletions":0},"java":{"insertions":45,"deletions":21}}},{"hash":"413045fad72232f01d8cf6105197987b336589e9","messageTitle":"Added exception class","messageBody":"","fileTypesAndContributionMap":{"java":{"insertions":7,"deletions":23}}},{"hash":"bbfcfc60305f4d948b6df9b53caabce3f272e96d","messageTitle":"Changed variable naming and added method comments","messageBody":"","tags":["A-Exceptions"],"fileTypesAndContributionMap":{"java":{"insertions":11,"deletions":2}}},{"hash":"a35307bdf7a454fb40bdd5cf41b67473d7cc25d1","messageTitle":"repackaged project files","messageBody":"","fileTypesAndContributionMap":{"java":{"insertions":19,"deletions":0}}}]},{"date":"2022-09-07","commitResults":[{"hash":"c5050f8fdb3245fc9099abdcbe1b0ab773668ba1","messageTitle":"change error message and added help command","messageBody":"","fileTypesAndContributionMap":{"java":{"insertions":20,"deletions":13}}}]},{"date":"2022-09-10","commitResults":[{"hash":"41feaf10a08cf40318f4cb3bd496cb7f4ff558df","messageTitle":"added delete feature","messageBody":"","fileTypesAndContributionMap":{"java":{"insertions":50,"deletions":18}}},{"hash":"a29e79926ac29db76316b4b2bc78199e13dd0011","messageTitle":"removed unnecessary comments","messageBody":"","tags":["A-Collections"],"fileTypesAndContributionMap":{"java":{"insertions":6,"deletions":15}}},{"hash":"827708541a08eab3079825304a6b0d06ae85949c","messageTitle":"added delete command responses","messageBody":"","fileTypesAndContributionMap":{"java":{"insertions":8,"deletions":1}}}]},{"date":"2022-09-13","commitResults":[{"hash":"b1107fe9e560e114e4352f06c71dde7548c5525d","messageTitle":"implemented save function","messageBody":"","fileTypesAndContributionMap":{"txt":{"insertions":2,"deletions":0},"java":{"insertions":201,"deletions":59}}},{"hash":"1bdd27e5ac872e0edc9a5bf9f5ddffb52422bb4e","messageTitle":"repackaged files","messageBody":"","fileTypesAndContributionMap":{"txt":{"insertions":1,"deletions":1},"java":{"insertions":5,"deletions":7}}},{"hash":"dade3348077dd188f6e415e9cecc3e020d198b0b","messageTitle":"repackaged files","messageBody":"","fileTypesAndContributionMap":{"txt":{"insertions":1,"deletions":0},"java":{"insertions":6,"deletions":5}}}]},{"date":"2022-09-14","commitResults":[{"hash":"da614931ba423e275ecdba86080ce2a2b90a3b87","messageTitle":"updated message handling","messageBody":"","fileTypesAndContributionMap":{"java":{"insertions":150,"deletions":69}}},{"hash":"6270d6341cfad8bb762c0acb5841322c538d5f29","messageTitle":"reorganised task management","messageBody":"","fileTypesAndContributionMap":{"java":{"insertions":185,"deletions":161}}}]},{"date":"2022-09-15","commitResults":[{"hash":"03a3bea9caf2cba7257a71024daa35a0e8d7172b","messageTitle":"improved delete task management","messageBody":"","tags":["Level-6"],"fileTypesAndContributionMap":{"txt":{"insertions":1,"deletions":2},"java":{"insertions":28,"deletions":14}}},{"hash":"e92e661f3abb27af415cd7f738752461684a9838","messageTitle":"updated wrong variable naming and restructured methods","messageBody":"","fileTypesAndContributionMap":{"txt":{"insertions":4,"deletions":1},"java":{"insertions":169,"deletions":10}}},{"hash":"0bb3ddc7db0edff4673a96c04cbbf37f3b7a401d","messageTitle":"restructured file storage operation code and added static variables","messageBody":"","tags":["Level-7"],"fileTypesAndContributionMap":{"txt":{"insertions":1,"deletions":2},"java":{"insertions":25,"deletions":139}}},{"hash":"86bc448bbe8610c4deea202e872a8df24924cc4b","messageTitle":"Updated packaging of file","messageBody":"","tags":["A-Jar"],"fileTypesAndContributionMap":{"txt":{"insertions":1,"deletions":0},"java":{"insertions":31,"deletions":174}}}]},{"date":"2022-09-17","commitResults":[{"hash":"55eb72a47916add3825e2da42f0261e0c510dadb","messageTitle":"Refactored closely related code as classes","messageBody":"","tags":["A-MoreOOP"],"fileTypesAndContributionMap":{"txt":{"insertions":4,"deletions":2},"java":{"insertions":135,"deletions":144}}},{"hash":"72e7979ca3acbbf0b6e2b8f314ae4185197841b1","messageTitle":"Added date and time processing feature","messageBody":"","fileTypesAndContributionMap":{"txt":{"insertions":2,"deletions":6},"java":{"insertions":106,"deletions":39}}},{"hash":"0f130e7a63060bee4c52f2baa644502f75ae45c9","messageTitle":"improved time handling feature","messageBody":"","tags":["Level-8"],"fileTypesAndContributionMap":{"txt":{"insertions":2,"deletions":0},"java":{"insertions":2,"deletions":2}}},{"hash":"490429d16a3b623abf228025b622c5bbd5b412e6","messageTitle":"Added search function","messageBody":"","tags":["Level-9"],"fileTypesAndContributionMap":{"txt":{"insertions":3,"deletions":1},"java":{"insertions":61,"deletions":6}}},{"hash":"9b36afde05dafdbc3040e1f98b59c78501b0c10d","messageTitle":"Added java documentations for class methods","messageBody":"","fileTypesAndContributionMap":{"txt":{"insertions":1,"deletions":4},"java":{"insertions":118,"deletions":25}}},{"hash":"dd6cb99a101494ddeb4db0b76af3790c92120d04","messageTitle":"edited method name for clarity","messageBody":"","fileTypesAndContributionMap":{"java":{"insertions":5,"deletions":10}}}]},{"date":"2022-09-18","commitResults":[{"hash":"a0eb29e8954376c890d6b326ed9af67c04b48f49","messageTitle":"Added user guide","messageBody":"","fileTypesAndContributionMap":{"md":{"insertions":51,"deletions":15}}},{"hash":"920b86dcda9e430c9642b2c06d02eb42d7c37140","messageTitle":"fixed user guide markdown syntax mistake","messageBody":"","tags":["A-UserGuide"],"fileTypesAndContributionMap":{"md":{"insertions":6,"deletions":7}}}]},{"date":"2022-09-19","commitResults":[{"hash":"33233c6ab2a19ef1c00b8a078079bd4ed75ac624","messageTitle":"edited markdown for user guide and display message during creation of new directory","messageBody":"","fileTypesAndContributionMap":{"txt":{"insertions":0,"deletions":3},"java":{"insertions":1,"deletions":1},"md":{"insertions":10,"deletions":11}}},{"hash":"1e8ef3e2e0434ca2c22ff1f2fa68bf40947ba300","messageTitle":"Updated default user guide at project root","messageBody":"","tags":["A-Release"],"fileTypesAndContributionMap":{"md":{"insertions":63,"deletions":26}}}]}]},"authorFileTypeContributionMap":{"chinhan99":{"java":872,"md":106,"fxml":0,"sh":0,"bat":0,"gradle":0,"txt":15}},"authorContributionVariance":{"chinhan99":28230.76},"authorDisplayNameMap":{"chinhan99":"CS2113-W12-2 YONG.. HAN"}}
