{"authorDailyContributionsMap":{"penguin-s":[{"date":"2022-08-25","commitResults":[{"hash":"e1495cdf293f45ccbd46055fd46fcecf20d21511","messageTitle":"Level-0: Greet","messageBody":"","fileTypesAndContributionMap":{"java":{"insertions":8,"deletions":6}}}]},{"date":"2022-08-26","commitResults":[{"hash":"adb7ea210b71d88ead5754d4c3af31baea71208f","messageTitle":"Level-1: Greet, Echo, Exit","messageBody":"","fileTypesAndContributionMap":{"java":{"insertions":22,"deletions":3}}}]},{"date":"2022-08-31","commitResults":[{"hash":"c3e28e21abe872081a62a31eb03762ad73827e78","messageTitle":"Level-2","messageBody":"","tags":["Level-2"],"fileTypesAndContributionMap":{"java":{"insertions":42,"deletions":9}}},{"hash":"c74d35c02e5f62f1fc5d676e2f9f991586b4e7e2","messageTitle":"Level-3","messageBody":"","fileTypesAndContributionMap":{"java":{"insertions":37,"deletions":15}}},{"hash":"c9411b4b9064ca5dd68832be9be696c4d957f835","messageTitle":"Revert \"Level-3\"","messageBody":"This reverts commit c74d35c02e5f62f1fc5d676e2f9f991586b4e7e2.\n","fileTypesAndContributionMap":{"java":{"insertions":15,"deletions":37}}},{"hash":"a0e8f6af835638c0aa0fd6f70b1e4a1a82a13e20","messageTitle":"Level-3","messageBody":"","tags":["Level-3"],"fileTypesAndContributionMap":{"java":{"insertions":24,"deletions":5}}},{"hash":"d69b4cbc7a59c553dced679b63e580852f9e7824","messageTitle":"A-CodingStandard","messageBody":"","tags":["A-CodingStandard"],"fileTypesAndContributionMap":{"java":{"insertions":1,"deletions":1}}}]},{"date":"2022-09-15","commitResults":[{"hash":"4ae302e1db343241c146cec40a8a4ce07d8e7dd1","messageTitle":"Level-4","messageBody":"","tags":["Level-5","Level-4","A-CodeQuality"],"fileTypesAndContributionMap":{"java":{"insertions":182,"deletions":41}}}]},{"date":"2022-09-23","commitResults":[{"hash":"0a57ce2303ff772d44ab2e22f78183dedf917fb1","messageTitle":"Level-5","messageBody":"","tags":["A-Exceptions"],"fileTypesAndContributionMap":{"java":{"insertions":98,"deletions":58}}}]},{"date":"2022-09-29","commitResults":[{"hash":"a4c20f895c959704b74dd332546601ad930a7bcc","messageTitle":"Level-6","messageBody":"","tags":["Level-6","A-Collections"],"fileTypesAndContributionMap":{"java":{"insertions":117,"deletions":55}}},{"hash":"bea6c7eaffa35c5eda4924aa05f893f8b0563982","messageTitle":"Level-7","messageBody":"","fileTypesAndContributionMap":{"java":{"insertions":120,"deletions":55}}}]}]},"authorFileTypeContributionMap":{"penguin-s":{"java":290,"md":0,"fxml":0,"sh":0,"bat":0,"gradle":0,"txt":0}},"authorContributionVariance":{"penguin-s":4314.9766},"authorDisplayNameMap":{"penguin-s":"CS2113T-W11-1 NUR ..UTFI"}}
