[{"path":"src/main/java/Deadline.java","fileType":"java","lines":[{"lineNumber":1,"author":{"gitId":"RiaVora"},"content":"package main.java;","lastModifiedDate":"2022-08-26"},{"lineNumber":2,"author":{"gitId":"RiaVora"},"content":"","lastModifiedDate":"2022-08-26"},{"lineNumber":3,"author":{"gitId":"RiaVora"},"content":"public class Deadline extends Task {","lastModifiedDate":"2022-08-26"},{"lineNumber":4,"author":{"gitId":"RiaVora"},"content":"","lastModifiedDate":"2022-08-26"},{"lineNumber":5,"author":{"gitId":"RiaVora"},"content":"    private String dueDate;","lastModifiedDate":"2022-08-26"},{"lineNumber":6,"author":{"gitId":"RiaVora"},"content":"","lastModifiedDate":"2022-08-26"},{"lineNumber":7,"author":{"gitId":"RiaVora"},"content":"    public Deadline(String description, String date) {","lastModifiedDate":"2022-08-26"},{"lineNumber":8,"author":{"gitId":"RiaVora"},"content":"        super(description, TaskType.DEADLINE);","lastModifiedDate":"2022-08-26"},{"lineNumber":9,"author":{"gitId":"RiaVora"},"content":"        this.dueDate \u003d date;","lastModifiedDate":"2022-08-26"},{"lineNumber":10,"author":{"gitId":"RiaVora"},"content":"    }","lastModifiedDate":"2022-08-26"},{"lineNumber":11,"author":{"gitId":"RiaVora"},"content":"","lastModifiedDate":"2022-08-26"},{"lineNumber":12,"author":{"gitId":"RiaVora"},"content":"    @Override","lastModifiedDate":"2022-08-26"},{"lineNumber":13,"author":{"gitId":"RiaVora"},"content":"    public String toString() {","lastModifiedDate":"2022-08-26"},{"lineNumber":14,"author":{"gitId":"RiaVora"},"content":"        return super.toString() + \"(by: \" + dueDate + \")\";","lastModifiedDate":"2022-08-26"},{"lineNumber":15,"author":{"gitId":"RiaVora"},"content":"    }","lastModifiedDate":"2022-08-26"},{"lineNumber":16,"author":{"gitId":"RiaVora"},"content":"","lastModifiedDate":"2022-08-26"},{"lineNumber":17,"author":{"gitId":"RiaVora"},"content":"    public String getDueDate() {","lastModifiedDate":"2022-08-26"},{"lineNumber":18,"author":{"gitId":"RiaVora"},"content":"        return dueDate;","lastModifiedDate":"2022-08-26"},{"lineNumber":19,"author":{"gitId":"RiaVora"},"content":"    }","lastModifiedDate":"2022-08-26"},{"lineNumber":20,"author":{"gitId":"RiaVora"},"content":"","lastModifiedDate":"2022-08-26"},{"lineNumber":21,"author":{"gitId":"RiaVora"},"content":"    public void setDueDate(String dueDate) {","lastModifiedDate":"2022-08-26"},{"lineNumber":22,"author":{"gitId":"RiaVora"},"content":"        this.dueDate \u003d dueDate;","lastModifiedDate":"2022-08-26"},{"lineNumber":23,"author":{"gitId":"RiaVora"},"content":"    }","lastModifiedDate":"2022-08-26"},{"lineNumber":24,"author":{"gitId":"RiaVora"},"content":"","lastModifiedDate":"2022-08-26"},{"lineNumber":25,"author":{"gitId":"RiaVora"},"content":"","lastModifiedDate":"2022-08-26"},{"lineNumber":26,"author":{"gitId":"RiaVora"},"content":"}","lastModifiedDate":"2022-08-26"}],"authorContributionMap":{"RiaVora":26}},{"path":"src/main/java/Duke.java","fileType":"java","lines":[{"lineNumber":1,"author":{"gitId":"RiaVora"},"content":"package main.java;","lastModifiedDate":"2022-08-19"},{"lineNumber":2,"author":{"gitId":"RiaVora"},"content":"","lastModifiedDate":"2022-08-19"},{"lineNumber":3,"author":{"gitId":"RiaVora"},"content":"import java.util.Scanner;","lastModifiedDate":"2022-08-19"},{"lineNumber":4,"author":{"gitId":"RiaVora"},"content":"import java.util.regex.Pattern;","lastModifiedDate":"2022-08-24"},{"lineNumber":5,"author":{"gitId":"RiaVora"},"content":"","lastModifiedDate":"2022-08-19"},{"lineNumber":6,"author":{"gitId":"-"},"content":"public class Duke {","lastModifiedDate":"2019-07-29"},{"lineNumber":7,"author":{"gitId":"RiaVora"},"content":"","lastModifiedDate":"2022-08-19"},{"lineNumber":8,"author":{"gitId":"RiaVora"},"content":"    /* Variables for Duke\u0027s use */","lastModifiedDate":"2022-08-26"},{"lineNumber":9,"author":{"gitId":"RiaVora"},"content":"    private static Task[] taskList;","lastModifiedDate":"2022-08-26"},{"lineNumber":10,"author":{"gitId":"RiaVora"},"content":"    private static int listIndex;","lastModifiedDate":"2022-08-26"},{"lineNumber":11,"author":{"gitId":"RiaVora"},"content":"    private static Scanner scanner;","lastModifiedDate":"2022-08-24"},{"lineNumber":12,"author":{"gitId":"RiaVora"},"content":"","lastModifiedDate":"2022-08-26"},{"lineNumber":13,"author":{"gitId":"RiaVora"},"content":"    /* Constants */","lastModifiedDate":"2022-08-26"},{"lineNumber":14,"author":{"gitId":"RiaVora"},"content":"    private static String INDENT \u003d \"\\n    \";","lastModifiedDate":"2022-08-26"},{"lineNumber":15,"author":{"gitId":"RiaVora"},"content":"    private static String H_LINE \u003d INDENT + \"------------------------------------------------\";","lastModifiedDate":"2022-08-26"},{"lineNumber":16,"author":{"gitId":"RiaVora"},"content":"","lastModifiedDate":"2022-08-24"},{"lineNumber":17,"author":{"gitId":"RiaVora"},"content":"","lastModifiedDate":"2022-08-24"},{"lineNumber":18,"author":{"gitId":"-"},"content":"    public static void main(String[] args) {","lastModifiedDate":"2019-07-29"},{"lineNumber":19,"author":{"gitId":"RiaVora"},"content":"","lastModifiedDate":"2022-08-19"},{"lineNumber":20,"author":{"gitId":"RiaVora"},"content":"        //Initialize necessary variables","lastModifiedDate":"2022-08-19"},{"lineNumber":21,"author":{"gitId":"RiaVora"},"content":"        init();","lastModifiedDate":"2022-08-19"},{"lineNumber":22,"author":{"gitId":"RiaVora"},"content":"","lastModifiedDate":"2022-08-19"},{"lineNumber":23,"author":{"gitId":"RiaVora"},"content":"        //Print introduction to Duke","lastModifiedDate":"2022-08-19"},{"lineNumber":24,"author":{"gitId":"RiaVora"},"content":"        introduction();","lastModifiedDate":"2022-08-19"},{"lineNumber":25,"author":{"gitId":"RiaVora"},"content":"","lastModifiedDate":"2022-08-19"},{"lineNumber":26,"author":{"gitId":"RiaVora"},"content":"        //Re-iterate what the user types, store in list, and unmark / mark","lastModifiedDate":"2022-08-24"},{"lineNumber":27,"author":{"gitId":"RiaVora"},"content":"        while (!respondToUser()) {","lastModifiedDate":"2022-08-19"},{"lineNumber":28,"author":{"gitId":"RiaVora"},"content":"        }","lastModifiedDate":"2022-08-19"},{"lineNumber":29,"author":{"gitId":"RiaVora"},"content":"","lastModifiedDate":"2022-08-19"},{"lineNumber":30,"author":{"gitId":"RiaVora"},"content":"        //If the user exits, salute them goodbye","lastModifiedDate":"2022-08-24"},{"lineNumber":31,"author":{"gitId":"RiaVora"},"content":"        goodbye();","lastModifiedDate":"2022-08-19"},{"lineNumber":32,"author":{"gitId":"RiaVora"},"content":"","lastModifiedDate":"2022-08-19"},{"lineNumber":33,"author":{"gitId":"RiaVora"},"content":"    }","lastModifiedDate":"2022-08-19"},{"lineNumber":34,"author":{"gitId":"RiaVora"},"content":"","lastModifiedDate":"2022-08-19"},{"lineNumber":35,"author":{"gitId":"RiaVora"},"content":"    /* Initialize variables for Duke\u0027s use */","lastModifiedDate":"2022-08-26"},{"lineNumber":36,"author":{"gitId":"RiaVora"},"content":"    private static void init() {","lastModifiedDate":"2022-08-19"},{"lineNumber":37,"author":{"gitId":"RiaVora"},"content":"        scanner \u003d new Scanner(System.in);","lastModifiedDate":"2022-08-19"},{"lineNumber":38,"author":{"gitId":"RiaVora"},"content":"        taskList \u003d new Task[100];","lastModifiedDate":"2022-08-26"},{"lineNumber":39,"author":{"gitId":"RiaVora"},"content":"        listIndex \u003d 0;","lastModifiedDate":"2022-08-26"},{"lineNumber":40,"author":{"gitId":"RiaVora"},"content":"    }","lastModifiedDate":"2022-08-19"},{"lineNumber":41,"author":{"gitId":"RiaVora"},"content":"","lastModifiedDate":"2022-08-19"},{"lineNumber":42,"author":{"gitId":"RiaVora"},"content":"    /* Print introduction to Duke */","lastModifiedDate":"2022-08-26"},{"lineNumber":43,"author":{"gitId":"RiaVora"},"content":"    private static void introduction() {","lastModifiedDate":"2022-08-19"},{"lineNumber":44,"author":{"gitId":"-"},"content":"        String logo \u003d \" ____        _        \\n\"","lastModifiedDate":"2019-07-29"},{"lineNumber":45,"author":{"gitId":"-"},"content":"                + \"|  _ \\\\ _   _| | _____ \\n\"","lastModifiedDate":"2019-07-29"},{"lineNumber":46,"author":{"gitId":"-"},"content":"                + \"| | | | | | | |/ / _ \\\\\\n\"","lastModifiedDate":"2019-07-29"},{"lineNumber":47,"author":{"gitId":"-"},"content":"                + \"| |_| | |_| |   \u003c  __/\\n\"","lastModifiedDate":"2019-07-29"},{"lineNumber":48,"author":{"gitId":"-"},"content":"                + \"|____/ \\\\__,_|_|\\\\_\\\\___|\\n\";","lastModifiedDate":"2019-07-29"},{"lineNumber":49,"author":{"gitId":"RiaVora"},"content":"        String introText \u003d \"\\n    Hello! I\u0027m Duke\\n    What can I do for you?\";","lastModifiedDate":"2022-08-19"},{"lineNumber":50,"author":{"gitId":"RiaVora"},"content":"        String introduction \u003d logo + H_LINE + introText + H_LINE + \"\\n\";","lastModifiedDate":"2022-08-26"},{"lineNumber":51,"author":{"gitId":"RiaVora"},"content":"        System.out.println(introduction);","lastModifiedDate":"2022-08-19"},{"lineNumber":52,"author":{"gitId":"RiaVora"},"content":"    }","lastModifiedDate":"2022-08-19"},{"lineNumber":53,"author":{"gitId":"RiaVora"},"content":"","lastModifiedDate":"2022-08-19"},{"lineNumber":54,"author":{"gitId":"RiaVora"},"content":"    /* Determine whether the user wants to create a task, exit, list, or mark */","lastModifiedDate":"2022-08-26"},{"lineNumber":55,"author":{"gitId":"RiaVora"},"content":"    private static boolean respondToUser() {","lastModifiedDate":"2022-08-19"},{"lineNumber":56,"author":{"gitId":"RiaVora"},"content":"        String input \u003d scanner.nextLine();","lastModifiedDate":"2022-08-24"},{"lineNumber":57,"author":{"gitId":"RiaVora"},"content":"        String inputType \u003d input.toLowerCase();","lastModifiedDate":"2022-08-24"},{"lineNumber":58,"author":{"gitId":"RiaVora"},"content":"        boolean shouldExit \u003d false;","lastModifiedDate":"2022-08-26"},{"lineNumber":59,"author":{"gitId":"RiaVora"},"content":"","lastModifiedDate":"2022-08-24"},{"lineNumber":60,"author":{"gitId":"RiaVora"},"content":"        switch (inputType) {","lastModifiedDate":"2022-08-24"},{"lineNumber":61,"author":{"gitId":"RiaVora"},"content":"            case \"bye\":","lastModifiedDate":"2022-08-24"},{"lineNumber":62,"author":{"gitId":"RiaVora"},"content":"                shouldExit \u003d true;","lastModifiedDate":"2022-08-26"},{"lineNumber":63,"author":{"gitId":"RiaVora"},"content":"                break;","lastModifiedDate":"2022-08-24"},{"lineNumber":64,"author":{"gitId":"RiaVora"},"content":"            case \"list\":","lastModifiedDate":"2022-08-24"},{"lineNumber":65,"author":{"gitId":"RiaVora"},"content":"                System.out.print(H_LINE);","lastModifiedDate":"2022-08-26"},{"lineNumber":66,"author":{"gitId":"RiaVora"},"content":"                printList();","lastModifiedDate":"2022-08-24"},{"lineNumber":67,"author":{"gitId":"RiaVora"},"content":"                System.out.println(H_LINE + \"\\n\");","lastModifiedDate":"2022-08-26"},{"lineNumber":68,"author":{"gitId":"RiaVora"},"content":"                break;","lastModifiedDate":"2022-08-24"},{"lineNumber":69,"author":{"gitId":"RiaVora"},"content":"            default:","lastModifiedDate":"2022-08-24"},{"lineNumber":70,"author":{"gitId":"RiaVora"},"content":"                //create patterns for checking both mark and unmark","lastModifiedDate":"2022-08-24"},{"lineNumber":71,"author":{"gitId":"RiaVora"},"content":"                Pattern markPattern \u003d Pattern.compile(\"^mark[ ]*[0-9]+[ ]*\", Pattern.CASE_INSENSITIVE);","lastModifiedDate":"2022-08-24"},{"lineNumber":72,"author":{"gitId":"RiaVora"},"content":"                boolean matchesMark \u003d markPattern.matcher(input).find();","lastModifiedDate":"2022-08-24"},{"lineNumber":73,"author":{"gitId":"RiaVora"},"content":"                Pattern unmarkPattern \u003d Pattern.compile(\"^unmark[ ]*[0-9]+[ ]*\", Pattern.CASE_INSENSITIVE);","lastModifiedDate":"2022-08-24"},{"lineNumber":74,"author":{"gitId":"RiaVora"},"content":"                boolean matchesUnmark \u003d unmarkPattern.matcher(input).find();","lastModifiedDate":"2022-08-24"},{"lineNumber":75,"author":{"gitId":"RiaVora"},"content":"","lastModifiedDate":"2022-08-24"},{"lineNumber":76,"author":{"gitId":"RiaVora"},"content":"                //if the item is to be marked or unmarked, follow the correct steps to extract the index","lastModifiedDate":"2022-08-24"},{"lineNumber":77,"author":{"gitId":"RiaVora"},"content":"                if (matchesMark || matchesUnmark) {","lastModifiedDate":"2022-08-24"},{"lineNumber":78,"author":{"gitId":"RiaVora"},"content":"                    markOrUnmark(matchesMark, input);","lastModifiedDate":"2022-08-26"},{"lineNumber":79,"author":{"gitId":"RiaVora"},"content":"","lastModifiedDate":"2022-08-26"},{"lineNumber":80,"author":{"gitId":"RiaVora"},"content":"                //Otherwise, create a new task","lastModifiedDate":"2022-08-26"},{"lineNumber":81,"author":{"gitId":"RiaVora"},"content":"                } else {","lastModifiedDate":"2022-08-26"},{"lineNumber":82,"author":{"gitId":"RiaVora"},"content":"                    Task task \u003d createTask(input);","lastModifiedDate":"2022-08-26"},{"lineNumber":83,"author":{"gitId":"RiaVora"},"content":"                    if (task \u003d\u003d null) {","lastModifiedDate":"2022-08-26"},{"lineNumber":84,"author":{"gitId":"RiaVora"},"content":"                        System.out.println(H_LINE + INDENT + \"Looks like there was an issue with adding this task: \" + input + INDENT + \"Please try again!\" + H_LINE + \"\\n\");","lastModifiedDate":"2022-08-26"},{"lineNumber":85,"author":{"gitId":"RiaVora"},"content":"                    }","lastModifiedDate":"2022-08-26"},{"lineNumber":86,"author":{"gitId":"RiaVora"},"content":"                    System.out.println(H_LINE + INDENT + \"Success!\" + INDENT + \"Added: \" + (listIndex + 1) + \". \" + task + H_LINE + \"\\n\");","lastModifiedDate":"2022-08-26"},{"lineNumber":87,"author":{"gitId":"RiaVora"},"content":"                    taskList[listIndex] \u003d task;","lastModifiedDate":"2022-08-26"},{"lineNumber":88,"author":{"gitId":"RiaVora"},"content":"                    listIndex++;","lastModifiedDate":"2022-08-26"},{"lineNumber":89,"author":{"gitId":"RiaVora"},"content":"                }","lastModifiedDate":"2022-08-26"},{"lineNumber":90,"author":{"gitId":"RiaVora"},"content":"        }","lastModifiedDate":"2022-08-26"},{"lineNumber":91,"author":{"gitId":"RiaVora"},"content":"        return shouldExit;","lastModifiedDate":"2022-08-26"},{"lineNumber":92,"author":{"gitId":"RiaVora"},"content":"    }","lastModifiedDate":"2022-08-26"},{"lineNumber":93,"author":{"gitId":"RiaVora"},"content":"","lastModifiedDate":"2022-08-26"},{"lineNumber":94,"author":{"gitId":"RiaVora"},"content":"    private static Task createTask(String input) {","lastModifiedDate":"2022-08-26"},{"lineNumber":95,"author":{"gitId":"RiaVora"},"content":"        Task task;","lastModifiedDate":"2022-08-26"},{"lineNumber":96,"author":{"gitId":"RiaVora"},"content":"        if (input.startsWith(\"deadline\")) {","lastModifiedDate":"2022-08-26"},{"lineNumber":97,"author":{"gitId":"RiaVora"},"content":"            task \u003d createDeadline(input);","lastModifiedDate":"2022-08-26"},{"lineNumber":98,"author":{"gitId":"RiaVora"},"content":"            if (task \u003d\u003d null) {","lastModifiedDate":"2022-08-26"},{"lineNumber":99,"author":{"gitId":"RiaVora"},"content":"                System.out.println(INDENT + \"Was unable to create a Deadline! Please specify a date after writing /by.\");","lastModifiedDate":"2022-08-26"},{"lineNumber":100,"author":{"gitId":"RiaVora"},"content":"            }","lastModifiedDate":"2022-08-26"},{"lineNumber":101,"author":{"gitId":"RiaVora"},"content":"        } else if (input.startsWith(\"event\")) {","lastModifiedDate":"2022-08-26"},{"lineNumber":102,"author":{"gitId":"RiaVora"},"content":"            task \u003d createEvent(input);","lastModifiedDate":"2022-08-26"},{"lineNumber":103,"author":{"gitId":"RiaVora"},"content":"            if (task \u003d\u003d null) {","lastModifiedDate":"2022-08-26"},{"lineNumber":104,"author":{"gitId":"RiaVora"},"content":"                System.out.println(INDENT + \"Was unable to create an Event! Please specify a date after writing /at.\");","lastModifiedDate":"2022-08-26"},{"lineNumber":105,"author":{"gitId":"RiaVora"},"content":"            }","lastModifiedDate":"2022-08-26"},{"lineNumber":106,"author":{"gitId":"RiaVora"},"content":"        } else {","lastModifiedDate":"2022-08-26"},{"lineNumber":107,"author":{"gitId":"RiaVora"},"content":"            task \u003d new Task(input);","lastModifiedDate":"2022-08-26"},{"lineNumber":108,"author":{"gitId":"RiaVora"},"content":"        }","lastModifiedDate":"2022-08-26"},{"lineNumber":109,"author":{"gitId":"RiaVora"},"content":"        return task;","lastModifiedDate":"2022-08-26"},{"lineNumber":110,"author":{"gitId":"RiaVora"},"content":"    }","lastModifiedDate":"2022-08-26"},{"lineNumber":111,"author":{"gitId":"RiaVora"},"content":"","lastModifiedDate":"2022-08-26"},{"lineNumber":112,"author":{"gitId":"RiaVora"},"content":"    /* Create a new Deadline with the correct due date */","lastModifiedDate":"2022-08-26"},{"lineNumber":113,"author":{"gitId":"RiaVora"},"content":"    private static Task createDeadline(String input) {","lastModifiedDate":"2022-08-26"},{"lineNumber":114,"author":{"gitId":"RiaVora"},"content":"        int dateIndex \u003d input.indexOf(\"/by\");","lastModifiedDate":"2022-08-26"},{"lineNumber":115,"author":{"gitId":"RiaVora"},"content":"        if (dateIndex \u003d\u003d -1) {","lastModifiedDate":"2022-08-26"},{"lineNumber":116,"author":{"gitId":"RiaVora"},"content":"            return null;","lastModifiedDate":"2022-08-26"},{"lineNumber":117,"author":{"gitId":"RiaVora"},"content":"        }","lastModifiedDate":"2022-08-26"},{"lineNumber":118,"author":{"gitId":"RiaVora"},"content":"        int startIndex \u003d findNextLetter(\"deadline\", input);","lastModifiedDate":"2022-08-26"},{"lineNumber":119,"author":{"gitId":"RiaVora"},"content":"        int endIndex \u003d dateIndex + findNextLetter(\"/by\", input.substring(dateIndex));","lastModifiedDate":"2022-08-26"},{"lineNumber":120,"author":{"gitId":"RiaVora"},"content":"        return new Deadline(input.substring(startIndex, dateIndex), input.substring(endIndex));","lastModifiedDate":"2022-08-26"},{"lineNumber":121,"author":{"gitId":"RiaVora"},"content":"    }","lastModifiedDate":"2022-08-26"},{"lineNumber":122,"author":{"gitId":"RiaVora"},"content":"","lastModifiedDate":"2022-08-26"},{"lineNumber":123,"author":{"gitId":"RiaVora"},"content":"    /* Create a new Event with the correct date */","lastModifiedDate":"2022-08-26"},{"lineNumber":124,"author":{"gitId":"RiaVora"},"content":"    private static Task createEvent(String input) {","lastModifiedDate":"2022-08-26"},{"lineNumber":125,"author":{"gitId":"RiaVora"},"content":"        int dateIndex \u003d input.indexOf(\"/at\");","lastModifiedDate":"2022-08-26"},{"lineNumber":126,"author":{"gitId":"RiaVora"},"content":"        if (dateIndex \u003d\u003d -1) {","lastModifiedDate":"2022-08-26"},{"lineNumber":127,"author":{"gitId":"RiaVora"},"content":"            return null;","lastModifiedDate":"2022-08-26"},{"lineNumber":128,"author":{"gitId":"RiaVora"},"content":"        }","lastModifiedDate":"2022-08-26"},{"lineNumber":129,"author":{"gitId":"RiaVora"},"content":"        int startIndex \u003d findNextLetter(\"event\", input);","lastModifiedDate":"2022-08-26"},{"lineNumber":130,"author":{"gitId":"RiaVora"},"content":"        int endIndex \u003d dateIndex + findNextLetter(\"/at\", input.substring(dateIndex));","lastModifiedDate":"2022-08-26"},{"lineNumber":131,"author":{"gitId":"RiaVora"},"content":"        return new Event(input.substring(startIndex, dateIndex), input.substring(endIndex));","lastModifiedDate":"2022-08-26"},{"lineNumber":132,"author":{"gitId":"RiaVora"},"content":"    }","lastModifiedDate":"2022-08-26"},{"lineNumber":133,"author":{"gitId":"RiaVora"},"content":"","lastModifiedDate":"2022-08-26"},{"lineNumber":134,"author":{"gitId":"RiaVora"},"content":"    private static int findNextLetter(String word, String input) {","lastModifiedDate":"2022-08-26"},{"lineNumber":135,"author":{"gitId":"RiaVora"},"content":"        int index \u003d word.length();","lastModifiedDate":"2022-08-26"},{"lineNumber":136,"author":{"gitId":"RiaVora"},"content":"        while (input.charAt(index) \u003d\u003d \u0027 \u0027) {","lastModifiedDate":"2022-08-26"},{"lineNumber":137,"author":{"gitId":"RiaVora"},"content":"            index++;","lastModifiedDate":"2022-08-26"},{"lineNumber":138,"author":{"gitId":"RiaVora"},"content":"        }","lastModifiedDate":"2022-08-26"},{"lineNumber":139,"author":{"gitId":"RiaVora"},"content":"        return index;","lastModifiedDate":"2022-08-26"},{"lineNumber":140,"author":{"gitId":"RiaVora"},"content":"    }","lastModifiedDate":"2022-08-26"},{"lineNumber":141,"author":{"gitId":"RiaVora"},"content":"","lastModifiedDate":"2022-08-26"},{"lineNumber":142,"author":{"gitId":"RiaVora"},"content":"    /* Either mark or unmark a task */","lastModifiedDate":"2022-08-26"},{"lineNumber":143,"author":{"gitId":"RiaVora"},"content":"    private static void markOrUnmark(boolean toMark, String input) {","lastModifiedDate":"2022-08-26"},{"lineNumber":144,"author":{"gitId":"RiaVora"},"content":"        String type \u003d toMark ? \"Mark\" : \"Unmark\";","lastModifiedDate":"2022-08-26"},{"lineNumber":145,"author":{"gitId":"RiaVora"},"content":"        System.out.print(H_LINE + INDENT + type + \"ing...\");","lastModifiedDate":"2022-08-26"},{"lineNumber":146,"author":{"gitId":"RiaVora"},"content":"        int markIndex \u003d toMark ? 4 : 6;","lastModifiedDate":"2022-08-26"},{"lineNumber":147,"author":{"gitId":"RiaVora"},"content":"        String number \u003d input.substring(markIndex).replaceAll(\" \", \"\");","lastModifiedDate":"2022-08-24"},{"lineNumber":148,"author":{"gitId":"RiaVora"},"content":"        int index \u003d Integer.valueOf(number) - 1;","lastModifiedDate":"2022-08-24"},{"lineNumber":149,"author":{"gitId":"RiaVora"},"content":"        if (index \u003e\u003d listIndex) {","lastModifiedDate":"2022-08-26"},{"lineNumber":150,"author":{"gitId":"RiaVora"},"content":"            System.out.print(INDENT + \"Trying to \" + type + \" an item outside of list length? Failed.\");","lastModifiedDate":"2022-08-26"},{"lineNumber":151,"author":{"gitId":"RiaVora"},"content":"        } else if (index \u003c 0) {","lastModifiedDate":"2022-08-24"},{"lineNumber":152,"author":{"gitId":"RiaVora"},"content":"            System.out.print(INDENT + \"Trying to \" + type + \" an item that is too small? Failed.\");","lastModifiedDate":"2022-08-26"},{"lineNumber":153,"author":{"gitId":"RiaVora"},"content":"        } else {","lastModifiedDate":"2022-08-24"},{"lineNumber":154,"author":{"gitId":"RiaVora"},"content":"            if (toMark) {","lastModifiedDate":"2022-08-26"},{"lineNumber":155,"author":{"gitId":"RiaVora"},"content":"                taskList[index].mark();","lastModifiedDate":"2022-08-26"},{"lineNumber":156,"author":{"gitId":"RiaVora"},"content":"            } else {","lastModifiedDate":"2022-08-26"},{"lineNumber":157,"author":{"gitId":"RiaVora"},"content":"                taskList[index].unmark();","lastModifiedDate":"2022-08-26"},{"lineNumber":158,"author":{"gitId":"RiaVora"},"content":"            }","lastModifiedDate":"2022-08-24"},{"lineNumber":159,"author":{"gitId":"RiaVora"},"content":"            System.out.print(INDENT + \"Success!\");","lastModifiedDate":"2022-08-26"},{"lineNumber":160,"author":{"gitId":"RiaVora"},"content":"            printList();","lastModifiedDate":"2022-08-24"},{"lineNumber":161,"author":{"gitId":"RiaVora"},"content":"        }","lastModifiedDate":"2022-08-24"},{"lineNumber":162,"author":{"gitId":"RiaVora"},"content":"","lastModifiedDate":"2022-08-24"},{"lineNumber":163,"author":{"gitId":"RiaVora"},"content":"        System.out.println(H_LINE + \"\\n\");","lastModifiedDate":"2022-08-26"},{"lineNumber":164,"author":{"gitId":"-"},"content":"    }","lastModifiedDate":"2019-07-29"},{"lineNumber":165,"author":{"gitId":"RiaVora"},"content":"","lastModifiedDate":"2022-08-19"},{"lineNumber":166,"author":{"gitId":"RiaVora"},"content":"    /* Print a list of the current tasks */","lastModifiedDate":"2022-08-26"},{"lineNumber":167,"author":{"gitId":"RiaVora"},"content":"    private static void printList() {","lastModifiedDate":"2022-08-24"},{"lineNumber":168,"author":{"gitId":"RiaVora"},"content":"        if (listIndex \u003d\u003d 0) {","lastModifiedDate":"2022-08-26"},{"lineNumber":169,"author":{"gitId":"RiaVora"},"content":"            System.out.print(INDENT + \"Nothing to see here! Type to add to your list.\");","lastModifiedDate":"2022-08-26"},{"lineNumber":170,"author":{"gitId":"RiaVora"},"content":"            return;","lastModifiedDate":"2022-08-24"},{"lineNumber":171,"author":{"gitId":"RiaVora"},"content":"        }","lastModifiedDate":"2022-08-24"},{"lineNumber":172,"author":{"gitId":"RiaVora"},"content":"        System.out.print(INDENT + \"Here\u0027s your current task list:\");","lastModifiedDate":"2022-08-26"},{"lineNumber":173,"author":{"gitId":"RiaVora"},"content":"        for (int i \u003d 0; i \u003c listIndex; i++) {","lastModifiedDate":"2022-08-26"},{"lineNumber":174,"author":{"gitId":"RiaVora"},"content":"            Task task \u003d taskList[i];","lastModifiedDate":"2022-08-26"},{"lineNumber":175,"author":{"gitId":"RiaVora"},"content":"            System.out.print(INDENT + (i + 1) + \".\" + task);","lastModifiedDate":"2022-08-26"},{"lineNumber":176,"author":{"gitId":"RiaVora"},"content":"        }","lastModifiedDate":"2022-08-24"},{"lineNumber":177,"author":{"gitId":"RiaVora"},"content":"    }","lastModifiedDate":"2022-08-24"},{"lineNumber":178,"author":{"gitId":"RiaVora"},"content":"","lastModifiedDate":"2022-08-24"},{"lineNumber":179,"author":{"gitId":"RiaVora"},"content":"    /* Print a goodbye message from the Duke */","lastModifiedDate":"2022-08-26"},{"lineNumber":180,"author":{"gitId":"RiaVora"},"content":"    private static void goodbye() {","lastModifiedDate":"2022-08-19"},{"lineNumber":181,"author":{"gitId":"RiaVora"},"content":"        String goodbyeText \u003d \"\\n    Bye. Hope to see you again soon!\";","lastModifiedDate":"2022-08-19"},{"lineNumber":182,"author":{"gitId":"RiaVora"},"content":"        String goodbye \u003d H_LINE + goodbyeText + H_LINE;","lastModifiedDate":"2022-08-26"},{"lineNumber":183,"author":{"gitId":"RiaVora"},"content":"        System.out.println(goodbye);","lastModifiedDate":"2022-08-19"},{"lineNumber":184,"author":{"gitId":"-"},"content":"    }","lastModifiedDate":"2022-08-19"},{"lineNumber":185,"author":{"gitId":"-"},"content":"}","lastModifiedDate":"2019-07-29"}],"authorContributionMap":{"RiaVora":175,"-":10}},{"path":"src/main/java/Event.java","fileType":"java","lines":[{"lineNumber":1,"author":{"gitId":"RiaVora"},"content":"package main.java;","lastModifiedDate":"2022-08-26"},{"lineNumber":2,"author":{"gitId":"RiaVora"},"content":"","lastModifiedDate":"2022-08-26"},{"lineNumber":3,"author":{"gitId":"RiaVora"},"content":"public class Event extends Task {","lastModifiedDate":"2022-08-26"},{"lineNumber":4,"author":{"gitId":"RiaVora"},"content":"","lastModifiedDate":"2022-08-26"},{"lineNumber":5,"author":{"gitId":"RiaVora"},"content":"    private String date;","lastModifiedDate":"2022-08-26"},{"lineNumber":6,"author":{"gitId":"RiaVora"},"content":"","lastModifiedDate":"2022-08-26"},{"lineNumber":7,"author":{"gitId":"RiaVora"},"content":"    public Event(String description, String date) {","lastModifiedDate":"2022-08-26"},{"lineNumber":8,"author":{"gitId":"RiaVora"},"content":"        super(description, TaskType.EVENT);","lastModifiedDate":"2022-08-26"},{"lineNumber":9,"author":{"gitId":"RiaVora"},"content":"        this.date \u003d date;","lastModifiedDate":"2022-08-26"},{"lineNumber":10,"author":{"gitId":"RiaVora"},"content":"    }","lastModifiedDate":"2022-08-26"},{"lineNumber":11,"author":{"gitId":"RiaVora"},"content":"","lastModifiedDate":"2022-08-26"},{"lineNumber":12,"author":{"gitId":"RiaVora"},"content":"    @Override","lastModifiedDate":"2022-08-26"},{"lineNumber":13,"author":{"gitId":"RiaVora"},"content":"    public String toString() {","lastModifiedDate":"2022-08-26"},{"lineNumber":14,"author":{"gitId":"RiaVora"},"content":"        return super.toString() + \"(at: \" + date + \")\";","lastModifiedDate":"2022-08-26"},{"lineNumber":15,"author":{"gitId":"RiaVora"},"content":"    }","lastModifiedDate":"2022-08-26"},{"lineNumber":16,"author":{"gitId":"RiaVora"},"content":"","lastModifiedDate":"2022-08-26"},{"lineNumber":17,"author":{"gitId":"RiaVora"},"content":"    public String getDate() {","lastModifiedDate":"2022-08-26"},{"lineNumber":18,"author":{"gitId":"RiaVora"},"content":"        return date;","lastModifiedDate":"2022-08-26"},{"lineNumber":19,"author":{"gitId":"RiaVora"},"content":"    }","lastModifiedDate":"2022-08-26"},{"lineNumber":20,"author":{"gitId":"RiaVora"},"content":"","lastModifiedDate":"2022-08-26"},{"lineNumber":21,"author":{"gitId":"RiaVora"},"content":"    public void setDate(String date) {","lastModifiedDate":"2022-08-26"},{"lineNumber":22,"author":{"gitId":"RiaVora"},"content":"        this.date \u003d date;","lastModifiedDate":"2022-08-26"},{"lineNumber":23,"author":{"gitId":"RiaVora"},"content":"    }","lastModifiedDate":"2022-08-26"},{"lineNumber":24,"author":{"gitId":"RiaVora"},"content":"}","lastModifiedDate":"2022-08-26"}],"authorContributionMap":{"RiaVora":24}},{"path":"src/main/java/Task.java","fileType":"java","lines":[{"lineNumber":1,"author":{"gitId":"RiaVora"},"content":"package main.java;","lastModifiedDate":"2022-08-26"},{"lineNumber":2,"author":{"gitId":"RiaVora"},"content":"","lastModifiedDate":"2022-08-26"},{"lineNumber":3,"author":{"gitId":"RiaVora"},"content":"enum TaskType {","lastModifiedDate":"2022-08-26"},{"lineNumber":4,"author":{"gitId":"RiaVora"},"content":"    TODO,","lastModifiedDate":"2022-08-26"},{"lineNumber":5,"author":{"gitId":"RiaVora"},"content":"    DEADLINE,","lastModifiedDate":"2022-08-26"},{"lineNumber":6,"author":{"gitId":"RiaVora"},"content":"    EVENT,","lastModifiedDate":"2022-08-26"},{"lineNumber":7,"author":{"gitId":"RiaVora"},"content":"}","lastModifiedDate":"2022-08-26"},{"lineNumber":8,"author":{"gitId":"RiaVora"},"content":"","lastModifiedDate":"2022-08-26"},{"lineNumber":9,"author":{"gitId":"RiaVora"},"content":"public class Task {","lastModifiedDate":"2022-08-26"},{"lineNumber":10,"author":{"gitId":"RiaVora"},"content":"","lastModifiedDate":"2022-08-26"},{"lineNumber":11,"author":{"gitId":"RiaVora"},"content":"    private String mark;","lastModifiedDate":"2022-08-26"},{"lineNumber":12,"author":{"gitId":"RiaVora"},"content":"    private String description;","lastModifiedDate":"2022-08-26"},{"lineNumber":13,"author":{"gitId":"RiaVora"},"content":"    private TaskType type;","lastModifiedDate":"2022-08-26"},{"lineNumber":14,"author":{"gitId":"RiaVora"},"content":"","lastModifiedDate":"2022-08-26"},{"lineNumber":15,"author":{"gitId":"RiaVora"},"content":"    public Task(String description) {","lastModifiedDate":"2022-08-26"},{"lineNumber":16,"author":{"gitId":"RiaVora"},"content":"        this.description \u003d description;","lastModifiedDate":"2022-08-26"},{"lineNumber":17,"author":{"gitId":"RiaVora"},"content":"        this.mark \u003d \" \";","lastModifiedDate":"2022-08-26"},{"lineNumber":18,"author":{"gitId":"RiaVora"},"content":"        this.type \u003d TaskType.TODO;","lastModifiedDate":"2022-08-26"},{"lineNumber":19,"author":{"gitId":"RiaVora"},"content":"    }","lastModifiedDate":"2022-08-26"},{"lineNumber":20,"author":{"gitId":"RiaVora"},"content":"","lastModifiedDate":"2022-08-26"},{"lineNumber":21,"author":{"gitId":"RiaVora"},"content":"    public Task(String description, TaskType type) {","lastModifiedDate":"2022-08-26"},{"lineNumber":22,"author":{"gitId":"RiaVora"},"content":"        this.description \u003d description;","lastModifiedDate":"2022-08-26"},{"lineNumber":23,"author":{"gitId":"RiaVora"},"content":"        this.mark \u003d \" \";","lastModifiedDate":"2022-08-26"},{"lineNumber":24,"author":{"gitId":"RiaVora"},"content":"        this.type \u003d type;","lastModifiedDate":"2022-08-26"},{"lineNumber":25,"author":{"gitId":"RiaVora"},"content":"    }","lastModifiedDate":"2022-08-26"},{"lineNumber":26,"author":{"gitId":"RiaVora"},"content":"","lastModifiedDate":"2022-08-26"},{"lineNumber":27,"author":{"gitId":"RiaVora"},"content":"    public void mark() {","lastModifiedDate":"2022-08-26"},{"lineNumber":28,"author":{"gitId":"RiaVora"},"content":"        setMark(\"X\");","lastModifiedDate":"2022-08-26"},{"lineNumber":29,"author":{"gitId":"RiaVora"},"content":"    }","lastModifiedDate":"2022-08-26"},{"lineNumber":30,"author":{"gitId":"RiaVora"},"content":"","lastModifiedDate":"2022-08-26"},{"lineNumber":31,"author":{"gitId":"RiaVora"},"content":"    public void unmark() {","lastModifiedDate":"2022-08-26"},{"lineNumber":32,"author":{"gitId":"RiaVora"},"content":"        setMark(\" \");","lastModifiedDate":"2022-08-26"},{"lineNumber":33,"author":{"gitId":"RiaVora"},"content":"    }","lastModifiedDate":"2022-08-26"},{"lineNumber":34,"author":{"gitId":"RiaVora"},"content":"","lastModifiedDate":"2022-08-26"},{"lineNumber":35,"author":{"gitId":"RiaVora"},"content":"    public String getMark() {","lastModifiedDate":"2022-08-26"},{"lineNumber":36,"author":{"gitId":"RiaVora"},"content":"        return mark;","lastModifiedDate":"2022-08-26"},{"lineNumber":37,"author":{"gitId":"RiaVora"},"content":"    }","lastModifiedDate":"2022-08-26"},{"lineNumber":38,"author":{"gitId":"RiaVora"},"content":"","lastModifiedDate":"2022-08-26"},{"lineNumber":39,"author":{"gitId":"RiaVora"},"content":"    public void setMark(String mark) {","lastModifiedDate":"2022-08-26"},{"lineNumber":40,"author":{"gitId":"RiaVora"},"content":"        this.mark \u003d mark;","lastModifiedDate":"2022-08-26"},{"lineNumber":41,"author":{"gitId":"RiaVora"},"content":"    }","lastModifiedDate":"2022-08-26"},{"lineNumber":42,"author":{"gitId":"RiaVora"},"content":"","lastModifiedDate":"2022-08-26"},{"lineNumber":43,"author":{"gitId":"RiaVora"},"content":"    public String getDescription() {","lastModifiedDate":"2022-08-26"},{"lineNumber":44,"author":{"gitId":"RiaVora"},"content":"        return description;","lastModifiedDate":"2022-08-26"},{"lineNumber":45,"author":{"gitId":"RiaVora"},"content":"    }","lastModifiedDate":"2022-08-26"},{"lineNumber":46,"author":{"gitId":"RiaVora"},"content":"","lastModifiedDate":"2022-08-26"},{"lineNumber":47,"author":{"gitId":"RiaVora"},"content":"    public void setDescription(String description) {","lastModifiedDate":"2022-08-26"},{"lineNumber":48,"author":{"gitId":"RiaVora"},"content":"        this.description \u003d description;","lastModifiedDate":"2022-08-26"},{"lineNumber":49,"author":{"gitId":"RiaVora"},"content":"    }","lastModifiedDate":"2022-08-26"},{"lineNumber":50,"author":{"gitId":"RiaVora"},"content":"","lastModifiedDate":"2022-08-26"},{"lineNumber":51,"author":{"gitId":"RiaVora"},"content":"    @Override","lastModifiedDate":"2022-08-26"},{"lineNumber":52,"author":{"gitId":"RiaVora"},"content":"    public String toString() {","lastModifiedDate":"2022-08-26"},{"lineNumber":53,"author":{"gitId":"RiaVora"},"content":"        String typeLetter \u003d \" \";","lastModifiedDate":"2022-08-26"},{"lineNumber":54,"author":{"gitId":"RiaVora"},"content":"        switch (this.type) {","lastModifiedDate":"2022-08-26"},{"lineNumber":55,"author":{"gitId":"RiaVora"},"content":"            case TODO:","lastModifiedDate":"2022-08-26"},{"lineNumber":56,"author":{"gitId":"RiaVora"},"content":"                typeLetter \u003d \"T\";","lastModifiedDate":"2022-08-26"},{"lineNumber":57,"author":{"gitId":"RiaVora"},"content":"                break;","lastModifiedDate":"2022-08-26"},{"lineNumber":58,"author":{"gitId":"RiaVora"},"content":"            case DEADLINE:","lastModifiedDate":"2022-08-26"},{"lineNumber":59,"author":{"gitId":"RiaVora"},"content":"                typeLetter \u003d \"D\";","lastModifiedDate":"2022-08-26"},{"lineNumber":60,"author":{"gitId":"RiaVora"},"content":"                break;","lastModifiedDate":"2022-08-26"},{"lineNumber":61,"author":{"gitId":"RiaVora"},"content":"            case EVENT:","lastModifiedDate":"2022-08-26"},{"lineNumber":62,"author":{"gitId":"RiaVora"},"content":"                typeLetter \u003d \"E\";","lastModifiedDate":"2022-08-26"},{"lineNumber":63,"author":{"gitId":"RiaVora"},"content":"                break;","lastModifiedDate":"2022-08-26"},{"lineNumber":64,"author":{"gitId":"RiaVora"},"content":"        }","lastModifiedDate":"2022-08-26"},{"lineNumber":65,"author":{"gitId":"RiaVora"},"content":"        return \"[\" + typeLetter + \"][\" + getMark() + \"] \" + getDescription();","lastModifiedDate":"2022-08-26"},{"lineNumber":66,"author":{"gitId":"RiaVora"},"content":"    }","lastModifiedDate":"2022-08-26"},{"lineNumber":67,"author":{"gitId":"RiaVora"},"content":"}","lastModifiedDate":"2022-08-26"}],"authorContributionMap":{"RiaVora":67}}]
