[{"path":"src/main/java/Deadline.java","fileType":"java","lines":[{"lineNumber":1,"author":{"gitId":"Than-Duc-Huy"},"content":"public class Deadline extends Task {","lastModifiedDate":"2022-08-24"},{"lineNumber":2,"author":{"gitId":"Than-Duc-Huy"},"content":"    public String date;","lastModifiedDate":"2022-08-24"},{"lineNumber":3,"author":{"gitId":"Than-Duc-Huy"},"content":"","lastModifiedDate":"2022-08-24"},{"lineNumber":4,"author":{"gitId":"Than-Duc-Huy"},"content":"    public Deadline(String description, String date) {","lastModifiedDate":"2022-08-24"},{"lineNumber":5,"author":{"gitId":"Than-Duc-Huy"},"content":"        super(description);","lastModifiedDate":"2022-08-24"},{"lineNumber":6,"author":{"gitId":"Than-Duc-Huy"},"content":"        this.date \u003d date;","lastModifiedDate":"2022-08-24"},{"lineNumber":7,"author":{"gitId":"Than-Duc-Huy"},"content":"        this.taskType \u003d \"[D]\";","lastModifiedDate":"2022-08-24"},{"lineNumber":8,"author":{"gitId":"Than-Duc-Huy"},"content":"    }","lastModifiedDate":"2022-08-24"},{"lineNumber":9,"author":{"gitId":"Than-Duc-Huy"},"content":"","lastModifiedDate":"2022-08-24"},{"lineNumber":10,"author":{"gitId":"Than-Duc-Huy"},"content":"    public void printTask() {","lastModifiedDate":"2022-08-24"},{"lineNumber":11,"author":{"gitId":"Than-Duc-Huy"},"content":"        System.out.println(this.taskType + this.getStatusIcon() + \" \" + this.description + \"\\t(\" + this.date + \")\");","lastModifiedDate":"2022-08-24"},{"lineNumber":12,"author":{"gitId":"Than-Duc-Huy"},"content":"    }","lastModifiedDate":"2022-08-24"},{"lineNumber":13,"author":{"gitId":"Than-Duc-Huy"},"content":"}","lastModifiedDate":"2022-08-24"}],"authorContributionMap":{"Than-Duc-Huy":13}},{"path":"src/main/java/Duke.java","fileType":"java","lines":[{"lineNumber":1,"author":{"gitId":"Than-Duc-Huy"},"content":"import java.util.Scanner;","lastModifiedDate":"2022-08-24"},{"lineNumber":2,"author":{"gitId":"Than-Duc-Huy"},"content":"","lastModifiedDate":"2022-08-24"},{"lineNumber":3,"author":{"gitId":"-"},"content":"public class Duke {","lastModifiedDate":"2019-07-29"},{"lineNumber":4,"author":{"gitId":"Than-Duc-Huy"},"content":"    // \u003d\u003d\u003d\u003d\u003d\u003d\u003d\u003d\u003d\u003d\u003d\u003d\u003d\u003d\u003d\u003d\u003d\u003d\u003d\u003d\u003d\u003d\u003d\u003d\u003d\u003d\u003d\u003d\u003d\u003d\u003d\u003d\u003d\u003d\u003d\u003d\u003d\u003d\u003d\u003d\u003d GLOBAL CONSTANT","lastModifiedDate":"2022-08-30"},{"lineNumber":5,"author":{"gitId":"Than-Duc-Huy"},"content":"    private static final int MAXIMUM_NUMBER_OF_TASKS \u003d 100;","lastModifiedDate":"2022-08-27"},{"lineNumber":6,"author":{"gitId":"Than-Duc-Huy"},"content":"","lastModifiedDate":"2022-08-27"},{"lineNumber":7,"author":{"gitId":"Than-Duc-Huy"},"content":"    private static final String MESSAGE_EXIT \u003d \"Bye. Hope to see you again soon!\";","lastModifiedDate":"2022-08-27"},{"lineNumber":8,"author":{"gitId":"Than-Duc-Huy"},"content":"    private static final String MESSAGE_HELLO \u003d \"Hello! I\u0027m a chatbot Duke made by Than Duc Huy\\n\" +","lastModifiedDate":"2022-08-27"},{"lineNumber":9,"author":{"gitId":"Than-Duc-Huy"},"content":"            \"Type the command to start interacting with Duke\";","lastModifiedDate":"2022-08-27"},{"lineNumber":10,"author":{"gitId":"Than-Duc-Huy"},"content":"    private static final String MESSAGE_COMMAND_LISTS \u003d \"Supported commands: list, mark, unmark, todo, deadline, event, bye\";","lastModifiedDate":"2022-08-30"},{"lineNumber":11,"author":{"gitId":"Than-Duc-Huy"},"content":"    private static final String MESSAGE_DIVIDER \u003d \"\u003d\u003d\u003d\u003d\u003d\u003d\u003d\u003d\u003d\u003d\u003d\u003d\u003d\u003d\u003d\u003d\u003d\u003d\u003d\u003d\u003d\u003d\u003d\u003d\u003d\u003d\u003d\u003d\u003d\u003d\u003d\u003d\u003d\u003d\u003d\u003d\u003d\u003d\u003d\u003d\u003d\u003d\u003d\u003d\u003d\u003d\u003d\u003d\u003d\u003d\u003d\";","lastModifiedDate":"2022-08-30"},{"lineNumber":12,"author":{"gitId":"Than-Duc-Huy"},"content":"    private static final String MESSAGE_DIVIDER_LIST \u003d \"\u003d\u003d\u003d\u003d\u003d\u003d\u003d\u003d\u003d\u003d\u003d\u003d\u003d\u003d\u003d\u003d\u003d\u003d\u003d\u003d\u003d\u003d\u003dLIST\u003d\u003d\u003d\u003d\u003d\u003d\u003d\u003d\u003d\u003d\u003d\u003d\u003d\u003d\u003d\u003d\u003d\u003d\u003d\u003d\u003d\u003d\u003d\u003d\";","lastModifiedDate":"2022-08-30"},{"lineNumber":13,"author":{"gitId":"Than-Duc-Huy"},"content":"    ","lastModifiedDate":"2022-08-30"},{"lineNumber":14,"author":{"gitId":"Than-Duc-Huy"},"content":"    ","lastModifiedDate":"2022-08-30"},{"lineNumber":15,"author":{"gitId":"Than-Duc-Huy"},"content":"    private static final String MESSAGE_UNKNOWN_COMMAND \u003d \"Unknown Command\";","lastModifiedDate":"2022-08-30"},{"lineNumber":16,"author":{"gitId":"Than-Duc-Huy"},"content":"","lastModifiedDate":"2022-08-30"},{"lineNumber":17,"author":{"gitId":"Than-Duc-Huy"},"content":"    private static final String ERROR_MESSAGE_BYE \u003d \"\";","lastModifiedDate":"2022-08-30"},{"lineNumber":18,"author":{"gitId":"Than-Duc-Huy"},"content":"    private static final String ERROR_MESSAGE_LIST \u003d \"\";","lastModifiedDate":"2022-08-30"},{"lineNumber":19,"author":{"gitId":"Than-Duc-Huy"},"content":"    private static final String ERROR_MESSAGE_MARK \u003d \"Syntax for mark \\n\\t\u003e\u003e\u003e mark \u003citem index number\u003e \\nNote: item index must exist in the current list\";","lastModifiedDate":"2022-08-30"},{"lineNumber":20,"author":{"gitId":"Than-Duc-Huy"},"content":"    private static final String ERROR_MESSAGE_UNMARK \u003d \"Syntax for unmark \\n\\t\u003e\u003e\u003eunmark \u003citem index number\u003e \\nNote: item index must exist in the current list\";","lastModifiedDate":"2022-08-30"},{"lineNumber":21,"author":{"gitId":"Than-Duc-Huy"},"content":"    private static final String ERROR_MESSAGE_TODO \u003d \"Syntax for todo \\n\\t\u003e\u003e\u003etodo \u003ctask\u003e\";","lastModifiedDate":"2022-08-30"},{"lineNumber":22,"author":{"gitId":"Than-Duc-Huy"},"content":"    private static final String ERROR_MESSAGE_DEADLINE \u003d \"Syntax for deadline \\n\\t\u003e\u003e\u003edeadline \u003ctask\u003e / \u003cdate of deadline\u003e\";","lastModifiedDate":"2022-08-30"},{"lineNumber":23,"author":{"gitId":"Than-Duc-Huy"},"content":"    private static final String ERROR_MESSAGE_EVENT \u003d \"Syntax for event \\n\\t\u003e\u003e\u003eevent \u003ctask\u003e / \u003cdate of event\u003e\";","lastModifiedDate":"2022-08-30"},{"lineNumber":24,"author":{"gitId":"Than-Duc-Huy"},"content":"","lastModifiedDate":"2022-08-30"},{"lineNumber":25,"author":{"gitId":"Than-Duc-Huy"},"content":"    // \u003d\u003d\u003d\u003d\u003d\u003d\u003d\u003d\u003d\u003d\u003d\u003d\u003d\u003d\u003d\u003d\u003d\u003d\u003d\u003d\u003d\u003d\u003d\u003d\u003d\u003d\u003d\u003d\u003d\u003d\u003d\u003d\u003d\u003d\u003d\u003d\u003d\u003d\u003d\u003d\u003d GLOBAL VARIABLES","lastModifiedDate":"2022-08-30"},{"lineNumber":26,"author":{"gitId":"Than-Duc-Huy"},"content":"    static Scanner in \u003d new Scanner(System.in);","lastModifiedDate":"2022-08-24"},{"lineNumber":27,"author":{"gitId":"Than-Duc-Huy"},"content":"    static Task[] tasksList \u003d new Task[MAXIMUM_NUMBER_OF_TASKS];","lastModifiedDate":"2022-08-27"},{"lineNumber":28,"author":{"gitId":"Than-Duc-Huy"},"content":"    static boolean isRunning \u003d true;","lastModifiedDate":"2022-08-27"},{"lineNumber":29,"author":{"gitId":"Than-Duc-Huy"},"content":"","lastModifiedDate":"2022-08-24"},{"lineNumber":30,"author":{"gitId":"Than-Duc-Huy"},"content":"    // \u003d\u003d\u003d\u003d\u003d\u003d\u003d\u003d\u003d\u003d\u003d\u003d\u003d\u003d\u003d\u003d\u003d\u003d\u003d\u003d\u003d\u003d\u003d\u003d\u003d\u003d\u003d\u003d\u003d\u003d\u003d\u003d\u003d\u003d\u003d\u003d\u003d\u003d\u003d\u003d\u003d MAIN","lastModifiedDate":"2022-08-30"},{"lineNumber":31,"author":{"gitId":"-"},"content":"    public static void main(String[] args) {","lastModifiedDate":"2022-08-27"},{"lineNumber":32,"author":{"gitId":"Than-Duc-Huy"},"content":"        helloMessage();","lastModifiedDate":"2022-08-27"},{"lineNumber":33,"author":{"gitId":"Than-Duc-Huy"},"content":"        while (isRunning) {","lastModifiedDate":"2022-08-27"},{"lineNumber":34,"author":{"gitId":"Than-Duc-Huy"},"content":"            System.out.print(\"\u003e\u003e\u003e \");","lastModifiedDate":"2022-08-30"},{"lineNumber":35,"author":{"gitId":"Than-Duc-Huy"},"content":"            parseCommand();","lastModifiedDate":"2022-08-27"},{"lineNumber":36,"author":{"gitId":"Than-Duc-Huy"},"content":"        }","lastModifiedDate":"2022-08-27"},{"lineNumber":37,"author":{"gitId":"-"},"content":"    }","lastModifiedDate":"2022-08-27"},{"lineNumber":38,"author":{"gitId":"Than-Duc-Huy"},"content":"","lastModifiedDate":"2022-08-27"},{"lineNumber":39,"author":{"gitId":"Than-Duc-Huy"},"content":"    // \u003d\u003d\u003d\u003d\u003d\u003d\u003d\u003d\u003d\u003d\u003d\u003d\u003d\u003d\u003d\u003d\u003d\u003d\u003d\u003d\u003d\u003d\u003d\u003d\u003d\u003d\u003d\u003d\u003d\u003d\u003d\u003d\u003d\u003d\u003d\u003d\u003d\u003d\u003d\u003d\u003d GLOBAL METHOD","lastModifiedDate":"2022-08-30"},{"lineNumber":40,"author":{"gitId":"Than-Duc-Huy"},"content":"    private static void showToUser(String... message) {","lastModifiedDate":"2022-08-30"},{"lineNumber":41,"author":{"gitId":"Than-Duc-Huy"},"content":"        for (String m : message) {","lastModifiedDate":"2022-08-30"},{"lineNumber":42,"author":{"gitId":"Than-Duc-Huy"},"content":"            System.out.println(m);","lastModifiedDate":"2022-08-30"},{"lineNumber":43,"author":{"gitId":"Than-Duc-Huy"},"content":"        }","lastModifiedDate":"2022-08-30"},{"lineNumber":44,"author":{"gitId":"Than-Duc-Huy"},"content":"    }","lastModifiedDate":"2022-08-30"},{"lineNumber":45,"author":{"gitId":"Than-Duc-Huy"},"content":"","lastModifiedDate":"2022-08-30"},{"lineNumber":46,"author":{"gitId":"Than-Duc-Huy"},"content":"    private static void parseCommand() {","lastModifiedDate":"2022-08-27"},{"lineNumber":47,"author":{"gitId":"Than-Duc-Huy"},"content":"        String line \u003d in.nextLine();","lastModifiedDate":"2022-08-27"},{"lineNumber":48,"author":{"gitId":"Than-Duc-Huy"},"content":"        String[] parsedLine \u003d line.split(\" \");","lastModifiedDate":"2022-08-30"},{"lineNumber":49,"author":{"gitId":"Than-Duc-Huy"},"content":"        String commandWord \u003d parsedLine[0].toLowerCase();","lastModifiedDate":"2022-08-30"},{"lineNumber":50,"author":{"gitId":"Than-Duc-Huy"},"content":"","lastModifiedDate":"2022-08-30"},{"lineNumber":51,"author":{"gitId":"Than-Duc-Huy"},"content":"        switch (commandWord) {","lastModifiedDate":"2022-08-30"},{"lineNumber":52,"author":{"gitId":"Than-Duc-Huy"},"content":"            case \"bye\":","lastModifiedDate":"2022-08-30"},{"lineNumber":53,"author":{"gitId":"Than-Duc-Huy"},"content":"                exit();","lastModifiedDate":"2022-08-30"},{"lineNumber":54,"author":{"gitId":"Than-Duc-Huy"},"content":"                break;","lastModifiedDate":"2022-08-30"},{"lineNumber":55,"author":{"gitId":"Than-Duc-Huy"},"content":"            case \"list\":","lastModifiedDate":"2022-08-30"},{"lineNumber":56,"author":{"gitId":"Than-Duc-Huy"},"content":"                list();","lastModifiedDate":"2022-08-30"},{"lineNumber":57,"author":{"gitId":"Than-Duc-Huy"},"content":"                break;","lastModifiedDate":"2022-08-30"},{"lineNumber":58,"author":{"gitId":"Than-Duc-Huy"},"content":"            case \"mark\":","lastModifiedDate":"2022-08-30"},{"lineNumber":59,"author":{"gitId":"Than-Duc-Huy"},"content":"                mark(parsedLine);","lastModifiedDate":"2022-08-30"},{"lineNumber":60,"author":{"gitId":"Than-Duc-Huy"},"content":"                break;","lastModifiedDate":"2022-08-30"},{"lineNumber":61,"author":{"gitId":"Than-Duc-Huy"},"content":"            case \"unmark\":","lastModifiedDate":"2022-08-30"},{"lineNumber":62,"author":{"gitId":"Than-Duc-Huy"},"content":"                mark(parsedLine);","lastModifiedDate":"2022-08-30"},{"lineNumber":63,"author":{"gitId":"Than-Duc-Huy"},"content":"                break;","lastModifiedDate":"2022-08-30"},{"lineNumber":64,"author":{"gitId":"Than-Duc-Huy"},"content":"            case \"todo\":","lastModifiedDate":"2022-08-30"},{"lineNumber":65,"author":{"gitId":"Than-Duc-Huy"},"content":"                add(line);","lastModifiedDate":"2022-08-27"},{"lineNumber":66,"author":{"gitId":"Than-Duc-Huy"},"content":"                break;","lastModifiedDate":"2022-08-30"},{"lineNumber":67,"author":{"gitId":"Than-Duc-Huy"},"content":"            case \"deadline\":","lastModifiedDate":"2022-08-30"},{"lineNumber":68,"author":{"gitId":"Than-Duc-Huy"},"content":"                add(line);","lastModifiedDate":"2022-08-30"},{"lineNumber":69,"author":{"gitId":"Than-Duc-Huy"},"content":"                break;","lastModifiedDate":"2022-08-30"},{"lineNumber":70,"author":{"gitId":"Than-Duc-Huy"},"content":"            case \"event\":","lastModifiedDate":"2022-08-30"},{"lineNumber":71,"author":{"gitId":"Than-Duc-Huy"},"content":"                add(line);","lastModifiedDate":"2022-08-30"},{"lineNumber":72,"author":{"gitId":"Than-Duc-Huy"},"content":"                break;","lastModifiedDate":"2022-08-30"},{"lineNumber":73,"author":{"gitId":"Than-Duc-Huy"},"content":"            default:","lastModifiedDate":"2022-08-30"},{"lineNumber":74,"author":{"gitId":"Than-Duc-Huy"},"content":"                unknownCommand();","lastModifiedDate":"2022-08-30"},{"lineNumber":75,"author":{"gitId":"Than-Duc-Huy"},"content":"                break;","lastModifiedDate":"2022-08-30"},{"lineNumber":76,"author":{"gitId":"Than-Duc-Huy"},"content":"        }","lastModifiedDate":"2022-08-27"},{"lineNumber":77,"author":{"gitId":"Than-Duc-Huy"},"content":"    }","lastModifiedDate":"2022-08-27"},{"lineNumber":78,"author":{"gitId":"Than-Duc-Huy"},"content":"","lastModifiedDate":"2022-08-27"},{"lineNumber":79,"author":{"gitId":"Than-Duc-Huy"},"content":"    /*","lastModifiedDate":"2022-08-30"},{"lineNumber":80,"author":{"gitId":"Than-Duc-Huy"},"content":"     * private static boolean isCommandBye(String line){","lastModifiedDate":"2022-08-30"},{"lineNumber":81,"author":{"gitId":"Than-Duc-Huy"},"content":"     * return line.toLowerCase().contains(\"bye\");","lastModifiedDate":"2022-08-30"},{"lineNumber":82,"author":{"gitId":"Than-Duc-Huy"},"content":"     * }","lastModifiedDate":"2022-08-30"},{"lineNumber":83,"author":{"gitId":"Than-Duc-Huy"},"content":"     * private static boolean isCommandList(String line){","lastModifiedDate":"2022-08-30"},{"lineNumber":84,"author":{"gitId":"Than-Duc-Huy"},"content":"     * return line.toLowerCase().contains(\"list\");","lastModifiedDate":"2022-08-30"},{"lineNumber":85,"author":{"gitId":"Than-Duc-Huy"},"content":"     * }","lastModifiedDate":"2022-08-30"},{"lineNumber":86,"author":{"gitId":"Than-Duc-Huy"},"content":"     * private static boolean isCommandMark(String line){","lastModifiedDate":"2022-08-30"},{"lineNumber":87,"author":{"gitId":"Than-Duc-Huy"},"content":"     * return line.toLowerCase().contains(\"mark\");","lastModifiedDate":"2022-08-30"},{"lineNumber":88,"author":{"gitId":"Than-Duc-Huy"},"content":"     * }","lastModifiedDate":"2022-08-30"},{"lineNumber":89,"author":{"gitId":"Than-Duc-Huy"},"content":"     * private static boolean isCommandAdd(String line){","lastModifiedDate":"2022-08-30"},{"lineNumber":90,"author":{"gitId":"Than-Duc-Huy"},"content":"     * String lowerCase \u003d line.toLowerCase();","lastModifiedDate":"2022-08-30"},{"lineNumber":91,"author":{"gitId":"Than-Duc-Huy"},"content":"     * return lowerCase.contains(\"todo\") || lowerCase.contains(\"deadline\") ||","lastModifiedDate":"2022-08-30"},{"lineNumber":92,"author":{"gitId":"Than-Duc-Huy"},"content":"     * lowerCase .contains(\"event\");","lastModifiedDate":"2022-08-30"},{"lineNumber":93,"author":{"gitId":"Than-Duc-Huy"},"content":"     * }","lastModifiedDate":"2022-08-30"},{"lineNumber":94,"author":{"gitId":"Than-Duc-Huy"},"content":"     * ","lastModifiedDate":"2022-08-30"},{"lineNumber":95,"author":{"gitId":"Than-Duc-Huy"},"content":"     */","lastModifiedDate":"2022-08-30"},{"lineNumber":96,"author":{"gitId":"Than-Duc-Huy"},"content":"","lastModifiedDate":"2022-08-30"},{"lineNumber":97,"author":{"gitId":"Than-Duc-Huy"},"content":"    private static void commandErrorHandler(String errorMessage) {","lastModifiedDate":"2022-08-30"},{"lineNumber":98,"author":{"gitId":"Than-Duc-Huy"},"content":"        switch (errorMessage) {","lastModifiedDate":"2022-08-30"},{"lineNumber":99,"author":{"gitId":"Than-Duc-Huy"},"content":"            case \"bye\":","lastModifiedDate":"2022-08-30"},{"lineNumber":100,"author":{"gitId":"Than-Duc-Huy"},"content":"                showToUser(MESSAGE_DIVIDER, ERROR_MESSAGE_BYE);","lastModifiedDate":"2022-08-30"},{"lineNumber":101,"author":{"gitId":"Than-Duc-Huy"},"content":"                break;","lastModifiedDate":"2022-08-30"},{"lineNumber":102,"author":{"gitId":"Than-Duc-Huy"},"content":"            case \"list\":","lastModifiedDate":"2022-08-30"},{"lineNumber":103,"author":{"gitId":"Than-Duc-Huy"},"content":"                showToUser(MESSAGE_DIVIDER, ERROR_MESSAGE_LIST);","lastModifiedDate":"2022-08-30"},{"lineNumber":104,"author":{"gitId":"Than-Duc-Huy"},"content":"                break;","lastModifiedDate":"2022-08-30"},{"lineNumber":105,"author":{"gitId":"Than-Duc-Huy"},"content":"            case \"mark\":","lastModifiedDate":"2022-08-30"},{"lineNumber":106,"author":{"gitId":"Than-Duc-Huy"},"content":"                showToUser(MESSAGE_DIVIDER, ERROR_MESSAGE_MARK);","lastModifiedDate":"2022-08-30"},{"lineNumber":107,"author":{"gitId":"Than-Duc-Huy"},"content":"                break;","lastModifiedDate":"2022-08-30"},{"lineNumber":108,"author":{"gitId":"Than-Duc-Huy"},"content":"","lastModifiedDate":"2022-08-30"},{"lineNumber":109,"author":{"gitId":"Than-Duc-Huy"},"content":"            case \"unmark\":","lastModifiedDate":"2022-08-30"},{"lineNumber":110,"author":{"gitId":"Than-Duc-Huy"},"content":"                showToUser(MESSAGE_DIVIDER, ERROR_MESSAGE_UNMARK);","lastModifiedDate":"2022-08-30"},{"lineNumber":111,"author":{"gitId":"Than-Duc-Huy"},"content":"                break;","lastModifiedDate":"2022-08-30"},{"lineNumber":112,"author":{"gitId":"Than-Duc-Huy"},"content":"            case \"todo\":","lastModifiedDate":"2022-08-30"},{"lineNumber":113,"author":{"gitId":"Than-Duc-Huy"},"content":"                showToUser(MESSAGE_DIVIDER, ERROR_MESSAGE_TODO);","lastModifiedDate":"2022-08-30"},{"lineNumber":114,"author":{"gitId":"Than-Duc-Huy"},"content":"                break;","lastModifiedDate":"2022-08-30"},{"lineNumber":115,"author":{"gitId":"Than-Duc-Huy"},"content":"            case \"deadline\":","lastModifiedDate":"2022-08-30"},{"lineNumber":116,"author":{"gitId":"Than-Duc-Huy"},"content":"                showToUser(MESSAGE_DIVIDER, ERROR_MESSAGE_DEADLINE);","lastModifiedDate":"2022-08-30"},{"lineNumber":117,"author":{"gitId":"Than-Duc-Huy"},"content":"                break;","lastModifiedDate":"2022-08-30"},{"lineNumber":118,"author":{"gitId":"Than-Duc-Huy"},"content":"            case \"event\":","lastModifiedDate":"2022-08-30"},{"lineNumber":119,"author":{"gitId":"Than-Duc-Huy"},"content":"                showToUser(MESSAGE_DIVIDER, ERROR_MESSAGE_EVENT);","lastModifiedDate":"2022-08-30"},{"lineNumber":120,"author":{"gitId":"Than-Duc-Huy"},"content":"                break;","lastModifiedDate":"2022-08-30"},{"lineNumber":121,"author":{"gitId":"Than-Duc-Huy"},"content":"            default:","lastModifiedDate":"2022-08-30"},{"lineNumber":122,"author":{"gitId":"Than-Duc-Huy"},"content":"                showToUser(MESSAGE_DIVIDER, errorMessage);","lastModifiedDate":"2022-08-30"},{"lineNumber":123,"author":{"gitId":"Than-Duc-Huy"},"content":"                break;","lastModifiedDate":"2022-08-30"},{"lineNumber":124,"author":{"gitId":"Than-Duc-Huy"},"content":"        }","lastModifiedDate":"2022-08-30"},{"lineNumber":125,"author":{"gitId":"Than-Duc-Huy"},"content":"    }","lastModifiedDate":"2022-08-30"},{"lineNumber":126,"author":{"gitId":"Than-Duc-Huy"},"content":"","lastModifiedDate":"2022-08-30"},{"lineNumber":127,"author":{"gitId":"Than-Duc-Huy"},"content":"    private static void exit() {","lastModifiedDate":"2022-08-30"},{"lineNumber":128,"author":{"gitId":"Than-Duc-Huy"},"content":"        isRunning \u003d false;","lastModifiedDate":"2022-08-27"},{"lineNumber":129,"author":{"gitId":"Than-Duc-Huy"},"content":"        exitMessage();","lastModifiedDate":"2022-08-27"},{"lineNumber":130,"author":{"gitId":"Than-Duc-Huy"},"content":"    }","lastModifiedDate":"2022-08-24"},{"lineNumber":131,"author":{"gitId":"Than-Duc-Huy"},"content":"","lastModifiedDate":"2022-08-24"},{"lineNumber":132,"author":{"gitId":"Than-Duc-Huy"},"content":"    private static void unknownCommand() {","lastModifiedDate":"2022-08-30"},{"lineNumber":133,"author":{"gitId":"Than-Duc-Huy"},"content":"        showToUser(MESSAGE_DIVIDER, MESSAGE_UNKNOWN_COMMAND, MESSAGE_COMMAND_LISTS);","lastModifiedDate":"2022-08-30"},{"lineNumber":134,"author":{"gitId":"Than-Duc-Huy"},"content":"    }","lastModifiedDate":"2022-08-24"},{"lineNumber":135,"author":{"gitId":"Than-Duc-Huy"},"content":"","lastModifiedDate":"2022-08-24"},{"lineNumber":136,"author":{"gitId":"Than-Duc-Huy"},"content":"    private static void list() {","lastModifiedDate":"2022-08-27"},{"lineNumber":137,"author":{"gitId":"Than-Duc-Huy"},"content":"        showToUser(MESSAGE_DIVIDER_LIST);","lastModifiedDate":"2022-08-30"},{"lineNumber":138,"author":{"gitId":"Than-Duc-Huy"},"content":"        for (int i \u003d 0; i \u003c Task.numberOfTasks; i++) {","lastModifiedDate":"2022-08-24"},{"lineNumber":139,"author":{"gitId":"Than-Duc-Huy"},"content":"            System.out.print((i + 1) + \".\");","lastModifiedDate":"2022-08-27"},{"lineNumber":140,"author":{"gitId":"Than-Duc-Huy"},"content":"            tasksList[i].printTask();","lastModifiedDate":"2022-08-27"},{"lineNumber":141,"author":{"gitId":"Than-Duc-Huy"},"content":"        }","lastModifiedDate":"2022-08-24"},{"lineNumber":142,"author":{"gitId":"Than-Duc-Huy"},"content":"        showToUser(MESSAGE_DIVIDER);","lastModifiedDate":"2022-08-30"},{"lineNumber":143,"author":{"gitId":"Than-Duc-Huy"},"content":"    }","lastModifiedDate":"2022-08-24"},{"lineNumber":144,"author":{"gitId":"Than-Duc-Huy"},"content":"","lastModifiedDate":"2022-08-24"},{"lineNumber":145,"author":{"gitId":"Than-Duc-Huy"},"content":"    private static void add(String line) {","lastModifiedDate":"2022-08-27"},{"lineNumber":146,"author":{"gitId":"Than-Duc-Huy"},"content":"        String newTaskType \u003d line.split(\" \")[0].toLowerCase();","lastModifiedDate":"2022-08-30"},{"lineNumber":147,"author":{"gitId":"Than-Duc-Huy"},"content":"        String[] taskDescriptor \u003d line.replace(newTaskType, \"\").trim().split(\"/\");","lastModifiedDate":"2022-08-24"},{"lineNumber":148,"author":{"gitId":"Than-Duc-Huy"},"content":"        switch (newTaskType) {","lastModifiedDate":"2022-08-30"},{"lineNumber":149,"author":{"gitId":"Than-Duc-Huy"},"content":"            case \"todo\":","lastModifiedDate":"2022-08-24"},{"lineNumber":150,"author":{"gitId":"Than-Duc-Huy"},"content":"                addTodo(taskDescriptor);","lastModifiedDate":"2022-08-30"},{"lineNumber":151,"author":{"gitId":"Than-Duc-Huy"},"content":"                break;","lastModifiedDate":"2022-08-24"},{"lineNumber":152,"author":{"gitId":"Than-Duc-Huy"},"content":"            case \"deadline\":","lastModifiedDate":"2022-08-24"},{"lineNumber":153,"author":{"gitId":"Than-Duc-Huy"},"content":"                addDeadline(taskDescriptor);","lastModifiedDate":"2022-08-30"},{"lineNumber":154,"author":{"gitId":"Than-Duc-Huy"},"content":"                break;","lastModifiedDate":"2022-08-24"},{"lineNumber":155,"author":{"gitId":"Than-Duc-Huy"},"content":"            case \"event\":","lastModifiedDate":"2022-08-24"},{"lineNumber":156,"author":{"gitId":"Than-Duc-Huy"},"content":"                addEvent(taskDescriptor);","lastModifiedDate":"2022-08-30"},{"lineNumber":157,"author":{"gitId":"Than-Duc-Huy"},"content":"                break;","lastModifiedDate":"2022-08-24"},{"lineNumber":158,"author":{"gitId":"Than-Duc-Huy"},"content":"            default:","lastModifiedDate":"2022-08-24"},{"lineNumber":159,"author":{"gitId":"Than-Duc-Huy"},"content":"                break;","lastModifiedDate":"2022-08-24"},{"lineNumber":160,"author":{"gitId":"Than-Duc-Huy"},"content":"        }","lastModifiedDate":"2022-08-24"},{"lineNumber":161,"author":{"gitId":"Than-Duc-Huy"},"content":"    }","lastModifiedDate":"2022-08-30"},{"lineNumber":162,"author":{"gitId":"Than-Duc-Huy"},"content":"","lastModifiedDate":"2022-08-30"},{"lineNumber":163,"author":{"gitId":"Than-Duc-Huy"},"content":"    private static void addTodo(String[] taskDescriptor) {","lastModifiedDate":"2022-08-30"},{"lineNumber":164,"author":{"gitId":"Than-Duc-Huy"},"content":"        try {","lastModifiedDate":"2022-08-30"},{"lineNumber":165,"author":{"gitId":"Than-Duc-Huy"},"content":"            if (taskDescriptor[0].trim().isEmpty()) {","lastModifiedDate":"2022-08-30"},{"lineNumber":166,"author":{"gitId":"Than-Duc-Huy"},"content":"                throw new DukeException(\"No Task Description\");","lastModifiedDate":"2022-08-30"},{"lineNumber":167,"author":{"gitId":"Than-Duc-Huy"},"content":"            }","lastModifiedDate":"2022-08-30"},{"lineNumber":168,"author":{"gitId":"Than-Duc-Huy"},"content":"            tasksList[Task.numberOfTasks] \u003d new Todo(taskDescriptor[0]);","lastModifiedDate":"2022-08-30"},{"lineNumber":169,"author":{"gitId":"Than-Duc-Huy"},"content":"            addTaskMessage();","lastModifiedDate":"2022-08-30"},{"lineNumber":170,"author":{"gitId":"Than-Duc-Huy"},"content":"        } catch (ArrayIndexOutOfBoundsException e) {","lastModifiedDate":"2022-08-30"},{"lineNumber":171,"author":{"gitId":"Than-Duc-Huy"},"content":"            commandErrorHandler(\"todo\");","lastModifiedDate":"2022-08-30"},{"lineNumber":172,"author":{"gitId":"Than-Duc-Huy"},"content":"        } catch (DukeException e) {","lastModifiedDate":"2022-08-30"},{"lineNumber":173,"author":{"gitId":"Than-Duc-Huy"},"content":"            commandErrorHandler(e.getMessage());","lastModifiedDate":"2022-08-30"},{"lineNumber":174,"author":{"gitId":"Than-Duc-Huy"},"content":"        }","lastModifiedDate":"2022-08-30"},{"lineNumber":175,"author":{"gitId":"Than-Duc-Huy"},"content":"","lastModifiedDate":"2022-08-30"},{"lineNumber":176,"author":{"gitId":"Than-Duc-Huy"},"content":"    }","lastModifiedDate":"2022-08-30"},{"lineNumber":177,"author":{"gitId":"Than-Duc-Huy"},"content":"","lastModifiedDate":"2022-08-30"},{"lineNumber":178,"author":{"gitId":"Than-Duc-Huy"},"content":"    private static void addDeadline(String[] taskDescriptor) {","lastModifiedDate":"2022-08-30"},{"lineNumber":179,"author":{"gitId":"Than-Duc-Huy"},"content":"        try {","lastModifiedDate":"2022-08-30"},{"lineNumber":180,"author":{"gitId":"Than-Duc-Huy"},"content":"            if (taskDescriptor[0].trim().isEmpty()) {","lastModifiedDate":"2022-08-30"},{"lineNumber":181,"author":{"gitId":"Than-Duc-Huy"},"content":"                throw new DukeException(\"Error: No Task Description\");","lastModifiedDate":"2022-08-30"},{"lineNumber":182,"author":{"gitId":"Than-Duc-Huy"},"content":"            }","lastModifiedDate":"2022-08-30"},{"lineNumber":183,"author":{"gitId":"Than-Duc-Huy"},"content":"            tasksList[Task.numberOfTasks] \u003d new Deadline(taskDescriptor[0], taskDescriptor[1].trim());","lastModifiedDate":"2022-08-30"},{"lineNumber":184,"author":{"gitId":"Than-Duc-Huy"},"content":"            addTaskMessage();","lastModifiedDate":"2022-08-27"},{"lineNumber":185,"author":{"gitId":"Than-Duc-Huy"},"content":"        } catch (ArrayIndexOutOfBoundsException e) {","lastModifiedDate":"2022-08-30"},{"lineNumber":186,"author":{"gitId":"Than-Duc-Huy"},"content":"            commandErrorHandler(\"deadline\");","lastModifiedDate":"2022-08-30"},{"lineNumber":187,"author":{"gitId":"Than-Duc-Huy"},"content":"        } catch (DukeException e) {","lastModifiedDate":"2022-08-30"},{"lineNumber":188,"author":{"gitId":"Than-Duc-Huy"},"content":"            commandErrorHandler(e.getMessage());","lastModifiedDate":"2022-08-30"},{"lineNumber":189,"author":{"gitId":"Than-Duc-Huy"},"content":"        }","lastModifiedDate":"2022-08-30"},{"lineNumber":190,"author":{"gitId":"Than-Duc-Huy"},"content":"    }","lastModifiedDate":"2022-08-30"},{"lineNumber":191,"author":{"gitId":"Than-Duc-Huy"},"content":"","lastModifiedDate":"2022-08-30"},{"lineNumber":192,"author":{"gitId":"Than-Duc-Huy"},"content":"    private static void addEvent(String[] taskDescriptor) {","lastModifiedDate":"2022-08-30"},{"lineNumber":193,"author":{"gitId":"Than-Duc-Huy"},"content":"        try {","lastModifiedDate":"2022-08-30"},{"lineNumber":194,"author":{"gitId":"Than-Duc-Huy"},"content":"            if (taskDescriptor[0].trim().isEmpty()) {","lastModifiedDate":"2022-08-30"},{"lineNumber":195,"author":{"gitId":"Than-Duc-Huy"},"content":"                throw new DukeException(\"Error: No Task Description\");","lastModifiedDate":"2022-08-30"},{"lineNumber":196,"author":{"gitId":"Than-Duc-Huy"},"content":"            }","lastModifiedDate":"2022-08-30"},{"lineNumber":197,"author":{"gitId":"Than-Duc-Huy"},"content":"            tasksList[Task.numberOfTasks] \u003d new Event(taskDescriptor[0], taskDescriptor[1].trim());","lastModifiedDate":"2022-08-30"},{"lineNumber":198,"author":{"gitId":"Than-Duc-Huy"},"content":"            addTaskMessage();","lastModifiedDate":"2022-08-30"},{"lineNumber":199,"author":{"gitId":"Than-Duc-Huy"},"content":"        } catch (ArrayIndexOutOfBoundsException e) {","lastModifiedDate":"2022-08-30"},{"lineNumber":200,"author":{"gitId":"Than-Duc-Huy"},"content":"            commandErrorHandler(\"event\");","lastModifiedDate":"2022-08-30"},{"lineNumber":201,"author":{"gitId":"Than-Duc-Huy"},"content":"        } catch (DukeException e) {","lastModifiedDate":"2022-08-30"},{"lineNumber":202,"author":{"gitId":"Than-Duc-Huy"},"content":"            commandErrorHandler(e.getMessage());","lastModifiedDate":"2022-08-30"},{"lineNumber":203,"author":{"gitId":"Than-Duc-Huy"},"content":"        }","lastModifiedDate":"2022-08-30"},{"lineNumber":204,"author":{"gitId":"Than-Duc-Huy"},"content":"    }","lastModifiedDate":"2022-08-27"},{"lineNumber":205,"author":{"gitId":"Than-Duc-Huy"},"content":"","lastModifiedDate":"2022-08-27"},{"lineNumber":206,"author":{"gitId":"Than-Duc-Huy"},"content":"    private static void addTaskMessage() {","lastModifiedDate":"2022-08-27"},{"lineNumber":207,"author":{"gitId":"Than-Duc-Huy"},"content":"        showToUser(MESSAGE_DIVIDER, \"Got it! You just add a new Task\");","lastModifiedDate":"2022-08-30"},{"lineNumber":208,"author":{"gitId":"Than-Duc-Huy"},"content":"        System.out.print(\"\\t\");","lastModifiedDate":"2022-08-24"},{"lineNumber":209,"author":{"gitId":"Than-Duc-Huy"},"content":"        tasksList[Task.numberOfTasks - 1].printTask();","lastModifiedDate":"2022-08-27"},{"lineNumber":210,"author":{"gitId":"Than-Duc-Huy"},"content":"        showToUser(\"Number of tasks in the list: \" + Task.numberOfTasks);","lastModifiedDate":"2022-08-30"},{"lineNumber":211,"author":{"gitId":"Than-Duc-Huy"},"content":"    }","lastModifiedDate":"2022-08-24"},{"lineNumber":212,"author":{"gitId":"Than-Duc-Huy"},"content":"","lastModifiedDate":"2022-08-24"},{"lineNumber":213,"author":{"gitId":"Than-Duc-Huy"},"content":"    public static void mark(String[] parsedLine) {","lastModifiedDate":"2022-08-30"},{"lineNumber":214,"author":{"gitId":"Than-Duc-Huy"},"content":"        try {","lastModifiedDate":"2022-08-30"},{"lineNumber":215,"author":{"gitId":"Than-Duc-Huy"},"content":"            int index \u003d Integer.parseInt(parsedLine[1]);","lastModifiedDate":"2022-08-30"},{"lineNumber":216,"author":{"gitId":"Than-Duc-Huy"},"content":"            if (parsedLine[0].equalsIgnoreCase(\"mark\")) {","lastModifiedDate":"2022-08-30"},{"lineNumber":217,"author":{"gitId":"Than-Duc-Huy"},"content":"                tasksList[index - 1].isDone \u003d true;","lastModifiedDate":"2022-08-27"},{"lineNumber":218,"author":{"gitId":"Than-Duc-Huy"},"content":"            } else {","lastModifiedDate":"2022-08-24"},{"lineNumber":219,"author":{"gitId":"Than-Duc-Huy"},"content":"                tasksList[index - 1].isDone \u003d false;","lastModifiedDate":"2022-08-27"},{"lineNumber":220,"author":{"gitId":"Than-Duc-Huy"},"content":"            }","lastModifiedDate":"2022-08-24"},{"lineNumber":221,"author":{"gitId":"Than-Duc-Huy"},"content":"            list();","lastModifiedDate":"2022-08-24"},{"lineNumber":222,"author":{"gitId":"Than-Duc-Huy"},"content":"        } catch (NumberFormatException e) {","lastModifiedDate":"2022-08-30"},{"lineNumber":223,"author":{"gitId":"Than-Duc-Huy"},"content":"            commandErrorHandler(\"mark\");","lastModifiedDate":"2022-08-30"},{"lineNumber":224,"author":{"gitId":"Than-Duc-Huy"},"content":"        } catch (ArrayIndexOutOfBoundsException e) {","lastModifiedDate":"2022-08-30"},{"lineNumber":225,"author":{"gitId":"Than-Duc-Huy"},"content":"            commandErrorHandler(\"unmark\");","lastModifiedDate":"2022-08-30"},{"lineNumber":226,"author":{"gitId":"Than-Duc-Huy"},"content":"        }","lastModifiedDate":"2022-08-30"},{"lineNumber":227,"author":{"gitId":"Than-Duc-Huy"},"content":"","lastModifiedDate":"2022-08-30"},{"lineNumber":228,"author":{"gitId":"Than-Duc-Huy"},"content":"    }","lastModifiedDate":"2022-08-24"},{"lineNumber":229,"author":{"gitId":"Than-Duc-Huy"},"content":"","lastModifiedDate":"2022-08-24"},{"lineNumber":230,"author":{"gitId":"Than-Duc-Huy"},"content":"    private static void exitMessage() {","lastModifiedDate":"2022-08-27"},{"lineNumber":231,"author":{"gitId":"Than-Duc-Huy"},"content":"        showToUser(MESSAGE_DIVIDER, MESSAGE_EXIT, MESSAGE_DIVIDER);","lastModifiedDate":"2022-08-30"},{"lineNumber":232,"author":{"gitId":"Than-Duc-Huy"},"content":"    }","lastModifiedDate":"2022-08-24"},{"lineNumber":233,"author":{"gitId":"Than-Duc-Huy"},"content":"","lastModifiedDate":"2022-08-24"},{"lineNumber":234,"author":{"gitId":"Than-Duc-Huy"},"content":"    private static void helloMessage() {","lastModifiedDate":"2022-08-27"},{"lineNumber":235,"author":{"gitId":"Than-Duc-Huy"},"content":"        showToUser(MESSAGE_DIVIDER, MESSAGE_HELLO, MESSAGE_COMMAND_LISTS, MESSAGE_DIVIDER);","lastModifiedDate":"2022-08-30"},{"lineNumber":236,"author":{"gitId":"-"},"content":"    }","lastModifiedDate":"2019-07-29"},{"lineNumber":237,"author":{"gitId":"Than-Duc-Huy"},"content":"","lastModifiedDate":"2022-08-24"},{"lineNumber":238,"author":{"gitId":"-"},"content":"}","lastModifiedDate":"2019-07-29"}],"authorContributionMap":{"Than-Duc-Huy":233,"-":5}},{"path":"src/main/java/DukeException.java","fileType":"java","lines":[{"lineNumber":1,"author":{"gitId":"Than-Duc-Huy"},"content":"public class DukeException extends Exception { ","lastModifiedDate":"2022-08-30"},{"lineNumber":2,"author":{"gitId":"Than-Duc-Huy"},"content":"    public DukeException(String message){","lastModifiedDate":"2022-08-30"},{"lineNumber":3,"author":{"gitId":"Than-Duc-Huy"},"content":"        super(message);","lastModifiedDate":"2022-08-30"},{"lineNumber":4,"author":{"gitId":"Than-Duc-Huy"},"content":"    }","lastModifiedDate":"2022-08-30"},{"lineNumber":5,"author":{"gitId":"Than-Duc-Huy"},"content":"}","lastModifiedDate":"2022-08-30"}],"authorContributionMap":{"Than-Duc-Huy":5}},{"path":"src/main/java/Event.java","fileType":"java","lines":[{"lineNumber":1,"author":{"gitId":"Than-Duc-Huy"},"content":"public class Event extends Task {","lastModifiedDate":"2022-08-24"},{"lineNumber":2,"author":{"gitId":"Than-Duc-Huy"},"content":"    public String date;","lastModifiedDate":"2022-08-24"},{"lineNumber":3,"author":{"gitId":"Than-Duc-Huy"},"content":"","lastModifiedDate":"2022-08-24"},{"lineNumber":4,"author":{"gitId":"Than-Duc-Huy"},"content":"    public Event(String description, String date) {","lastModifiedDate":"2022-08-24"},{"lineNumber":5,"author":{"gitId":"Than-Duc-Huy"},"content":"        super(description);","lastModifiedDate":"2022-08-24"},{"lineNumber":6,"author":{"gitId":"Than-Duc-Huy"},"content":"        this.date \u003d date;","lastModifiedDate":"2022-08-24"},{"lineNumber":7,"author":{"gitId":"Than-Duc-Huy"},"content":"        this.taskType \u003d \"[E]\";","lastModifiedDate":"2022-08-24"},{"lineNumber":8,"author":{"gitId":"Than-Duc-Huy"},"content":"    }","lastModifiedDate":"2022-08-24"},{"lineNumber":9,"author":{"gitId":"Than-Duc-Huy"},"content":"","lastModifiedDate":"2022-08-24"},{"lineNumber":10,"author":{"gitId":"Than-Duc-Huy"},"content":"","lastModifiedDate":"2022-08-24"},{"lineNumber":11,"author":{"gitId":"Than-Duc-Huy"},"content":"    public void printTask() {","lastModifiedDate":"2022-08-24"},{"lineNumber":12,"author":{"gitId":"Than-Duc-Huy"},"content":"        System.out.println(this.taskType + this.getStatusIcon() + \" \" + this.description + \"(\" + this.date + \")\");","lastModifiedDate":"2022-08-24"},{"lineNumber":13,"author":{"gitId":"Than-Duc-Huy"},"content":"    }","lastModifiedDate":"2022-08-24"},{"lineNumber":14,"author":{"gitId":"Than-Duc-Huy"},"content":"}","lastModifiedDate":"2022-08-24"}],"authorContributionMap":{"Than-Duc-Huy":14}},{"path":"src/main/java/Task.java","fileType":"java","lines":[{"lineNumber":1,"author":{"gitId":"Than-Duc-Huy"},"content":"public class Task {","lastModifiedDate":"2022-08-24"},{"lineNumber":2,"author":{"gitId":"Than-Duc-Huy"},"content":"    public static int numberOfTasks \u003d 0;","lastModifiedDate":"2022-08-24"},{"lineNumber":3,"author":{"gitId":"Than-Duc-Huy"},"content":"    public String description;","lastModifiedDate":"2022-08-24"},{"lineNumber":4,"author":{"gitId":"Than-Duc-Huy"},"content":"    public boolean isDone;","lastModifiedDate":"2022-08-24"},{"lineNumber":5,"author":{"gitId":"Than-Duc-Huy"},"content":"    public String taskType \u003d \"[ ]\";","lastModifiedDate":"2022-08-24"},{"lineNumber":6,"author":{"gitId":"Than-Duc-Huy"},"content":"","lastModifiedDate":"2022-08-24"},{"lineNumber":7,"author":{"gitId":"Than-Duc-Huy"},"content":"    public Task(String description) {","lastModifiedDate":"2022-08-24"},{"lineNumber":8,"author":{"gitId":"Than-Duc-Huy"},"content":"","lastModifiedDate":"2022-08-30"},{"lineNumber":9,"author":{"gitId":"Than-Duc-Huy"},"content":"        this.description \u003d description;","lastModifiedDate":"2022-08-24"},{"lineNumber":10,"author":{"gitId":"Than-Duc-Huy"},"content":"        this.isDone \u003d false;","lastModifiedDate":"2022-08-24"},{"lineNumber":11,"author":{"gitId":"Than-Duc-Huy"},"content":"        numberOfTasks++;","lastModifiedDate":"2022-08-24"},{"lineNumber":12,"author":{"gitId":"Than-Duc-Huy"},"content":"    }","lastModifiedDate":"2022-08-24"},{"lineNumber":13,"author":{"gitId":"Than-Duc-Huy"},"content":"","lastModifiedDate":"2022-08-24"},{"lineNumber":14,"author":{"gitId":"Than-Duc-Huy"},"content":"    public String getStatusIcon() {","lastModifiedDate":"2022-08-24"},{"lineNumber":15,"author":{"gitId":"Than-Duc-Huy"},"content":"        return (isDone ? \"[X]\" : \"[ ]\"); //Mark done with X","lastModifiedDate":"2022-08-24"},{"lineNumber":16,"author":{"gitId":"Than-Duc-Huy"},"content":"    }","lastModifiedDate":"2022-08-24"},{"lineNumber":17,"author":{"gitId":"Than-Duc-Huy"},"content":"    public void printTask(){","lastModifiedDate":"2022-08-24"},{"lineNumber":18,"author":{"gitId":"Than-Duc-Huy"},"content":"        System.out.println(this.taskType + this.getStatusIcon() + \" \" + this.description);","lastModifiedDate":"2022-08-24"},{"lineNumber":19,"author":{"gitId":"Than-Duc-Huy"},"content":"    }","lastModifiedDate":"2022-08-24"},{"lineNumber":20,"author":{"gitId":"Than-Duc-Huy"},"content":"}","lastModifiedDate":"2022-08-24"}],"authorContributionMap":{"Than-Duc-Huy":20}},{"path":"src/main/java/Todo.java","fileType":"java","lines":[{"lineNumber":1,"author":{"gitId":"Than-Duc-Huy"},"content":"public class Todo extends Task {","lastModifiedDate":"2022-08-24"},{"lineNumber":2,"author":{"gitId":"Than-Duc-Huy"},"content":"    public Todo(String description) {","lastModifiedDate":"2022-08-24"},{"lineNumber":3,"author":{"gitId":"Than-Duc-Huy"},"content":"        ","lastModifiedDate":"2022-08-30"},{"lineNumber":4,"author":{"gitId":"Than-Duc-Huy"},"content":"        super(description);","lastModifiedDate":"2022-08-24"},{"lineNumber":5,"author":{"gitId":"Than-Duc-Huy"},"content":"        this.taskType \u003d \"[T]\";","lastModifiedDate":"2022-08-24"},{"lineNumber":6,"author":{"gitId":"Than-Duc-Huy"},"content":"    }","lastModifiedDate":"2022-08-24"},{"lineNumber":7,"author":{"gitId":"Than-Duc-Huy"},"content":"}","lastModifiedDate":"2022-08-24"}],"authorContributionMap":{"Than-Duc-Huy":7}},{"path":"text-ui-test/input.txt","fileType":"txt","lines":[{"lineNumber":1,"author":{"gitId":"Than-Duc-Huy"},"content":"abc","lastModifiedDate":"2022-08-24"},{"lineNumber":2,"author":{"gitId":"Than-Duc-Huy"},"content":"Todo This project","lastModifiedDate":"2022-08-24"},{"lineNumber":3,"author":{"gitId":"Than-Duc-Huy"},"content":"ToDo That Course","lastModifiedDate":"2022-08-24"},{"lineNumber":4,"author":{"gitId":"Than-Duc-Huy"},"content":"EvENT Summer Festival /at 7pm","lastModifiedDate":"2022-08-24"},{"lineNumber":5,"author":{"gitId":"Than-Duc-Huy"},"content":"list","lastModifiedDate":"2022-08-24"},{"lineNumber":6,"author":{"gitId":"Than-Duc-Huy"},"content":"DeaDLine Homework /by tomorrow","lastModifiedDate":"2022-08-24"},{"lineNumber":7,"author":{"gitId":"Than-Duc-Huy"},"content":"MaRK 1","lastModifiedDate":"2022-08-24"},{"lineNumber":8,"author":{"gitId":"Than-Duc-Huy"},"content":"Mark 2","lastModifiedDate":"2022-08-24"},{"lineNumber":9,"author":{"gitId":"Than-Duc-Huy"},"content":"Unmark 1","lastModifiedDate":"2022-08-24"},{"lineNumber":10,"author":{"gitId":"Than-Duc-Huy"},"content":"list","lastModifiedDate":"2022-08-24"}],"authorContributionMap":{"Than-Duc-Huy":10}},{"path":"text-ui-test/runtest.bat","fileType":"bat","lines":[{"lineNumber":1,"author":{"gitId":"-"},"content":"@ECHO OFF","lastModifiedDate":"2020-05-25"},{"lineNumber":2,"author":{"gitId":"-"},"content":"","lastModifiedDate":"2020-05-25"},{"lineNumber":3,"author":{"gitId":"-"},"content":"REM create bin directory if it doesn\u0027t exist","lastModifiedDate":"2020-05-25"},{"lineNumber":4,"author":{"gitId":"-"},"content":"if not exist ..\\bin mkdir ..\\bin","lastModifiedDate":"2020-05-25"},{"lineNumber":5,"author":{"gitId":"-"},"content":"","lastModifiedDate":"2020-05-25"},{"lineNumber":6,"author":{"gitId":"-"},"content":"REM delete output from previous run","lastModifiedDate":"2020-05-25"},{"lineNumber":7,"author":{"gitId":"-"},"content":"if exist ACTUAL.TXT del ACTUAL.TXT","lastModifiedDate":"2020-08-25"},{"lineNumber":8,"author":{"gitId":"-"},"content":"","lastModifiedDate":"2020-05-25"},{"lineNumber":9,"author":{"gitId":"-"},"content":"REM compile the code into the bin folder","lastModifiedDate":"2020-05-25"},{"lineNumber":10,"author":{"gitId":"-"},"content":"javac  -cp ..\\src\\main\\java -Xlint:none -d ..\\bin ..\\src\\main\\java\\*.java","lastModifiedDate":"2020-08-25"},{"lineNumber":11,"author":{"gitId":"-"},"content":"IF ERRORLEVEL 1 (","lastModifiedDate":"2020-05-25"},{"lineNumber":12,"author":{"gitId":"-"},"content":"    echo ********** BUILD FAILURE **********","lastModifiedDate":"2020-05-25"},{"lineNumber":13,"author":{"gitId":"-"},"content":"    exit /b 1","lastModifiedDate":"2020-05-25"},{"lineNumber":14,"author":{"gitId":"-"},"content":")","lastModifiedDate":"2020-05-25"},{"lineNumber":15,"author":{"gitId":"-"},"content":"REM no error here, errorlevel \u003d\u003d 0","lastModifiedDate":"2020-05-25"},{"lineNumber":16,"author":{"gitId":"-"},"content":"","lastModifiedDate":"2020-05-25"},{"lineNumber":17,"author":{"gitId":"-"},"content":"REM run the program, feed commands from input.txt file and redirect the output to the ACTUAL.TXT","lastModifiedDate":"2020-05-25"},{"lineNumber":18,"author":{"gitId":"-"},"content":"java -classpath ..\\bin Duke \u003c input.txt \u003e ACTUAL.TXT","lastModifiedDate":"2020-05-25"},{"lineNumber":19,"author":{"gitId":"-"},"content":"","lastModifiedDate":"2020-05-25"},{"lineNumber":20,"author":{"gitId":"-"},"content":"REM compare the output to the expected output","lastModifiedDate":"2020-05-25"},{"lineNumber":21,"author":{"gitId":"Than-Duc-Huy"},"content":"FC ACTUAL.TXT EXPECTED.TXT \u003eNUL \u0026\u0026 Echo Test Passed! :) || Echo Test Failed! :(","lastModifiedDate":"2022-08-24"},{"lineNumber":22,"author":{"gitId":"-"},"content":"FC ACTUAL.TXT EXPECTED.TXT","lastModifiedDate":"2020-05-25"},{"lineNumber":23,"author":{"gitId":"Than-Duc-Huy"},"content":"","lastModifiedDate":"2022-08-24"}],"authorContributionMap":{"Than-Duc-Huy":2,"-":21}}]
