{"authorDailyContributionsMap":{"Than-Duc-Huy":[{"date":"2022-08-24","commitResults":[{"hash":"a68f5f98b5c27170598558f64354e5383182e1ad","messageTitle":"Add Greet","messageBody":"","tags":["Level-0"],"fileTypesAndContributionMap":{"java":{"insertions":7,"deletions":0}}},{"hash":"fb1195a55a83e3e969c1075e5395ed8d8163e2a0","messageTitle":"Add ask() and echo()","messageBody":"","tags":["Level-1"],"fileTypesAndContributionMap":{"java":{"insertions":36,"deletions":8}}},{"hash":"30f5b32d0ad0515541841a745ddf798560b3a423","messageTitle":"Add ask() adn echo()","messageBody":"","tags":["Level-2"],"fileTypesAndContributionMap":{"java":{"insertions":37,"deletions":8}}},{"hash":"c035a9b1b9136c04b8c6854c7f19c4427b51f345","messageTitle":"Add Task class and mark() method","messageBody":"","tags":["Level-3"],"fileTypesAndContributionMap":{"java":{"insertions":40,"deletions":17}}},{"hash":"1265d8b8bd3ea69b14390434abc0a0911c062a10","messageTitle":"Clean up code","messageBody":"","tags":["A-CodingStandard"],"fileTypesAndContributionMap":{"java":{"insertions":19,"deletions":17}}},{"hash":"a0f1592b8a75ce4bf2e22858e9734822472d1091","messageTitle":"Add printType() to class Task","messageBody":"","fileTypesAndContributionMap":{"java":{"insertions":5,"deletions":3}}},{"hash":"c6403cc88903065567d59e2d8a90b1e6b373e6d7","messageTitle":"Add classes Todo, Deadline, Event","messageBody":"","tags":["Level-4"],"fileTypesAndContributionMap":{"java":{"insertions":60,"deletions":6}}},{"hash":"918502acccf0c913fcd13e7277f34d033fd64a49","messageTitle":"Add Text-UI-Testing","messageBody":"","tags":["A-TextUiTesting"],"fileTypesAndContributionMap":{"txt":{"insertions":10,"deletions":0},"java":{"insertions":3,"deletions":2},"bat":{"insertions":2,"deletions":0}}}]},{"date":"2022-08-27","commitResults":[{"hash":"08178a7c62c82e93e2c8167cca2eee21a9f7e629","messageTitle":"Refactor code","messageBody":"","tags":["A-CodeQuality"],"fileTypesAndContributionMap":{"java":{"insertions":82,"deletions":68}}}]},{"date":"2022-08-30","commitResults":[{"hash":"df9d154b6bf0c8e1fc981ac1657968c0c1b79c3f","messageTitle":"Add error handler but doesn\u0027t work","messageBody":"","fileTypesAndContributionMap":{"java":{"insertions":138,"deletions":52}}},{"hash":"5648ddc9424c6f55ac0848161686d0c334934752","messageTitle":"Add ignore .class","messageBody":"","fileTypesAndContributionMap":{"java":{"insertions":1,"deletions":1}}},{"hash":"b8c93173f43c963eaae2ededb74431ba92e7d178","messageTitle":"Add commandErrorHandler, showToUser, String const","messageBody":"","tags":["Level-5","A-Exceptions"],"fileTypesAndContributionMap":{"java":{"insertions":95,"deletions":54}}},{"hash":"1a60adce8c38e2089bc4caad732620dbb0940d73","messageTitle":"Arrange in packages","messageBody":"","tags":["A-Packages"],"fileTypesAndContributionMap":{"java":{"insertions":24,"deletions":29}}}]},{"date":"2022-09-04","commitResults":[{"hash":"a6199d034635d7fe460bfeb34ae84ec28a7a2195","messageTitle":"Add new changes from pull request comments","messageBody":"","fileTypesAndContributionMap":{"java":{"insertions":101,"deletions":83}}},{"hash":"f01a5f5178cb237ea93e9dcf2a70a06db3c1e802","messageTitle":"Add more Exception catch","messageBody":"","fileTypesAndContributionMap":{"java":{"insertions":4,"deletions":6}}}]},{"date":"2022-09-07","commitResults":[{"hash":"9a633471e7f4a1fe06344d5cf9b96800f33e38ce","messageTitle":"Change Task Array into Task ArrayList, add delete()","messageBody":"","fileTypesAndContributionMap":{"java":{"insertions":51,"deletions":26}}},{"hash":"5bf79b9e6dda979eeb1f49a23794fcbdd1a466fd","messageTitle":"Change constants","messageBody":"","fileTypesAndContributionMap":{"java":{"insertions":4,"deletions":11}}}]},{"date":"2022-09-08","commitResults":[{"hash":"8d051c109732a73baad75f870d84a48d3d606fe4","messageTitle":"Add file manipulation functionality","messageBody":"","fileTypesAndContributionMap":{"txt":{"insertions":2,"deletions":0},"java":{"insertions":126,"deletions":15}}},{"hash":"4bc6920dbcc7102321e4303ab34eea8dee34281c","messageTitle":"Add adjustment","messageBody":"","tags":["A-Collections"],"fileTypesAndContributionMap":{"java":{"insertions":3,"deletions":4}}}]},{"date":"2022-09-17","commitResults":[{"hash":"ef1bc2354125a67ce3ccb4f171f4279cad23a079","messageTitle":"Start to use more OOP","messageBody":"","fileTypesAndContributionMap":{"java":{"insertions":81,"deletions":4}}}]},{"date":"2022-09-18","commitResults":[{"hash":"efa417babb1969178c1ee02d8a2ac21659970619","messageTitle":"Compiler no Error","messageBody":"","fileTypesAndContributionMap":{"java":{"insertions":586,"deletions":357}}},{"hash":"e40d6a8368f614d146a6d890b2f777a1fdc6214d","messageTitle":"more OOP change","messageBody":"","fileTypesAndContributionMap":{"txt":{"insertions":4,"deletions":2},"java":{"insertions":169,"deletions":95}}},{"hash":"728e18c06e2d4653173422662af8a721841b4d36","messageTitle":"refactor into OOP","messageBody":"","tags":["A-MoreOOP"],"fileTypesAndContributionMap":{"txt":{"insertions":3,"deletions":4},"java":{"insertions":202,"deletions":108}}},{"hash":"d6c7672a16800434015ec1fd0fbd43a340a3e8e3","messageTitle":"add localdate","messageBody":"","fileTypesAndContributionMap":{"txt":{"insertions":0,"deletions":3},"java":{"insertions":108,"deletions":44}}},{"hash":"f9d78ea558f4d1f6cc624bd43db08188e3a0d866","messageTitle":"Add Date Command","messageBody":"","fileTypesAndContributionMap":{"txt":{"insertions":2,"deletions":0},"java":{"insertions":48,"deletions":25}}}]},{"date":"2022-09-19","commitResults":[{"hash":"336a21fc30fe690bb705f5fb472a5c6e47dd512b","messageTitle":"add find command","messageBody":"","fileTypesAndContributionMap":{"txt":{"insertions":3,"deletions":3},"java":{"insertions":44,"deletions":6}}},{"hash":"d14daccde13e27468d013b363f1eae186a9b400f","messageTitle":"v1.0.0","messageBody":"","tags":["v1.0.0"],"fileTypesAndContributionMap":{"txt":{"insertions":4,"deletions":1},"java":{"insertions":5,"deletions":4}}}]}]},"authorFileTypeContributionMap":{"Than-Duc-Huy":{"java":1039,"md":0,"fxml":0,"sh":0,"bat":2,"gradle":0,"txt":14}},"authorContributionVariance":{"Than-Duc-Huy":81435.47},"authorDisplayNameMap":{"Than-Duc-Huy":"CS2113-T18-2 THAN.. HUY"}}
