{"authorDailyContributionsMap":{"Than-Duc-Huy":[{"date":"2022-08-24","commitResults":[{"hash":"a68f5f98b5c27170598558f64354e5383182e1ad","messageTitle":"Add Greet","messageBody":"","tags":["Level-0"],"fileTypesAndContributionMap":{"java":{"insertions":7,"deletions":0}}},{"hash":"fb1195a55a83e3e969c1075e5395ed8d8163e2a0","messageTitle":"Add ask() and echo()","messageBody":"","tags":["Level-1"],"fileTypesAndContributionMap":{"java":{"insertions":36,"deletions":8}}},{"hash":"30f5b32d0ad0515541841a745ddf798560b3a423","messageTitle":"Add ask() adn echo()","messageBody":"","tags":["Level-2"],"fileTypesAndContributionMap":{"java":{"insertions":37,"deletions":8}}},{"hash":"c035a9b1b9136c04b8c6854c7f19c4427b51f345","messageTitle":"Add Task class and mark() method","messageBody":"","tags":["Level-3"],"fileTypesAndContributionMap":{"java":{"insertions":40,"deletions":17}}},{"hash":"1265d8b8bd3ea69b14390434abc0a0911c062a10","messageTitle":"Clean up code","messageBody":"","tags":["A-CodingStandard"],"fileTypesAndContributionMap":{"java":{"insertions":19,"deletions":17}}},{"hash":"a0f1592b8a75ce4bf2e22858e9734822472d1091","messageTitle":"Add printType() to class Task","messageBody":"","fileTypesAndContributionMap":{"java":{"insertions":5,"deletions":3}}},{"hash":"c6403cc88903065567d59e2d8a90b1e6b373e6d7","messageTitle":"Add classes Todo, Deadline, Event","messageBody":"","tags":["Level-4"],"fileTypesAndContributionMap":{"java":{"insertions":60,"deletions":6}}},{"hash":"918502acccf0c913fcd13e7277f34d033fd64a49","messageTitle":"Add Text-UI-Testing","messageBody":"","tags":["A-TextUiTesting"],"fileTypesAndContributionMap":{"txt":{"insertions":10,"deletions":0},"java":{"insertions":3,"deletions":2},"bat":{"insertions":2,"deletions":0}}}]},{"date":"2022-08-27","commitResults":[{"hash":"08178a7c62c82e93e2c8167cca2eee21a9f7e629","messageTitle":"Refactor code","messageBody":"","tags":["A-CodeQuality"],"fileTypesAndContributionMap":{"java":{"insertions":82,"deletions":68}}}]}]},"authorFileTypeContributionMap":{"Than-Duc-Huy":{"java":165,"md":0,"fxml":0,"sh":0,"bat":2,"gradle":0,"txt":10}},"authorContributionVariance":{"Than-Duc-Huy":5583.9844},"authorDisplayNameMap":{"Than-Duc-Huy":"THAN.. HUY"}}
