[{"path":"src/main/java/Duke.java","fileType":"java","lines":[{"lineNumber":1,"author":{"gitId":"ivanthengwr"},"content":"import java.util.Scanner;","lastModifiedDate":"2022-08-24"},{"lineNumber":2,"author":{"gitId":"ivanthengwr"},"content":"","lastModifiedDate":"2022-08-24"},{"lineNumber":3,"author":{"gitId":"-"},"content":"public class Duke {","lastModifiedDate":"2019-07-29"},{"lineNumber":4,"author":{"gitId":"-"},"content":"    public static void main(String[] args) {","lastModifiedDate":"2019-07-29"},{"lineNumber":5,"author":{"gitId":"ivanthengwr"},"content":"        String logo \u003d \"___________.__                ___.     \\n\"","lastModifiedDate":"2022-08-17"},{"lineNumber":6,"author":{"gitId":"ivanthengwr"},"content":"                + \"\\\\_   _____/|  | _____    _____|  |__  \\n\"","lastModifiedDate":"2022-08-17"},{"lineNumber":7,"author":{"gitId":"ivanthengwr"},"content":"                + \" |    __)  |  | \\\\__  \\\\  /  ___/  |  \\\\ \\n\"","lastModifiedDate":"2022-08-17"},{"lineNumber":8,"author":{"gitId":"ivanthengwr"},"content":"                + \" |     \\\\   |  |__/ __ \\\\_\\\\___ \\\\|   Y  \\\\\\n\"","lastModifiedDate":"2022-08-17"},{"lineNumber":9,"author":{"gitId":"ivanthengwr"},"content":"                + \" \\\\___  /   |____(____  /____  \u003e___|  /\\n\"","lastModifiedDate":"2022-08-17"},{"lineNumber":10,"author":{"gitId":"ivanthengwr"},"content":"                + \"     \\\\/              \\\\/     \\\\/     \\\\/ \\n\";","lastModifiedDate":"2022-08-17"},{"lineNumber":11,"author":{"gitId":"-"},"content":"        System.out.println(\"Hello from\\n\" + logo);","lastModifiedDate":"2019-07-29"},{"lineNumber":12,"author":{"gitId":"ivanthengwr"},"content":"        String lineDivider \u003d \"____________________________________________________________\\n\";","lastModifiedDate":"2022-08-17"},{"lineNumber":13,"author":{"gitId":"ivanthengwr"},"content":"        System.out.println(\"\\t\" + lineDivider","lastModifiedDate":"2022-08-24"},{"lineNumber":14,"author":{"gitId":"ivanthengwr"},"content":"                + \"\\t Hello! I\u0027m Flash\\n\"","lastModifiedDate":"2022-08-24"},{"lineNumber":15,"author":{"gitId":"ivanthengwr"},"content":"                + \"\\t What can I do for you?\\n\"","lastModifiedDate":"2022-08-24"},{"lineNumber":16,"author":{"gitId":"ivanthengwr"},"content":"                + \"\\t\" + lineDivider);","lastModifiedDate":"2022-08-24"},{"lineNumber":17,"author":{"gitId":"ivanthengwr"},"content":"","lastModifiedDate":"2022-08-24"},{"lineNumber":18,"author":{"gitId":"ivanthengwr"},"content":"        String userInput;","lastModifiedDate":"2022-08-24"},{"lineNumber":19,"author":{"gitId":"ivanthengwr"},"content":"        Scanner in \u003d new Scanner(System.in);","lastModifiedDate":"2022-08-24"},{"lineNumber":20,"author":{"gitId":"ivanthengwr"},"content":"        do{","lastModifiedDate":"2022-08-24"},{"lineNumber":21,"author":{"gitId":"ivanthengwr"},"content":"            userInput \u003d in.nextLine();","lastModifiedDate":"2022-08-24"},{"lineNumber":22,"author":{"gitId":"ivanthengwr"},"content":"            System.out.print(\"\\t\" + lineDivider);","lastModifiedDate":"2022-08-24"},{"lineNumber":23,"author":{"gitId":"ivanthengwr"},"content":"            if(!userInput.equals(\"bye\")) {","lastModifiedDate":"2022-08-24"},{"lineNumber":24,"author":{"gitId":"ivanthengwr"},"content":"                System.out.println(\"\\t \" + userInput);","lastModifiedDate":"2022-08-24"},{"lineNumber":25,"author":{"gitId":"ivanthengwr"},"content":"            }","lastModifiedDate":"2022-08-24"},{"lineNumber":26,"author":{"gitId":"ivanthengwr"},"content":"            else{","lastModifiedDate":"2022-08-24"},{"lineNumber":27,"author":{"gitId":"ivanthengwr"},"content":"                System.out.println(\"\\t Bye. Hope to see you again soon!\");","lastModifiedDate":"2022-08-24"},{"lineNumber":28,"author":{"gitId":"ivanthengwr"},"content":"            }","lastModifiedDate":"2022-08-24"},{"lineNumber":29,"author":{"gitId":"ivanthengwr"},"content":"            System.out.println(\"\\t\" + lineDivider);","lastModifiedDate":"2022-08-24"},{"lineNumber":30,"author":{"gitId":"ivanthengwr"},"content":"        }","lastModifiedDate":"2022-08-24"},{"lineNumber":31,"author":{"gitId":"ivanthengwr"},"content":"        while(!userInput.equals(\"bye\"));","lastModifiedDate":"2022-08-24"},{"lineNumber":32,"author":{"gitId":"ivanthengwr"},"content":"","lastModifiedDate":"2022-08-24"},{"lineNumber":33,"author":{"gitId":"-"},"content":"    }","lastModifiedDate":"2019-07-29"},{"lineNumber":34,"author":{"gitId":"-"},"content":"}","lastModifiedDate":"2019-07-29"}],"authorContributionMap":{"-":5,"ivanthengwr":29}}]
