[{"path":"src/main/java/Duke.java","fileType":"java","lines":[{"lineNumber":1,"author":{"gitId":"ivanthengwr"},"content":"import java.util.Scanner;","lastModifiedDate":"2022-08-24"},{"lineNumber":2,"author":{"gitId":"ivanthengwr"},"content":"","lastModifiedDate":"2022-08-24"},{"lineNumber":3,"author":{"gitId":"-"},"content":"public class Duke {","lastModifiedDate":"2019-07-29"},{"lineNumber":4,"author":{"gitId":"ivanthengwr"},"content":"","lastModifiedDate":"2022-08-25"},{"lineNumber":5,"author":{"gitId":"ivanthengwr"},"content":"    /**","lastModifiedDate":"2022-08-25"},{"lineNumber":6,"author":{"gitId":"ivanthengwr"},"content":"     * Prints out a list of the tasks saved from the user inputs","lastModifiedDate":"2022-08-25"},{"lineNumber":7,"author":{"gitId":"ivanthengwr"},"content":"     *","lastModifiedDate":"2022-08-25"},{"lineNumber":8,"author":{"gitId":"ivanthengwr"},"content":"     * @param assignments variable that is created using the class Task","lastModifiedDate":"2022-08-25"},{"lineNumber":9,"author":{"gitId":"ivanthengwr"},"content":"     * @param indexTask index the Task array given by the variable assignment","lastModifiedDate":"2022-08-25"},{"lineNumber":10,"author":{"gitId":"ivanthengwr"},"content":"     */","lastModifiedDate":"2022-08-25"},{"lineNumber":11,"author":{"gitId":"ivanthengwr"},"content":"    public static void printList(Task[] assignments, int indexTask){","lastModifiedDate":"2022-08-25"},{"lineNumber":12,"author":{"gitId":"ivanthengwr"},"content":"        int numberOrder \u003d 1;","lastModifiedDate":"2022-08-25"},{"lineNumber":13,"author":{"gitId":"ivanthengwr"},"content":"        for(int i \u003d 0; i \u003c indexTask; i++) {","lastModifiedDate":"2022-08-25"},{"lineNumber":14,"author":{"gitId":"ivanthengwr"},"content":"            System.out.println(\"\\t \" + numberOrder + \".[\"","lastModifiedDate":"2022-08-25"},{"lineNumber":15,"author":{"gitId":"ivanthengwr"},"content":"                    + assignments[i].getStatusIcon() + \"] \"","lastModifiedDate":"2022-08-25"},{"lineNumber":16,"author":{"gitId":"ivanthengwr"},"content":"                    + assignments[i].description);","lastModifiedDate":"2022-08-25"},{"lineNumber":17,"author":{"gitId":"ivanthengwr"},"content":"            numberOrder++;","lastModifiedDate":"2022-08-25"},{"lineNumber":18,"author":{"gitId":"ivanthengwr"},"content":"        }","lastModifiedDate":"2022-08-25"},{"lineNumber":19,"author":{"gitId":"ivanthengwr"},"content":"    }","lastModifiedDate":"2022-08-25"},{"lineNumber":20,"author":{"gitId":"ivanthengwr"},"content":"","lastModifiedDate":"2022-08-25"},{"lineNumber":21,"author":{"gitId":"-"},"content":"    public static void main(String[] args) {","lastModifiedDate":"2019-07-29"},{"lineNumber":22,"author":{"gitId":"ivanthengwr"},"content":"        String logo \u003d \"___________.__                ___.     \\n\"","lastModifiedDate":"2022-08-17"},{"lineNumber":23,"author":{"gitId":"ivanthengwr"},"content":"                + \"\\\\_   _____/|  | _____    _____|  |__  \\n\"","lastModifiedDate":"2022-08-17"},{"lineNumber":24,"author":{"gitId":"ivanthengwr"},"content":"                + \" |    __)  |  | \\\\__  \\\\  /  ___/  |  \\\\ \\n\"","lastModifiedDate":"2022-08-17"},{"lineNumber":25,"author":{"gitId":"ivanthengwr"},"content":"                + \" |     \\\\   |  |__/ __ \\\\_\\\\___ \\\\|   Y  \\\\\\n\"","lastModifiedDate":"2022-08-17"},{"lineNumber":26,"author":{"gitId":"ivanthengwr"},"content":"                + \" \\\\___  /   |____(____  /____  \u003e___|  /\\n\"","lastModifiedDate":"2022-08-17"},{"lineNumber":27,"author":{"gitId":"ivanthengwr"},"content":"                + \"     \\\\/              \\\\/     \\\\/     \\\\/ \\n\";","lastModifiedDate":"2022-08-17"},{"lineNumber":28,"author":{"gitId":"-"},"content":"        System.out.println(\"Hello from\\n\" + logo);","lastModifiedDate":"2019-07-29"},{"lineNumber":29,"author":{"gitId":"ivanthengwr"},"content":"        String lineDivider \u003d \"____________________________________________________________\\n\";","lastModifiedDate":"2022-08-17"},{"lineNumber":30,"author":{"gitId":"ivanthengwr"},"content":"        System.out.println(\"\\t\" + lineDivider","lastModifiedDate":"2022-08-24"},{"lineNumber":31,"author":{"gitId":"ivanthengwr"},"content":"                + \"\\t Hello! I\u0027m Flash\\n\"","lastModifiedDate":"2022-08-24"},{"lineNumber":32,"author":{"gitId":"ivanthengwr"},"content":"                + \"\\t What can I do for you?\\n\"","lastModifiedDate":"2022-08-24"},{"lineNumber":33,"author":{"gitId":"ivanthengwr"},"content":"                + \"\\t\" + lineDivider);","lastModifiedDate":"2022-08-24"},{"lineNumber":34,"author":{"gitId":"ivanthengwr"},"content":"","lastModifiedDate":"2022-08-24"},{"lineNumber":35,"author":{"gitId":"ivanthengwr"},"content":"        String userInput;","lastModifiedDate":"2022-08-24"},{"lineNumber":36,"author":{"gitId":"ivanthengwr"},"content":"        Scanner in \u003d new Scanner(System.in);","lastModifiedDate":"2022-08-24"},{"lineNumber":37,"author":{"gitId":"ivanthengwr"},"content":"        Task[] assignments \u003d new Task[100];","lastModifiedDate":"2022-08-25"},{"lineNumber":38,"author":{"gitId":"ivanthengwr"},"content":"        int indexTask \u003d 0;","lastModifiedDate":"2022-08-25"},{"lineNumber":39,"author":{"gitId":"ivanthengwr"},"content":"","lastModifiedDate":"2022-08-25"},{"lineNumber":40,"author":{"gitId":"ivanthengwr"},"content":"        do {","lastModifiedDate":"2022-08-24"},{"lineNumber":41,"author":{"gitId":"ivanthengwr"},"content":"            //Enable user to enter text","lastModifiedDate":"2022-08-25"},{"lineNumber":42,"author":{"gitId":"ivanthengwr"},"content":"            userInput \u003d in.nextLine();","lastModifiedDate":"2022-08-24"},{"lineNumber":43,"author":{"gitId":"ivanthengwr"},"content":"            System.out.print(\"\\t\" + lineDivider);","lastModifiedDate":"2022-08-24"},{"lineNumber":44,"author":{"gitId":"ivanthengwr"},"content":"            String[] splitUserInput \u003d userInput.split(\" \");","lastModifiedDate":"2022-08-25"},{"lineNumber":45,"author":{"gitId":"ivanthengwr"},"content":"","lastModifiedDate":"2022-08-25"},{"lineNumber":46,"author":{"gitId":"ivanthengwr"},"content":"            if(!splitUserInput[0].equals(\"bye\")) {","lastModifiedDate":"2022-08-25"},{"lineNumber":47,"author":{"gitId":"ivanthengwr"},"content":"                if(!splitUserInput[0].equals(\"list\")","lastModifiedDate":"2022-08-25"},{"lineNumber":48,"author":{"gitId":"ivanthengwr"},"content":"                        \u0026\u0026 !splitUserInput[0].equals(\"mark\")","lastModifiedDate":"2022-08-25"},{"lineNumber":49,"author":{"gitId":"ivanthengwr"},"content":"                        \u0026\u0026 !splitUserInput[0].equals(\"unmark\")) {","lastModifiedDate":"2022-08-25"},{"lineNumber":50,"author":{"gitId":"ivanthengwr"},"content":"                    assignments[indexTask] \u003d new Task(userInput);","lastModifiedDate":"2022-08-25"},{"lineNumber":51,"author":{"gitId":"ivanthengwr"},"content":"                    System.out.println(\"\\t added: \" + assignments[indexTask].description);","lastModifiedDate":"2022-08-25"},{"lineNumber":52,"author":{"gitId":"ivanthengwr"},"content":"                    indexTask++;","lastModifiedDate":"2022-08-25"},{"lineNumber":53,"author":{"gitId":"ivanthengwr"},"content":"                } else if (splitUserInput[0].equals(\"list\")) {","lastModifiedDate":"2022-08-25"},{"lineNumber":54,"author":{"gitId":"ivanthengwr"},"content":"                    printList(assignments, indexTask);","lastModifiedDate":"2022-08-25"},{"lineNumber":55,"author":{"gitId":"ivanthengwr"},"content":"                } else if (splitUserInput[0].equals(\"mark\")) {","lastModifiedDate":"2022-08-25"},{"lineNumber":56,"author":{"gitId":"ivanthengwr"},"content":"                    int markIndex \u003d Integer.parseInt(splitUserInput[1]) - 1;","lastModifiedDate":"2022-08-25"},{"lineNumber":57,"author":{"gitId":"ivanthengwr"},"content":"                    //To handle a case where user tries to mark a task that has not been specified","lastModifiedDate":"2022-08-25"},{"lineNumber":58,"author":{"gitId":"ivanthengwr"},"content":"                    try {","lastModifiedDate":"2022-08-25"},{"lineNumber":59,"author":{"gitId":"ivanthengwr"},"content":"                        assignments[markIndex].markAsDone();","lastModifiedDate":"2022-08-25"},{"lineNumber":60,"author":{"gitId":"ivanthengwr"},"content":"                    } catch(NullPointerException e) {","lastModifiedDate":"2022-08-25"},{"lineNumber":61,"author":{"gitId":"ivanthengwr"},"content":"                        System.out.println(\"\\t You are trying to mark a task that has not been specified!\");","lastModifiedDate":"2022-08-25"},{"lineNumber":62,"author":{"gitId":"ivanthengwr"},"content":"                        System.out.println(\"\\t\" + lineDivider);","lastModifiedDate":"2022-08-25"},{"lineNumber":63,"author":{"gitId":"ivanthengwr"},"content":"                        continue;","lastModifiedDate":"2022-08-25"},{"lineNumber":64,"author":{"gitId":"ivanthengwr"},"content":"                    }","lastModifiedDate":"2022-08-25"},{"lineNumber":65,"author":{"gitId":"ivanthengwr"},"content":"","lastModifiedDate":"2022-08-25"},{"lineNumber":66,"author":{"gitId":"ivanthengwr"},"content":"                    System.out.println(\"\\t Awesome! I\u0027ve marked this task as done:\");","lastModifiedDate":"2022-08-25"},{"lineNumber":67,"author":{"gitId":"ivanthengwr"},"content":"                    System.out.println(\"\\t\\t [\" + assignments[markIndex].getStatusIcon()","lastModifiedDate":"2022-08-25"},{"lineNumber":68,"author":{"gitId":"ivanthengwr"},"content":"                            + \"] \" + assignments[markIndex].description);","lastModifiedDate":"2022-08-25"},{"lineNumber":69,"author":{"gitId":"ivanthengwr"},"content":"                } else {","lastModifiedDate":"2022-08-25"},{"lineNumber":70,"author":{"gitId":"ivanthengwr"},"content":"                    //If the splitUserInput[0] is equals to \"unmark\"","lastModifiedDate":"2022-08-25"},{"lineNumber":71,"author":{"gitId":"ivanthengwr"},"content":"                    int unmarkIndex \u003d Integer.parseInt(splitUserInput[1]) - 1;","lastModifiedDate":"2022-08-25"},{"lineNumber":72,"author":{"gitId":"ivanthengwr"},"content":"                    //To handle a case where user tries to unmark a task that has not been specified","lastModifiedDate":"2022-08-25"},{"lineNumber":73,"author":{"gitId":"ivanthengwr"},"content":"                    try {","lastModifiedDate":"2022-08-25"},{"lineNumber":74,"author":{"gitId":"ivanthengwr"},"content":"                        assignments[unmarkIndex].unmarkAsDone();","lastModifiedDate":"2022-08-25"},{"lineNumber":75,"author":{"gitId":"ivanthengwr"},"content":"                    } catch(NullPointerException e) {","lastModifiedDate":"2022-08-25"},{"lineNumber":76,"author":{"gitId":"ivanthengwr"},"content":"                        System.out.println(\"\\t You are trying to unmark a task that has not been specified!\");","lastModifiedDate":"2022-08-25"},{"lineNumber":77,"author":{"gitId":"ivanthengwr"},"content":"                        System.out.println(\"\\t\" + lineDivider);","lastModifiedDate":"2022-08-25"},{"lineNumber":78,"author":{"gitId":"ivanthengwr"},"content":"                        continue;","lastModifiedDate":"2022-08-25"},{"lineNumber":79,"author":{"gitId":"ivanthengwr"},"content":"                    }","lastModifiedDate":"2022-08-25"},{"lineNumber":80,"author":{"gitId":"ivanthengwr"},"content":"                    System.out.println(\"\\t Awesome! I\u0027ve marked this task as not done yet:\");","lastModifiedDate":"2022-08-25"},{"lineNumber":81,"author":{"gitId":"ivanthengwr"},"content":"                    System.out.println(\"\\t\\t [\" + assignments[unmarkIndex].getStatusIcon()","lastModifiedDate":"2022-08-25"},{"lineNumber":82,"author":{"gitId":"ivanthengwr"},"content":"                            + \"] \" + assignments[unmarkIndex].description);","lastModifiedDate":"2022-08-25"},{"lineNumber":83,"author":{"gitId":"ivanthengwr"},"content":"                }","lastModifiedDate":"2022-08-25"},{"lineNumber":84,"author":{"gitId":"ivanthengwr"},"content":"            } else {","lastModifiedDate":"2022-08-25"},{"lineNumber":85,"author":{"gitId":"ivanthengwr"},"content":"                System.out.println(\"\\t Bye. Hope to see you again soon!\");","lastModifiedDate":"2022-08-24"},{"lineNumber":86,"author":{"gitId":"ivanthengwr"},"content":"            }","lastModifiedDate":"2022-08-24"},{"lineNumber":87,"author":{"gitId":"ivanthengwr"},"content":"","lastModifiedDate":"2022-08-25"},{"lineNumber":88,"author":{"gitId":"ivanthengwr"},"content":"            System.out.println(\"\\t\" + lineDivider);","lastModifiedDate":"2022-08-24"},{"lineNumber":89,"author":{"gitId":"ivanthengwr"},"content":"        }","lastModifiedDate":"2022-08-24"},{"lineNumber":90,"author":{"gitId":"ivanthengwr"},"content":"        while(!userInput.equals(\"bye\"));","lastModifiedDate":"2022-08-24"},{"lineNumber":91,"author":{"gitId":"-"},"content":"    }","lastModifiedDate":"2019-07-29"},{"lineNumber":92,"author":{"gitId":"-"},"content":"}","lastModifiedDate":"2019-07-29"}],"authorContributionMap":{"-":5,"ivanthengwr":87}},{"path":"src/main/java/Task.java","fileType":"java","lines":[{"lineNumber":1,"author":{"gitId":"ivanthengwr"},"content":"public class Task {","lastModifiedDate":"2022-08-25"},{"lineNumber":2,"author":{"gitId":"ivanthengwr"},"content":"    /** Represent the individual task that the user input */","lastModifiedDate":"2022-08-25"},{"lineNumber":3,"author":{"gitId":"ivanthengwr"},"content":"    protected String description;","lastModifiedDate":"2022-08-25"},{"lineNumber":4,"author":{"gitId":"ivanthengwr"},"content":"    /** To check if the task is mark as done or not for each individual task */","lastModifiedDate":"2022-08-25"},{"lineNumber":5,"author":{"gitId":"ivanthengwr"},"content":"    protected boolean isDone;","lastModifiedDate":"2022-08-25"},{"lineNumber":6,"author":{"gitId":"ivanthengwr"},"content":"","lastModifiedDate":"2022-08-25"},{"lineNumber":7,"author":{"gitId":"ivanthengwr"},"content":"    public Task(String description) {","lastModifiedDate":"2022-08-25"},{"lineNumber":8,"author":{"gitId":"ivanthengwr"},"content":"        this.description \u003d description;","lastModifiedDate":"2022-08-25"},{"lineNumber":9,"author":{"gitId":"ivanthengwr"},"content":"        this.isDone \u003d false;","lastModifiedDate":"2022-08-25"},{"lineNumber":10,"author":{"gitId":"ivanthengwr"},"content":"    }","lastModifiedDate":"2022-08-25"},{"lineNumber":11,"author":{"gitId":"ivanthengwr"},"content":"","lastModifiedDate":"2022-08-25"},{"lineNumber":12,"author":{"gitId":"ivanthengwr"},"content":"    public String getStatusIcon() {","lastModifiedDate":"2022-08-25"},{"lineNumber":13,"author":{"gitId":"ivanthengwr"},"content":"        //mark done task with X","lastModifiedDate":"2022-08-25"},{"lineNumber":14,"author":{"gitId":"ivanthengwr"},"content":"        return (isDone ? \"X\" : \" \");","lastModifiedDate":"2022-08-25"},{"lineNumber":15,"author":{"gitId":"ivanthengwr"},"content":"    }","lastModifiedDate":"2022-08-25"},{"lineNumber":16,"author":{"gitId":"ivanthengwr"},"content":"","lastModifiedDate":"2022-08-25"},{"lineNumber":17,"author":{"gitId":"ivanthengwr"},"content":"    public void markAsDone() {","lastModifiedDate":"2022-08-25"},{"lineNumber":18,"author":{"gitId":"ivanthengwr"},"content":"        isDone \u003d true;","lastModifiedDate":"2022-08-25"},{"lineNumber":19,"author":{"gitId":"ivanthengwr"},"content":"    }","lastModifiedDate":"2022-08-25"},{"lineNumber":20,"author":{"gitId":"ivanthengwr"},"content":"","lastModifiedDate":"2022-08-25"},{"lineNumber":21,"author":{"gitId":"ivanthengwr"},"content":"    public void unmarkAsDone() {","lastModifiedDate":"2022-08-25"},{"lineNumber":22,"author":{"gitId":"ivanthengwr"},"content":"        isDone \u003d false;","lastModifiedDate":"2022-08-25"},{"lineNumber":23,"author":{"gitId":"ivanthengwr"},"content":"    }","lastModifiedDate":"2022-08-25"},{"lineNumber":24,"author":{"gitId":"ivanthengwr"},"content":"}","lastModifiedDate":"2022-08-25"}],"authorContributionMap":{"ivanthengwr":24}}]
