{"authorDailyContributionsMap":{"ivanthengwr":[{"date":"2022-08-17","commitResults":[{"hash":"f5748234188a6443f8c4af35079cdf0310405cce","messageTitle":"Add initial skeletal version of the Flash","messageBody":"","tags":["Level-0"],"fileTypesAndContributionMap":{"java":{"insertions":13,"deletions":5}}}]},{"date":"2022-08-24","commitResults":[{"hash":"58bfddf6f26237ebed33d7ce9cabb884116e6ccf","messageTitle":"Add Greet, Echo, Exit on skeletal of Flash","messageBody":"","tags":["Level-1"],"fileTypesAndContributionMap":{"java":{"insertions":22,"deletions":6}}}]},{"date":"2022-08-25","commitResults":[{"hash":"d80acc7be7aa6e083d03418ec96238e90afb08bd","messageTitle":"Add ability to store and list user input text","messageBody":"","tags":["Level-2"],"fileTypesAndContributionMap":{"java":{"insertions":45,"deletions":2}}},{"hash":"20035a6388c153a0fd842cd62e708657c10eab16","messageTitle":"Add Mark/Unmark as Done","messageBody":"","fileTypesAndContributionMap":{"java":{"insertions":50,"deletions":33}}},{"hash":"a99184562b37c687f5d648a90889c84fa04f40e8","messageTitle":"Add Task class to represent tasks","messageBody":"","tags":["Level-3"],"fileTypesAndContributionMap":{"java":{"insertions":22,"deletions":0}}},{"hash":"9a1db5d35c93ffbf526ba5a51b844c8fc88b0e82","messageTitle":"Update code to comply with coding standard","messageBody":"","fileTypesAndContributionMap":{"java":{"insertions":8,"deletions":5}}},{"hash":"60d116653aec544a7e3471b26ddea8afee98baf3","messageTitle":"Update code to comply with coding standard","messageBody":"","tags":["A-CodingStandard"],"fileTypesAndContributionMap":{"java":{"insertions":2,"deletions":5}}},{"hash":"cb17134d75e2c23f244cade6de82ea2db06e8d8c","messageTitle":"Update code to comply with coding standard","messageBody":"","fileTypesAndContributionMap":{"java":{"insertions":14,"deletions":14}}}]}]},"authorFileTypeContributionMap":{"ivanthengwr":{"java":111,"md":0,"fxml":0,"sh":0,"bat":0,"gradle":0,"txt":0}},"authorContributionVariance":{"ivanthengwr":2627.5308},"authorDisplayNameMap":{"ivanthengwr":"CS2113-T17-1 IVAN..RONG"}}
