{"authorDailyContributionsMap":{"sylviahe171":[{"date":"2022-08-26","commitResults":[{"hash":"1b303f3b62c9eadcf0e45dd6ecd3129b3b0f90f5","messageTitle":"Level-0","messageBody":"","fileTypesAndContributionMap":{"java":{"insertions":6,"deletions":6}}},{"hash":"928ecc7bcd9acf39712a6dad7dce7833a40d7008","messageTitle":"level_1","messageBody":"","tags":["Level-1"],"fileTypesAndContributionMap":{"java":{"insertions":13,"deletions":1}}},{"hash":"06d1050610ec7113aee07d587e35e40106bfb3e8","messageTitle":"Add, List","messageBody":"","tags":["Level-2"],"fileTypesAndContributionMap":{"java":{"insertions":18,"deletions":4}}},{"hash":"9e2ef7209d51533b41dc4d502d5d88a25e124d67","messageTitle":"Mark as Done","messageBody":"","tags":["Level-3"],"fileTypesAndContributionMap":{"java":{"insertions":25,"deletions":12}}},{"hash":"61c7e5a7388037069abc0d50489b1d439e1eb7af","messageTitle":"Follow the Coding Standard","messageBody":"","tags":["A-CodingStandard"],"fileTypesAndContributionMap":{"java":{"insertions":1,"deletions":0}}}]},{"date":"2022-09-01","commitResults":[{"hash":"7ca2a905225f89d7df21f63ea4995b9cfb8e3602","messageTitle":"ToDo, Event, Deadline","messageBody":"","tags":["Level-4","A-TextUiTesting"],"fileTypesAndContributionMap":{"java":{"insertions":102,"deletions":15},"md":{"insertions":0,"deletions":2}}},{"hash":"3027e3ca68c3fb64bea4a7385ee849d0002f8add","messageTitle":"Improve Code Quality","messageBody":"","tags":["A-CodeQuality"],"fileTypesAndContributionMap":{"java":{"insertions":12,"deletions":9}}},{"hash":"d90add66efe7554be24b6308c60ba9bc120c6689","messageTitle":"more refactor","messageBody":"","fileTypesAndContributionMap":{"java":{"insertions":20,"deletions":17}}}]},{"date":"2022-09-02","commitResults":[{"hash":"3ca2f97b922214234308e78533d0750e9aa2cbb2","messageTitle":"no message","messageBody":"","fileTypesAndContributionMap":{"txt":{"insertions":6,"deletions":0},"java":{"insertions":3,"deletions":3}}}]},{"date":"2022-09-06","commitResults":[{"hash":"ccf865f1579e85083114d4f43bb87af4f9695d13","messageTitle":"use switch statement","messageBody":"","fileTypesAndContributionMap":{"java":{"insertions":42,"deletions":24}}}]},{"date":"2022-09-09","commitResults":[{"hash":"1ab27180611adb46fd5f4770d6614c9e84176385","messageTitle":"error handle","messageBody":"","tags":["Level-5"],"fileTypesAndContributionMap":{"java":{"insertions":48,"deletions":31}}},{"hash":"057b9bd47184387a5c12c4c0f09f50c7183e6ca4","messageTitle":"packages","messageBody":"","tags":["v0.1","A-Packages"],"fileTypesAndContributionMap":{"java":{"insertions":15,"deletions":0}}}]}]},"authorFileTypeContributionMap":{"sylviahe171":{"java":188,"md":0,"fxml":0,"sh":0,"bat":0,"gradle":0,"txt":6}},"authorContributionVariance":{"sylviahe171":1570.2069},"authorDisplayNameMap":{"sylviahe171":"CS2113-F11-2 HE J..NWEN"}}
