[{"path":"src/main/java/Duke.java","fileType":"java","lines":[{"lineNumber":1,"author":{"gitId":"lcsroy"},"content":"import java.util.Scanner;","lastModifiedDate":"2022-08-30"},{"lineNumber":2,"author":{"gitId":"lcsroy"},"content":"import java.util.ArrayList;","lastModifiedDate":"2022-09-21"},{"lineNumber":3,"author":{"gitId":"-"},"content":"public class Duke {","lastModifiedDate":"2019-07-29"},{"lineNumber":4,"author":{"gitId":"lcsroy"},"content":"    static ArrayList\u003cTask\u003e tasklist \u003d new ArrayList\u003c\u003e();","lastModifiedDate":"2022-09-21"},{"lineNumber":5,"author":{"gitId":"lcsroy"},"content":"","lastModifiedDate":"2022-09-21"},{"lineNumber":6,"author":{"gitId":"lcsroy"},"content":"    public static void Echo(String input){","lastModifiedDate":"2022-09-21"},{"lineNumber":7,"author":{"gitId":"lcsroy"},"content":"        String[] inputArr \u003d input.split(\" \");","lastModifiedDate":"2022-09-21"},{"lineNumber":8,"author":{"gitId":"lcsroy"},"content":"        int taskno;","lastModifiedDate":"2022-09-21"},{"lineNumber":9,"author":{"gitId":"lcsroy"},"content":"        switch (inputArr[0]){","lastModifiedDate":"2022-09-21"},{"lineNumber":10,"author":{"gitId":"lcsroy"},"content":"            case (\"bye\"):","lastModifiedDate":"2022-09-21"},{"lineNumber":11,"author":{"gitId":"lcsroy"},"content":"                System.out.println(\"-------------------------------------------------------------------------------\");","lastModifiedDate":"2022-09-21"},{"lineNumber":12,"author":{"gitId":"lcsroy"},"content":"                System.out.println(\"Bye. Hope to see you again soon\");","lastModifiedDate":"2022-09-21"},{"lineNumber":13,"author":{"gitId":"lcsroy"},"content":"                System.out.println(\"-------------------------------------------------------------------------------\");","lastModifiedDate":"2022-09-21"},{"lineNumber":14,"author":{"gitId":"lcsroy"},"content":"                break;","lastModifiedDate":"2022-09-21"},{"lineNumber":15,"author":{"gitId":"lcsroy"},"content":"            case (\"list\"):","lastModifiedDate":"2022-09-21"},{"lineNumber":16,"author":{"gitId":"lcsroy"},"content":"                System.out.println(\"-------------------------------------------------------------------------------\");","lastModifiedDate":"2022-09-21"},{"lineNumber":17,"author":{"gitId":"lcsroy"},"content":"                int i \u003d 1;","lastModifiedDate":"2022-09-21"},{"lineNumber":18,"author":{"gitId":"lcsroy"},"content":"                for (Task task: tasklist){","lastModifiedDate":"2022-09-21"},{"lineNumber":19,"author":{"gitId":"lcsroy"},"content":"                    System.out.println(i + \".[\" + task.getStatusIcon() + \"] \" + task.description);","lastModifiedDate":"2022-09-21"},{"lineNumber":20,"author":{"gitId":"lcsroy"},"content":"                    i++;","lastModifiedDate":"2022-09-21"},{"lineNumber":21,"author":{"gitId":"lcsroy"},"content":"                }","lastModifiedDate":"2022-09-21"},{"lineNumber":22,"author":{"gitId":"lcsroy"},"content":"                System.out.println(\"-------------------------------------------------------------------------------\");","lastModifiedDate":"2022-09-21"},{"lineNumber":23,"author":{"gitId":"lcsroy"},"content":"                break;","lastModifiedDate":"2022-09-21"},{"lineNumber":24,"author":{"gitId":"lcsroy"},"content":"            case (\"mark\"):","lastModifiedDate":"2022-09-21"},{"lineNumber":25,"author":{"gitId":"lcsroy"},"content":"                taskno \u003d Integer.parseInt(inputArr[1]);","lastModifiedDate":"2022-09-21"},{"lineNumber":26,"author":{"gitId":"lcsroy"},"content":"                Task marktask \u003d tasklist.get(taskno - 1);","lastModifiedDate":"2022-09-21"},{"lineNumber":27,"author":{"gitId":"lcsroy"},"content":"                marktask.setisDone(true);","lastModifiedDate":"2022-09-21"},{"lineNumber":28,"author":{"gitId":"lcsroy"},"content":"                System.out.println(\"-------------------------------------------------------------------------------\");","lastModifiedDate":"2022-09-21"},{"lineNumber":29,"author":{"gitId":"lcsroy"},"content":"                System.out.println(\"Nice! I\u0027ve marked this task as done:\");","lastModifiedDate":"2022-09-21"},{"lineNumber":30,"author":{"gitId":"lcsroy"},"content":"                System.out.println(\"[\" + marktask.getStatusIcon() + \"] \" + marktask.description);","lastModifiedDate":"2022-09-21"},{"lineNumber":31,"author":{"gitId":"lcsroy"},"content":"                System.out.println(\"-------------------------------------------------------------------------------\");","lastModifiedDate":"2022-09-21"},{"lineNumber":32,"author":{"gitId":"lcsroy"},"content":"                break;","lastModifiedDate":"2022-09-21"},{"lineNumber":33,"author":{"gitId":"lcsroy"},"content":"            case (\"unmark\"):","lastModifiedDate":"2022-09-21"},{"lineNumber":34,"author":{"gitId":"lcsroy"},"content":"                taskno \u003d Integer.parseInt(inputArr[1]);","lastModifiedDate":"2022-09-21"},{"lineNumber":35,"author":{"gitId":"lcsroy"},"content":"                Task unmarktask \u003d tasklist.get(taskno - 1);","lastModifiedDate":"2022-09-21"},{"lineNumber":36,"author":{"gitId":"lcsroy"},"content":"                unmarktask.setisDone(false);","lastModifiedDate":"2022-09-21"},{"lineNumber":37,"author":{"gitId":"lcsroy"},"content":"                System.out.println(\"-------------------------------------------------------------------------------\");","lastModifiedDate":"2022-09-21"},{"lineNumber":38,"author":{"gitId":"lcsroy"},"content":"                System.out.println(\"OK, I\u0027ve marked this task as not done yet:\");","lastModifiedDate":"2022-09-21"},{"lineNumber":39,"author":{"gitId":"lcsroy"},"content":"                System.out.println(\"[\" + unmarktask.getStatusIcon() + \"] \" + unmarktask.description);","lastModifiedDate":"2022-09-21"},{"lineNumber":40,"author":{"gitId":"lcsroy"},"content":"                System.out.println(\"-------------------------------------------------------------------------------\");","lastModifiedDate":"2022-09-21"},{"lineNumber":41,"author":{"gitId":"lcsroy"},"content":"","lastModifiedDate":"2022-09-21"},{"lineNumber":42,"author":{"gitId":"lcsroy"},"content":"            default:","lastModifiedDate":"2022-09-21"},{"lineNumber":43,"author":{"gitId":"lcsroy"},"content":"                if (input.contains(\"unmark\")){","lastModifiedDate":"2022-09-21"},{"lineNumber":44,"author":{"gitId":"lcsroy"},"content":"                    break;","lastModifiedDate":"2022-09-21"},{"lineNumber":45,"author":{"gitId":"lcsroy"},"content":"                }else {","lastModifiedDate":"2022-09-21"},{"lineNumber":46,"author":{"gitId":"lcsroy"},"content":"                    Task task \u003d new Task(input);","lastModifiedDate":"2022-09-21"},{"lineNumber":47,"author":{"gitId":"lcsroy"},"content":"                    tasklist.add(task);","lastModifiedDate":"2022-09-21"},{"lineNumber":48,"author":{"gitId":"lcsroy"},"content":"                    System.out.println(\"-------------------------------------------------------------------------------\");","lastModifiedDate":"2022-09-21"},{"lineNumber":49,"author":{"gitId":"lcsroy"},"content":"                    System.out.println(\"added: \" + input);","lastModifiedDate":"2022-09-21"},{"lineNumber":50,"author":{"gitId":"lcsroy"},"content":"                    System.out.println(\"-------------------------------------------------------------------------------\");","lastModifiedDate":"2022-09-21"},{"lineNumber":51,"author":{"gitId":"lcsroy"},"content":"                    break;","lastModifiedDate":"2022-09-21"},{"lineNumber":52,"author":{"gitId":"lcsroy"},"content":"                }","lastModifiedDate":"2022-09-21"},{"lineNumber":53,"author":{"gitId":"lcsroy"},"content":"        }","lastModifiedDate":"2022-09-21"},{"lineNumber":54,"author":{"gitId":"lcsroy"},"content":"    }","lastModifiedDate":"2022-09-21"},{"lineNumber":55,"author":{"gitId":"lcsroy"},"content":"","lastModifiedDate":"2022-09-21"},{"lineNumber":56,"author":{"gitId":"-"},"content":"    public static void main(String[] args) {","lastModifiedDate":"2019-07-29"},{"lineNumber":57,"author":{"gitId":"-"},"content":"        String logo \u003d \" ____        _        \\n\"","lastModifiedDate":"2019-07-29"},{"lineNumber":58,"author":{"gitId":"-"},"content":"                + \"|  _ \\\\ _   _| | _____ \\n\"","lastModifiedDate":"2019-07-29"},{"lineNumber":59,"author":{"gitId":"-"},"content":"                + \"| | | | | | | |/ / _ \\\\\\n\"","lastModifiedDate":"2019-07-29"},{"lineNumber":60,"author":{"gitId":"-"},"content":"                + \"| |_| | |_| |   \u003c  __/\\n\"","lastModifiedDate":"2019-07-29"},{"lineNumber":61,"author":{"gitId":"-"},"content":"                + \"|____/ \\\\__,_|_|\\\\_\\\\___|\\n\";","lastModifiedDate":"2019-07-29"},{"lineNumber":62,"author":{"gitId":"-"},"content":"        System.out.println(\"Hello from\\n\" + logo);","lastModifiedDate":"2019-07-29"},{"lineNumber":63,"author":{"gitId":"lcsroy"},"content":"","lastModifiedDate":"2022-08-30"},{"lineNumber":64,"author":{"gitId":"lcsroy"},"content":"        Scanner in \u003d new Scanner(System.in);","lastModifiedDate":"2022-08-30"},{"lineNumber":65,"author":{"gitId":"lcsroy"},"content":"        System.out.println(\"-------------------------------------------------------------------------------\");","lastModifiedDate":"2022-09-21"},{"lineNumber":66,"author":{"gitId":"lcsroy"},"content":"        System.out.println(\"Hello! I\u0027m Duke\");","lastModifiedDate":"2022-08-30"},{"lineNumber":67,"author":{"gitId":"lcsroy"},"content":"        System.out.println(\"What can i do for you?\");","lastModifiedDate":"2022-08-30"},{"lineNumber":68,"author":{"gitId":"lcsroy"},"content":"        System.out.println(\"-------------------------------------------------------------------------------\");","lastModifiedDate":"2022-09-21"},{"lineNumber":69,"author":{"gitId":"lcsroy"},"content":"","lastModifiedDate":"2022-09-21"},{"lineNumber":70,"author":{"gitId":"lcsroy"},"content":"        String input \u003d new String(\"\");","lastModifiedDate":"2022-09-21"},{"lineNumber":71,"author":{"gitId":"lcsroy"},"content":"","lastModifiedDate":"2022-09-21"},{"lineNumber":72,"author":{"gitId":"lcsroy"},"content":"        while(input.contains(\"bye\") \u003d\u003d false){","lastModifiedDate":"2022-09-21"},{"lineNumber":73,"author":{"gitId":"lcsroy"},"content":"            input \u003d in.nextLine();","lastModifiedDate":"2022-09-21"},{"lineNumber":74,"author":{"gitId":"lcsroy"},"content":"            Echo(input);","lastModifiedDate":"2022-09-21"},{"lineNumber":75,"author":{"gitId":"lcsroy"},"content":"        }","lastModifiedDate":"2022-09-21"},{"lineNumber":76,"author":{"gitId":"lcsroy"},"content":"        //String[] List \u003d new String[100];","lastModifiedDate":"2022-09-21"},{"lineNumber":77,"author":{"gitId":"lcsroy"},"content":"//        int ListNo \u003d 0;","lastModifiedDate":"2022-09-21"},{"lineNumber":78,"author":{"gitId":"lcsroy"},"content":"//        do{","lastModifiedDate":"2022-09-21"},{"lineNumber":79,"author":{"gitId":"lcsroy"},"content":"//            line \u003d in.nextLine();","lastModifiedDate":"2022-09-21"},{"lineNumber":80,"author":{"gitId":"lcsroy"},"content":"//            if (line.equals(\"bye\")){","lastModifiedDate":"2022-09-21"},{"lineNumber":81,"author":{"gitId":"lcsroy"},"content":"//                break;","lastModifiedDate":"2022-09-21"},{"lineNumber":82,"author":{"gitId":"lcsroy"},"content":"//            }else if(line.compareTo(\"list\") !\u003d 0) {","lastModifiedDate":"2022-09-21"},{"lineNumber":83,"author":{"gitId":"lcsroy"},"content":"//                if(line.contains(\"mark\")){","lastModifiedDate":"2022-09-21"},{"lineNumber":84,"author":{"gitId":"lcsroy"},"content":"//                    int i \u003d line.indexOf(\" \") + 1;","lastModifiedDate":"2022-09-21"},{"lineNumber":85,"author":{"gitId":"lcsroy"},"content":"//                    Task t \u003d new Task(List[Integer.parseInt(line.substring(i))-1]);","lastModifiedDate":"2022-09-21"},{"lineNumber":86,"author":{"gitId":"lcsroy"},"content":"//                    t.markAsDone();","lastModifiedDate":"2022-09-21"},{"lineNumber":87,"author":{"gitId":"lcsroy"},"content":"//                    System.out.println(\"Nice! I\u0027ve marked this task as done:\");","lastModifiedDate":"2022-09-21"},{"lineNumber":88,"author":{"gitId":"lcsroy"},"content":"//                    System.out.println(\"[\" + t.getStatusIcon() + \"] \" + List[Integer.parseInt(line.substring(i))-1]);","lastModifiedDate":"2022-09-21"},{"lineNumber":89,"author":{"gitId":"lcsroy"},"content":"//                } else if(line.contains(\"unmark\")) {","lastModifiedDate":"2022-09-21"},{"lineNumber":90,"author":{"gitId":"lcsroy"},"content":"//                    int i \u003d line.indexOf(\" \") + 1;","lastModifiedDate":"2022-09-21"},{"lineNumber":91,"author":{"gitId":"lcsroy"},"content":"//                    Task t \u003d new Task(List[Integer.parseInt(line.substring(i))-1]);","lastModifiedDate":"2022-09-21"},{"lineNumber":92,"author":{"gitId":"lcsroy"},"content":"//                    t.unmarkAsNotDone();","lastModifiedDate":"2022-09-21"},{"lineNumber":93,"author":{"gitId":"lcsroy"},"content":"//                    System.out.println(\"Ok, I\u0027ve marked this task as not done yet:\");","lastModifiedDate":"2022-09-21"},{"lineNumber":94,"author":{"gitId":"lcsroy"},"content":"//                    System.out.println(\"[\" + t.getStatusIcon() + \"] \" + List[Integer.parseInt(line.substring(i))-1]);","lastModifiedDate":"2022-09-21"},{"lineNumber":95,"author":{"gitId":"lcsroy"},"content":"//                } else {","lastModifiedDate":"2022-09-21"},{"lineNumber":96,"author":{"gitId":"lcsroy"},"content":"//                    System.out.println(\"added: \" + line);","lastModifiedDate":"2022-09-21"},{"lineNumber":97,"author":{"gitId":"lcsroy"},"content":"//                    List[ListNo] \u003d line;","lastModifiedDate":"2022-09-21"},{"lineNumber":98,"author":{"gitId":"lcsroy"},"content":"//                    ListNo++;","lastModifiedDate":"2022-09-21"},{"lineNumber":99,"author":{"gitId":"lcsroy"},"content":"//                }","lastModifiedDate":"2022-09-21"},{"lineNumber":100,"author":{"gitId":"lcsroy"},"content":"//            }else if(line.compareTo(\"list\") \u003d\u003d 0){","lastModifiedDate":"2022-09-21"},{"lineNumber":101,"author":{"gitId":"lcsroy"},"content":"//                for(int i \u003d 0; i \u003c ListNo; i++) {","lastModifiedDate":"2022-09-21"},{"lineNumber":102,"author":{"gitId":"lcsroy"},"content":"//                    Task t \u003d new Task(List[i]);","lastModifiedDate":"2022-09-21"},{"lineNumber":103,"author":{"gitId":"lcsroy"},"content":"//                    System.out.println((i+1) + \".[ \" + t.getStatusIcon() + \"] \" + List[i]);","lastModifiedDate":"2022-09-21"},{"lineNumber":104,"author":{"gitId":"lcsroy"},"content":"//                }","lastModifiedDate":"2022-09-21"},{"lineNumber":105,"author":{"gitId":"lcsroy"},"content":"//            }","lastModifiedDate":"2022-09-21"},{"lineNumber":106,"author":{"gitId":"lcsroy"},"content":"//        } while (line.compareTo(\"bye\") !\u003d 0);","lastModifiedDate":"2022-09-21"},{"lineNumber":107,"author":{"gitId":"lcsroy"},"content":"//        System.out.println(\"Bye. Hope to see you again soon!\");","lastModifiedDate":"2022-09-21"},{"lineNumber":108,"author":{"gitId":"-"},"content":"    }","lastModifiedDate":"2019-07-29"},{"lineNumber":109,"author":{"gitId":"-"},"content":"}","lastModifiedDate":"2019-07-29"}],"authorContributionMap":{"lcsroy":99,"-":10}},{"path":"src/main/java/Echo.java","fileType":"java","lines":[{"lineNumber":1,"author":{"gitId":"lcsroy"},"content":"public class Echo {","lastModifiedDate":"2022-09-21"},{"lineNumber":2,"author":{"gitId":"lcsroy"},"content":"","lastModifiedDate":"2022-09-21"},{"lineNumber":3,"author":{"gitId":"lcsroy"},"content":"    private String line;","lastModifiedDate":"2022-09-21"},{"lineNumber":4,"author":{"gitId":"lcsroy"},"content":"","lastModifiedDate":"2022-09-21"},{"lineNumber":5,"author":{"gitId":"lcsroy"},"content":"    public Echo(String line){","lastModifiedDate":"2022-09-21"},{"lineNumber":6,"author":{"gitId":"lcsroy"},"content":"        this.line \u003d line;","lastModifiedDate":"2022-09-21"},{"lineNumber":7,"author":{"gitId":"lcsroy"},"content":"    }","lastModifiedDate":"2022-09-21"},{"lineNumber":8,"author":{"gitId":"lcsroy"},"content":"","lastModifiedDate":"2022-09-21"},{"lineNumber":9,"author":{"gitId":"lcsroy"},"content":"    public String getEcho(){","lastModifiedDate":"2022-09-21"},{"lineNumber":10,"author":{"gitId":"lcsroy"},"content":"        return this.line;","lastModifiedDate":"2022-09-21"},{"lineNumber":11,"author":{"gitId":"lcsroy"},"content":"    }","lastModifiedDate":"2022-09-21"},{"lineNumber":12,"author":{"gitId":"lcsroy"},"content":"","lastModifiedDate":"2022-09-21"},{"lineNumber":13,"author":{"gitId":"lcsroy"},"content":"","lastModifiedDate":"2022-09-21"},{"lineNumber":14,"author":{"gitId":"lcsroy"},"content":"    public void EchoInput(){","lastModifiedDate":"2022-09-21"},{"lineNumber":15,"author":{"gitId":"lcsroy"},"content":"        String input \u003d this.line;","lastModifiedDate":"2022-09-21"},{"lineNumber":16,"author":{"gitId":"lcsroy"},"content":"        if(input.contains(\"bye\")){","lastModifiedDate":"2022-09-21"},{"lineNumber":17,"author":{"gitId":"lcsroy"},"content":"            System.out.println(\"-------------------------------------------------------------------------------\");","lastModifiedDate":"2022-09-21"},{"lineNumber":18,"author":{"gitId":"lcsroy"},"content":"            System.out.println(\"Bye. Hope to see you again soon\");","lastModifiedDate":"2022-09-21"},{"lineNumber":19,"author":{"gitId":"lcsroy"},"content":"            System.out.println(\"-------------------------------------------------------------------------------\");","lastModifiedDate":"2022-09-21"},{"lineNumber":20,"author":{"gitId":"lcsroy"},"content":"        }else{","lastModifiedDate":"2022-09-21"},{"lineNumber":21,"author":{"gitId":"lcsroy"},"content":"            System.out.println(\"-------------------------------------------------------------------------------\");","lastModifiedDate":"2022-09-21"},{"lineNumber":22,"author":{"gitId":"lcsroy"},"content":"            System.out.println(input);","lastModifiedDate":"2022-09-21"},{"lineNumber":23,"author":{"gitId":"lcsroy"},"content":"            System.out.println(\"-------------------------------------------------------------------------------\");","lastModifiedDate":"2022-09-21"},{"lineNumber":24,"author":{"gitId":"lcsroy"},"content":"        }","lastModifiedDate":"2022-09-21"},{"lineNumber":25,"author":{"gitId":"lcsroy"},"content":"    }","lastModifiedDate":"2022-09-21"},{"lineNumber":26,"author":{"gitId":"lcsroy"},"content":"}","lastModifiedDate":"2022-09-21"}],"authorContributionMap":{"lcsroy":26}},{"path":"src/main/java/Task.java","fileType":"java","lines":[{"lineNumber":1,"author":{"gitId":"lcsroy"},"content":"public class Task {","lastModifiedDate":"2022-08-30"},{"lineNumber":2,"author":{"gitId":"lcsroy"},"content":"    protected String description;","lastModifiedDate":"2022-08-30"},{"lineNumber":3,"author":{"gitId":"lcsroy"},"content":"    protected boolean isDone;","lastModifiedDate":"2022-08-30"},{"lineNumber":4,"author":{"gitId":"lcsroy"},"content":"","lastModifiedDate":"2022-08-30"},{"lineNumber":5,"author":{"gitId":"lcsroy"},"content":"    public Task(String description) {","lastModifiedDate":"2022-08-30"},{"lineNumber":6,"author":{"gitId":"lcsroy"},"content":"        this.description \u003d description;","lastModifiedDate":"2022-08-30"},{"lineNumber":7,"author":{"gitId":"lcsroy"},"content":"        this.isDone \u003d false;","lastModifiedDate":"2022-08-30"},{"lineNumber":8,"author":{"gitId":"lcsroy"},"content":"    }","lastModifiedDate":"2022-08-30"},{"lineNumber":9,"author":{"gitId":"lcsroy"},"content":"","lastModifiedDate":"2022-08-30"},{"lineNumber":10,"author":{"gitId":"lcsroy"},"content":"    public String getStatusIcon() {","lastModifiedDate":"2022-08-30"},{"lineNumber":11,"author":{"gitId":"lcsroy"},"content":"        return (isDone ? \"X\" : \" \"); // mark done task with X","lastModifiedDate":"2022-09-21"},{"lineNumber":12,"author":{"gitId":"lcsroy"},"content":"    }","lastModifiedDate":"2022-08-30"},{"lineNumber":13,"author":{"gitId":"lcsroy"},"content":"","lastModifiedDate":"2022-08-30"},{"lineNumber":14,"author":{"gitId":"lcsroy"},"content":"    public void setisDone(boolean status){","lastModifiedDate":"2022-09-21"},{"lineNumber":15,"author":{"gitId":"lcsroy"},"content":"        this.isDone \u003d status;","lastModifiedDate":"2022-09-21"},{"lineNumber":16,"author":{"gitId":"lcsroy"},"content":"    }","lastModifiedDate":"2022-08-30"},{"lineNumber":17,"author":{"gitId":"lcsroy"},"content":"","lastModifiedDate":"2022-09-21"},{"lineNumber":18,"author":{"gitId":"lcsroy"},"content":"","lastModifiedDate":"2022-09-21"},{"lineNumber":19,"author":{"gitId":"lcsroy"},"content":"","lastModifiedDate":"2022-09-21"},{"lineNumber":20,"author":{"gitId":"lcsroy"},"content":"    //...","lastModifiedDate":"2022-09-21"},{"lineNumber":21,"author":{"gitId":"lcsroy"},"content":"}","lastModifiedDate":"2022-08-30"}],"authorContributionMap":{"lcsroy":21}}]
