[{"path":"README.md","fileType":"md","lines":[{"lineNumber":1,"author":{"gitId":"lcsroy"},"content":"# duke.Duke project template","lastModifiedDate":"2022-09-29"},{"lineNumber":2,"author":{"gitId":"-"},"content":"","lastModifiedDate":"2020-05-25"},{"lineNumber":3,"author":{"gitId":"-"},"content":"This is a project template for a greenfield Java project. It\u0027s named after the Java mascot _Duke_. Given below are instructions on how to use it.","lastModifiedDate":"2020-05-25"},{"lineNumber":4,"author":{"gitId":"-"},"content":"","lastModifiedDate":"2020-05-25"},{"lineNumber":5,"author":{"gitId":"-"},"content":"You will use this as a baseline for the individual project, as well as the team project later in the semester.","lastModifiedDate":"2022-08-09"},{"lineNumber":6,"author":{"gitId":"-"},"content":"","lastModifiedDate":"2022-08-09"},{"lineNumber":7,"author":{"gitId":"-"},"content":"## Setting up in Intellij","lastModifiedDate":"2020-05-25"},{"lineNumber":8,"author":{"gitId":"-"},"content":"","lastModifiedDate":"2020-05-25"},{"lineNumber":9,"author":{"gitId":"-"},"content":"Prerequisites: JDK 11, update Intellij to the most recent version.","lastModifiedDate":"2020-05-25"},{"lineNumber":10,"author":{"gitId":"-"},"content":"","lastModifiedDate":"2020-05-25"},{"lineNumber":11,"author":{"gitId":"-"},"content":"1. Open Intellij (if you are not in the welcome screen, click `File` \u003e `Close Project` to close the existing project first)","lastModifiedDate":"2021-01-17"},{"lineNumber":12,"author":{"gitId":"-"},"content":"1. Open the project into Intellij as follows:","lastModifiedDate":"2021-01-17"},{"lineNumber":13,"author":{"gitId":"-"},"content":"   1. Click `Open`.","lastModifiedDate":"2021-01-17"},{"lineNumber":14,"author":{"gitId":"-"},"content":"   1. Select the project directory, and click `OK`.","lastModifiedDate":"2021-01-17"},{"lineNumber":15,"author":{"gitId":"-"},"content":"   1. If there are any further prompts, accept the defaults.","lastModifiedDate":"2020-05-25"},{"lineNumber":16,"author":{"gitId":"-"},"content":"1. Configure the project to use **JDK 11** (not other versions) as explained in [here](https://www.jetbrains.com/help/idea/sdk.html#set-up-jdk).\u003cbr\u003e","lastModifiedDate":"2021-07-29"},{"lineNumber":17,"author":{"gitId":"-"},"content":"   In the same dialog, set the **Project language level** field to the `SDK default` option.","lastModifiedDate":"2021-07-29"},{"lineNumber":18,"author":{"gitId":"lcsroy"},"content":"3. After that, locate the `src/main/java/duke.Duke.java` file, right-click it, and choose `Run duke.Duke.main()` (if the code editor is showing compile errors, try restarting the IDE). If the setup is correct, you should see something like the below as the output:","lastModifiedDate":"2022-09-29"},{"lineNumber":19,"author":{"gitId":"-"},"content":"   ```","lastModifiedDate":"2020-05-25"},{"lineNumber":20,"author":{"gitId":"-"},"content":"   Hello from","lastModifiedDate":"2020-05-25"},{"lineNumber":21,"author":{"gitId":"-"},"content":"    ____        _        ","lastModifiedDate":"2020-05-25"},{"lineNumber":22,"author":{"gitId":"-"},"content":"   |  _ \\ _   _| | _____ ","lastModifiedDate":"2020-05-25"},{"lineNumber":23,"author":{"gitId":"-"},"content":"   | | | | | | | |/ / _ \\","lastModifiedDate":"2020-05-25"},{"lineNumber":24,"author":{"gitId":"-"},"content":"   | |_| | |_| |   \u003c  __/","lastModifiedDate":"2020-05-25"},{"lineNumber":25,"author":{"gitId":"-"},"content":"   |____/ \\__,_|_|\\_\\___|","lastModifiedDate":"2020-05-25"},{"lineNumber":26,"author":{"gitId":"-"},"content":"   ```","lastModifiedDate":"2020-05-25"}],"authorContributionMap":{"lcsroy":2,"-":24}},{"path":"data/duke.txt","fileType":"txt","lines":[{"lineNumber":1,"author":{"gitId":"lcsroy"},"content":"[T][ ] read book","lastModifiedDate":"2022-09-30"},{"lineNumber":2,"author":{"gitId":"lcsroy"},"content":"[D][X] return book /by saturday","lastModifiedDate":"2022-09-30"},{"lineNumber":3,"author":{"gitId":"lcsroy"},"content":"[E][ ] project meeting /at friday 2-4pm","lastModifiedDate":"2022-09-30"}],"authorContributionMap":{"lcsroy":3}},{"path":"src/main/java/duke/Duke.java","fileType":"java","lines":[{"lineNumber":1,"author":{"gitId":"lcsroy"},"content":"package duke;","lastModifiedDate":"2022-09-29"},{"lineNumber":2,"author":{"gitId":"lcsroy"},"content":"","lastModifiedDate":"2022-09-30"},{"lineNumber":3,"author":{"gitId":"lcsroy"},"content":"","lastModifiedDate":"2022-09-30"},{"lineNumber":4,"author":{"gitId":"lcsroy"},"content":"import duke.data.Storage;","lastModifiedDate":"2022-09-29"},{"lineNumber":5,"author":{"gitId":"lcsroy"},"content":"import duke.exceptions.FileNotFoundException;","lastModifiedDate":"2022-09-30"},{"lineNumber":6,"author":{"gitId":"lcsroy"},"content":"import duke.ui.Ui;","lastModifiedDate":"2022-09-30"},{"lineNumber":7,"author":{"gitId":"lcsroy"},"content":"import duke.parser.Parser;","lastModifiedDate":"2022-09-30"},{"lineNumber":8,"author":{"gitId":"lcsroy"},"content":"import duke.tasklist.Tasklist;","lastModifiedDate":"2022-09-30"},{"lineNumber":9,"author":{"gitId":"lcsroy"},"content":"import duke.command.Command;","lastModifiedDate":"2022-09-30"},{"lineNumber":10,"author":{"gitId":"lcsroy"},"content":"import duke.exceptions.InvalidCommandException;","lastModifiedDate":"2022-09-30"},{"lineNumber":11,"author":{"gitId":"lcsroy"},"content":"import duke.exceptions.MissingArgumentException;","lastModifiedDate":"2022-09-30"},{"lineNumber":12,"author":{"gitId":"lcsroy"},"content":"import java.io.IOException;","lastModifiedDate":"2022-09-29"},{"lineNumber":13,"author":{"gitId":"lcsroy"},"content":"","lastModifiedDate":"2022-09-29"},{"lineNumber":14,"author":{"gitId":"lcsroy"},"content":"import java.util.Scanner;","lastModifiedDate":"2022-08-30"},{"lineNumber":15,"author":{"gitId":"lcsroy"},"content":"import java.util.ArrayList;","lastModifiedDate":"2022-09-21"},{"lineNumber":16,"author":{"gitId":"-"},"content":"public class Duke {","lastModifiedDate":"2019-07-29"},{"lineNumber":17,"author":{"gitId":"lcsroy"},"content":"","lastModifiedDate":"2022-09-21"},{"lineNumber":18,"author":{"gitId":"lcsroy"},"content":"    private final Ui ui;","lastModifiedDate":"2022-09-30"},{"lineNumber":19,"author":{"gitId":"lcsroy"},"content":"    private final Tasklist tasks;","lastModifiedDate":"2022-09-30"},{"lineNumber":20,"author":{"gitId":"lcsroy"},"content":"    private final Storage storage;","lastModifiedDate":"2022-09-30"},{"lineNumber":21,"author":{"gitId":"lcsroy"},"content":"    private final Parser parser;","lastModifiedDate":"2022-09-30"},{"lineNumber":22,"author":{"gitId":"lcsroy"},"content":"","lastModifiedDate":"2022-09-22"},{"lineNumber":23,"author":{"gitId":"lcsroy"},"content":"    public Duke() {","lastModifiedDate":"2022-09-30"},{"lineNumber":24,"author":{"gitId":"lcsroy"},"content":"        ui \u003d new Ui();","lastModifiedDate":"2022-09-30"},{"lineNumber":25,"author":{"gitId":"lcsroy"},"content":"        storage \u003d new Storage();","lastModifiedDate":"2022-09-30"},{"lineNumber":26,"author":{"gitId":"lcsroy"},"content":"        parser \u003d new Parser();","lastModifiedDate":"2022-09-30"},{"lineNumber":27,"author":{"gitId":"lcsroy"},"content":"        tasks \u003d storage.loadTask();","lastModifiedDate":"2022-09-30"},{"lineNumber":28,"author":{"gitId":"lcsroy"},"content":"","lastModifiedDate":"2022-09-22"},{"lineNumber":29,"author":{"gitId":"lcsroy"},"content":"    }","lastModifiedDate":"2022-09-22"},{"lineNumber":30,"author":{"gitId":"lcsroy"},"content":"","lastModifiedDate":"2022-09-30"},{"lineNumber":31,"author":{"gitId":"lcsroy"},"content":"    public void run() {","lastModifiedDate":"2022-09-30"},{"lineNumber":32,"author":{"gitId":"lcsroy"},"content":"        ui.start();","lastModifiedDate":"2022-09-30"},{"lineNumber":33,"author":{"gitId":"lcsroy"},"content":"        boolean isExit \u003d false;","lastModifiedDate":"2022-09-30"},{"lineNumber":34,"author":{"gitId":"lcsroy"},"content":"        while (!isExit) {","lastModifiedDate":"2022-09-30"},{"lineNumber":35,"author":{"gitId":"lcsroy"},"content":"            try {","lastModifiedDate":"2022-09-22"},{"lineNumber":36,"author":{"gitId":"lcsroy"},"content":"                String fullCommand \u003d ui.readCommand();","lastModifiedDate":"2022-09-30"},{"lineNumber":37,"author":{"gitId":"lcsroy"},"content":"                Command c \u003d parser.parse(fullCommand);","lastModifiedDate":"2022-09-30"},{"lineNumber":38,"author":{"gitId":"lcsroy"},"content":"                c.execute(tasks, ui, storage);","lastModifiedDate":"2022-09-30"},{"lineNumber":39,"author":{"gitId":"lcsroy"},"content":"                isExit \u003d c.isExit();","lastModifiedDate":"2022-09-30"},{"lineNumber":40,"author":{"gitId":"lcsroy"},"content":"            } catch (ArrayIndexOutOfBoundsException e) {","lastModifiedDate":"2022-09-30"},{"lineNumber":41,"author":{"gitId":"lcsroy"},"content":"                System.out.println(\"Wrong argument. Please type again.\");","lastModifiedDate":"2022-09-30"},{"lineNumber":42,"author":{"gitId":"lcsroy"},"content":"            } catch (InvalidCommandException e) {","lastModifiedDate":"2022-09-22"},{"lineNumber":43,"author":{"gitId":"lcsroy"},"content":"                Ui.showError(e.getMessage());","lastModifiedDate":"2022-09-30"},{"lineNumber":44,"author":{"gitId":"lcsroy"},"content":"            }","lastModifiedDate":"2022-09-22"},{"lineNumber":45,"author":{"gitId":"lcsroy"},"content":"        }","lastModifiedDate":"2022-09-21"},{"lineNumber":46,"author":{"gitId":"lcsroy"},"content":"        ui.end();","lastModifiedDate":"2022-09-30"},{"lineNumber":47,"author":{"gitId":"lcsroy"},"content":"    }","lastModifiedDate":"2022-09-21"},{"lineNumber":48,"author":{"gitId":"lcsroy"},"content":"","lastModifiedDate":"2022-09-21"},{"lineNumber":49,"author":{"gitId":"lcsroy"},"content":"","lastModifiedDate":"2022-09-22"},{"lineNumber":50,"author":{"gitId":"lcsroy"},"content":"","lastModifiedDate":"2022-09-22"},{"lineNumber":51,"author":{"gitId":"lcsroy"},"content":"    public static void main(String[] args) throws IOException {","lastModifiedDate":"2022-09-29"},{"lineNumber":52,"author":{"gitId":"lcsroy"},"content":"        new Duke().run();","lastModifiedDate":"2022-09-30"},{"lineNumber":53,"author":{"gitId":"lcsroy"},"content":"","lastModifiedDate":"2022-09-22"},{"lineNumber":54,"author":{"gitId":"-"},"content":"    }","lastModifiedDate":"2019-07-29"},{"lineNumber":55,"author":{"gitId":"-"},"content":"}","lastModifiedDate":"2019-07-29"}],"authorContributionMap":{"lcsroy":52,"-":3}},{"path":"src/main/java/duke/command/Command.java","fileType":"java","lines":[{"lineNumber":1,"author":{"gitId":"lcsroy"},"content":"package duke.command;","lastModifiedDate":"2022-09-30"},{"lineNumber":2,"author":{"gitId":"lcsroy"},"content":"","lastModifiedDate":"2022-09-30"},{"lineNumber":3,"author":{"gitId":"lcsroy"},"content":"import duke.exceptions.InvalidCommandException;","lastModifiedDate":"2022-09-30"},{"lineNumber":4,"author":{"gitId":"lcsroy"},"content":"import duke.exceptions.MissingArgumentException;","lastModifiedDate":"2022-09-30"},{"lineNumber":5,"author":{"gitId":"lcsroy"},"content":"import duke.tasklist.Tasklist;","lastModifiedDate":"2022-09-30"},{"lineNumber":6,"author":{"gitId":"lcsroy"},"content":"import duke.ui.Ui;","lastModifiedDate":"2022-09-30"},{"lineNumber":7,"author":{"gitId":"lcsroy"},"content":"import duke.data.Storage;","lastModifiedDate":"2022-09-30"},{"lineNumber":8,"author":{"gitId":"lcsroy"},"content":"import duke.parser.Parser;","lastModifiedDate":"2022-09-30"},{"lineNumber":9,"author":{"gitId":"lcsroy"},"content":"","lastModifiedDate":"2022-09-30"},{"lineNumber":10,"author":{"gitId":"lcsroy"},"content":"public class Command {","lastModifiedDate":"2022-09-30"},{"lineNumber":11,"author":{"gitId":"lcsroy"},"content":"    private static final String COMMAND_MARK \u003d \"mark\";","lastModifiedDate":"2022-09-30"},{"lineNumber":12,"author":{"gitId":"lcsroy"},"content":"    private static final String COMMAND_UNMARK \u003d \"unmark\";","lastModifiedDate":"2022-09-30"},{"lineNumber":13,"author":{"gitId":"lcsroy"},"content":"    private static final String COMMAND_BYE \u003d \"bye\";","lastModifiedDate":"2022-09-30"},{"lineNumber":14,"author":{"gitId":"lcsroy"},"content":"    private static final String COMMAND_LIST \u003d \"list\";","lastModifiedDate":"2022-09-30"},{"lineNumber":15,"author":{"gitId":"lcsroy"},"content":"    private static final String COMMAND_TODO \u003d \"todo\";","lastModifiedDate":"2022-09-30"},{"lineNumber":16,"author":{"gitId":"lcsroy"},"content":"    private static final String COMMAND_DEADLINE \u003d \"deadline\";","lastModifiedDate":"2022-09-30"},{"lineNumber":17,"author":{"gitId":"lcsroy"},"content":"    private static final String COMMAND_EVENT \u003d \"event\";","lastModifiedDate":"2022-09-30"},{"lineNumber":18,"author":{"gitId":"lcsroy"},"content":"    private static final String COMMAND_DELETE \u003d \"delete\";","lastModifiedDate":"2022-09-30"},{"lineNumber":19,"author":{"gitId":"lcsroy"},"content":"    private static final String COMMAND_FIND \u003d \"find\";","lastModifiedDate":"2022-09-30"},{"lineNumber":20,"author":{"gitId":"lcsroy"},"content":"","lastModifiedDate":"2022-09-30"},{"lineNumber":21,"author":{"gitId":"lcsroy"},"content":"    private String command;","lastModifiedDate":"2022-09-30"},{"lineNumber":22,"author":{"gitId":"lcsroy"},"content":"    private String taskDescription;","lastModifiedDate":"2022-09-30"},{"lineNumber":23,"author":{"gitId":"lcsroy"},"content":"    private boolean isExit \u003d false;","lastModifiedDate":"2022-09-30"},{"lineNumber":24,"author":{"gitId":"lcsroy"},"content":"","lastModifiedDate":"2022-09-30"},{"lineNumber":25,"author":{"gitId":"lcsroy"},"content":"    public Command(String command, String taskDescription) {","lastModifiedDate":"2022-09-30"},{"lineNumber":26,"author":{"gitId":"lcsroy"},"content":"        this.command \u003d command;","lastModifiedDate":"2022-09-30"},{"lineNumber":27,"author":{"gitId":"lcsroy"},"content":"        this.taskDescription \u003d taskDescription;","lastModifiedDate":"2022-09-30"},{"lineNumber":28,"author":{"gitId":"lcsroy"},"content":"    }","lastModifiedDate":"2022-09-30"},{"lineNumber":29,"author":{"gitId":"lcsroy"},"content":"","lastModifiedDate":"2022-09-30"},{"lineNumber":30,"author":{"gitId":"lcsroy"},"content":"    public void execute(Tasklist tasks, Ui ui, Storage storage ) throws InvalidCommandException, MissingArgumentException {","lastModifiedDate":"2022-09-30"},{"lineNumber":31,"author":{"gitId":"lcsroy"},"content":"        try {","lastModifiedDate":"2022-09-30"},{"lineNumber":32,"author":{"gitId":"lcsroy"},"content":"            if (command.equalsIgnoreCase(COMMAND_BYE)) {","lastModifiedDate":"2022-09-30"},{"lineNumber":33,"author":{"gitId":"lcsroy"},"content":"                isExit \u003d true;","lastModifiedDate":"2022-09-30"},{"lineNumber":34,"author":{"gitId":"lcsroy"},"content":"            } else if (command.equalsIgnoreCase(COMMAND_LIST)) {","lastModifiedDate":"2022-09-30"},{"lineNumber":35,"author":{"gitId":"lcsroy"},"content":"                Ui.printList(tasks);","lastModifiedDate":"2022-09-30"},{"lineNumber":36,"author":{"gitId":"lcsroy"},"content":"            } else if (command.equalsIgnoreCase(COMMAND_MARK)) {","lastModifiedDate":"2022-09-30"},{"lineNumber":37,"author":{"gitId":"lcsroy"},"content":"                int task_no \u003d Parser.parseMark(taskDescription) - 1;","lastModifiedDate":"2022-09-30"},{"lineNumber":38,"author":{"gitId":"lcsroy"},"content":"                Tasklist.markTask(task_no);","lastModifiedDate":"2022-09-30"},{"lineNumber":39,"author":{"gitId":"lcsroy"},"content":"            } else if (command.equalsIgnoreCase(COMMAND_UNMARK)) {","lastModifiedDate":"2022-09-30"},{"lineNumber":40,"author":{"gitId":"lcsroy"},"content":"                int task_no \u003d Parser.parseUnmark(taskDescription) - 1;","lastModifiedDate":"2022-09-30"},{"lineNumber":41,"author":{"gitId":"lcsroy"},"content":"                Tasklist.UnmarkTask(task_no);","lastModifiedDate":"2022-09-30"},{"lineNumber":42,"author":{"gitId":"lcsroy"},"content":"            } else if (command.equalsIgnoreCase(COMMAND_TODO)) {","lastModifiedDate":"2022-09-30"},{"lineNumber":43,"author":{"gitId":"lcsroy"},"content":"                Tasklist.createTodo(taskDescription);","lastModifiedDate":"2022-09-30"},{"lineNumber":44,"author":{"gitId":"lcsroy"},"content":"            } else if (command.equalsIgnoreCase(COMMAND_DEADLINE)) {","lastModifiedDate":"2022-09-30"},{"lineNumber":45,"author":{"gitId":"lcsroy"},"content":"                String description \u003d Parser.parseDeadline(taskDescription);","lastModifiedDate":"2022-09-30"},{"lineNumber":46,"author":{"gitId":"lcsroy"},"content":"                String by \u003d Parser.parseDeadlineDate(taskDescription);","lastModifiedDate":"2022-09-30"},{"lineNumber":47,"author":{"gitId":"lcsroy"},"content":"                Tasklist.createDeadline(description, by);","lastModifiedDate":"2022-09-30"},{"lineNumber":48,"author":{"gitId":"lcsroy"},"content":"            } else if (command.equalsIgnoreCase(COMMAND_EVENT)) {","lastModifiedDate":"2022-09-30"},{"lineNumber":49,"author":{"gitId":"lcsroy"},"content":"                String description \u003d Parser.parseEvent(taskDescription);","lastModifiedDate":"2022-09-30"},{"lineNumber":50,"author":{"gitId":"lcsroy"},"content":"                String at \u003d Parser.parseEventDate(taskDescription);","lastModifiedDate":"2022-09-30"},{"lineNumber":51,"author":{"gitId":"lcsroy"},"content":"                Tasklist.createEvent(description, at);","lastModifiedDate":"2022-09-30"},{"lineNumber":52,"author":{"gitId":"lcsroy"},"content":"            } else if (command.equalsIgnoreCase(COMMAND_DELETE)) {","lastModifiedDate":"2022-09-30"},{"lineNumber":53,"author":{"gitId":"lcsroy"},"content":"                int task_no \u003d Parser.parseDelete(taskDescription) - 1;","lastModifiedDate":"2022-09-30"},{"lineNumber":54,"author":{"gitId":"lcsroy"},"content":"                Tasklist.deleteTask(task_no);","lastModifiedDate":"2022-09-30"},{"lineNumber":55,"author":{"gitId":"lcsroy"},"content":"            } else if (command.equalsIgnoreCase(COMMAND_FIND)) {","lastModifiedDate":"2022-09-30"},{"lineNumber":56,"author":{"gitId":"lcsroy"},"content":"                Tasklist.findTasks(taskDescription);","lastModifiedDate":"2022-09-30"},{"lineNumber":57,"author":{"gitId":"lcsroy"},"content":"            } else {","lastModifiedDate":"2022-09-30"},{"lineNumber":58,"author":{"gitId":"lcsroy"},"content":"                throw new InvalidCommandException();","lastModifiedDate":"2022-09-30"},{"lineNumber":59,"author":{"gitId":"lcsroy"},"content":"            }","lastModifiedDate":"2022-09-30"},{"lineNumber":60,"author":{"gitId":"lcsroy"},"content":"        } catch (InvalidCommandException e) {","lastModifiedDate":"2022-09-30"},{"lineNumber":61,"author":{"gitId":"lcsroy"},"content":"            Ui.showError(e.getMessage());","lastModifiedDate":"2022-09-30"},{"lineNumber":62,"author":{"gitId":"lcsroy"},"content":"        } catch (MissingArgumentException e) {","lastModifiedDate":"2022-09-30"},{"lineNumber":63,"author":{"gitId":"lcsroy"},"content":"            Ui.showError(e.getMessage());","lastModifiedDate":"2022-09-30"},{"lineNumber":64,"author":{"gitId":"lcsroy"},"content":"        }","lastModifiedDate":"2022-09-30"},{"lineNumber":65,"author":{"gitId":"lcsroy"},"content":"    }","lastModifiedDate":"2022-09-30"},{"lineNumber":66,"author":{"gitId":"lcsroy"},"content":"","lastModifiedDate":"2022-09-30"},{"lineNumber":67,"author":{"gitId":"lcsroy"},"content":"    public boolean isExit() {","lastModifiedDate":"2022-09-30"},{"lineNumber":68,"author":{"gitId":"lcsroy"},"content":"        return isExit;","lastModifiedDate":"2022-09-30"},{"lineNumber":69,"author":{"gitId":"lcsroy"},"content":"    }","lastModifiedDate":"2022-09-30"},{"lineNumber":70,"author":{"gitId":"lcsroy"},"content":"","lastModifiedDate":"2022-09-30"},{"lineNumber":71,"author":{"gitId":"lcsroy"},"content":"","lastModifiedDate":"2022-09-30"},{"lineNumber":72,"author":{"gitId":"lcsroy"},"content":"}","lastModifiedDate":"2022-09-30"}],"authorContributionMap":{"lcsroy":72}},{"path":"src/main/java/duke/data/Storage.java","fileType":"java","lines":[{"lineNumber":1,"author":{"gitId":"lcsroy"},"content":"package duke.data;","lastModifiedDate":"2022-09-29"},{"lineNumber":2,"author":{"gitId":"lcsroy"},"content":"","lastModifiedDate":"2022-09-29"},{"lineNumber":3,"author":{"gitId":"lcsroy"},"content":"import duke.task.Task;","lastModifiedDate":"2022-09-29"},{"lineNumber":4,"author":{"gitId":"lcsroy"},"content":"import duke.task.Todo;","lastModifiedDate":"2022-09-29"},{"lineNumber":5,"author":{"gitId":"lcsroy"},"content":"import duke.task.Deadlines;","lastModifiedDate":"2022-09-29"},{"lineNumber":6,"author":{"gitId":"lcsroy"},"content":"import duke.task.Events;","lastModifiedDate":"2022-09-29"},{"lineNumber":7,"author":{"gitId":"lcsroy"},"content":"import duke.Duke;","lastModifiedDate":"2022-09-29"},{"lineNumber":8,"author":{"gitId":"lcsroy"},"content":"import duke.tasklist.Tasklist;","lastModifiedDate":"2022-09-30"},{"lineNumber":9,"author":{"gitId":"lcsroy"},"content":"import duke.ui.Ui;","lastModifiedDate":"2022-09-30"},{"lineNumber":10,"author":{"gitId":"lcsroy"},"content":"","lastModifiedDate":"2022-09-29"},{"lineNumber":11,"author":{"gitId":"lcsroy"},"content":"import java.io.File;","lastModifiedDate":"2022-09-29"},{"lineNumber":12,"author":{"gitId":"lcsroy"},"content":"import java.io.FileNotFoundException;","lastModifiedDate":"2022-09-29"},{"lineNumber":13,"author":{"gitId":"lcsroy"},"content":"import java.io.FileWriter;","lastModifiedDate":"2022-09-29"},{"lineNumber":14,"author":{"gitId":"lcsroy"},"content":"","lastModifiedDate":"2022-09-29"},{"lineNumber":15,"author":{"gitId":"lcsroy"},"content":"import java.io.IOException;","lastModifiedDate":"2022-09-29"},{"lineNumber":16,"author":{"gitId":"lcsroy"},"content":"import java.lang.reflect.Array;","lastModifiedDate":"2022-09-30"},{"lineNumber":17,"author":{"gitId":"lcsroy"},"content":"import java.nio.file.Path;","lastModifiedDate":"2022-09-29"},{"lineNumber":18,"author":{"gitId":"lcsroy"},"content":"import java.nio.file.Paths;","lastModifiedDate":"2022-09-29"},{"lineNumber":19,"author":{"gitId":"lcsroy"},"content":"import java.nio.file.Files;","lastModifiedDate":"2022-09-29"},{"lineNumber":20,"author":{"gitId":"lcsroy"},"content":"import java.util.ArrayList;","lastModifiedDate":"2022-09-29"},{"lineNumber":21,"author":{"gitId":"lcsroy"},"content":"import java.util.Scanner;","lastModifiedDate":"2022-09-29"},{"lineNumber":22,"author":{"gitId":"lcsroy"},"content":"","lastModifiedDate":"2022-09-29"},{"lineNumber":23,"author":{"gitId":"lcsroy"},"content":"public class Storage {","lastModifiedDate":"2022-09-29"},{"lineNumber":24,"author":{"gitId":"lcsroy"},"content":"    private static final String FILE_DIRECTORY \u003d \"data\";","lastModifiedDate":"2022-09-29"},{"lineNumber":25,"author":{"gitId":"lcsroy"},"content":"    private static final String FILE_PATH \u003d \"data/duke.txt\";","lastModifiedDate":"2022-09-29"},{"lineNumber":26,"author":{"gitId":"lcsroy"},"content":"","lastModifiedDate":"2022-09-29"},{"lineNumber":27,"author":{"gitId":"lcsroy"},"content":"    public Storage() {","lastModifiedDate":"2022-09-30"},{"lineNumber":28,"author":{"gitId":"lcsroy"},"content":"","lastModifiedDate":"2022-09-30"},{"lineNumber":29,"author":{"gitId":"lcsroy"},"content":"    }","lastModifiedDate":"2022-09-30"},{"lineNumber":30,"author":{"gitId":"lcsroy"},"content":"","lastModifiedDate":"2022-09-30"},{"lineNumber":31,"author":{"gitId":"lcsroy"},"content":"    public static void saveTask(ArrayList\u003cTask\u003e Tasks) throws IOException {","lastModifiedDate":"2022-09-29"},{"lineNumber":32,"author":{"gitId":"lcsroy"},"content":"        Path fileDirectory \u003d Paths.get(FILE_DIRECTORY);","lastModifiedDate":"2022-09-29"},{"lineNumber":33,"author":{"gitId":"lcsroy"},"content":"","lastModifiedDate":"2022-09-29"},{"lineNumber":34,"author":{"gitId":"lcsroy"},"content":"        if (Files.notExists(fileDirectory)) {","lastModifiedDate":"2022-09-29"},{"lineNumber":35,"author":{"gitId":"lcsroy"},"content":"            Files.createFile(fileDirectory);","lastModifiedDate":"2022-09-29"},{"lineNumber":36,"author":{"gitId":"lcsroy"},"content":"        }","lastModifiedDate":"2022-09-29"},{"lineNumber":37,"author":{"gitId":"lcsroy"},"content":"","lastModifiedDate":"2022-09-29"},{"lineNumber":38,"author":{"gitId":"lcsroy"},"content":"        Path file \u003d Paths.get(FILE_PATH);","lastModifiedDate":"2022-09-29"},{"lineNumber":39,"author":{"gitId":"lcsroy"},"content":"","lastModifiedDate":"2022-09-29"},{"lineNumber":40,"author":{"gitId":"lcsroy"},"content":"        if (Files.notExists(file)) {","lastModifiedDate":"2022-09-29"},{"lineNumber":41,"author":{"gitId":"lcsroy"},"content":"            Files.createFile(file);","lastModifiedDate":"2022-09-29"},{"lineNumber":42,"author":{"gitId":"lcsroy"},"content":"        }","lastModifiedDate":"2022-09-29"},{"lineNumber":43,"author":{"gitId":"lcsroy"},"content":"        FileWriter writer \u003d new FileWriter(FILE_PATH);","lastModifiedDate":"2022-09-29"},{"lineNumber":44,"author":{"gitId":"lcsroy"},"content":"","lastModifiedDate":"2022-09-29"},{"lineNumber":45,"author":{"gitId":"lcsroy"},"content":"        for(Task task: Tasks) {","lastModifiedDate":"2022-09-29"},{"lineNumber":46,"author":{"gitId":"lcsroy"},"content":"            try {","lastModifiedDate":"2022-09-29"},{"lineNumber":47,"author":{"gitId":"lcsroy"},"content":"                writer.write(task.SaveAsString() + \"\\n\");","lastModifiedDate":"2022-09-29"},{"lineNumber":48,"author":{"gitId":"lcsroy"},"content":"            } catch(IOException e) {","lastModifiedDate":"2022-09-29"},{"lineNumber":49,"author":{"gitId":"lcsroy"},"content":"                System.out.println(\"file not found.\");","lastModifiedDate":"2022-09-29"},{"lineNumber":50,"author":{"gitId":"lcsroy"},"content":"            }","lastModifiedDate":"2022-09-29"},{"lineNumber":51,"author":{"gitId":"lcsroy"},"content":"        }","lastModifiedDate":"2022-09-29"},{"lineNumber":52,"author":{"gitId":"lcsroy"},"content":"        writer.close();","lastModifiedDate":"2022-09-29"},{"lineNumber":53,"author":{"gitId":"lcsroy"},"content":"    }","lastModifiedDate":"2022-09-29"},{"lineNumber":54,"author":{"gitId":"lcsroy"},"content":"","lastModifiedDate":"2022-09-29"},{"lineNumber":55,"author":{"gitId":"lcsroy"},"content":"    public Tasklist loadTask() {","lastModifiedDate":"2022-09-30"},{"lineNumber":56,"author":{"gitId":"lcsroy"},"content":"        ArrayList\u003cTask\u003e tasks \u003d new ArrayList\u003c\u003e();","lastModifiedDate":"2022-09-30"},{"lineNumber":57,"author":{"gitId":"lcsroy"},"content":"        try {","lastModifiedDate":"2022-09-29"},{"lineNumber":58,"author":{"gitId":"lcsroy"},"content":"            File file \u003d new File(FILE_PATH);","lastModifiedDate":"2022-09-29"},{"lineNumber":59,"author":{"gitId":"lcsroy"},"content":"            Scanner myReader \u003d new Scanner(file);","lastModifiedDate":"2022-09-29"},{"lineNumber":60,"author":{"gitId":"lcsroy"},"content":"            while (myReader.hasNextLine()) {","lastModifiedDate":"2022-09-29"},{"lineNumber":61,"author":{"gitId":"lcsroy"},"content":"                String data \u003d myReader.nextLine();","lastModifiedDate":"2022-09-29"},{"lineNumber":62,"author":{"gitId":"lcsroy"},"content":"                char action \u003d data.charAt(1);","lastModifiedDate":"2022-09-29"},{"lineNumber":63,"author":{"gitId":"lcsroy"},"content":"                String description \u003d data.substring(7);","lastModifiedDate":"2022-09-29"},{"lineNumber":64,"author":{"gitId":"lcsroy"},"content":"                switch (action) {","lastModifiedDate":"2022-09-29"},{"lineNumber":65,"author":{"gitId":"lcsroy"},"content":"                    case \u0027T\u0027:","lastModifiedDate":"2022-09-29"},{"lineNumber":66,"author":{"gitId":"lcsroy"},"content":"                        Todo todo \u003d new Todo(description);","lastModifiedDate":"2022-09-29"},{"lineNumber":67,"author":{"gitId":"lcsroy"},"content":"                        if (data.charAt(4) \u003d\u003d \u0027X\u0027) {","lastModifiedDate":"2022-09-29"},{"lineNumber":68,"author":{"gitId":"lcsroy"},"content":"                            todo.setisDone(true);","lastModifiedDate":"2022-09-29"},{"lineNumber":69,"author":{"gitId":"lcsroy"},"content":"                        }","lastModifiedDate":"2022-09-29"},{"lineNumber":70,"author":{"gitId":"lcsroy"},"content":"                        tasks.add(todo);","lastModifiedDate":"2022-09-30"},{"lineNumber":71,"author":{"gitId":"lcsroy"},"content":"                        break;","lastModifiedDate":"2022-09-29"},{"lineNumber":72,"author":{"gitId":"lcsroy"},"content":"                    case \u0027D\u0027:","lastModifiedDate":"2022-09-29"},{"lineNumber":73,"author":{"gitId":"lcsroy"},"content":"                        String deadlineDescription \u003d description.split(\"/by \")[0];","lastModifiedDate":"2022-09-29"},{"lineNumber":74,"author":{"gitId":"lcsroy"},"content":"                        String deadlineDate \u003d description.split(\"/by \")[1];","lastModifiedDate":"2022-09-29"},{"lineNumber":75,"author":{"gitId":"lcsroy"},"content":"                        Deadlines deadline \u003d new Deadlines(deadlineDescription, deadlineDate);","lastModifiedDate":"2022-09-29"},{"lineNumber":76,"author":{"gitId":"lcsroy"},"content":"                        if (data.charAt(4) \u003d\u003d \u0027X\u0027) {","lastModifiedDate":"2022-09-29"},{"lineNumber":77,"author":{"gitId":"lcsroy"},"content":"                            deadline.setisDone(true);","lastModifiedDate":"2022-09-29"},{"lineNumber":78,"author":{"gitId":"lcsroy"},"content":"                        }","lastModifiedDate":"2022-09-29"},{"lineNumber":79,"author":{"gitId":"lcsroy"},"content":"                        tasks.add(deadline);","lastModifiedDate":"2022-09-30"},{"lineNumber":80,"author":{"gitId":"lcsroy"},"content":"                        break;","lastModifiedDate":"2022-09-29"},{"lineNumber":81,"author":{"gitId":"lcsroy"},"content":"                    case \u0027E\u0027:","lastModifiedDate":"2022-09-29"},{"lineNumber":82,"author":{"gitId":"lcsroy"},"content":"                        String EventDescription \u003d description.split(\"/at \")[0];","lastModifiedDate":"2022-09-29"},{"lineNumber":83,"author":{"gitId":"lcsroy"},"content":"                        String EventDate \u003d description.split(\"/at \")[1];","lastModifiedDate":"2022-09-29"},{"lineNumber":84,"author":{"gitId":"lcsroy"},"content":"                        Events event \u003d new Events(EventDescription, EventDate);","lastModifiedDate":"2022-09-29"},{"lineNumber":85,"author":{"gitId":"lcsroy"},"content":"                        if (data.charAt(4) \u003d\u003d \u0027X\u0027) {","lastModifiedDate":"2022-09-29"},{"lineNumber":86,"author":{"gitId":"lcsroy"},"content":"                            event.setisDone(true);","lastModifiedDate":"2022-09-29"},{"lineNumber":87,"author":{"gitId":"lcsroy"},"content":"                        }","lastModifiedDate":"2022-09-29"},{"lineNumber":88,"author":{"gitId":"lcsroy"},"content":"                        tasks.add(event);","lastModifiedDate":"2022-09-30"},{"lineNumber":89,"author":{"gitId":"lcsroy"},"content":"                        break;","lastModifiedDate":"2022-09-30"},{"lineNumber":90,"author":{"gitId":"lcsroy"},"content":"                    default:","lastModifiedDate":"2022-09-30"},{"lineNumber":91,"author":{"gitId":"lcsroy"},"content":"                        break;","lastModifiedDate":"2022-09-29"},{"lineNumber":92,"author":{"gitId":"lcsroy"},"content":"                }","lastModifiedDate":"2022-09-29"},{"lineNumber":93,"author":{"gitId":"lcsroy"},"content":"","lastModifiedDate":"2022-09-29"},{"lineNumber":94,"author":{"gitId":"lcsroy"},"content":"            }","lastModifiedDate":"2022-09-29"},{"lineNumber":95,"author":{"gitId":"lcsroy"},"content":"        } catch (FileNotFoundException e) {","lastModifiedDate":"2022-09-29"},{"lineNumber":96,"author":{"gitId":"lcsroy"},"content":"            Ui.showError(e.getMessage());","lastModifiedDate":"2022-09-30"},{"lineNumber":97,"author":{"gitId":"lcsroy"},"content":"        }","lastModifiedDate":"2022-09-29"},{"lineNumber":98,"author":{"gitId":"lcsroy"},"content":"        return new Tasklist(tasks);","lastModifiedDate":"2022-09-30"},{"lineNumber":99,"author":{"gitId":"lcsroy"},"content":"    }","lastModifiedDate":"2022-09-29"},{"lineNumber":100,"author":{"gitId":"lcsroy"},"content":"","lastModifiedDate":"2022-09-29"},{"lineNumber":101,"author":{"gitId":"lcsroy"},"content":"}","lastModifiedDate":"2022-09-29"}],"authorContributionMap":{"lcsroy":101}},{"path":"src/main/java/duke/exceptions/FileNotFoundException.java","fileType":"java","lines":[{"lineNumber":1,"author":{"gitId":"lcsroy"},"content":"package duke.exceptions;","lastModifiedDate":"2022-09-30"},{"lineNumber":2,"author":{"gitId":"lcsroy"},"content":"","lastModifiedDate":"2022-09-30"},{"lineNumber":3,"author":{"gitId":"lcsroy"},"content":"public class FileNotFoundException extends Exception{","lastModifiedDate":"2022-09-30"},{"lineNumber":4,"author":{"gitId":"lcsroy"},"content":"    private static final String MESSAGE \u003d \"File not found.\";","lastModifiedDate":"2022-09-30"},{"lineNumber":5,"author":{"gitId":"lcsroy"},"content":"","lastModifiedDate":"2022-09-30"},{"lineNumber":6,"author":{"gitId":"lcsroy"},"content":"    public String getMessage() {","lastModifiedDate":"2022-09-30"},{"lineNumber":7,"author":{"gitId":"lcsroy"},"content":"        return MESSAGE;","lastModifiedDate":"2022-09-30"},{"lineNumber":8,"author":{"gitId":"lcsroy"},"content":"    }","lastModifiedDate":"2022-09-30"},{"lineNumber":9,"author":{"gitId":"lcsroy"},"content":"}","lastModifiedDate":"2022-09-30"}],"authorContributionMap":{"lcsroy":9}},{"path":"src/main/java/duke/exceptions/InvalidCommandException.java","fileType":"java","lines":[{"lineNumber":1,"author":{"gitId":"lcsroy"},"content":"package duke.exceptions;","lastModifiedDate":"2022-09-29"},{"lineNumber":2,"author":{"gitId":"lcsroy"},"content":"","lastModifiedDate":"2022-09-29"},{"lineNumber":3,"author":{"gitId":"lcsroy"},"content":"public class InvalidCommandException extends Exception{","lastModifiedDate":"2022-09-22"},{"lineNumber":4,"author":{"gitId":"lcsroy"},"content":"    private static final String MESSAGE \u003d \"Invalid command.\";","lastModifiedDate":"2022-09-30"},{"lineNumber":5,"author":{"gitId":"lcsroy"},"content":"    public String getMessage() {","lastModifiedDate":"2022-09-30"},{"lineNumber":6,"author":{"gitId":"lcsroy"},"content":"        return MESSAGE;","lastModifiedDate":"2022-09-30"},{"lineNumber":7,"author":{"gitId":"lcsroy"},"content":"    }","lastModifiedDate":"2022-09-22"},{"lineNumber":8,"author":{"gitId":"lcsroy"},"content":"}","lastModifiedDate":"2022-09-22"}],"authorContributionMap":{"lcsroy":8}},{"path":"src/main/java/duke/exceptions/MissingArgumentException.java","fileType":"java","lines":[{"lineNumber":1,"author":{"gitId":"lcsroy"},"content":"package duke.exceptions;","lastModifiedDate":"2022-09-30"},{"lineNumber":2,"author":{"gitId":"lcsroy"},"content":"","lastModifiedDate":"2022-09-30"},{"lineNumber":3,"author":{"gitId":"lcsroy"},"content":"public class MissingArgumentException extends ArrayIndexOutOfBoundsException {","lastModifiedDate":"2022-09-30"},{"lineNumber":4,"author":{"gitId":"lcsroy"},"content":"    private static final String MESSAGE \u003d \"Missing argument.\";","lastModifiedDate":"2022-09-30"},{"lineNumber":5,"author":{"gitId":"lcsroy"},"content":"","lastModifiedDate":"2022-09-30"},{"lineNumber":6,"author":{"gitId":"lcsroy"},"content":"    public String getMessage() {","lastModifiedDate":"2022-09-30"},{"lineNumber":7,"author":{"gitId":"lcsroy"},"content":"        return MESSAGE;","lastModifiedDate":"2022-09-30"},{"lineNumber":8,"author":{"gitId":"lcsroy"},"content":"    }","lastModifiedDate":"2022-09-30"},{"lineNumber":9,"author":{"gitId":"lcsroy"},"content":"}","lastModifiedDate":"2022-09-30"}],"authorContributionMap":{"lcsroy":9}},{"path":"src/main/java/duke/parser/Parser.java","fileType":"java","lines":[{"lineNumber":1,"author":{"gitId":"lcsroy"},"content":"package duke.parser;","lastModifiedDate":"2022-09-30"},{"lineNumber":2,"author":{"gitId":"lcsroy"},"content":"","lastModifiedDate":"2022-09-30"},{"lineNumber":3,"author":{"gitId":"lcsroy"},"content":"import duke.command.Command;","lastModifiedDate":"2022-09-30"},{"lineNumber":4,"author":{"gitId":"lcsroy"},"content":"import duke.exceptions.InvalidCommandException;","lastModifiedDate":"2022-09-30"},{"lineNumber":5,"author":{"gitId":"lcsroy"},"content":"import duke.exceptions.MissingArgumentException;","lastModifiedDate":"2022-09-30"},{"lineNumber":6,"author":{"gitId":"lcsroy"},"content":"import duke.ui.Ui;","lastModifiedDate":"2022-09-30"},{"lineNumber":7,"author":{"gitId":"lcsroy"},"content":"","lastModifiedDate":"2022-09-30"},{"lineNumber":8,"author":{"gitId":"lcsroy"},"content":"public class Parser {","lastModifiedDate":"2022-09-30"},{"lineNumber":9,"author":{"gitId":"lcsroy"},"content":"","lastModifiedDate":"2022-09-30"},{"lineNumber":10,"author":{"gitId":"lcsroy"},"content":"    public Parser() {","lastModifiedDate":"2022-09-30"},{"lineNumber":11,"author":{"gitId":"lcsroy"},"content":"","lastModifiedDate":"2022-09-30"},{"lineNumber":12,"author":{"gitId":"lcsroy"},"content":"    }","lastModifiedDate":"2022-09-30"},{"lineNumber":13,"author":{"gitId":"lcsroy"},"content":"","lastModifiedDate":"2022-09-30"},{"lineNumber":14,"author":{"gitId":"lcsroy"},"content":"   public Command parse(String fullCommand) throws MissingArgumentException, InvalidCommandException {","lastModifiedDate":"2022-09-30"},{"lineNumber":15,"author":{"gitId":"lcsroy"},"content":"       String[] ArrCommand \u003d fullCommand.split(\" \", 2);","lastModifiedDate":"2022-09-30"},{"lineNumber":16,"author":{"gitId":"lcsroy"},"content":"       if (ArrCommand.length \u003d\u003d 2) {","lastModifiedDate":"2022-09-30"},{"lineNumber":17,"author":{"gitId":"lcsroy"},"content":"           String command \u003d ArrCommand[0];","lastModifiedDate":"2022-09-30"},{"lineNumber":18,"author":{"gitId":"lcsroy"},"content":"           String taskDescription \u003d ArrCommand[1];","lastModifiedDate":"2022-09-30"},{"lineNumber":19,"author":{"gitId":"lcsroy"},"content":"           return new Command(command, taskDescription);","lastModifiedDate":"2022-09-30"},{"lineNumber":20,"author":{"gitId":"lcsroy"},"content":"       }","lastModifiedDate":"2022-09-30"},{"lineNumber":21,"author":{"gitId":"lcsroy"},"content":"       return new Command(fullCommand, \"\");","lastModifiedDate":"2022-09-30"},{"lineNumber":22,"author":{"gitId":"lcsroy"},"content":"   }","lastModifiedDate":"2022-09-30"},{"lineNumber":23,"author":{"gitId":"lcsroy"},"content":"","lastModifiedDate":"2022-09-30"},{"lineNumber":24,"author":{"gitId":"lcsroy"},"content":"    public static int parseMark(String argument) {","lastModifiedDate":"2022-09-30"},{"lineNumber":25,"author":{"gitId":"lcsroy"},"content":"       return Integer.parseInt(argument);","lastModifiedDate":"2022-09-30"},{"lineNumber":26,"author":{"gitId":"lcsroy"},"content":"    }","lastModifiedDate":"2022-09-30"},{"lineNumber":27,"author":{"gitId":"lcsroy"},"content":"","lastModifiedDate":"2022-09-30"},{"lineNumber":28,"author":{"gitId":"lcsroy"},"content":"    public static int parseUnmark(String argument) {","lastModifiedDate":"2022-09-30"},{"lineNumber":29,"author":{"gitId":"lcsroy"},"content":"        return Integer.parseInt(argument);","lastModifiedDate":"2022-09-30"},{"lineNumber":30,"author":{"gitId":"lcsroy"},"content":"    }","lastModifiedDate":"2022-09-30"},{"lineNumber":31,"author":{"gitId":"lcsroy"},"content":"","lastModifiedDate":"2022-09-30"},{"lineNumber":32,"author":{"gitId":"lcsroy"},"content":"    public static String parseDeadline(String taskDescription) {","lastModifiedDate":"2022-09-30"},{"lineNumber":33,"author":{"gitId":"lcsroy"},"content":"        return taskDescription.split(\"/by \")[0];","lastModifiedDate":"2022-09-30"},{"lineNumber":34,"author":{"gitId":"lcsroy"},"content":"    }","lastModifiedDate":"2022-09-30"},{"lineNumber":35,"author":{"gitId":"lcsroy"},"content":"","lastModifiedDate":"2022-09-30"},{"lineNumber":36,"author":{"gitId":"lcsroy"},"content":"    public static String parseDeadlineDate(String taskDescription) throws MissingArgumentException {","lastModifiedDate":"2022-09-30"},{"lineNumber":37,"author":{"gitId":"lcsroy"},"content":"        return taskDescription.split(\"/by \")[1];","lastModifiedDate":"2022-09-30"},{"lineNumber":38,"author":{"gitId":"lcsroy"},"content":"    }","lastModifiedDate":"2022-09-30"},{"lineNumber":39,"author":{"gitId":"lcsroy"},"content":"","lastModifiedDate":"2022-09-30"},{"lineNumber":40,"author":{"gitId":"lcsroy"},"content":"    public static String parseEvent(String taskDescription) {","lastModifiedDate":"2022-09-30"},{"lineNumber":41,"author":{"gitId":"lcsroy"},"content":"        return taskDescription.split(\"/at \")[0];","lastModifiedDate":"2022-09-30"},{"lineNumber":42,"author":{"gitId":"lcsroy"},"content":"    }","lastModifiedDate":"2022-09-30"},{"lineNumber":43,"author":{"gitId":"lcsroy"},"content":"","lastModifiedDate":"2022-09-30"},{"lineNumber":44,"author":{"gitId":"lcsroy"},"content":"    public static String parseEventDate(String taskDescription) {","lastModifiedDate":"2022-09-30"},{"lineNumber":45,"author":{"gitId":"lcsroy"},"content":"        return taskDescription.split(\"/at \")[1];","lastModifiedDate":"2022-09-30"},{"lineNumber":46,"author":{"gitId":"lcsroy"},"content":"    }","lastModifiedDate":"2022-09-30"},{"lineNumber":47,"author":{"gitId":"lcsroy"},"content":"","lastModifiedDate":"2022-09-30"},{"lineNumber":48,"author":{"gitId":"lcsroy"},"content":"    public static int parseDelete(String argument) {","lastModifiedDate":"2022-09-30"},{"lineNumber":49,"author":{"gitId":"lcsroy"},"content":"        return Integer.parseInt(argument);","lastModifiedDate":"2022-09-30"},{"lineNumber":50,"author":{"gitId":"lcsroy"},"content":"    }","lastModifiedDate":"2022-09-30"},{"lineNumber":51,"author":{"gitId":"lcsroy"},"content":"}","lastModifiedDate":"2022-09-30"}],"authorContributionMap":{"lcsroy":51}},{"path":"src/main/java/duke/task/Deadlines.java","fileType":"java","lines":[{"lineNumber":1,"author":{"gitId":"lcsroy"},"content":"package duke.task;","lastModifiedDate":"2022-09-29"},{"lineNumber":2,"author":{"gitId":"lcsroy"},"content":"","lastModifiedDate":"2022-09-29"},{"lineNumber":3,"author":{"gitId":"lcsroy"},"content":"public class Deadlines extends Task {","lastModifiedDate":"2022-09-22"},{"lineNumber":4,"author":{"gitId":"lcsroy"},"content":"    protected String by;","lastModifiedDate":"2022-09-22"},{"lineNumber":5,"author":{"gitId":"lcsroy"},"content":"","lastModifiedDate":"2022-09-22"},{"lineNumber":6,"author":{"gitId":"lcsroy"},"content":"    public Deadlines(String description, String by) {","lastModifiedDate":"2022-09-22"},{"lineNumber":7,"author":{"gitId":"lcsroy"},"content":"        super(description);","lastModifiedDate":"2022-09-22"},{"lineNumber":8,"author":{"gitId":"lcsroy"},"content":"        this.by \u003d by;","lastModifiedDate":"2022-09-22"},{"lineNumber":9,"author":{"gitId":"lcsroy"},"content":"    }","lastModifiedDate":"2022-09-22"},{"lineNumber":10,"author":{"gitId":"lcsroy"},"content":"","lastModifiedDate":"2022-09-22"},{"lineNumber":11,"author":{"gitId":"lcsroy"},"content":"    public String toString() {","lastModifiedDate":"2022-09-22"},{"lineNumber":12,"author":{"gitId":"lcsroy"},"content":"        return \"[D]\" + super.toString() + \"(by: \" + by + \")\";","lastModifiedDate":"2022-09-22"},{"lineNumber":13,"author":{"gitId":"lcsroy"},"content":"    }","lastModifiedDate":"2022-09-22"},{"lineNumber":14,"author":{"gitId":"lcsroy"},"content":"","lastModifiedDate":"2022-09-29"},{"lineNumber":15,"author":{"gitId":"lcsroy"},"content":"    public String SaveAsString() {","lastModifiedDate":"2022-09-29"},{"lineNumber":16,"author":{"gitId":"lcsroy"},"content":"        return \"[D]\" + super.SaveAsString() + \"/by \" + by;","lastModifiedDate":"2022-09-29"},{"lineNumber":17,"author":{"gitId":"lcsroy"},"content":"    }","lastModifiedDate":"2022-09-29"},{"lineNumber":18,"author":{"gitId":"lcsroy"},"content":"}","lastModifiedDate":"2022-09-22"}],"authorContributionMap":{"lcsroy":18}},{"path":"src/main/java/duke/task/Events.java","fileType":"java","lines":[{"lineNumber":1,"author":{"gitId":"lcsroy"},"content":"package duke.task;","lastModifiedDate":"2022-09-29"},{"lineNumber":2,"author":{"gitId":"lcsroy"},"content":"","lastModifiedDate":"2022-09-29"},{"lineNumber":3,"author":{"gitId":"lcsroy"},"content":"public class Events extends Task {","lastModifiedDate":"2022-09-22"},{"lineNumber":4,"author":{"gitId":"lcsroy"},"content":"    protected String at;","lastModifiedDate":"2022-09-22"},{"lineNumber":5,"author":{"gitId":"lcsroy"},"content":"","lastModifiedDate":"2022-09-22"},{"lineNumber":6,"author":{"gitId":"lcsroy"},"content":"    public Events(String description, String at) {","lastModifiedDate":"2022-09-22"},{"lineNumber":7,"author":{"gitId":"lcsroy"},"content":"        super(description);","lastModifiedDate":"2022-09-22"},{"lineNumber":8,"author":{"gitId":"lcsroy"},"content":"        this.at \u003d at;","lastModifiedDate":"2022-09-22"},{"lineNumber":9,"author":{"gitId":"lcsroy"},"content":"    }","lastModifiedDate":"2022-09-22"},{"lineNumber":10,"author":{"gitId":"lcsroy"},"content":"","lastModifiedDate":"2022-09-22"},{"lineNumber":11,"author":{"gitId":"lcsroy"},"content":"    public String toString() {","lastModifiedDate":"2022-09-22"},{"lineNumber":12,"author":{"gitId":"lcsroy"},"content":"        return \"[E]\" + super.toString() + \"(at: \" + at + \")\";","lastModifiedDate":"2022-09-22"},{"lineNumber":13,"author":{"gitId":"lcsroy"},"content":"    }","lastModifiedDate":"2022-09-22"},{"lineNumber":14,"author":{"gitId":"lcsroy"},"content":"","lastModifiedDate":"2022-09-29"},{"lineNumber":15,"author":{"gitId":"lcsroy"},"content":"    public String SaveAsString() {","lastModifiedDate":"2022-09-29"},{"lineNumber":16,"author":{"gitId":"lcsroy"},"content":"        return \"[E]\" + super.SaveAsString() + \"/at \" + at;","lastModifiedDate":"2022-09-29"},{"lineNumber":17,"author":{"gitId":"lcsroy"},"content":"    }","lastModifiedDate":"2022-09-29"},{"lineNumber":18,"author":{"gitId":"lcsroy"},"content":"}","lastModifiedDate":"2022-09-22"}],"authorContributionMap":{"lcsroy":18}},{"path":"src/main/java/duke/task/Task.java","fileType":"java","lines":[{"lineNumber":1,"author":{"gitId":"lcsroy"},"content":"package duke.task;","lastModifiedDate":"2022-09-29"},{"lineNumber":2,"author":{"gitId":"lcsroy"},"content":"","lastModifiedDate":"2022-09-29"},{"lineNumber":3,"author":{"gitId":"lcsroy"},"content":"public class Task {","lastModifiedDate":"2022-08-30"},{"lineNumber":4,"author":{"gitId":"lcsroy"},"content":"    protected String description;","lastModifiedDate":"2022-08-30"},{"lineNumber":5,"author":{"gitId":"lcsroy"},"content":"    protected boolean isDone;","lastModifiedDate":"2022-08-30"},{"lineNumber":6,"author":{"gitId":"lcsroy"},"content":"","lastModifiedDate":"2022-08-30"},{"lineNumber":7,"author":{"gitId":"lcsroy"},"content":"    public Task(String description) {","lastModifiedDate":"2022-08-30"},{"lineNumber":8,"author":{"gitId":"lcsroy"},"content":"        this.description \u003d description;","lastModifiedDate":"2022-08-30"},{"lineNumber":9,"author":{"gitId":"lcsroy"},"content":"        this.isDone \u003d false;","lastModifiedDate":"2022-08-30"},{"lineNumber":10,"author":{"gitId":"lcsroy"},"content":"    }","lastModifiedDate":"2022-08-30"},{"lineNumber":11,"author":{"gitId":"lcsroy"},"content":"","lastModifiedDate":"2022-08-30"},{"lineNumber":12,"author":{"gitId":"lcsroy"},"content":"    public String getStatusIcon() {","lastModifiedDate":"2022-08-30"},{"lineNumber":13,"author":{"gitId":"lcsroy"},"content":"        return (isDone ? \"X\" : \" \"); // mark done duke.task with X","lastModifiedDate":"2022-09-29"},{"lineNumber":14,"author":{"gitId":"lcsroy"},"content":"    }","lastModifiedDate":"2022-08-30"},{"lineNumber":15,"author":{"gitId":"lcsroy"},"content":"","lastModifiedDate":"2022-08-30"},{"lineNumber":16,"author":{"gitId":"lcsroy"},"content":"    public void setisDone(boolean status) {","lastModifiedDate":"2022-09-21"},{"lineNumber":17,"author":{"gitId":"lcsroy"},"content":"        this.isDone \u003d status;","lastModifiedDate":"2022-09-21"},{"lineNumber":18,"author":{"gitId":"lcsroy"},"content":"    }","lastModifiedDate":"2022-08-30"},{"lineNumber":19,"author":{"gitId":"lcsroy"},"content":"","lastModifiedDate":"2022-09-21"},{"lineNumber":20,"author":{"gitId":"lcsroy"},"content":"    public String toString() {","lastModifiedDate":"2022-09-22"},{"lineNumber":21,"author":{"gitId":"lcsroy"},"content":"        return \"[\" + this.getStatusIcon() + \"] \" + description;","lastModifiedDate":"2022-09-22"},{"lineNumber":22,"author":{"gitId":"lcsroy"},"content":"    }","lastModifiedDate":"2022-09-22"},{"lineNumber":23,"author":{"gitId":"lcsroy"},"content":"","lastModifiedDate":"2022-09-22"},{"lineNumber":24,"author":{"gitId":"lcsroy"},"content":"    public String SaveAsString() {","lastModifiedDate":"2022-09-29"},{"lineNumber":25,"author":{"gitId":"lcsroy"},"content":"        return \"[\" + this.getStatusIcon() + \"] \" + description;","lastModifiedDate":"2022-09-29"},{"lineNumber":26,"author":{"gitId":"lcsroy"},"content":"    }","lastModifiedDate":"2022-09-29"},{"lineNumber":27,"author":{"gitId":"lcsroy"},"content":"","lastModifiedDate":"2022-09-30"},{"lineNumber":28,"author":{"gitId":"lcsroy"},"content":"    public String getDescription() {","lastModifiedDate":"2022-09-30"},{"lineNumber":29,"author":{"gitId":"lcsroy"},"content":"        return this.description;","lastModifiedDate":"2022-09-30"},{"lineNumber":30,"author":{"gitId":"lcsroy"},"content":"    }","lastModifiedDate":"2022-09-30"},{"lineNumber":31,"author":{"gitId":"lcsroy"},"content":"    //...","lastModifiedDate":"2022-09-21"},{"lineNumber":32,"author":{"gitId":"lcsroy"},"content":"}","lastModifiedDate":"2022-08-30"}],"authorContributionMap":{"lcsroy":32}},{"path":"src/main/java/duke/task/Todo.java","fileType":"java","lines":[{"lineNumber":1,"author":{"gitId":"lcsroy"},"content":"package duke.task;","lastModifiedDate":"2022-09-29"},{"lineNumber":2,"author":{"gitId":"lcsroy"},"content":"","lastModifiedDate":"2022-09-29"},{"lineNumber":3,"author":{"gitId":"lcsroy"},"content":"public class Todo extends Task {","lastModifiedDate":"2022-09-22"},{"lineNumber":4,"author":{"gitId":"lcsroy"},"content":"    public Todo(String description) {","lastModifiedDate":"2022-09-22"},{"lineNumber":5,"author":{"gitId":"lcsroy"},"content":"        super(description);","lastModifiedDate":"2022-09-22"},{"lineNumber":6,"author":{"gitId":"lcsroy"},"content":"    }","lastModifiedDate":"2022-09-22"},{"lineNumber":7,"author":{"gitId":"lcsroy"},"content":"","lastModifiedDate":"2022-09-22"},{"lineNumber":8,"author":{"gitId":"lcsroy"},"content":"    public String toString() {","lastModifiedDate":"2022-09-22"},{"lineNumber":9,"author":{"gitId":"lcsroy"},"content":"        return \"[T]\" + super.toString();","lastModifiedDate":"2022-09-22"},{"lineNumber":10,"author":{"gitId":"lcsroy"},"content":"    }","lastModifiedDate":"2022-09-22"},{"lineNumber":11,"author":{"gitId":"lcsroy"},"content":"","lastModifiedDate":"2022-09-29"},{"lineNumber":12,"author":{"gitId":"lcsroy"},"content":"    public String SaveAsString() {","lastModifiedDate":"2022-09-29"},{"lineNumber":13,"author":{"gitId":"lcsroy"},"content":"        return \"[T]\" + super.SaveAsString();","lastModifiedDate":"2022-09-29"},{"lineNumber":14,"author":{"gitId":"lcsroy"},"content":"    }","lastModifiedDate":"2022-09-29"},{"lineNumber":15,"author":{"gitId":"lcsroy"},"content":"}","lastModifiedDate":"2022-09-22"}],"authorContributionMap":{"lcsroy":15}},{"path":"src/main/java/duke/tasklist/Tasklist.java","fileType":"java","lines":[{"lineNumber":1,"author":{"gitId":"lcsroy"},"content":"package duke.tasklist;","lastModifiedDate":"2022-09-30"},{"lineNumber":2,"author":{"gitId":"lcsroy"},"content":"","lastModifiedDate":"2022-09-30"},{"lineNumber":3,"author":{"gitId":"lcsroy"},"content":"import java.io.IOException;","lastModifiedDate":"2022-09-30"},{"lineNumber":4,"author":{"gitId":"lcsroy"},"content":"import java.util.ArrayList;","lastModifiedDate":"2022-09-30"},{"lineNumber":5,"author":{"gitId":"lcsroy"},"content":"","lastModifiedDate":"2022-09-30"},{"lineNumber":6,"author":{"gitId":"lcsroy"},"content":"import duke.exceptions.MissingArgumentException;","lastModifiedDate":"2022-09-30"},{"lineNumber":7,"author":{"gitId":"lcsroy"},"content":"import duke.task.Deadlines;","lastModifiedDate":"2022-09-30"},{"lineNumber":8,"author":{"gitId":"lcsroy"},"content":"import duke.task.Events;","lastModifiedDate":"2022-09-30"},{"lineNumber":9,"author":{"gitId":"lcsroy"},"content":"import duke.task.Task;","lastModifiedDate":"2022-09-30"},{"lineNumber":10,"author":{"gitId":"lcsroy"},"content":"import duke.data.Storage;","lastModifiedDate":"2022-09-30"},{"lineNumber":11,"author":{"gitId":"lcsroy"},"content":"import duke.task.Todo;","lastModifiedDate":"2022-09-30"},{"lineNumber":12,"author":{"gitId":"lcsroy"},"content":"import duke.ui.Ui;","lastModifiedDate":"2022-09-30"},{"lineNumber":13,"author":{"gitId":"lcsroy"},"content":"","lastModifiedDate":"2022-09-30"},{"lineNumber":14,"author":{"gitId":"lcsroy"},"content":"public class Tasklist {","lastModifiedDate":"2022-09-30"},{"lineNumber":15,"author":{"gitId":"lcsroy"},"content":"    public static ArrayList\u003cTask\u003e tasks;","lastModifiedDate":"2022-09-30"},{"lineNumber":16,"author":{"gitId":"lcsroy"},"content":"","lastModifiedDate":"2022-09-30"},{"lineNumber":17,"author":{"gitId":"lcsroy"},"content":"    public Tasklist() {","lastModifiedDate":"2022-09-30"},{"lineNumber":18,"author":{"gitId":"lcsroy"},"content":"        this.tasks \u003d new ArrayList\u003c\u003e();","lastModifiedDate":"2022-09-30"},{"lineNumber":19,"author":{"gitId":"lcsroy"},"content":"    }","lastModifiedDate":"2022-09-30"},{"lineNumber":20,"author":{"gitId":"lcsroy"},"content":"    public Tasklist(ArrayList\u003cTask\u003e tasks) {","lastModifiedDate":"2022-09-30"},{"lineNumber":21,"author":{"gitId":"lcsroy"},"content":"        this.tasks \u003d new ArrayList\u003c\u003e(tasks);","lastModifiedDate":"2022-09-30"},{"lineNumber":22,"author":{"gitId":"lcsroy"},"content":"    }","lastModifiedDate":"2022-09-30"},{"lineNumber":23,"author":{"gitId":"lcsroy"},"content":"","lastModifiedDate":"2022-09-30"},{"lineNumber":24,"author":{"gitId":"lcsroy"},"content":"    public static void markTask(int task_no) {","lastModifiedDate":"2022-09-30"},{"lineNumber":25,"author":{"gitId":"lcsroy"},"content":"        try {","lastModifiedDate":"2022-09-30"},{"lineNumber":26,"author":{"gitId":"lcsroy"},"content":"            Task mark_task \u003d tasks.get(task_no);","lastModifiedDate":"2022-09-30"},{"lineNumber":27,"author":{"gitId":"lcsroy"},"content":"            mark_task.setisDone(true);","lastModifiedDate":"2022-09-30"},{"lineNumber":28,"author":{"gitId":"lcsroy"},"content":"            Storage.saveTask(tasks);","lastModifiedDate":"2022-09-30"},{"lineNumber":29,"author":{"gitId":"lcsroy"},"content":"            Ui.printMarkTask(mark_task);","lastModifiedDate":"2022-09-30"},{"lineNumber":30,"author":{"gitId":"lcsroy"},"content":"        } catch (IOException e) {","lastModifiedDate":"2022-09-30"},{"lineNumber":31,"author":{"gitId":"lcsroy"},"content":"            throw new RuntimeException(e);","lastModifiedDate":"2022-09-30"},{"lineNumber":32,"author":{"gitId":"lcsroy"},"content":"        }","lastModifiedDate":"2022-09-30"},{"lineNumber":33,"author":{"gitId":"lcsroy"},"content":"    }","lastModifiedDate":"2022-09-30"},{"lineNumber":34,"author":{"gitId":"lcsroy"},"content":"","lastModifiedDate":"2022-09-30"},{"lineNumber":35,"author":{"gitId":"lcsroy"},"content":"    public static void UnmarkTask(int task_no) {","lastModifiedDate":"2022-09-30"},{"lineNumber":36,"author":{"gitId":"lcsroy"},"content":"        try {","lastModifiedDate":"2022-09-30"},{"lineNumber":37,"author":{"gitId":"lcsroy"},"content":"            Task unmark_task \u003d tasks.get(task_no);","lastModifiedDate":"2022-09-30"},{"lineNumber":38,"author":{"gitId":"lcsroy"},"content":"            unmark_task.setisDone(false);","lastModifiedDate":"2022-09-30"},{"lineNumber":39,"author":{"gitId":"lcsroy"},"content":"            Storage.saveTask(tasks);","lastModifiedDate":"2022-09-30"},{"lineNumber":40,"author":{"gitId":"lcsroy"},"content":"            Ui.printUnmarkTask(unmark_task);","lastModifiedDate":"2022-09-30"},{"lineNumber":41,"author":{"gitId":"lcsroy"},"content":"        } catch (IOException e) {","lastModifiedDate":"2022-09-30"},{"lineNumber":42,"author":{"gitId":"lcsroy"},"content":"            throw new RuntimeException(e);","lastModifiedDate":"2022-09-30"},{"lineNumber":43,"author":{"gitId":"lcsroy"},"content":"        }","lastModifiedDate":"2022-09-30"},{"lineNumber":44,"author":{"gitId":"lcsroy"},"content":"    }","lastModifiedDate":"2022-09-30"},{"lineNumber":45,"author":{"gitId":"lcsroy"},"content":"","lastModifiedDate":"2022-09-30"},{"lineNumber":46,"author":{"gitId":"lcsroy"},"content":"    public static void createTodo(String taskDescription) {","lastModifiedDate":"2022-09-30"},{"lineNumber":47,"author":{"gitId":"lcsroy"},"content":"        try {","lastModifiedDate":"2022-09-30"},{"lineNumber":48,"author":{"gitId":"lcsroy"},"content":"            Task todo \u003d new Todo(taskDescription);","lastModifiedDate":"2022-09-30"},{"lineNumber":49,"author":{"gitId":"lcsroy"},"content":"            tasks.add(todo);","lastModifiedDate":"2022-09-30"},{"lineNumber":50,"author":{"gitId":"lcsroy"},"content":"            Storage.saveTask(tasks);","lastModifiedDate":"2022-09-30"},{"lineNumber":51,"author":{"gitId":"lcsroy"},"content":"            Ui.printTask(todo);","lastModifiedDate":"2022-09-30"},{"lineNumber":52,"author":{"gitId":"lcsroy"},"content":"        } catch (IOException e) {","lastModifiedDate":"2022-09-30"},{"lineNumber":53,"author":{"gitId":"lcsroy"},"content":"            throw new RuntimeException(e);","lastModifiedDate":"2022-09-30"},{"lineNumber":54,"author":{"gitId":"lcsroy"},"content":"        }","lastModifiedDate":"2022-09-30"},{"lineNumber":55,"author":{"gitId":"lcsroy"},"content":"    }","lastModifiedDate":"2022-09-30"},{"lineNumber":56,"author":{"gitId":"lcsroy"},"content":"","lastModifiedDate":"2022-09-30"},{"lineNumber":57,"author":{"gitId":"lcsroy"},"content":"    public static void createDeadline(String description, String by) {","lastModifiedDate":"2022-09-30"},{"lineNumber":58,"author":{"gitId":"lcsroy"},"content":"        try {","lastModifiedDate":"2022-09-30"},{"lineNumber":59,"author":{"gitId":"lcsroy"},"content":"            Task deadline \u003d new Deadlines(description, by);","lastModifiedDate":"2022-09-30"},{"lineNumber":60,"author":{"gitId":"lcsroy"},"content":"            tasks.add(deadline);","lastModifiedDate":"2022-09-30"},{"lineNumber":61,"author":{"gitId":"lcsroy"},"content":"            Storage.saveTask(tasks);","lastModifiedDate":"2022-09-30"},{"lineNumber":62,"author":{"gitId":"lcsroy"},"content":"            Ui.printTask(deadline);","lastModifiedDate":"2022-09-30"},{"lineNumber":63,"author":{"gitId":"lcsroy"},"content":"        } catch (IOException e) {","lastModifiedDate":"2022-09-30"},{"lineNumber":64,"author":{"gitId":"lcsroy"},"content":"            throw new RuntimeException(e);","lastModifiedDate":"2022-09-30"},{"lineNumber":65,"author":{"gitId":"lcsroy"},"content":"        }","lastModifiedDate":"2022-09-30"},{"lineNumber":66,"author":{"gitId":"lcsroy"},"content":"    }","lastModifiedDate":"2022-09-30"},{"lineNumber":67,"author":{"gitId":"lcsroy"},"content":"","lastModifiedDate":"2022-09-30"},{"lineNumber":68,"author":{"gitId":"lcsroy"},"content":"    public static void createEvent(String description, String at) {","lastModifiedDate":"2022-09-30"},{"lineNumber":69,"author":{"gitId":"lcsroy"},"content":"        try {","lastModifiedDate":"2022-09-30"},{"lineNumber":70,"author":{"gitId":"lcsroy"},"content":"            Task event \u003d new Events(description, at);","lastModifiedDate":"2022-09-30"},{"lineNumber":71,"author":{"gitId":"lcsroy"},"content":"            tasks.add(event);","lastModifiedDate":"2022-09-30"},{"lineNumber":72,"author":{"gitId":"lcsroy"},"content":"            Storage.saveTask(tasks);","lastModifiedDate":"2022-09-30"},{"lineNumber":73,"author":{"gitId":"lcsroy"},"content":"            Ui.printTask(event);","lastModifiedDate":"2022-09-30"},{"lineNumber":74,"author":{"gitId":"lcsroy"},"content":"        } catch (IOException e) {","lastModifiedDate":"2022-09-30"},{"lineNumber":75,"author":{"gitId":"lcsroy"},"content":"            throw new RuntimeException(e);","lastModifiedDate":"2022-09-30"},{"lineNumber":76,"author":{"gitId":"lcsroy"},"content":"        }","lastModifiedDate":"2022-09-30"},{"lineNumber":77,"author":{"gitId":"lcsroy"},"content":"    }","lastModifiedDate":"2022-09-30"},{"lineNumber":78,"author":{"gitId":"lcsroy"},"content":"","lastModifiedDate":"2022-09-30"},{"lineNumber":79,"author":{"gitId":"lcsroy"},"content":"    public static void deleteTask(int task_no) {","lastModifiedDate":"2022-09-30"},{"lineNumber":80,"author":{"gitId":"lcsroy"},"content":"        try {","lastModifiedDate":"2022-09-30"},{"lineNumber":81,"author":{"gitId":"lcsroy"},"content":"            Task deleteTask \u003d tasks.get(task_no);","lastModifiedDate":"2022-09-30"},{"lineNumber":82,"author":{"gitId":"lcsroy"},"content":"            tasks.remove(task_no);","lastModifiedDate":"2022-09-30"},{"lineNumber":83,"author":{"gitId":"lcsroy"},"content":"            Storage.saveTask(tasks);","lastModifiedDate":"2022-09-30"},{"lineNumber":84,"author":{"gitId":"lcsroy"},"content":"            Ui.printDeletedTask(deleteTask);","lastModifiedDate":"2022-09-30"},{"lineNumber":85,"author":{"gitId":"lcsroy"},"content":"        } catch (IOException e) {","lastModifiedDate":"2022-09-30"},{"lineNumber":86,"author":{"gitId":"lcsroy"},"content":"            throw new RuntimeException(e);","lastModifiedDate":"2022-09-30"},{"lineNumber":87,"author":{"gitId":"lcsroy"},"content":"        }","lastModifiedDate":"2022-09-30"},{"lineNumber":88,"author":{"gitId":"lcsroy"},"content":"    }","lastModifiedDate":"2022-09-30"},{"lineNumber":89,"author":{"gitId":"lcsroy"},"content":"","lastModifiedDate":"2022-09-30"},{"lineNumber":90,"author":{"gitId":"lcsroy"},"content":"    public static void findTasks(String keyword) throws MissingArgumentException {","lastModifiedDate":"2022-09-30"},{"lineNumber":91,"author":{"gitId":"lcsroy"},"content":"        ArrayList\u003cTask\u003e temp \u003d new ArrayList\u003c\u003e();","lastModifiedDate":"2022-09-30"},{"lineNumber":92,"author":{"gitId":"lcsroy"},"content":"        for (Task task: tasks) {","lastModifiedDate":"2022-09-30"},{"lineNumber":93,"author":{"gitId":"lcsroy"},"content":"            if(task.getDescription().contains(keyword)) {","lastModifiedDate":"2022-09-30"},{"lineNumber":94,"author":{"gitId":"lcsroy"},"content":"                temp.add(task);","lastModifiedDate":"2022-09-30"},{"lineNumber":95,"author":{"gitId":"lcsroy"},"content":"            }","lastModifiedDate":"2022-09-30"},{"lineNumber":96,"author":{"gitId":"lcsroy"},"content":"        }","lastModifiedDate":"2022-09-30"},{"lineNumber":97,"author":{"gitId":"lcsroy"},"content":"        Ui.printFoundTask(temp);","lastModifiedDate":"2022-09-30"},{"lineNumber":98,"author":{"gitId":"lcsroy"},"content":"    }","lastModifiedDate":"2022-09-30"},{"lineNumber":99,"author":{"gitId":"lcsroy"},"content":"","lastModifiedDate":"2022-09-30"},{"lineNumber":100,"author":{"gitId":"lcsroy"},"content":"}","lastModifiedDate":"2022-09-30"}],"authorContributionMap":{"lcsroy":100}},{"path":"src/main/java/duke/ui/Ui.java","fileType":"java","lines":[{"lineNumber":1,"author":{"gitId":"lcsroy"},"content":"package duke.ui;","lastModifiedDate":"2022-09-30"},{"lineNumber":2,"author":{"gitId":"lcsroy"},"content":"","lastModifiedDate":"2022-09-30"},{"lineNumber":3,"author":{"gitId":"lcsroy"},"content":"import duke.task.Task;","lastModifiedDate":"2022-09-30"},{"lineNumber":4,"author":{"gitId":"lcsroy"},"content":"import duke.tasklist.Tasklist;","lastModifiedDate":"2022-09-30"},{"lineNumber":5,"author":{"gitId":"lcsroy"},"content":"","lastModifiedDate":"2022-09-30"},{"lineNumber":6,"author":{"gitId":"lcsroy"},"content":"import java.util.Scanner;","lastModifiedDate":"2022-09-30"},{"lineNumber":7,"author":{"gitId":"lcsroy"},"content":"import java.io.InputStream;","lastModifiedDate":"2022-09-30"},{"lineNumber":8,"author":{"gitId":"lcsroy"},"content":"import java.io.PrintStream;","lastModifiedDate":"2022-09-30"},{"lineNumber":9,"author":{"gitId":"lcsroy"},"content":"import java.util.ArrayList;","lastModifiedDate":"2022-09-30"},{"lineNumber":10,"author":{"gitId":"lcsroy"},"content":"","lastModifiedDate":"2022-09-30"},{"lineNumber":11,"author":{"gitId":"lcsroy"},"content":"public class Ui {","lastModifiedDate":"2022-09-30"},{"lineNumber":12,"author":{"gitId":"lcsroy"},"content":"","lastModifiedDate":"2022-09-30"},{"lineNumber":13,"author":{"gitId":"lcsroy"},"content":"    private static final String logo \u003d \" ____        _        \\n\"","lastModifiedDate":"2022-09-30"},{"lineNumber":14,"author":{"gitId":"lcsroy"},"content":"            + \"|  _ \\\\ _   _| | _____ \\n\"","lastModifiedDate":"2022-09-30"},{"lineNumber":15,"author":{"gitId":"lcsroy"},"content":"            + \"| | | | | | | |/ / _ \\\\\\n\"","lastModifiedDate":"2022-09-30"},{"lineNumber":16,"author":{"gitId":"lcsroy"},"content":"            + \"| |_| | |_| |   \u003c  __/\\n\"","lastModifiedDate":"2022-09-30"},{"lineNumber":17,"author":{"gitId":"lcsroy"},"content":"            + \"|____/ \\\\__,_|_|\\\\_\\\\___|\\n\";","lastModifiedDate":"2022-09-30"},{"lineNumber":18,"author":{"gitId":"lcsroy"},"content":"","lastModifiedDate":"2022-09-30"},{"lineNumber":19,"author":{"gitId":"lcsroy"},"content":"    private static final String DIVIDER \u003d \"-------------------------------------------------------------------------------\";","lastModifiedDate":"2022-09-30"},{"lineNumber":20,"author":{"gitId":"lcsroy"},"content":"","lastModifiedDate":"2022-09-30"},{"lineNumber":21,"author":{"gitId":"lcsroy"},"content":"","lastModifiedDate":"2022-09-30"},{"lineNumber":22,"author":{"gitId":"lcsroy"},"content":"","lastModifiedDate":"2022-09-30"},{"lineNumber":23,"author":{"gitId":"lcsroy"},"content":"    public Ui() {","lastModifiedDate":"2022-09-30"},{"lineNumber":24,"author":{"gitId":"lcsroy"},"content":"    }","lastModifiedDate":"2022-09-30"},{"lineNumber":25,"author":{"gitId":"lcsroy"},"content":"","lastModifiedDate":"2022-09-30"},{"lineNumber":26,"author":{"gitId":"lcsroy"},"content":"","lastModifiedDate":"2022-09-30"},{"lineNumber":27,"author":{"gitId":"lcsroy"},"content":"    public static void printLine() {","lastModifiedDate":"2022-09-30"},{"lineNumber":28,"author":{"gitId":"lcsroy"},"content":"        System.out.println(DIVIDER);","lastModifiedDate":"2022-09-30"},{"lineNumber":29,"author":{"gitId":"lcsroy"},"content":"    }","lastModifiedDate":"2022-09-30"},{"lineNumber":30,"author":{"gitId":"lcsroy"},"content":"","lastModifiedDate":"2022-09-30"},{"lineNumber":31,"author":{"gitId":"lcsroy"},"content":"    public void start() {","lastModifiedDate":"2022-09-30"},{"lineNumber":32,"author":{"gitId":"lcsroy"},"content":"        System.out.println(logo);","lastModifiedDate":"2022-09-30"},{"lineNumber":33,"author":{"gitId":"lcsroy"},"content":"        printLine();","lastModifiedDate":"2022-09-30"},{"lineNumber":34,"author":{"gitId":"lcsroy"},"content":"        System.out.println(\"Hello! I\u0027m duke.Duke\");","lastModifiedDate":"2022-09-30"},{"lineNumber":35,"author":{"gitId":"lcsroy"},"content":"        System.out.println(\"What can i do for you?\");","lastModifiedDate":"2022-09-30"},{"lineNumber":36,"author":{"gitId":"lcsroy"},"content":"        printLine();","lastModifiedDate":"2022-09-30"},{"lineNumber":37,"author":{"gitId":"lcsroy"},"content":"    }","lastModifiedDate":"2022-09-30"},{"lineNumber":38,"author":{"gitId":"lcsroy"},"content":"","lastModifiedDate":"2022-09-30"},{"lineNumber":39,"author":{"gitId":"lcsroy"},"content":"    public void end() {","lastModifiedDate":"2022-09-30"},{"lineNumber":40,"author":{"gitId":"lcsroy"},"content":"        printLine();","lastModifiedDate":"2022-09-30"},{"lineNumber":41,"author":{"gitId":"lcsroy"},"content":"        System.out.println(\"Bye. Hope to see you again soon\");","lastModifiedDate":"2022-09-30"},{"lineNumber":42,"author":{"gitId":"lcsroy"},"content":"        printLine();","lastModifiedDate":"2022-09-30"},{"lineNumber":43,"author":{"gitId":"lcsroy"},"content":"    }","lastModifiedDate":"2022-09-30"},{"lineNumber":44,"author":{"gitId":"lcsroy"},"content":"","lastModifiedDate":"2022-09-30"},{"lineNumber":45,"author":{"gitId":"lcsroy"},"content":"    public String readCommand() {","lastModifiedDate":"2022-09-30"},{"lineNumber":46,"author":{"gitId":"lcsroy"},"content":"        Scanner in \u003d new Scanner(System.in);","lastModifiedDate":"2022-09-30"},{"lineNumber":47,"author":{"gitId":"lcsroy"},"content":"        return in.nextLine();","lastModifiedDate":"2022-09-30"},{"lineNumber":48,"author":{"gitId":"lcsroy"},"content":"","lastModifiedDate":"2022-09-30"},{"lineNumber":49,"author":{"gitId":"lcsroy"},"content":"    }","lastModifiedDate":"2022-09-30"},{"lineNumber":50,"author":{"gitId":"lcsroy"},"content":"","lastModifiedDate":"2022-09-30"},{"lineNumber":51,"author":{"gitId":"lcsroy"},"content":"    public static void showError(String message) {","lastModifiedDate":"2022-09-30"},{"lineNumber":52,"author":{"gitId":"lcsroy"},"content":"        printLine();","lastModifiedDate":"2022-09-30"},{"lineNumber":53,"author":{"gitId":"lcsroy"},"content":"        System.out.println(message);","lastModifiedDate":"2022-09-30"},{"lineNumber":54,"author":{"gitId":"lcsroy"},"content":"        printLine();","lastModifiedDate":"2022-09-30"},{"lineNumber":55,"author":{"gitId":"lcsroy"},"content":"    }","lastModifiedDate":"2022-09-30"},{"lineNumber":56,"author":{"gitId":"lcsroy"},"content":"","lastModifiedDate":"2022-09-30"},{"lineNumber":57,"author":{"gitId":"lcsroy"},"content":"    public static void printList(Tasklist tasks) {","lastModifiedDate":"2022-09-30"},{"lineNumber":58,"author":{"gitId":"lcsroy"},"content":"        printLine();","lastModifiedDate":"2022-09-30"},{"lineNumber":59,"author":{"gitId":"lcsroy"},"content":"        System.out.println(\"Here are the tasks in your list:\");","lastModifiedDate":"2022-09-30"},{"lineNumber":60,"author":{"gitId":"lcsroy"},"content":"        int i \u003d 1;","lastModifiedDate":"2022-09-30"},{"lineNumber":61,"author":{"gitId":"lcsroy"},"content":"        for (Task l: tasks.tasks) {","lastModifiedDate":"2022-09-30"},{"lineNumber":62,"author":{"gitId":"lcsroy"},"content":"            System.out.print(i + \".\");","lastModifiedDate":"2022-09-30"},{"lineNumber":63,"author":{"gitId":"lcsroy"},"content":"            System.out.println(l);","lastModifiedDate":"2022-09-30"},{"lineNumber":64,"author":{"gitId":"lcsroy"},"content":"            i++;","lastModifiedDate":"2022-09-30"},{"lineNumber":65,"author":{"gitId":"lcsroy"},"content":"        }","lastModifiedDate":"2022-09-30"},{"lineNumber":66,"author":{"gitId":"lcsroy"},"content":"        printLine();","lastModifiedDate":"2022-09-30"},{"lineNumber":67,"author":{"gitId":"lcsroy"},"content":"    }","lastModifiedDate":"2022-09-30"},{"lineNumber":68,"author":{"gitId":"lcsroy"},"content":"","lastModifiedDate":"2022-09-30"},{"lineNumber":69,"author":{"gitId":"lcsroy"},"content":"    public static void printMarkTask(Task mark_task) {","lastModifiedDate":"2022-09-30"},{"lineNumber":70,"author":{"gitId":"lcsroy"},"content":"        printLine();","lastModifiedDate":"2022-09-30"},{"lineNumber":71,"author":{"gitId":"lcsroy"},"content":"        System.out.println(\"Nice! I\u0027ve marked this task as done:\");","lastModifiedDate":"2022-09-30"},{"lineNumber":72,"author":{"gitId":"lcsroy"},"content":"        System.out.println(mark_task);","lastModifiedDate":"2022-09-30"},{"lineNumber":73,"author":{"gitId":"lcsroy"},"content":"        printLine();","lastModifiedDate":"2022-09-30"},{"lineNumber":74,"author":{"gitId":"lcsroy"},"content":"    }","lastModifiedDate":"2022-09-30"},{"lineNumber":75,"author":{"gitId":"lcsroy"},"content":"","lastModifiedDate":"2022-09-30"},{"lineNumber":76,"author":{"gitId":"lcsroy"},"content":"    public static void printUnmarkTask(Task unmark_task) {","lastModifiedDate":"2022-09-30"},{"lineNumber":77,"author":{"gitId":"lcsroy"},"content":"        printLine();","lastModifiedDate":"2022-09-30"},{"lineNumber":78,"author":{"gitId":"lcsroy"},"content":"        System.out.println(\"OK, I\u0027ve marked this task as not done yet:\");","lastModifiedDate":"2022-09-30"},{"lineNumber":79,"author":{"gitId":"lcsroy"},"content":"        System.out.println(unmark_task);","lastModifiedDate":"2022-09-30"},{"lineNumber":80,"author":{"gitId":"lcsroy"},"content":"        printLine();","lastModifiedDate":"2022-09-30"},{"lineNumber":81,"author":{"gitId":"lcsroy"},"content":"    }","lastModifiedDate":"2022-09-30"},{"lineNumber":82,"author":{"gitId":"lcsroy"},"content":"","lastModifiedDate":"2022-09-30"},{"lineNumber":83,"author":{"gitId":"lcsroy"},"content":"    public static void printTask(Task task) {","lastModifiedDate":"2022-09-30"},{"lineNumber":84,"author":{"gitId":"lcsroy"},"content":"        printLine();","lastModifiedDate":"2022-09-30"},{"lineNumber":85,"author":{"gitId":"lcsroy"},"content":"        System.out.println(\"Got it. I\u0027ve added this task:\");","lastModifiedDate":"2022-09-30"},{"lineNumber":86,"author":{"gitId":"lcsroy"},"content":"        System.out.println(task);","lastModifiedDate":"2022-09-30"},{"lineNumber":87,"author":{"gitId":"lcsroy"},"content":"        System.out.println(\"Now you have \" + Tasklist.tasks.size() + \" tasks in the list.\");","lastModifiedDate":"2022-09-30"},{"lineNumber":88,"author":{"gitId":"lcsroy"},"content":"        printLine();","lastModifiedDate":"2022-09-30"},{"lineNumber":89,"author":{"gitId":"lcsroy"},"content":"    }","lastModifiedDate":"2022-09-30"},{"lineNumber":90,"author":{"gitId":"lcsroy"},"content":"","lastModifiedDate":"2022-09-30"},{"lineNumber":91,"author":{"gitId":"lcsroy"},"content":"    public static void printDeletedTask(Task deleteTask) {","lastModifiedDate":"2022-09-30"},{"lineNumber":92,"author":{"gitId":"lcsroy"},"content":"        printLine();","lastModifiedDate":"2022-09-30"},{"lineNumber":93,"author":{"gitId":"lcsroy"},"content":"        System.out.println(\"Noted. I\u0027ve removed this task: \");","lastModifiedDate":"2022-09-30"},{"lineNumber":94,"author":{"gitId":"lcsroy"},"content":"        printTask(deleteTask);","lastModifiedDate":"2022-09-30"},{"lineNumber":95,"author":{"gitId":"lcsroy"},"content":"        System.out.println(\"Now you have \" + Tasklist.tasks.size() + \" tasks in the list.\" );","lastModifiedDate":"2022-09-30"},{"lineNumber":96,"author":{"gitId":"lcsroy"},"content":"        printLine();","lastModifiedDate":"2022-09-30"},{"lineNumber":97,"author":{"gitId":"lcsroy"},"content":"    }","lastModifiedDate":"2022-09-30"},{"lineNumber":98,"author":{"gitId":"lcsroy"},"content":"","lastModifiedDate":"2022-09-30"},{"lineNumber":99,"author":{"gitId":"lcsroy"},"content":"    public static void printFoundTask(ArrayList\u003cTask\u003e tasks) {","lastModifiedDate":"2022-09-30"},{"lineNumber":100,"author":{"gitId":"lcsroy"},"content":"        int i \u003d 1;","lastModifiedDate":"2022-09-30"},{"lineNumber":101,"author":{"gitId":"lcsroy"},"content":"        printLine();","lastModifiedDate":"2022-09-30"},{"lineNumber":102,"author":{"gitId":"lcsroy"},"content":"        System.out.println(\"Here are the matching tasks in your list: \");","lastModifiedDate":"2022-09-30"},{"lineNumber":103,"author":{"gitId":"lcsroy"},"content":"        for (Task task: tasks) {","lastModifiedDate":"2022-09-30"},{"lineNumber":104,"author":{"gitId":"lcsroy"},"content":"            System.out.println(i + \".\" + task);","lastModifiedDate":"2022-09-30"},{"lineNumber":105,"author":{"gitId":"lcsroy"},"content":"            i++;","lastModifiedDate":"2022-09-30"},{"lineNumber":106,"author":{"gitId":"lcsroy"},"content":"        }","lastModifiedDate":"2022-09-30"},{"lineNumber":107,"author":{"gitId":"lcsroy"},"content":"        printLine();","lastModifiedDate":"2022-09-30"},{"lineNumber":108,"author":{"gitId":"lcsroy"},"content":"    }","lastModifiedDate":"2022-09-30"},{"lineNumber":109,"author":{"gitId":"lcsroy"},"content":"","lastModifiedDate":"2022-09-30"},{"lineNumber":110,"author":{"gitId":"lcsroy"},"content":"","lastModifiedDate":"2022-09-30"},{"lineNumber":111,"author":{"gitId":"lcsroy"},"content":"}","lastModifiedDate":"2022-09-30"},{"lineNumber":112,"author":{"gitId":"lcsroy"},"content":"","lastModifiedDate":"2022-09-30"},{"lineNumber":113,"author":{"gitId":"lcsroy"},"content":"","lastModifiedDate":"2022-09-30"}],"authorContributionMap":{"lcsroy":113}},{"path":"text-ui-test/runtest.bat","fileType":"bat","lines":[{"lineNumber":1,"author":{"gitId":"-"},"content":"@ECHO OFF","lastModifiedDate":"2020-05-25"},{"lineNumber":2,"author":{"gitId":"-"},"content":"","lastModifiedDate":"2020-05-25"},{"lineNumber":3,"author":{"gitId":"-"},"content":"REM create bin directory if it doesn\u0027t exist","lastModifiedDate":"2020-05-25"},{"lineNumber":4,"author":{"gitId":"-"},"content":"if not exist ..\\bin mkdir ..\\bin","lastModifiedDate":"2020-05-25"},{"lineNumber":5,"author":{"gitId":"-"},"content":"","lastModifiedDate":"2020-05-25"},{"lineNumber":6,"author":{"gitId":"-"},"content":"REM delete output from previous run","lastModifiedDate":"2020-05-25"},{"lineNumber":7,"author":{"gitId":"-"},"content":"if exist ACTUAL.TXT del ACTUAL.TXT","lastModifiedDate":"2020-08-25"},{"lineNumber":8,"author":{"gitId":"-"},"content":"","lastModifiedDate":"2020-05-25"},{"lineNumber":9,"author":{"gitId":"-"},"content":"REM compile the code into the bin folder","lastModifiedDate":"2020-05-25"},{"lineNumber":10,"author":{"gitId":"-"},"content":"javac  -cp ..\\src\\main\\java -Xlint:none -d ..\\bin ..\\src\\main\\java\\*.java","lastModifiedDate":"2020-08-25"},{"lineNumber":11,"author":{"gitId":"-"},"content":"IF ERRORLEVEL 1 (","lastModifiedDate":"2020-05-25"},{"lineNumber":12,"author":{"gitId":"-"},"content":"    echo ********** BUILD FAILURE **********","lastModifiedDate":"2020-05-25"},{"lineNumber":13,"author":{"gitId":"-"},"content":"    exit /b 1","lastModifiedDate":"2020-05-25"},{"lineNumber":14,"author":{"gitId":"-"},"content":")","lastModifiedDate":"2020-05-25"},{"lineNumber":15,"author":{"gitId":"-"},"content":"REM no error here, errorlevel \u003d\u003d 0","lastModifiedDate":"2020-05-25"},{"lineNumber":16,"author":{"gitId":"-"},"content":"","lastModifiedDate":"2020-05-25"},{"lineNumber":17,"author":{"gitId":"-"},"content":"REM run the program, feed commands from input.txt file and redirect the output to the ACTUAL.TXT","lastModifiedDate":"2020-05-25"},{"lineNumber":18,"author":{"gitId":"lcsroy"},"content":"java -classpath ..\\bin duke.Duke \u003c input.txt \u003e ACTUAL.TXT","lastModifiedDate":"2022-09-29"},{"lineNumber":19,"author":{"gitId":"-"},"content":"","lastModifiedDate":"2020-05-25"},{"lineNumber":20,"author":{"gitId":"-"},"content":"REM compare the output to the expected output","lastModifiedDate":"2020-05-25"},{"lineNumber":21,"author":{"gitId":"-"},"content":"FC ACTUAL.TXT EXPECTED.TXT","lastModifiedDate":"2020-05-25"}],"authorContributionMap":{"lcsroy":1,"-":20}}]
