{"authorDailyContributionsMap":{"lcsroy":[{"date":"2022-08-30","commitResults":[{"hash":"0b0db963cedff35054525437970cf3300dec08c5","messageTitle":"Level 0 Greet","messageBody":"","tags":["Level-1,Greet,Echo,Exit"],"fileTypesAndContributionMap":{"java":{"insertions":5,"deletions":0}}},{"hash":"96e8a09d1c80b39179447da1a0ce363b40963dbd","messageTitle":"Level 1 - Greet, Echo, Exit","messageBody":"","fileTypesAndContributionMap":{"java":{"insertions":11,"deletions":1}}},{"hash":"8241d590cc816c1e985faaa139033434d3f3d6bc","messageTitle":"Level 2- Add, List","messageBody":"","tags":["Level-2,Add,List"],"fileTypesAndContributionMap":{"java":{"insertions":10,"deletions":2}}},{"hash":"ef2f6d98ba910a068770299db5bc33ecd17c76df","messageTitle":"Level-3,MarkasDone","messageBody":"","fileTypesAndContributionMap":{"java":{"insertions":19,"deletions":4}}},{"hash":"98d1354ad143fddbb00b4d5fe395859915091dad","messageTitle":"Task class","messageBody":"","fileTypesAndContributionMap":{"java":{"insertions":22,"deletions":0}}}]},{"date":"2022-09-21","commitResults":[{"hash":"247e795859040bc9b80551770626f04a488e27ad","messageTitle":"Redone level 0","messageBody":"","tags":["RedoneLevel1","Level1-Echo(Class)"],"fileTypesAndContributionMap":{"java":{"insertions":35,"deletions":31}}},{"hash":"5ba7a8d631436417cb624d3bd176b5132f96cb99","messageTitle":"no message","messageBody":"","tags":["Level3-Redone"],"fileTypesAndContributionMap":{"java":{"insertions":35,"deletions":4}}},{"hash":"4466175bd4790d1ef4300f1a2f22ff8f4a49dcd6","messageTitle":"Level 3 \"Mark as Done\" completed","messageBody":"","fileTypesAndContributionMap":{"java":{"insertions":68,"deletions":17}}}]}]},"authorFileTypeContributionMap":{"lcsroy":{"java":146,"md":0,"fxml":0,"sh":0,"bat":0,"gradle":0,"txt":0}},"authorContributionVariance":{"lcsroy":972.58765},"authorDisplayNameMap":{"lcsroy":"CS2113T-W11-2 LIM .. ROY"}}
