[{"path":"src/main/java/Deadline.java","fileType":"java","lines":[{"lineNumber":1,"author":{"gitId":"matthewphua"},"content":"public class Deadline extends Task {","lastModifiedDate":"2022-08-29"},{"lineNumber":2,"author":{"gitId":"matthewphua"},"content":"","lastModifiedDate":"2022-08-29"},{"lineNumber":3,"author":{"gitId":"matthewphua"},"content":"    protected String by;","lastModifiedDate":"2022-08-29"},{"lineNumber":4,"author":{"gitId":"matthewphua"},"content":"","lastModifiedDate":"2022-08-29"},{"lineNumber":5,"author":{"gitId":"matthewphua"},"content":"    public Deadline(String description, String by) {","lastModifiedDate":"2022-08-29"},{"lineNumber":6,"author":{"gitId":"matthewphua"},"content":"        super(description);","lastModifiedDate":"2022-08-29"},{"lineNumber":7,"author":{"gitId":"matthewphua"},"content":"        this.by \u003d by;","lastModifiedDate":"2022-08-29"},{"lineNumber":8,"author":{"gitId":"matthewphua"},"content":"    }","lastModifiedDate":"2022-08-29"},{"lineNumber":9,"author":{"gitId":"matthewphua"},"content":"","lastModifiedDate":"2022-08-29"},{"lineNumber":10,"author":{"gitId":"matthewphua"},"content":"    /**","lastModifiedDate":"2022-09-01"},{"lineNumber":11,"author":{"gitId":"matthewphua"},"content":"     * Returns formatted string","lastModifiedDate":"2022-09-01"},{"lineNumber":12,"author":{"gitId":"matthewphua"},"content":"     *","lastModifiedDate":"2022-09-01"},{"lineNumber":13,"author":{"gitId":"matthewphua"},"content":"     * @return string to print","lastModifiedDate":"2022-09-01"},{"lineNumber":14,"author":{"gitId":"matthewphua"},"content":"     */","lastModifiedDate":"2022-09-01"},{"lineNumber":15,"author":{"gitId":"matthewphua"},"content":"    @Override","lastModifiedDate":"2022-08-29"},{"lineNumber":16,"author":{"gitId":"matthewphua"},"content":"    public String toString() {","lastModifiedDate":"2022-08-29"},{"lineNumber":17,"author":{"gitId":"matthewphua"},"content":"        return \"[D]\" + super.toString() + \" (by: \" + by + \")\";","lastModifiedDate":"2022-08-29"},{"lineNumber":18,"author":{"gitId":"matthewphua"},"content":"    }","lastModifiedDate":"2022-08-29"},{"lineNumber":19,"author":{"gitId":"matthewphua"},"content":"}","lastModifiedDate":"2022-08-29"},{"lineNumber":20,"author":{"gitId":"matthewphua"},"content":"","lastModifiedDate":"2022-08-29"}],"authorContributionMap":{"matthewphua":20}},{"path":"src/main/java/Duke.java","fileType":"java","lines":[{"lineNumber":1,"author":{"gitId":"matthewphua"},"content":"import java.util.Scanner;","lastModifiedDate":"2022-08-24"},{"lineNumber":2,"author":{"gitId":"matthewphua"},"content":"","lastModifiedDate":"2022-08-24"},{"lineNumber":3,"author":{"gitId":"-"},"content":"public class Duke {","lastModifiedDate":"2019-07-29"},{"lineNumber":4,"author":{"gitId":"matthewphua"},"content":"    private static final String HORIZONTAL_LINE \u003d \"____________________________________________________________\\n\";","lastModifiedDate":"2022-08-29"},{"lineNumber":5,"author":{"gitId":"matthewphua"},"content":"    private static final String ADD_CONFIRMATION_MESSAGE \u003d \"Got it. I\u0027ve added this task:\";","lastModifiedDate":"2022-08-29"},{"lineNumber":6,"author":{"gitId":"matthewphua"},"content":"    private static Task[] inputs \u003d new Task[100];","lastModifiedDate":"2022-08-29"},{"lineNumber":7,"author":{"gitId":"matthewphua"},"content":"    private static int index \u003d 0;","lastModifiedDate":"2022-08-29"},{"lineNumber":8,"author":{"gitId":"matthewphua"},"content":"","lastModifiedDate":"2022-08-25"},{"lineNumber":9,"author":{"gitId":"matthewphua"},"content":"    /**","lastModifiedDate":"2022-08-25"},{"lineNumber":10,"author":{"gitId":"matthewphua"},"content":"     * Returns a string with formatted user inputs.","lastModifiedDate":"2022-08-25"},{"lineNumber":11,"author":{"gitId":"matthewphua"},"content":"     *","lastModifiedDate":"2022-08-25"},{"lineNumber":12,"author":{"gitId":"matthewphua"},"content":"     * @param inputs list of user input.","lastModifiedDate":"2022-08-25"},{"lineNumber":13,"author":{"gitId":"matthewphua"},"content":"     * @return Formatted string to print","lastModifiedDate":"2022-08-25"},{"lineNumber":14,"author":{"gitId":"matthewphua"},"content":"     */","lastModifiedDate":"2022-08-25"},{"lineNumber":15,"author":{"gitId":"matthewphua"},"content":"    public static String formatList(Task[] inputs) {","lastModifiedDate":"2022-08-24"},{"lineNumber":16,"author":{"gitId":"matthewphua"},"content":"        String formattedString \u003d HORIZONTAL_LINE;","lastModifiedDate":"2022-08-29"},{"lineNumber":17,"author":{"gitId":"matthewphua"},"content":"        for (int i \u003d 0; i \u003c inputs.length; i++) {","lastModifiedDate":"2022-08-25"},{"lineNumber":18,"author":{"gitId":"matthewphua"},"content":"            if (inputs[i] \u003d\u003d null) {","lastModifiedDate":"2022-08-25"},{"lineNumber":19,"author":{"gitId":"matthewphua"},"content":"                break;","lastModifiedDate":"2022-08-24"},{"lineNumber":20,"author":{"gitId":"matthewphua"},"content":"            }","lastModifiedDate":"2022-08-24"},{"lineNumber":21,"author":{"gitId":"matthewphua"},"content":"            formattedString +\u003d (i+1) + \".\" + inputs[i].toString() + \"\\n\";","lastModifiedDate":"2022-08-29"},{"lineNumber":22,"author":{"gitId":"matthewphua"},"content":"        }","lastModifiedDate":"2022-08-24"},{"lineNumber":23,"author":{"gitId":"matthewphua"},"content":"        formattedString +\u003d HORIZONTAL_LINE;","lastModifiedDate":"2022-08-29"},{"lineNumber":24,"author":{"gitId":"matthewphua"},"content":"        return formattedString;","lastModifiedDate":"2022-08-24"},{"lineNumber":25,"author":{"gitId":"matthewphua"},"content":"    }","lastModifiedDate":"2022-08-24"},{"lineNumber":26,"author":{"gitId":"matthewphua"},"content":"","lastModifiedDate":"2022-08-29"},{"lineNumber":27,"author":{"gitId":"matthewphua"},"content":"    private static void unmark(String line) {","lastModifiedDate":"2022-08-29"},{"lineNumber":28,"author":{"gitId":"matthewphua"},"content":"        int input \u003d Integer.valueOf(line.replace(\"unmark\", \"\").strip());","lastModifiedDate":"2022-08-29"},{"lineNumber":29,"author":{"gitId":"matthewphua"},"content":"        Task task \u003d inputs[input - 1];","lastModifiedDate":"2022-08-29"},{"lineNumber":30,"author":{"gitId":"matthewphua"},"content":"        task.markAsNotDone();","lastModifiedDate":"2022-08-29"},{"lineNumber":31,"author":{"gitId":"matthewphua"},"content":"        System.out.println(HORIZONTAL_LINE + \"OK, I\u0027ve marked this task as not done yet: \\n  \"","lastModifiedDate":"2022-08-29"},{"lineNumber":32,"author":{"gitId":"matthewphua"},"content":"                + task + \"\\n\" + HORIZONTAL_LINE);","lastModifiedDate":"2022-08-29"},{"lineNumber":33,"author":{"gitId":"matthewphua"},"content":"    }","lastModifiedDate":"2022-08-29"},{"lineNumber":34,"author":{"gitId":"matthewphua"},"content":"","lastModifiedDate":"2022-08-29"},{"lineNumber":35,"author":{"gitId":"matthewphua"},"content":"    private static void mark(String line) {","lastModifiedDate":"2022-08-29"},{"lineNumber":36,"author":{"gitId":"matthewphua"},"content":"        int input \u003d Integer.valueOf(line.replace(\"mark\", \"\").strip());","lastModifiedDate":"2022-08-29"},{"lineNumber":37,"author":{"gitId":"matthewphua"},"content":"        Task task \u003d inputs[input - 1];","lastModifiedDate":"2022-08-29"},{"lineNumber":38,"author":{"gitId":"matthewphua"},"content":"        task.markAsDone();","lastModifiedDate":"2022-08-29"},{"lineNumber":39,"author":{"gitId":"matthewphua"},"content":"        System.out.println(HORIZONTAL_LINE + \"Nice! I\u0027ve marked this task as done: \\n  \"","lastModifiedDate":"2022-08-29"},{"lineNumber":40,"author":{"gitId":"matthewphua"},"content":"                + task + \"\\n\"+ HORIZONTAL_LINE);","lastModifiedDate":"2022-08-29"},{"lineNumber":41,"author":{"gitId":"matthewphua"},"content":"    }","lastModifiedDate":"2022-08-29"},{"lineNumber":42,"author":{"gitId":"matthewphua"},"content":"","lastModifiedDate":"2022-08-29"},{"lineNumber":43,"author":{"gitId":"matthewphua"},"content":"    private static void createTodo(String line) {","lastModifiedDate":"2022-08-29"},{"lineNumber":44,"author":{"gitId":"matthewphua"},"content":"        String description \u003d line.replace(\"todo\", \"\").strip();","lastModifiedDate":"2022-08-29"},{"lineNumber":45,"author":{"gitId":"matthewphua"},"content":"        Todo todo \u003d new Todo(description);","lastModifiedDate":"2022-08-29"},{"lineNumber":46,"author":{"gitId":"matthewphua"},"content":"        inputs[index] \u003d todo;","lastModifiedDate":"2022-08-29"},{"lineNumber":47,"author":{"gitId":"matthewphua"},"content":"        index++;","lastModifiedDate":"2022-08-29"},{"lineNumber":48,"author":{"gitId":"matthewphua"},"content":"        System.out.println(HORIZONTAL_LINE + ADD_CONFIRMATION_MESSAGE + \"\\n  \" + todo","lastModifiedDate":"2022-08-29"},{"lineNumber":49,"author":{"gitId":"matthewphua"},"content":"                + \"\\nNow you have \"+ index + \" tasks in the list.\\n\" + HORIZONTAL_LINE);","lastModifiedDate":"2022-08-29"},{"lineNumber":50,"author":{"gitId":"matthewphua"},"content":"    }","lastModifiedDate":"2022-08-29"},{"lineNumber":51,"author":{"gitId":"matthewphua"},"content":"","lastModifiedDate":"2022-08-29"},{"lineNumber":52,"author":{"gitId":"matthewphua"},"content":"    private static void createEvent(String line) {","lastModifiedDate":"2022-08-29"},{"lineNumber":53,"author":{"gitId":"matthewphua"},"content":"        String removedCommand \u003d line.replace(\"event\", \"\");","lastModifiedDate":"2022-08-29"},{"lineNumber":54,"author":{"gitId":"matthewphua"},"content":"        String description \u003d removedCommand.substring(0, removedCommand.indexOf(\"/at\")).strip();","lastModifiedDate":"2022-08-29"},{"lineNumber":55,"author":{"gitId":"matthewphua"},"content":"        String date \u003d removedCommand.substring(removedCommand.indexOf(\"/at\") + \"/at\".length()).strip();","lastModifiedDate":"2022-08-29"},{"lineNumber":56,"author":{"gitId":"matthewphua"},"content":"        Event event \u003d new Event(description, date);","lastModifiedDate":"2022-08-29"},{"lineNumber":57,"author":{"gitId":"matthewphua"},"content":"        inputs[index] \u003d event;","lastModifiedDate":"2022-08-29"},{"lineNumber":58,"author":{"gitId":"matthewphua"},"content":"        index++;","lastModifiedDate":"2022-08-29"},{"lineNumber":59,"author":{"gitId":"matthewphua"},"content":"        System.out.println(HORIZONTAL_LINE + ADD_CONFIRMATION_MESSAGE + \"\\n  \" + event","lastModifiedDate":"2022-08-29"},{"lineNumber":60,"author":{"gitId":"matthewphua"},"content":"                + \"\\nNow you have \"+ index + \" tasks in the list.\\n\" + HORIZONTAL_LINE);","lastModifiedDate":"2022-08-29"},{"lineNumber":61,"author":{"gitId":"matthewphua"},"content":"    }","lastModifiedDate":"2022-08-29"},{"lineNumber":62,"author":{"gitId":"matthewphua"},"content":"","lastModifiedDate":"2022-08-29"},{"lineNumber":63,"author":{"gitId":"matthewphua"},"content":"    private static void createDeadline(String line) {","lastModifiedDate":"2022-08-29"},{"lineNumber":64,"author":{"gitId":"matthewphua"},"content":"        String removedCommand \u003d line.replace(\"deadline\", \"\");","lastModifiedDate":"2022-08-29"},{"lineNumber":65,"author":{"gitId":"matthewphua"},"content":"        String description \u003d removedCommand.substring(0, removedCommand.indexOf(\"/by\")).strip();","lastModifiedDate":"2022-08-29"},{"lineNumber":66,"author":{"gitId":"matthewphua"},"content":"        String date \u003d removedCommand.substring(removedCommand.indexOf(\"/by\") + \"/by\".length()).strip();","lastModifiedDate":"2022-08-29"},{"lineNumber":67,"author":{"gitId":"matthewphua"},"content":"        Deadline deadline \u003d new Deadline(description, date);","lastModifiedDate":"2022-08-29"},{"lineNumber":68,"author":{"gitId":"matthewphua"},"content":"        inputs[index] \u003d deadline;","lastModifiedDate":"2022-08-29"},{"lineNumber":69,"author":{"gitId":"matthewphua"},"content":"        index++;","lastModifiedDate":"2022-08-29"},{"lineNumber":70,"author":{"gitId":"matthewphua"},"content":"        System.out.println(HORIZONTAL_LINE + ADD_CONFIRMATION_MESSAGE + \"\\n  \" + deadline","lastModifiedDate":"2022-08-29"},{"lineNumber":71,"author":{"gitId":"matthewphua"},"content":"                + \"\\nNow you have \"+ index + \" tasks in the list.\\n\" + HORIZONTAL_LINE);","lastModifiedDate":"2022-08-29"},{"lineNumber":72,"author":{"gitId":"matthewphua"},"content":"    }","lastModifiedDate":"2022-08-29"},{"lineNumber":73,"author":{"gitId":"matthewphua"},"content":"","lastModifiedDate":"2022-08-29"},{"lineNumber":74,"author":{"gitId":"matthewphua"},"content":"    private static void createTask(String line) {","lastModifiedDate":"2022-08-29"},{"lineNumber":75,"author":{"gitId":"matthewphua"},"content":"        System.out.println(HORIZONTAL_LINE + \"added: \" + line + \"\\n\" + HORIZONTAL_LINE);","lastModifiedDate":"2022-08-29"},{"lineNumber":76,"author":{"gitId":"matthewphua"},"content":"        inputs[index] \u003d new Task(line);","lastModifiedDate":"2022-08-29"},{"lineNumber":77,"author":{"gitId":"matthewphua"},"content":"        index++;","lastModifiedDate":"2022-08-29"},{"lineNumber":78,"author":{"gitId":"matthewphua"},"content":"    }","lastModifiedDate":"2022-08-29"},{"lineNumber":79,"author":{"gitId":"matthewphua"},"content":"","lastModifiedDate":"2022-08-29"},{"lineNumber":80,"author":{"gitId":"-"},"content":"    public static void main(String[] args) {","lastModifiedDate":"2019-07-29"},{"lineNumber":81,"author":{"gitId":"matthewphua"},"content":"        Scanner in \u003d new Scanner(System.in);","lastModifiedDate":"2022-08-24"},{"lineNumber":82,"author":{"gitId":"matthewphua"},"content":"        String line;","lastModifiedDate":"2022-08-24"},{"lineNumber":83,"author":{"gitId":"matthewphua"},"content":"","lastModifiedDate":"2022-08-24"},{"lineNumber":84,"author":{"gitId":"matthewphua"},"content":"        System.out.println(HORIZONTAL_LINE + \" Hello! I\u0027m Matthew\\n\" + \" What can I do for you?\\n\" + HORIZONTAL_LINE);","lastModifiedDate":"2022-08-29"},{"lineNumber":85,"author":{"gitId":"matthewphua"},"content":"","lastModifiedDate":"2022-08-24"},{"lineNumber":86,"author":{"gitId":"matthewphua"},"content":"        while (true) {","lastModifiedDate":"2022-08-24"},{"lineNumber":87,"author":{"gitId":"matthewphua"},"content":"            line \u003d in.nextLine();","lastModifiedDate":"2022-08-24"},{"lineNumber":88,"author":{"gitId":"matthewphua"},"content":"            if (line.equals(\"bye\")) {","lastModifiedDate":"2022-08-24"},{"lineNumber":89,"author":{"gitId":"matthewphua"},"content":"                break;","lastModifiedDate":"2022-08-24"},{"lineNumber":90,"author":{"gitId":"matthewphua"},"content":"            } else if (line.equals(\"list\")) {","lastModifiedDate":"2022-08-24"},{"lineNumber":91,"author":{"gitId":"matthewphua"},"content":"                System.out.println(formatList(inputs));","lastModifiedDate":"2022-08-24"},{"lineNumber":92,"author":{"gitId":"matthewphua"},"content":"            } else if (line.startsWith(\"mark\")) {","lastModifiedDate":"2022-08-24"},{"lineNumber":93,"author":{"gitId":"matthewphua"},"content":"                mark(line);","lastModifiedDate":"2022-08-29"},{"lineNumber":94,"author":{"gitId":"matthewphua"},"content":"            } else if (line.startsWith(\"unmark\")) {","lastModifiedDate":"2022-08-24"},{"lineNumber":95,"author":{"gitId":"matthewphua"},"content":"                unmark(line);","lastModifiedDate":"2022-08-29"},{"lineNumber":96,"author":{"gitId":"matthewphua"},"content":"            } else if (line.startsWith(\"todo\")) {","lastModifiedDate":"2022-08-29"},{"lineNumber":97,"author":{"gitId":"matthewphua"},"content":"                createTodo(line);","lastModifiedDate":"2022-08-29"},{"lineNumber":98,"author":{"gitId":"matthewphua"},"content":"            } else if (line.startsWith(\"event\")) {","lastModifiedDate":"2022-08-29"},{"lineNumber":99,"author":{"gitId":"matthewphua"},"content":"                createEvent(line);","lastModifiedDate":"2022-08-29"},{"lineNumber":100,"author":{"gitId":"matthewphua"},"content":"            } else if (line.startsWith(\"deadline\")) {","lastModifiedDate":"2022-08-29"},{"lineNumber":101,"author":{"gitId":"matthewphua"},"content":"                createDeadline(line);","lastModifiedDate":"2022-08-29"},{"lineNumber":102,"author":{"gitId":"matthewphua"},"content":"            }  else {","lastModifiedDate":"2022-08-24"},{"lineNumber":103,"author":{"gitId":"matthewphua"},"content":"                createTask(line);","lastModifiedDate":"2022-08-29"},{"lineNumber":104,"author":{"gitId":"matthewphua"},"content":"            }","lastModifiedDate":"2022-08-24"},{"lineNumber":105,"author":{"gitId":"matthewphua"},"content":"        }","lastModifiedDate":"2022-08-24"},{"lineNumber":106,"author":{"gitId":"matthewphua"},"content":"        System.out.println(HORIZONTAL_LINE + \"Bye. Hope to see you again soon!\\n\" + HORIZONTAL_LINE);","lastModifiedDate":"2022-08-29"},{"lineNumber":107,"author":{"gitId":"-"},"content":"    }","lastModifiedDate":"2019-07-29"},{"lineNumber":108,"author":{"gitId":"-"},"content":"}","lastModifiedDate":"2019-07-29"}],"authorContributionMap":{"matthewphua":104,"-":4}},{"path":"src/main/java/Event.java","fileType":"java","lines":[{"lineNumber":1,"author":{"gitId":"matthewphua"},"content":"public class Event extends Task {","lastModifiedDate":"2022-08-29"},{"lineNumber":2,"author":{"gitId":"matthewphua"},"content":"","lastModifiedDate":"2022-08-29"},{"lineNumber":3,"author":{"gitId":"matthewphua"},"content":"    protected String at;","lastModifiedDate":"2022-08-29"},{"lineNumber":4,"author":{"gitId":"matthewphua"},"content":"","lastModifiedDate":"2022-08-29"},{"lineNumber":5,"author":{"gitId":"matthewphua"},"content":"    public Event(String description, String at) {","lastModifiedDate":"2022-08-29"},{"lineNumber":6,"author":{"gitId":"matthewphua"},"content":"        super(description);","lastModifiedDate":"2022-08-29"},{"lineNumber":7,"author":{"gitId":"matthewphua"},"content":"        this.at \u003d at;","lastModifiedDate":"2022-08-29"},{"lineNumber":8,"author":{"gitId":"matthewphua"},"content":"    }","lastModifiedDate":"2022-08-29"},{"lineNumber":9,"author":{"gitId":"matthewphua"},"content":"","lastModifiedDate":"2022-08-29"},{"lineNumber":10,"author":{"gitId":"matthewphua"},"content":"    /**","lastModifiedDate":"2022-09-01"},{"lineNumber":11,"author":{"gitId":"matthewphua"},"content":"     * Returns formatted string","lastModifiedDate":"2022-09-01"},{"lineNumber":12,"author":{"gitId":"matthewphua"},"content":"     *","lastModifiedDate":"2022-09-01"},{"lineNumber":13,"author":{"gitId":"matthewphua"},"content":"     * @return string to print","lastModifiedDate":"2022-09-01"},{"lineNumber":14,"author":{"gitId":"matthewphua"},"content":"     */","lastModifiedDate":"2022-09-01"},{"lineNumber":15,"author":{"gitId":"matthewphua"},"content":"    @Override","lastModifiedDate":"2022-09-01"},{"lineNumber":16,"author":{"gitId":"matthewphua"},"content":"    public String toString() {","lastModifiedDate":"2022-08-29"},{"lineNumber":17,"author":{"gitId":"matthewphua"},"content":"        return \"[E]\" + super.toString() + \" (at: \" + this.at + \")\";","lastModifiedDate":"2022-08-29"},{"lineNumber":18,"author":{"gitId":"matthewphua"},"content":"    }","lastModifiedDate":"2022-08-29"},{"lineNumber":19,"author":{"gitId":"matthewphua"},"content":"}","lastModifiedDate":"2022-08-29"}],"authorContributionMap":{"matthewphua":19}},{"path":"src/main/java/Task.java","fileType":"java","lines":[{"lineNumber":1,"author":{"gitId":"matthewphua"},"content":"public class Task {","lastModifiedDate":"2022-08-24"},{"lineNumber":2,"author":{"gitId":"matthewphua"},"content":"    /** Description for a task */","lastModifiedDate":"2022-08-25"},{"lineNumber":3,"author":{"gitId":"matthewphua"},"content":"    protected String description;","lastModifiedDate":"2022-08-24"},{"lineNumber":4,"author":{"gitId":"matthewphua"},"content":"    /** Indicates if a task is done */","lastModifiedDate":"2022-08-25"},{"lineNumber":5,"author":{"gitId":"matthewphua"},"content":"    protected boolean isDone;","lastModifiedDate":"2022-08-24"},{"lineNumber":6,"author":{"gitId":"matthewphua"},"content":"","lastModifiedDate":"2022-08-24"},{"lineNumber":7,"author":{"gitId":"matthewphua"},"content":"    public Task(String description) {","lastModifiedDate":"2022-08-24"},{"lineNumber":8,"author":{"gitId":"matthewphua"},"content":"        this.description \u003d description;","lastModifiedDate":"2022-08-24"},{"lineNumber":9,"author":{"gitId":"matthewphua"},"content":"        this.isDone \u003d false;","lastModifiedDate":"2022-08-24"},{"lineNumber":10,"author":{"gitId":"matthewphua"},"content":"    }","lastModifiedDate":"2022-08-24"},{"lineNumber":11,"author":{"gitId":"matthewphua"},"content":"","lastModifiedDate":"2022-08-24"},{"lineNumber":12,"author":{"gitId":"matthewphua"},"content":"    /**","lastModifiedDate":"2022-08-25"},{"lineNumber":13,"author":{"gitId":"matthewphua"},"content":"     * Returns whether a task is done or not","lastModifiedDate":"2022-08-25"},{"lineNumber":14,"author":{"gitId":"matthewphua"},"content":"     *","lastModifiedDate":"2022-08-25"},{"lineNumber":15,"author":{"gitId":"matthewphua"},"content":"     * @return X if task is done, \" \" if not done","lastModifiedDate":"2022-08-25"},{"lineNumber":16,"author":{"gitId":"matthewphua"},"content":"     */","lastModifiedDate":"2022-08-25"},{"lineNumber":17,"author":{"gitId":"matthewphua"},"content":"    public String getStatusIcon() {","lastModifiedDate":"2022-08-24"},{"lineNumber":18,"author":{"gitId":"matthewphua"},"content":"        return (isDone ? \"X\" : \" \"); // mark done task with X","lastModifiedDate":"2022-08-24"},{"lineNumber":19,"author":{"gitId":"matthewphua"},"content":"    }","lastModifiedDate":"2022-08-24"},{"lineNumber":20,"author":{"gitId":"matthewphua"},"content":"","lastModifiedDate":"2022-08-24"},{"lineNumber":21,"author":{"gitId":"matthewphua"},"content":"    /**","lastModifiedDate":"2022-09-01"},{"lineNumber":22,"author":{"gitId":"matthewphua"},"content":"     * Returns formatted string","lastModifiedDate":"2022-09-01"},{"lineNumber":23,"author":{"gitId":"matthewphua"},"content":"     *","lastModifiedDate":"2022-09-01"},{"lineNumber":24,"author":{"gitId":"matthewphua"},"content":"     * @return string to print","lastModifiedDate":"2022-09-01"},{"lineNumber":25,"author":{"gitId":"matthewphua"},"content":"     */","lastModifiedDate":"2022-09-01"},{"lineNumber":26,"author":{"gitId":"matthewphua"},"content":"    public String toString() {","lastModifiedDate":"2022-08-29"},{"lineNumber":27,"author":{"gitId":"matthewphua"},"content":"        return \"[\"+ getStatusIcon()+ \"] \" + this.description;","lastModifiedDate":"2022-08-29"},{"lineNumber":28,"author":{"gitId":"matthewphua"},"content":"    }","lastModifiedDate":"2022-08-29"},{"lineNumber":29,"author":{"gitId":"matthewphua"},"content":"","lastModifiedDate":"2022-08-29"},{"lineNumber":30,"author":{"gitId":"matthewphua"},"content":"    /**","lastModifiedDate":"2022-08-25"},{"lineNumber":31,"author":{"gitId":"matthewphua"},"content":"     * Marks a task as done","lastModifiedDate":"2022-08-25"},{"lineNumber":32,"author":{"gitId":"matthewphua"},"content":"     */","lastModifiedDate":"2022-08-25"},{"lineNumber":33,"author":{"gitId":"matthewphua"},"content":"    public void markAsDone() {","lastModifiedDate":"2022-08-24"},{"lineNumber":34,"author":{"gitId":"matthewphua"},"content":"        this.isDone \u003d true;","lastModifiedDate":"2022-08-24"},{"lineNumber":35,"author":{"gitId":"matthewphua"},"content":"    }","lastModifiedDate":"2022-08-24"},{"lineNumber":36,"author":{"gitId":"matthewphua"},"content":"","lastModifiedDate":"2022-08-25"},{"lineNumber":37,"author":{"gitId":"matthewphua"},"content":"    /**","lastModifiedDate":"2022-08-25"},{"lineNumber":38,"author":{"gitId":"matthewphua"},"content":"     * Marks a task as not done","lastModifiedDate":"2022-08-25"},{"lineNumber":39,"author":{"gitId":"matthewphua"},"content":"     */","lastModifiedDate":"2022-08-25"},{"lineNumber":40,"author":{"gitId":"matthewphua"},"content":"    public void markAsNotDone() {","lastModifiedDate":"2022-08-24"},{"lineNumber":41,"author":{"gitId":"matthewphua"},"content":"        this.isDone \u003d false;","lastModifiedDate":"2022-08-24"},{"lineNumber":42,"author":{"gitId":"matthewphua"},"content":"    }","lastModifiedDate":"2022-08-24"},{"lineNumber":43,"author":{"gitId":"matthewphua"},"content":"","lastModifiedDate":"2022-08-24"},{"lineNumber":44,"author":{"gitId":"matthewphua"},"content":"    /**","lastModifiedDate":"2022-08-25"},{"lineNumber":45,"author":{"gitId":"matthewphua"},"content":"     * Returns description for a task","lastModifiedDate":"2022-08-25"},{"lineNumber":46,"author":{"gitId":"matthewphua"},"content":"     *","lastModifiedDate":"2022-08-25"},{"lineNumber":47,"author":{"gitId":"matthewphua"},"content":"     * @return the description for a task","lastModifiedDate":"2022-08-25"},{"lineNumber":48,"author":{"gitId":"matthewphua"},"content":"     */","lastModifiedDate":"2022-08-25"},{"lineNumber":49,"author":{"gitId":"matthewphua"},"content":"    public String getDescription(){","lastModifiedDate":"2022-08-24"},{"lineNumber":50,"author":{"gitId":"matthewphua"},"content":"        return this.description;","lastModifiedDate":"2022-08-24"},{"lineNumber":51,"author":{"gitId":"matthewphua"},"content":"    }","lastModifiedDate":"2022-08-24"},{"lineNumber":52,"author":{"gitId":"matthewphua"},"content":"","lastModifiedDate":"2022-08-24"},{"lineNumber":53,"author":{"gitId":"matthewphua"},"content":"}","lastModifiedDate":"2022-08-24"}],"authorContributionMap":{"matthewphua":53}},{"path":"src/main/java/Todo.java","fileType":"java","lines":[{"lineNumber":1,"author":{"gitId":"matthewphua"},"content":"public class Todo extends Task {","lastModifiedDate":"2022-08-29"},{"lineNumber":2,"author":{"gitId":"matthewphua"},"content":"","lastModifiedDate":"2022-08-29"},{"lineNumber":3,"author":{"gitId":"matthewphua"},"content":"    public Todo(String description) {","lastModifiedDate":"2022-08-29"},{"lineNumber":4,"author":{"gitId":"matthewphua"},"content":"        super(description);","lastModifiedDate":"2022-08-29"},{"lineNumber":5,"author":{"gitId":"matthewphua"},"content":"    }","lastModifiedDate":"2022-08-29"},{"lineNumber":6,"author":{"gitId":"matthewphua"},"content":"","lastModifiedDate":"2022-08-29"},{"lineNumber":7,"author":{"gitId":"matthewphua"},"content":"    @Override","lastModifiedDate":"2022-09-01"},{"lineNumber":8,"author":{"gitId":"matthewphua"},"content":"    public String toString() {","lastModifiedDate":"2022-08-29"},{"lineNumber":9,"author":{"gitId":"matthewphua"},"content":"        return \"[T]\" + super.toString();","lastModifiedDate":"2022-08-29"},{"lineNumber":10,"author":{"gitId":"matthewphua"},"content":"    }","lastModifiedDate":"2022-08-29"},{"lineNumber":11,"author":{"gitId":"matthewphua"},"content":"","lastModifiedDate":"2022-08-29"},{"lineNumber":12,"author":{"gitId":"matthewphua"},"content":"}","lastModifiedDate":"2022-08-29"}],"authorContributionMap":{"matthewphua":12}}]
