{"authorDailyContributionsMap":{"matthewphua":[{"date":"2022-08-15","commitResults":[{"hash":"8ecf8b29ad72c26b6ffb6270199ffda233bb5d0d","messageTitle":"Level-0","messageBody":"","tags":["Level-0"],"fileTypesAndContributionMap":{"java":{"insertions":7,"deletions":0}}}]},{"date":"2022-08-24","commitResults":[{"hash":"1c7158a6414757573ac24950e4477ddc08acefa6","messageTitle":"Level-1","messageBody":"","tags":["Level-1"],"fileTypesAndContributionMap":{"java":{"insertions":18,"deletions":3}}},{"hash":"0a67c0b78cc9917713baf59b3698e2ee8795215b","messageTitle":"Level-2","messageBody":"","tags":["Level-2"],"fileTypesAndContributionMap":{"java":{"insertions":23,"deletions":10}}},{"hash":"23a8c2a8cf7a420420bcc5c40ff66bc71eec01c9","messageTitle":"Level-3","messageBody":"","tags":["Level-3"],"fileTypesAndContributionMap":{"java":{"insertions":44,"deletions":4}}}]},{"date":"2022-08-25","commitResults":[{"hash":"92f28b577a16b0ae50d3a2602ddc2b6a31be4bf5","messageTitle":"A-CodingStandard","messageBody":"","tags":["A-CodingStandard"],"fileTypesAndContributionMap":{"java":{"insertions":33,"deletions":6}}}]}]},"authorFileTypeContributionMap":{"matthewphua":{"java":108,"md":0,"fxml":0,"sh":0,"bat":0,"gradle":0,"txt":0}},"authorContributionVariance":{"matthewphua":743.53064},"authorDisplayNameMap":{"matthewphua":"PHUA..O YI"}}
