[{"path":"README.md","fileType":"md","lines":[{"lineNumber":1,"author":{"gitId":"redders7"},"content":"# Duke.Duke project template","lastModifiedDate":"2022-09-08"},{"lineNumber":2,"author":{"gitId":"-"},"content":"","lastModifiedDate":"2020-05-25"},{"lineNumber":3,"author":{"gitId":"-"},"content":"This is a project template for a greenfield Java project. It\u0027s named after the Java mascot _Duke_. Given below are instructions on how to use it.","lastModifiedDate":"2020-05-25"},{"lineNumber":4,"author":{"gitId":"-"},"content":"","lastModifiedDate":"2020-05-25"},{"lineNumber":5,"author":{"gitId":"-"},"content":"You will use this as a baseline for the individual project, as well as the team project later in the semester.","lastModifiedDate":"2022-08-09"},{"lineNumber":6,"author":{"gitId":"-"},"content":"","lastModifiedDate":"2022-08-09"},{"lineNumber":7,"author":{"gitId":"-"},"content":"## Setting up in Intellij","lastModifiedDate":"2020-05-25"},{"lineNumber":8,"author":{"gitId":"-"},"content":"","lastModifiedDate":"2020-05-25"},{"lineNumber":9,"author":{"gitId":"-"},"content":"Prerequisites: JDK 11, update Intellij to the most recent version.","lastModifiedDate":"2020-05-25"},{"lineNumber":10,"author":{"gitId":"-"},"content":"","lastModifiedDate":"2020-05-25"},{"lineNumber":11,"author":{"gitId":"-"},"content":"1. Open Intellij (if you are not in the welcome screen, click `File` \u003e `Close Project` to close the existing project first)","lastModifiedDate":"2021-01-17"},{"lineNumber":12,"author":{"gitId":"-"},"content":"1. Open the project into Intellij as follows:","lastModifiedDate":"2021-01-17"},{"lineNumber":13,"author":{"gitId":"-"},"content":"   1. Click `Open`.","lastModifiedDate":"2021-01-17"},{"lineNumber":14,"author":{"gitId":"-"},"content":"   1. Select the project directory, and click `OK`.","lastModifiedDate":"2021-01-17"},{"lineNumber":15,"author":{"gitId":"-"},"content":"   1. If there are any further prompts, accept the defaults.","lastModifiedDate":"2020-05-25"},{"lineNumber":16,"author":{"gitId":"-"},"content":"1. Configure the project to use **JDK 11** (not other versions) as explained in [here](https://www.jetbrains.com/help/idea/sdk.html#set-up-jdk).\u003cbr\u003e","lastModifiedDate":"2021-07-29"},{"lineNumber":17,"author":{"gitId":"-"},"content":"   In the same dialog, set the **Project language level** field to the `SDK default` option.","lastModifiedDate":"2021-07-29"},{"lineNumber":18,"author":{"gitId":"redders7"},"content":"3. After that, locate the `src/main/java/Duke.Duke.java` file, right-click it, and choose `Run Duke.Duke.main()` (if the code editor is showing compile errors, try restarting the IDE). If the setup is correct, you should see something like the below as the output:","lastModifiedDate":"2022-09-08"},{"lineNumber":19,"author":{"gitId":"-"},"content":"   ```","lastModifiedDate":"2020-05-25"},{"lineNumber":20,"author":{"gitId":"-"},"content":"   Hello from","lastModifiedDate":"2020-05-25"},{"lineNumber":21,"author":{"gitId":"-"},"content":"    ____        _        ","lastModifiedDate":"2020-05-25"},{"lineNumber":22,"author":{"gitId":"-"},"content":"   |  _ \\ _   _| | _____ ","lastModifiedDate":"2020-05-25"},{"lineNumber":23,"author":{"gitId":"-"},"content":"   | | | | | | | |/ / _ \\","lastModifiedDate":"2020-05-25"},{"lineNumber":24,"author":{"gitId":"-"},"content":"   | |_| | |_| |   \u003c  __/","lastModifiedDate":"2020-05-25"},{"lineNumber":25,"author":{"gitId":"-"},"content":"   |____/ \\__,_|_|\\_\\___|","lastModifiedDate":"2020-05-25"},{"lineNumber":26,"author":{"gitId":"-"},"content":"   ```","lastModifiedDate":"2020-05-25"}],"authorContributionMap":{"redders7":2,"-":24}},{"path":"data/duke.txt","fileType":"txt","lines":[{"lineNumber":1,"author":{"gitId":"redders7"},"content":"[T][ ]read book","lastModifiedDate":"2022-09-14"},{"lineNumber":2,"author":{"gitId":"redders7"},"content":"[D][ ]return book  (by:  Aug 8)","lastModifiedDate":"2022-09-14"}],"authorContributionMap":{"redders7":2}},{"path":"src/main/java/Duke/Duke.java","fileType":"java","lines":[{"lineNumber":1,"author":{"gitId":"redders7"},"content":"package Duke;","lastModifiedDate":"2022-09-08"},{"lineNumber":2,"author":{"gitId":"redders7"},"content":"","lastModifiedDate":"2022-09-08"},{"lineNumber":3,"author":{"gitId":"redders7"},"content":"import Duke.task.Deadline;","lastModifiedDate":"2022-09-08"},{"lineNumber":4,"author":{"gitId":"redders7"},"content":"import Duke.task.Event;","lastModifiedDate":"2022-09-08"},{"lineNumber":5,"author":{"gitId":"redders7"},"content":"import Duke.task.Task;","lastModifiedDate":"2022-09-08"},{"lineNumber":6,"author":{"gitId":"redders7"},"content":"import Duke.task.Todo;","lastModifiedDate":"2022-09-08"},{"lineNumber":7,"author":{"gitId":"redders7"},"content":"","lastModifiedDate":"2022-09-08"},{"lineNumber":8,"author":{"gitId":"redders7"},"content":"import java.util.Scanner;","lastModifiedDate":"2022-08-23"},{"lineNumber":9,"author":{"gitId":"redders7"},"content":"import java.util.ArrayList;","lastModifiedDate":"2022-09-10"},{"lineNumber":10,"author":{"gitId":"redders7"},"content":"import java.util.ArrayList;","lastModifiedDate":"2022-09-10"},{"lineNumber":11,"author":{"gitId":"redders7"},"content":"import java.util.Scanner;","lastModifiedDate":"2022-08-23"},{"lineNumber":12,"author":{"gitId":"redders7"},"content":"import java.io.File;","lastModifiedDate":"2022-09-10"},{"lineNumber":13,"author":{"gitId":"redders7"},"content":"import java.io.FileWriter;","lastModifiedDate":"2022-09-10"},{"lineNumber":14,"author":{"gitId":"redders7"},"content":"import java.io.FileNotFoundException;","lastModifiedDate":"2022-09-10"},{"lineNumber":15,"author":{"gitId":"redders7"},"content":"import java.io.IOException;","lastModifiedDate":"2022-09-10"},{"lineNumber":16,"author":{"gitId":"redders7"},"content":"","lastModifiedDate":"2022-08-23"},{"lineNumber":17,"author":{"gitId":"-"},"content":"public class Duke {","lastModifiedDate":"2019-07-29"},{"lineNumber":18,"author":{"gitId":"redders7"},"content":"","lastModifiedDate":"2022-09-10"},{"lineNumber":19,"author":{"gitId":"redders7"},"content":"    private static void writeToFile(String filePath, Integer cnt, ArrayList list) throws IOException {","lastModifiedDate":"2022-09-10"},{"lineNumber":20,"author":{"gitId":"redders7"},"content":"        FileWriter fw \u003d new FileWriter(filePath);","lastModifiedDate":"2022-09-10"},{"lineNumber":21,"author":{"gitId":"redders7"},"content":"        for (int i \u003d 0; i \u003c cnt; i++) {","lastModifiedDate":"2022-09-10"},{"lineNumber":22,"author":{"gitId":"redders7"},"content":"            fw.write(list.get(i).toString() + System.lineSeparator());","lastModifiedDate":"2022-09-10"},{"lineNumber":23,"author":{"gitId":"redders7"},"content":"        }","lastModifiedDate":"2022-09-10"},{"lineNumber":24,"author":{"gitId":"redders7"},"content":"        fw.close();","lastModifiedDate":"2022-09-10"},{"lineNumber":25,"author":{"gitId":"redders7"},"content":"    }","lastModifiedDate":"2022-09-10"},{"lineNumber":26,"author":{"gitId":"redders7"},"content":"","lastModifiedDate":"2022-09-10"},{"lineNumber":27,"author":{"gitId":"redders7"},"content":"    private static int getFileContents(String filePath, Integer cnt, ArrayList list) throws FileNotFoundException {","lastModifiedDate":"2022-09-14"},{"lineNumber":28,"author":{"gitId":"redders7"},"content":"        File f \u003d new File(filePath);","lastModifiedDate":"2022-09-10"},{"lineNumber":29,"author":{"gitId":"redders7"},"content":"        Scanner s \u003d new Scanner(f);","lastModifiedDate":"2022-09-10"},{"lineNumber":30,"author":{"gitId":"redders7"},"content":"        while (s.hasNext()) {","lastModifiedDate":"2022-09-10"},{"lineNumber":31,"author":{"gitId":"redders7"},"content":"            list.add(cnt, s.nextLine());","lastModifiedDate":"2022-09-14"},{"lineNumber":32,"author":{"gitId":"redders7"},"content":"            cnt++;","lastModifiedDate":"2022-09-14"},{"lineNumber":33,"author":{"gitId":"redders7"},"content":"        }","lastModifiedDate":"2022-09-10"},{"lineNumber":34,"author":{"gitId":"redders7"},"content":"        return cnt;","lastModifiedDate":"2022-09-14"},{"lineNumber":35,"author":{"gitId":"redders7"},"content":"    }","lastModifiedDate":"2022-09-10"},{"lineNumber":36,"author":{"gitId":"redders7"},"content":"    public static void main(String[] args) throws EmptyToDo, IllegalCommand {","lastModifiedDate":"2022-09-04"},{"lineNumber":37,"author":{"gitId":"redders7"},"content":"","lastModifiedDate":"2022-09-10"},{"lineNumber":38,"author":{"gitId":"redders7"},"content":"        String line \u003d \"____________________________________________________________\\n\";","lastModifiedDate":"2022-08-20"},{"lineNumber":39,"author":{"gitId":"redders7"},"content":"        Scanner cmd \u003d new Scanner(System.in);","lastModifiedDate":"2022-08-23"},{"lineNumber":40,"author":{"gitId":"redders7"},"content":"        ArrayList\u003cTask\u003e list \u003d new ArrayList\u003c\u003e();","lastModifiedDate":"2022-09-10"},{"lineNumber":41,"author":{"gitId":"redders7"},"content":"        int cnt \u003d 0;","lastModifiedDate":"2022-08-23"},{"lineNumber":42,"author":{"gitId":"redders7"},"content":"        Boolean isLast \u003d false;","lastModifiedDate":"2022-08-23"},{"lineNumber":43,"author":{"gitId":"redders7"},"content":"        File storedList \u003d new File(\"data/duke.txt\");","lastModifiedDate":"2022-09-10"},{"lineNumber":44,"author":{"gitId":"redders7"},"content":"        String fileLocation \u003d storedList.getAbsolutePath();","lastModifiedDate":"2022-09-14"},{"lineNumber":45,"author":{"gitId":"redders7"},"content":"","lastModifiedDate":"2022-09-10"},{"lineNumber":46,"author":{"gitId":"redders7"},"content":"        try {","lastModifiedDate":"2022-09-10"},{"lineNumber":47,"author":{"gitId":"redders7"},"content":"            cnt \u003d getFileContents(fileLocation, cnt, list);","lastModifiedDate":"2022-09-14"},{"lineNumber":48,"author":{"gitId":"redders7"},"content":"        } catch (FileNotFoundException e) {","lastModifiedDate":"2022-09-10"},{"lineNumber":49,"author":{"gitId":"redders7"},"content":"            System.out.println(\"File not found\");","lastModifiedDate":"2022-09-10"},{"lineNumber":50,"author":{"gitId":"redders7"},"content":"        }","lastModifiedDate":"2022-09-10"},{"lineNumber":51,"author":{"gitId":"redders7"},"content":"","lastModifiedDate":"2022-09-10"},{"lineNumber":52,"author":{"gitId":"redders7"},"content":"","lastModifiedDate":"2022-08-23"},{"lineNumber":53,"author":{"gitId":"redders7"},"content":"        System.out.println(line + \" Hello! I\u0027m Tommy\\n\" + \" What can I do for you?\\n\" + line);","lastModifiedDate":"2022-08-23"},{"lineNumber":54,"author":{"gitId":"redders7"},"content":"","lastModifiedDate":"2022-08-23"},{"lineNumber":55,"author":{"gitId":"redders7"},"content":"        do {","lastModifiedDate":"2022-08-23"},{"lineNumber":56,"author":{"gitId":"redders7"},"content":"            String input \u003d cmd.nextLine();","lastModifiedDate":"2022-09-04"},{"lineNumber":57,"author":{"gitId":"redders7"},"content":"            String[] arr \u003d input.split(\" \",2);","lastModifiedDate":"2022-09-04"},{"lineNumber":58,"author":{"gitId":"redders7"},"content":"            String first \u003d arr[0];","lastModifiedDate":"2022-08-28"},{"lineNumber":59,"author":{"gitId":"redders7"},"content":"            String second \u003d null;","lastModifiedDate":"2022-08-28"},{"lineNumber":60,"author":{"gitId":"redders7"},"content":"            if (arr.length \u003e 1) {","lastModifiedDate":"2022-08-28"},{"lineNumber":61,"author":{"gitId":"redders7"},"content":"                second \u003d arr[1];","lastModifiedDate":"2022-08-28"},{"lineNumber":62,"author":{"gitId":"redders7"},"content":"            }","lastModifiedDate":"2022-08-28"},{"lineNumber":63,"author":{"gitId":"redders7"},"content":"","lastModifiedDate":"2022-08-23"},{"lineNumber":64,"author":{"gitId":"redders7"},"content":"            if (input.contains(\"unmark\")) {","lastModifiedDate":"2022-09-04"},{"lineNumber":65,"author":{"gitId":"redders7"},"content":"                String a \u003d input.substring(7);","lastModifiedDate":"2022-09-04"},{"lineNumber":66,"author":{"gitId":"redders7"},"content":"                int index \u003d Integer.parseInt(a) - 1;","lastModifiedDate":"2022-08-23"},{"lineNumber":67,"author":{"gitId":"redders7"},"content":"                Task toSet \u003d list.get(index);","lastModifiedDate":"2022-09-10"},{"lineNumber":68,"author":{"gitId":"redders7"},"content":"                toSet.setUnDone();","lastModifiedDate":"2022-09-10"},{"lineNumber":69,"author":{"gitId":"redders7"},"content":"                list.set(index, toSet);","lastModifiedDate":"2022-09-10"},{"lineNumber":70,"author":{"gitId":"redders7"},"content":"                System.out.println(line + \" OK, I\u0027ve marked this Duke.task as not done yet:\");","lastModifiedDate":"2022-09-08"},{"lineNumber":71,"author":{"gitId":"redders7"},"content":"                System.out.println(list.get(index).toString());","lastModifiedDate":"2022-09-10"},{"lineNumber":72,"author":{"gitId":"redders7"},"content":"                System.out.println(line);","lastModifiedDate":"2022-08-23"},{"lineNumber":73,"author":{"gitId":"redders7"},"content":"            } else if (input.contains(\"mark\")) {","lastModifiedDate":"2022-09-04"},{"lineNumber":74,"author":{"gitId":"redders7"},"content":"                String a \u003d input.substring(5);","lastModifiedDate":"2022-09-04"},{"lineNumber":75,"author":{"gitId":"redders7"},"content":"                int index \u003d Integer.parseInt(a) - 1;","lastModifiedDate":"2022-08-23"},{"lineNumber":76,"author":{"gitId":"redders7"},"content":"                Task toSet \u003d list.get(index);","lastModifiedDate":"2022-09-10"},{"lineNumber":77,"author":{"gitId":"redders7"},"content":"                toSet.setDone();","lastModifiedDate":"2022-09-10"},{"lineNumber":78,"author":{"gitId":"redders7"},"content":"                list.set(index, toSet);","lastModifiedDate":"2022-09-10"},{"lineNumber":79,"author":{"gitId":"redders7"},"content":"                System.out.println(line + \"Nice! I\u0027ve marked this Duke.task as done:\");","lastModifiedDate":"2022-09-08"},{"lineNumber":80,"author":{"gitId":"redders7"},"content":"                System.out.println(list.get(index).toString());","lastModifiedDate":"2022-09-10"},{"lineNumber":81,"author":{"gitId":"redders7"},"content":"                System.out.println(line);","lastModifiedDate":"2022-08-23"},{"lineNumber":82,"author":{"gitId":"redders7"},"content":"            } else {","lastModifiedDate":"2022-08-23"},{"lineNumber":83,"author":{"gitId":"redders7"},"content":"                try {","lastModifiedDate":"2022-09-04"},{"lineNumber":84,"author":{"gitId":"redders7"},"content":"                    switch (first) {","lastModifiedDate":"2022-08-28"},{"lineNumber":85,"author":{"gitId":"redders7"},"content":"                    case \"todo\":","lastModifiedDate":"2022-08-28"},{"lineNumber":86,"author":{"gitId":"redders7"},"content":"                        if (second \u003d\u003d null) {","lastModifiedDate":"2022-09-04"},{"lineNumber":87,"author":{"gitId":"redders7"},"content":"                            throw new EmptyToDo();","lastModifiedDate":"2022-09-04"},{"lineNumber":88,"author":{"gitId":"redders7"},"content":"                        }","lastModifiedDate":"2022-09-04"},{"lineNumber":89,"author":{"gitId":"redders7"},"content":"                        list.add(new Todo(second));","lastModifiedDate":"2022-09-10"},{"lineNumber":90,"author":{"gitId":"redders7"},"content":"                        System.out.println(line + \" Got it. I\u0027ve added this Duke.task:\");","lastModifiedDate":"2022-09-08"},{"lineNumber":91,"author":{"gitId":"redders7"},"content":"                        System.out.println(\"\\t\" + list.get(cnt).toString());","lastModifiedDate":"2022-09-10"},{"lineNumber":92,"author":{"gitId":"redders7"},"content":"                        cnt++;","lastModifiedDate":"2022-08-28"},{"lineNumber":93,"author":{"gitId":"redders7"},"content":"                        System.out.println(\" Now you have \" + cnt + \" tasks in the list.\");","lastModifiedDate":"2022-08-28"},{"lineNumber":94,"author":{"gitId":"redders7"},"content":"                        System.out.println(line);","lastModifiedDate":"2022-08-28"},{"lineNumber":95,"author":{"gitId":"redders7"},"content":"                        break;","lastModifiedDate":"2022-08-28"},{"lineNumber":96,"author":{"gitId":"redders7"},"content":"                    case \"deadline\":","lastModifiedDate":"2022-08-28"},{"lineNumber":97,"author":{"gitId":"redders7"},"content":"                        String arr2[] \u003d second.split(\"/by\", 2);","lastModifiedDate":"2022-08-28"},{"lineNumber":98,"author":{"gitId":"redders7"},"content":"                        String desc \u003d arr2[0];","lastModifiedDate":"2022-08-28"},{"lineNumber":99,"author":{"gitId":"redders7"},"content":"                        String deadline \u003d arr2[1];","lastModifiedDate":"2022-08-28"},{"lineNumber":100,"author":{"gitId":"redders7"},"content":"                        list.add(new Deadline(desc, deadline));","lastModifiedDate":"2022-09-10"},{"lineNumber":101,"author":{"gitId":"redders7"},"content":"                        System.out.println(line + \" Got it. I\u0027ve added this Duke.task:\");","lastModifiedDate":"2022-09-08"},{"lineNumber":102,"author":{"gitId":"redders7"},"content":"                        System.out.println(\"\\t\" + list.get(cnt).toString());","lastModifiedDate":"2022-09-10"},{"lineNumber":103,"author":{"gitId":"redders7"},"content":"                        cnt++;","lastModifiedDate":"2022-08-28"},{"lineNumber":104,"author":{"gitId":"redders7"},"content":"                        System.out.println(\" Now you have \" + cnt + \" tasks in the list.\");","lastModifiedDate":"2022-08-28"},{"lineNumber":105,"author":{"gitId":"redders7"},"content":"                        System.out.println(line);","lastModifiedDate":"2022-08-28"},{"lineNumber":106,"author":{"gitId":"redders7"},"content":"                        break;","lastModifiedDate":"2022-08-28"},{"lineNumber":107,"author":{"gitId":"redders7"},"content":"                    case \"event\":","lastModifiedDate":"2022-08-28"},{"lineNumber":108,"author":{"gitId":"redders7"},"content":"                        String event[] \u003d second.split(\"/at\", 2);","lastModifiedDate":"2022-08-28"},{"lineNumber":109,"author":{"gitId":"redders7"},"content":"                        String name \u003d event[0];","lastModifiedDate":"2022-08-28"},{"lineNumber":110,"author":{"gitId":"redders7"},"content":"                        String time \u003d event[1];","lastModifiedDate":"2022-08-28"},{"lineNumber":111,"author":{"gitId":"redders7"},"content":"                        list.add(new Event(name, time));","lastModifiedDate":"2022-09-10"},{"lineNumber":112,"author":{"gitId":"redders7"},"content":"                        System.out.println(line + \" Got it. I\u0027ve added this Duke.task:\");","lastModifiedDate":"2022-09-08"},{"lineNumber":113,"author":{"gitId":"redders7"},"content":"                        System.out.println(\"\\t\" + list.get(cnt).toString());","lastModifiedDate":"2022-09-10"},{"lineNumber":114,"author":{"gitId":"redders7"},"content":"                        cnt++;","lastModifiedDate":"2022-08-28"},{"lineNumber":115,"author":{"gitId":"redders7"},"content":"                        System.out.println(\" Now you have \" + cnt + \" tasks in the list.\");","lastModifiedDate":"2022-08-28"},{"lineNumber":116,"author":{"gitId":"redders7"},"content":"                        System.out.println(line);","lastModifiedDate":"2022-08-28"},{"lineNumber":117,"author":{"gitId":"redders7"},"content":"                        break;","lastModifiedDate":"2022-08-28"},{"lineNumber":118,"author":{"gitId":"redders7"},"content":"                    case \"list\":","lastModifiedDate":"2022-08-23"},{"lineNumber":119,"author":{"gitId":"redders7"},"content":"                        System.out.println(line);","lastModifiedDate":"2022-08-23"},{"lineNumber":120,"author":{"gitId":"redders7"},"content":"                        System.out.println(\"Here are the tasks in your list:\");","lastModifiedDate":"2022-08-23"},{"lineNumber":121,"author":{"gitId":"redders7"},"content":"                        for (int i \u003d 0; i \u003c cnt; i++) {","lastModifiedDate":"2022-08-23"},{"lineNumber":122,"author":{"gitId":"redders7"},"content":"                            System.out.println(\"\\t\" + (i + 1) + \".\" + list.get(i).toString());","lastModifiedDate":"2022-09-10"},{"lineNumber":123,"author":{"gitId":"redders7"},"content":"                        }","lastModifiedDate":"2022-08-23"},{"lineNumber":124,"author":{"gitId":"redders7"},"content":"                        System.out.println(line);","lastModifiedDate":"2022-08-23"},{"lineNumber":125,"author":{"gitId":"redders7"},"content":"                        break;","lastModifiedDate":"2022-08-23"},{"lineNumber":126,"author":{"gitId":"redders7"},"content":"                    case \"delete\":","lastModifiedDate":"2022-09-10"},{"lineNumber":127,"author":{"gitId":"redders7"},"content":"                        System.out.println(line);","lastModifiedDate":"2022-09-10"},{"lineNumber":128,"author":{"gitId":"redders7"},"content":"                        System.out.println(\"Noted. I\u0027ve removed this task:\");","lastModifiedDate":"2022-09-10"},{"lineNumber":129,"author":{"gitId":"redders7"},"content":"                        int index \u003d Integer.parseInt(second) - 1;","lastModifiedDate":"2022-09-10"},{"lineNumber":130,"author":{"gitId":"redders7"},"content":"                        System.out.println(\"\\t\" + list.get(index).toString());","lastModifiedDate":"2022-09-10"},{"lineNumber":131,"author":{"gitId":"redders7"},"content":"                        list.remove(index);","lastModifiedDate":"2022-09-10"},{"lineNumber":132,"author":{"gitId":"redders7"},"content":"                        cnt--;","lastModifiedDate":"2022-09-10"},{"lineNumber":133,"author":{"gitId":"redders7"},"content":"                        System.out.println(\" Now you have \" + cnt + \" tasks in the list.\");","lastModifiedDate":"2022-09-10"},{"lineNumber":134,"author":{"gitId":"redders7"},"content":"                        System.out.println(line);","lastModifiedDate":"2022-09-10"},{"lineNumber":135,"author":{"gitId":"redders7"},"content":"                        break;","lastModifiedDate":"2022-09-10"},{"lineNumber":136,"author":{"gitId":"redders7"},"content":"                    case \"bye\":","lastModifiedDate":"2022-08-23"},{"lineNumber":137,"author":{"gitId":"redders7"},"content":"                        isLast \u003d true;","lastModifiedDate":"2022-08-23"},{"lineNumber":138,"author":{"gitId":"redders7"},"content":"                        break;","lastModifiedDate":"2022-08-23"},{"lineNumber":139,"author":{"gitId":"redders7"},"content":"                    default:","lastModifiedDate":"2022-08-23"},{"lineNumber":140,"author":{"gitId":"redders7"},"content":"                        throw new IllegalCommand();","lastModifiedDate":"2022-09-04"},{"lineNumber":141,"author":{"gitId":"redders7"},"content":"                    }","lastModifiedDate":"2022-09-04"},{"lineNumber":142,"author":{"gitId":"redders7"},"content":"                } catch (EmptyToDo e){","lastModifiedDate":"2022-09-04"},{"lineNumber":143,"author":{"gitId":"redders7"},"content":"                    System.out.println(line + \"☹ OOPS!!! The description of a todo cannot be empty.\");","lastModifiedDate":"2022-09-04"},{"lineNumber":144,"author":{"gitId":"redders7"},"content":"                    System.out.println(line);","lastModifiedDate":"2022-09-04"},{"lineNumber":145,"author":{"gitId":"redders7"},"content":"                } catch (IllegalCommand e) {","lastModifiedDate":"2022-09-04"},{"lineNumber":146,"author":{"gitId":"redders7"},"content":"                    System.out.println(line + \"☹ OOPS!!! I\u0027m sorry, but I don\u0027t know what that means :-(\");","lastModifiedDate":"2022-09-04"},{"lineNumber":147,"author":{"gitId":"redders7"},"content":"                    System.out.println(line);","lastModifiedDate":"2022-09-04"},{"lineNumber":148,"author":{"gitId":"redders7"},"content":"                }","lastModifiedDate":"2022-08-23"},{"lineNumber":149,"author":{"gitId":"redders7"},"content":"            }","lastModifiedDate":"2022-08-23"},{"lineNumber":150,"author":{"gitId":"redders7"},"content":"        } while (!isLast);","lastModifiedDate":"2022-08-23"},{"lineNumber":151,"author":{"gitId":"redders7"},"content":"","lastModifiedDate":"2022-08-23"},{"lineNumber":152,"author":{"gitId":"redders7"},"content":"        try {","lastModifiedDate":"2022-09-14"},{"lineNumber":153,"author":{"gitId":"redders7"},"content":"            writeToFile(fileLocation, cnt, list);","lastModifiedDate":"2022-09-14"},{"lineNumber":154,"author":{"gitId":"redders7"},"content":"        } catch (IOException e) {","lastModifiedDate":"2022-09-14"},{"lineNumber":155,"author":{"gitId":"redders7"},"content":"            System.out.println(\"File not found\");","lastModifiedDate":"2022-09-14"},{"lineNumber":156,"author":{"gitId":"redders7"},"content":"        }","lastModifiedDate":"2022-09-14"},{"lineNumber":157,"author":{"gitId":"redders7"},"content":"","lastModifiedDate":"2022-09-14"},{"lineNumber":158,"author":{"gitId":"redders7"},"content":"        System.out.println(line + \" Bye. Hope to see you again soon!\\n\" + line);","lastModifiedDate":"2022-08-23"},{"lineNumber":159,"author":{"gitId":"-"},"content":"    }","lastModifiedDate":"2019-07-29"},{"lineNumber":160,"author":{"gitId":"-"},"content":"}","lastModifiedDate":"2019-07-29"}],"authorContributionMap":{"redders7":157,"-":3}},{"path":"src/main/java/Duke/EmptyToDo.java","fileType":"java","lines":[{"lineNumber":1,"author":{"gitId":"redders7"},"content":"package Duke;","lastModifiedDate":"2022-09-08"},{"lineNumber":2,"author":{"gitId":"redders7"},"content":"","lastModifiedDate":"2022-09-08"},{"lineNumber":3,"author":{"gitId":"redders7"},"content":"public class EmptyToDo extends Exception{","lastModifiedDate":"2022-09-04"},{"lineNumber":4,"author":{"gitId":"redders7"},"content":"}","lastModifiedDate":"2022-09-04"}],"authorContributionMap":{"redders7":4}},{"path":"src/main/java/Duke/IllegalCommand.java","fileType":"java","lines":[{"lineNumber":1,"author":{"gitId":"redders7"},"content":"package Duke;","lastModifiedDate":"2022-09-08"},{"lineNumber":2,"author":{"gitId":"redders7"},"content":"","lastModifiedDate":"2022-09-08"},{"lineNumber":3,"author":{"gitId":"redders7"},"content":"public class IllegalCommand extends Exception{","lastModifiedDate":"2022-09-04"},{"lineNumber":4,"author":{"gitId":"redders7"},"content":"}","lastModifiedDate":"2022-09-04"}],"authorContributionMap":{"redders7":4}},{"path":"src/main/java/Duke/task/Deadline.java","fileType":"java","lines":[{"lineNumber":1,"author":{"gitId":"redders7"},"content":"package Duke.task;","lastModifiedDate":"2022-09-08"},{"lineNumber":2,"author":{"gitId":"redders7"},"content":"","lastModifiedDate":"2022-09-08"},{"lineNumber":3,"author":{"gitId":"redders7"},"content":"public class Deadline extends Task {","lastModifiedDate":"2022-08-29"},{"lineNumber":4,"author":{"gitId":"redders7"},"content":"","lastModifiedDate":"2022-08-29"},{"lineNumber":5,"author":{"gitId":"redders7"},"content":"    protected String by;","lastModifiedDate":"2022-08-29"},{"lineNumber":6,"author":{"gitId":"redders7"},"content":"","lastModifiedDate":"2022-08-29"},{"lineNumber":7,"author":{"gitId":"redders7"},"content":"    public Deadline(String description, String by) {","lastModifiedDate":"2022-08-29"},{"lineNumber":8,"author":{"gitId":"redders7"},"content":"        super(description);","lastModifiedDate":"2022-08-29"},{"lineNumber":9,"author":{"gitId":"redders7"},"content":"        this.by \u003d by;","lastModifiedDate":"2022-08-29"},{"lineNumber":10,"author":{"gitId":"redders7"},"content":"    }","lastModifiedDate":"2022-08-29"},{"lineNumber":11,"author":{"gitId":"redders7"},"content":"","lastModifiedDate":"2022-08-29"},{"lineNumber":12,"author":{"gitId":"redders7"},"content":"    @Override","lastModifiedDate":"2022-08-29"},{"lineNumber":13,"author":{"gitId":"redders7"},"content":"    public String toString() {","lastModifiedDate":"2022-08-29"},{"lineNumber":14,"author":{"gitId":"redders7"},"content":"        return \"[D]\" + super.toString() + \" (by: \" + by + \")\";","lastModifiedDate":"2022-08-29"},{"lineNumber":15,"author":{"gitId":"redders7"},"content":"    }","lastModifiedDate":"2022-08-29"},{"lineNumber":16,"author":{"gitId":"redders7"},"content":"}","lastModifiedDate":"2022-08-29"}],"authorContributionMap":{"redders7":16}},{"path":"src/main/java/Duke/task/Event.java","fileType":"java","lines":[{"lineNumber":1,"author":{"gitId":"redders7"},"content":"package Duke.task;","lastModifiedDate":"2022-09-08"},{"lineNumber":2,"author":{"gitId":"redders7"},"content":"","lastModifiedDate":"2022-09-08"},{"lineNumber":3,"author":{"gitId":"redders7"},"content":"public class Event extends Task {","lastModifiedDate":"2022-08-29"},{"lineNumber":4,"author":{"gitId":"redders7"},"content":"","lastModifiedDate":"2022-08-29"},{"lineNumber":5,"author":{"gitId":"redders7"},"content":"    protected String at;","lastModifiedDate":"2022-08-29"},{"lineNumber":6,"author":{"gitId":"redders7"},"content":"","lastModifiedDate":"2022-08-29"},{"lineNumber":7,"author":{"gitId":"redders7"},"content":"    public Event(String description, String at) {","lastModifiedDate":"2022-08-29"},{"lineNumber":8,"author":{"gitId":"redders7"},"content":"        super(description);","lastModifiedDate":"2022-08-29"},{"lineNumber":9,"author":{"gitId":"redders7"},"content":"        this.at \u003d at;","lastModifiedDate":"2022-08-29"},{"lineNumber":10,"author":{"gitId":"redders7"},"content":"    }","lastModifiedDate":"2022-08-29"},{"lineNumber":11,"author":{"gitId":"redders7"},"content":"","lastModifiedDate":"2022-08-29"},{"lineNumber":12,"author":{"gitId":"redders7"},"content":"    @Override","lastModifiedDate":"2022-08-29"},{"lineNumber":13,"author":{"gitId":"redders7"},"content":"    public String toString() {","lastModifiedDate":"2022-08-29"},{"lineNumber":14,"author":{"gitId":"redders7"},"content":"        return \"[E]\" + super.toString() + \" (at: \" + at + \")\";","lastModifiedDate":"2022-08-29"},{"lineNumber":15,"author":{"gitId":"redders7"},"content":"    }","lastModifiedDate":"2022-08-29"},{"lineNumber":16,"author":{"gitId":"redders7"},"content":"}","lastModifiedDate":"2022-08-29"}],"authorContributionMap":{"redders7":16}},{"path":"src/main/java/Duke/task/Task.java","fileType":"java","lines":[{"lineNumber":1,"author":{"gitId":"redders7"},"content":"package Duke.task;","lastModifiedDate":"2022-09-08"},{"lineNumber":2,"author":{"gitId":"redders7"},"content":"","lastModifiedDate":"2022-09-08"},{"lineNumber":3,"author":{"gitId":"redders7"},"content":"public class Task {","lastModifiedDate":"2022-08-23"},{"lineNumber":4,"author":{"gitId":"redders7"},"content":"    protected String description;","lastModifiedDate":"2022-08-23"},{"lineNumber":5,"author":{"gitId":"redders7"},"content":"    protected boolean isDone;","lastModifiedDate":"2022-08-23"},{"lineNumber":6,"author":{"gitId":"redders7"},"content":"    protected String type;","lastModifiedDate":"2022-08-28"},{"lineNumber":7,"author":{"gitId":"redders7"},"content":"","lastModifiedDate":"2022-08-23"},{"lineNumber":8,"author":{"gitId":"redders7"},"content":"    public Task(String description) {","lastModifiedDate":"2022-08-29"},{"lineNumber":9,"author":{"gitId":"redders7"},"content":"        this.description \u003d description;","lastModifiedDate":"2022-08-23"},{"lineNumber":10,"author":{"gitId":"redders7"},"content":"        this.isDone \u003d false;","lastModifiedDate":"2022-08-23"},{"lineNumber":11,"author":{"gitId":"redders7"},"content":"    }","lastModifiedDate":"2022-08-23"},{"lineNumber":12,"author":{"gitId":"redders7"},"content":"","lastModifiedDate":"2022-08-23"},{"lineNumber":13,"author":{"gitId":"redders7"},"content":"    public String getStatusIcon() {","lastModifiedDate":"2022-08-23"},{"lineNumber":14,"author":{"gitId":"redders7"},"content":"        return (isDone ? \"X\" : \" \"); // mark done Duke.task with X","lastModifiedDate":"2022-09-08"},{"lineNumber":15,"author":{"gitId":"redders7"},"content":"    }","lastModifiedDate":"2022-08-23"},{"lineNumber":16,"author":{"gitId":"redders7"},"content":"","lastModifiedDate":"2022-08-23"},{"lineNumber":17,"author":{"gitId":"redders7"},"content":"    public void setDone() {","lastModifiedDate":"2022-08-23"},{"lineNumber":18,"author":{"gitId":"redders7"},"content":"        isDone \u003d true;","lastModifiedDate":"2022-08-23"},{"lineNumber":19,"author":{"gitId":"redders7"},"content":"    }","lastModifiedDate":"2022-08-23"},{"lineNumber":20,"author":{"gitId":"redders7"},"content":"","lastModifiedDate":"2022-08-23"},{"lineNumber":21,"author":{"gitId":"redders7"},"content":"    public void setUnDone() {","lastModifiedDate":"2022-08-23"},{"lineNumber":22,"author":{"gitId":"redders7"},"content":"        isDone \u003d false;","lastModifiedDate":"2022-08-23"},{"lineNumber":23,"author":{"gitId":"redders7"},"content":"    }","lastModifiedDate":"2022-08-23"},{"lineNumber":24,"author":{"gitId":"redders7"},"content":"","lastModifiedDate":"2022-08-29"},{"lineNumber":25,"author":{"gitId":"redders7"},"content":"    public String toString() {","lastModifiedDate":"2022-08-29"},{"lineNumber":26,"author":{"gitId":"redders7"},"content":"        return \"[\" + this.getStatusIcon() + \"]\" + this.description;","lastModifiedDate":"2022-08-29"},{"lineNumber":27,"author":{"gitId":"redders7"},"content":"    }","lastModifiedDate":"2022-08-29"},{"lineNumber":28,"author":{"gitId":"redders7"},"content":"}","lastModifiedDate":"2022-08-23"}],"authorContributionMap":{"redders7":28}},{"path":"src/main/java/Duke/task/Todo.java","fileType":"java","lines":[{"lineNumber":1,"author":{"gitId":"redders7"},"content":"package Duke.task;","lastModifiedDate":"2022-09-08"},{"lineNumber":2,"author":{"gitId":"redders7"},"content":"","lastModifiedDate":"2022-09-08"},{"lineNumber":3,"author":{"gitId":"redders7"},"content":"public class Todo extends Task {","lastModifiedDate":"2022-08-29"},{"lineNumber":4,"author":{"gitId":"redders7"},"content":"    public Todo(String description) {","lastModifiedDate":"2022-08-29"},{"lineNumber":5,"author":{"gitId":"redders7"},"content":"        super(description);","lastModifiedDate":"2022-08-29"},{"lineNumber":6,"author":{"gitId":"redders7"},"content":"    }","lastModifiedDate":"2022-08-29"},{"lineNumber":7,"author":{"gitId":"redders7"},"content":"","lastModifiedDate":"2022-08-29"},{"lineNumber":8,"author":{"gitId":"redders7"},"content":"    @Override","lastModifiedDate":"2022-08-29"},{"lineNumber":9,"author":{"gitId":"redders7"},"content":"    public String toString() {","lastModifiedDate":"2022-08-29"},{"lineNumber":10,"author":{"gitId":"redders7"},"content":"        return \"[T]\" + super.toString();","lastModifiedDate":"2022-08-29"},{"lineNumber":11,"author":{"gitId":"redders7"},"content":"    }","lastModifiedDate":"2022-08-29"},{"lineNumber":12,"author":{"gitId":"redders7"},"content":"}","lastModifiedDate":"2022-08-29"}],"authorContributionMap":{"redders7":12}},{"path":"text-ui-test/input.txt","fileType":"txt","lines":[{"lineNumber":1,"author":{"gitId":"redders7"},"content":"todo Answer CS2113 tutorial questions","lastModifiedDate":"2022-09-04"},{"lineNumber":2,"author":{"gitId":"redders7"},"content":"deadline Weekly CS2113 Quiz /by Monday 9pm","lastModifiedDate":"2022-09-04"},{"lineNumber":3,"author":{"gitId":"redders7"},"content":"list","lastModifiedDate":"2022-09-04"},{"lineNumber":4,"author":{"gitId":"redders7"},"content":"event CS2113 lecture /at Friday 4 to 6pm","lastModifiedDate":"2022-09-04"},{"lineNumber":5,"author":{"gitId":"redders7"},"content":"mark 1","lastModifiedDate":"2022-08-29"},{"lineNumber":6,"author":{"gitId":"redders7"},"content":"list","lastModifiedDate":"2022-08-29"}],"authorContributionMap":{"redders7":6}},{"path":"text-ui-test/runtest.bat","fileType":"bat","lines":[{"lineNumber":1,"author":{"gitId":"-"},"content":"@ECHO OFF","lastModifiedDate":"2020-05-25"},{"lineNumber":2,"author":{"gitId":"-"},"content":"","lastModifiedDate":"2020-05-25"},{"lineNumber":3,"author":{"gitId":"-"},"content":"REM create bin directory if it doesn\u0027t exist","lastModifiedDate":"2020-05-25"},{"lineNumber":4,"author":{"gitId":"-"},"content":"if not exist ..\\bin mkdir ..\\bin","lastModifiedDate":"2020-05-25"},{"lineNumber":5,"author":{"gitId":"-"},"content":"","lastModifiedDate":"2020-05-25"},{"lineNumber":6,"author":{"gitId":"-"},"content":"REM delete output from previous run","lastModifiedDate":"2020-05-25"},{"lineNumber":7,"author":{"gitId":"-"},"content":"if exist ACTUAL.TXT del ACTUAL.TXT","lastModifiedDate":"2020-08-25"},{"lineNumber":8,"author":{"gitId":"-"},"content":"","lastModifiedDate":"2020-05-25"},{"lineNumber":9,"author":{"gitId":"-"},"content":"REM compile the code into the bin folder","lastModifiedDate":"2020-05-25"},{"lineNumber":10,"author":{"gitId":"-"},"content":"javac  -cp ..\\src\\main\\java -Xlint:none -d ..\\bin ..\\src\\main\\java\\*.java","lastModifiedDate":"2020-08-25"},{"lineNumber":11,"author":{"gitId":"-"},"content":"IF ERRORLEVEL 1 (","lastModifiedDate":"2020-05-25"},{"lineNumber":12,"author":{"gitId":"-"},"content":"    echo ********** BUILD FAILURE **********","lastModifiedDate":"2020-05-25"},{"lineNumber":13,"author":{"gitId":"-"},"content":"    exit /b 1","lastModifiedDate":"2020-05-25"},{"lineNumber":14,"author":{"gitId":"-"},"content":")","lastModifiedDate":"2020-05-25"},{"lineNumber":15,"author":{"gitId":"-"},"content":"REM no error here, errorlevel \u003d\u003d 0","lastModifiedDate":"2020-05-25"},{"lineNumber":16,"author":{"gitId":"-"},"content":"","lastModifiedDate":"2020-05-25"},{"lineNumber":17,"author":{"gitId":"-"},"content":"REM run the program, feed commands from input.txt file and redirect the output to the ACTUAL.TXT","lastModifiedDate":"2020-05-25"},{"lineNumber":18,"author":{"gitId":"redders7"},"content":"java -classpath ..\\bin Duke.Duke \u003c input.txt \u003e ACTUAL.TXT","lastModifiedDate":"2022-09-08"},{"lineNumber":19,"author":{"gitId":"-"},"content":"","lastModifiedDate":"2020-05-25"},{"lineNumber":20,"author":{"gitId":"-"},"content":"REM compare the output to the expected output","lastModifiedDate":"2020-05-25"},{"lineNumber":21,"author":{"gitId":"-"},"content":"FC ACTUAL.TXT EXPECTED.TXT","lastModifiedDate":"2020-05-25"}],"authorContributionMap":{"redders7":1,"-":20}}]
