{"authorDailyContributionsMap":{"redders7":[{"date":"2022-08-20","commitResults":[{"hash":"45c2405842a297e982fbca8c7b171acbb08393a9","messageTitle":"Implement an initial skeletal version of the Duke that simply greets the user and exits.","messageBody":"","tags":["Level-0"],"fileTypesAndContributionMap":{"java":{"insertions":2,"deletions":6}}}]}]},"authorFileTypeContributionMap":{"redders7":{"java":2,"md":0,"fxml":0,"sh":0,"bat":0,"gradle":0,"txt":0}},"authorContributionVariance":{"redders7":6.3209877},"authorDisplayNameMap":{"redders7":"ONG ..YONG"}}
