[{"path":"src/main/java/Deadline.java","fileType":"java","lines":[{"lineNumber":1,"author":{"gitId":"yuu-chennn"},"content":"public class Deadline extends Task {","lastModifiedDate":"2022-09-30"},{"lineNumber":2,"author":{"gitId":"yuu-chennn"},"content":"    protected String due;","lastModifiedDate":"2022-09-30"},{"lineNumber":3,"author":{"gitId":"yuu-chennn"},"content":"","lastModifiedDate":"2022-09-30"},{"lineNumber":4,"author":{"gitId":"yuu-chennn"},"content":"    public Deadline(String taskName, String due) {","lastModifiedDate":"2022-09-30"},{"lineNumber":5,"author":{"gitId":"yuu-chennn"},"content":"        super(taskName);","lastModifiedDate":"2022-09-30"},{"lineNumber":6,"author":{"gitId":"yuu-chennn"},"content":"        this.due \u003d due;","lastModifiedDate":"2022-09-30"},{"lineNumber":7,"author":{"gitId":"yuu-chennn"},"content":"    }","lastModifiedDate":"2022-09-30"},{"lineNumber":8,"author":{"gitId":"yuu-chennn"},"content":"","lastModifiedDate":"2022-09-30"},{"lineNumber":9,"author":{"gitId":"yuu-chennn"},"content":"    @Override","lastModifiedDate":"2022-09-30"},{"lineNumber":10,"author":{"gitId":"yuu-chennn"},"content":"    public String toString() {","lastModifiedDate":"2022-09-30"},{"lineNumber":11,"author":{"gitId":"yuu-chennn"},"content":"        return \"    [D]\" + super.toString() + \" (by: \" + due + \")\";","lastModifiedDate":"2022-09-30"},{"lineNumber":12,"author":{"gitId":"yuu-chennn"},"content":"    }","lastModifiedDate":"2022-09-30"},{"lineNumber":13,"author":{"gitId":"yuu-chennn"},"content":"}","lastModifiedDate":"2022-09-30"}],"authorContributionMap":{"yuu-chennn":13}},{"path":"src/main/java/Duke.java","fileType":"java","lines":[{"lineNumber":1,"author":{"gitId":"yuu-chennn"},"content":"import java.util.Scanner;","lastModifiedDate":"2022-08-30"},{"lineNumber":2,"author":{"gitId":"yuu-chennn"},"content":"","lastModifiedDate":"2022-09-02"},{"lineNumber":3,"author":{"gitId":"-"},"content":"public class Duke {","lastModifiedDate":"2019-07-29"},{"lineNumber":4,"author":{"gitId":"-"},"content":"    public static void main(String[] args) {","lastModifiedDate":"2019-07-29"},{"lineNumber":5,"author":{"gitId":"yuu-chennn"},"content":"        String greeting \u003d \"Hello! I\u0027m Duke\\n\"","lastModifiedDate":"2022-08-30"},{"lineNumber":6,"author":{"gitId":"yuu-chennn"},"content":"                        + \"What can I do for you?\\n\";","lastModifiedDate":"2022-08-30"},{"lineNumber":7,"author":{"gitId":"yuu-chennn"},"content":"        System.out.println(greeting);","lastModifiedDate":"2022-08-30"},{"lineNumber":8,"author":{"gitId":"yuu-chennn"},"content":"        Scanner in \u003d new Scanner(System.in);","lastModifiedDate":"2022-08-30"},{"lineNumber":9,"author":{"gitId":"yuu-chennn"},"content":"        String input \u003d in.nextLine();","lastModifiedDate":"2022-08-30"},{"lineNumber":10,"author":{"gitId":"yuu-chennn"},"content":"","lastModifiedDate":"2022-08-30"},{"lineNumber":11,"author":{"gitId":"yuu-chennn"},"content":"        while (true) {","lastModifiedDate":"2022-08-31"},{"lineNumber":12,"author":{"gitId":"yuu-chennn"},"content":"            if (input.equals(\"bye\")) {","lastModifiedDate":"2022-08-31"},{"lineNumber":13,"author":{"gitId":"yuu-chennn"},"content":"                break;","lastModifiedDate":"2022-08-31"},{"lineNumber":14,"author":{"gitId":"yuu-chennn"},"content":"            } else if (input.equals(\"list\")) {","lastModifiedDate":"2022-08-31"},{"lineNumber":15,"author":{"gitId":"yuu-chennn"},"content":"                TaskManager.list(TaskManager.tasks);","lastModifiedDate":"2022-09-30"},{"lineNumber":16,"author":{"gitId":"yuu-chennn"},"content":"            } else if (input.startsWith(\"mark\")){","lastModifiedDate":"2022-09-02"},{"lineNumber":17,"author":{"gitId":"yuu-chennn"},"content":"                TaskManager.markAsDone(input, TaskManager.tasks);","lastModifiedDate":"2022-09-30"},{"lineNumber":18,"author":{"gitId":"yuu-chennn"},"content":"            } else if (input.startsWith(\"unmark\")) {","lastModifiedDate":"2022-09-02"},{"lineNumber":19,"author":{"gitId":"yuu-chennn"},"content":"                TaskManager.markAsNotDone(input, TaskManager.tasks);","lastModifiedDate":"2022-09-30"},{"lineNumber":20,"author":{"gitId":"yuu-chennn"},"content":"            } else if (input.equals(\"todo\")) {","lastModifiedDate":"2022-09-30"},{"lineNumber":21,"author":{"gitId":"yuu-chennn"},"content":"                System.out.println(\"☹ OOPS!!! The description of a todo cannot be empty.\");","lastModifiedDate":"2022-09-30"},{"lineNumber":22,"author":{"gitId":"yuu-chennn"},"content":"            } else if (input.equals(\"deadline\")) {","lastModifiedDate":"2022-09-30"},{"lineNumber":23,"author":{"gitId":"yuu-chennn"},"content":"                System.out.println(\"☹ OOPS!!! The description of a deadline cannot be empty.\");","lastModifiedDate":"2022-09-30"},{"lineNumber":24,"author":{"gitId":"yuu-chennn"},"content":"            } else if (input.equals(\"event\")) {","lastModifiedDate":"2022-09-30"},{"lineNumber":25,"author":{"gitId":"yuu-chennn"},"content":"                System.out.println(\"☹ OOPS!!! The description of an event cannot be empty.\");","lastModifiedDate":"2022-09-30"},{"lineNumber":26,"author":{"gitId":"yuu-chennn"},"content":"            } else if (input.startsWith(\"todo\")) {","lastModifiedDate":"2022-09-30"},{"lineNumber":27,"author":{"gitId":"yuu-chennn"},"content":"                TaskManager.addTodo(input, TaskManager.tasks);","lastModifiedDate":"2022-09-30"},{"lineNumber":28,"author":{"gitId":"yuu-chennn"},"content":"            } else if (input.startsWith(\"deadline\")) {","lastModifiedDate":"2022-09-30"},{"lineNumber":29,"author":{"gitId":"yuu-chennn"},"content":"                TaskManager.addDeadline(input, TaskManager.tasks);","lastModifiedDate":"2022-09-30"},{"lineNumber":30,"author":{"gitId":"yuu-chennn"},"content":"            } else if (input.startsWith(\"event\")) {","lastModifiedDate":"2022-09-30"},{"lineNumber":31,"author":{"gitId":"yuu-chennn"},"content":"                TaskManager.addEvent(input, TaskManager.tasks);","lastModifiedDate":"2022-09-30"},{"lineNumber":32,"author":{"gitId":"yuu-chennn"},"content":"            } else {","lastModifiedDate":"2022-08-31"},{"lineNumber":33,"author":{"gitId":"yuu-chennn"},"content":"                System.out.println(\"☹ OOPS!!! I\u0027m sorry, but I don\u0027t know what that means :-(\");","lastModifiedDate":"2022-09-30"},{"lineNumber":34,"author":{"gitId":"yuu-chennn"},"content":"            }","lastModifiedDate":"2022-08-31"},{"lineNumber":35,"author":{"gitId":"yuu-chennn"},"content":"            System.out.println();","lastModifiedDate":"2022-08-30"},{"lineNumber":36,"author":{"gitId":"yuu-chennn"},"content":"            input \u003d in.nextLine();","lastModifiedDate":"2022-08-30"},{"lineNumber":37,"author":{"gitId":"yuu-chennn"},"content":"        }","lastModifiedDate":"2022-08-30"},{"lineNumber":38,"author":{"gitId":"yuu-chennn"},"content":"        String farewell \u003d \"Bye. Hope to see you again soon!\\n\";","lastModifiedDate":"2022-08-30"},{"lineNumber":39,"author":{"gitId":"yuu-chennn"},"content":"        System.out.println(farewell);","lastModifiedDate":"2022-08-30"},{"lineNumber":40,"author":{"gitId":"-"},"content":"    }","lastModifiedDate":"2019-07-29"},{"lineNumber":41,"author":{"gitId":"-"},"content":"}","lastModifiedDate":"2019-07-29"}],"authorContributionMap":{"yuu-chennn":37,"-":4}},{"path":"src/main/java/Event.java","fileType":"java","lines":[{"lineNumber":1,"author":{"gitId":"yuu-chennn"},"content":"public class Event extends Task {","lastModifiedDate":"2022-09-30"},{"lineNumber":2,"author":{"gitId":"yuu-chennn"},"content":"    protected String time;","lastModifiedDate":"2022-09-30"},{"lineNumber":3,"author":{"gitId":"yuu-chennn"},"content":"","lastModifiedDate":"2022-09-30"},{"lineNumber":4,"author":{"gitId":"yuu-chennn"},"content":"    public Event(String taskName, String time) {","lastModifiedDate":"2022-09-30"},{"lineNumber":5,"author":{"gitId":"yuu-chennn"},"content":"        super(taskName);","lastModifiedDate":"2022-09-30"},{"lineNumber":6,"author":{"gitId":"yuu-chennn"},"content":"        this.time \u003d time;","lastModifiedDate":"2022-09-30"},{"lineNumber":7,"author":{"gitId":"yuu-chennn"},"content":"    }","lastModifiedDate":"2022-09-30"},{"lineNumber":8,"author":{"gitId":"yuu-chennn"},"content":"","lastModifiedDate":"2022-09-30"},{"lineNumber":9,"author":{"gitId":"yuu-chennn"},"content":"    @Override","lastModifiedDate":"2022-09-30"},{"lineNumber":10,"author":{"gitId":"yuu-chennn"},"content":"    public String toString() {","lastModifiedDate":"2022-09-30"},{"lineNumber":11,"author":{"gitId":"yuu-chennn"},"content":"        return \"    [E]\" + super.toString() + \" (at: \" + time + \")\";","lastModifiedDate":"2022-09-30"},{"lineNumber":12,"author":{"gitId":"yuu-chennn"},"content":"    }","lastModifiedDate":"2022-09-30"},{"lineNumber":13,"author":{"gitId":"yuu-chennn"},"content":"}","lastModifiedDate":"2022-09-30"}],"authorContributionMap":{"yuu-chennn":13}},{"path":"src/main/java/Task.java","fileType":"java","lines":[{"lineNumber":1,"author":{"gitId":"yuu-chennn"},"content":"public class Task {","lastModifiedDate":"2022-09-02"},{"lineNumber":2,"author":{"gitId":"yuu-chennn"},"content":"    protected String taskName;","lastModifiedDate":"2022-09-02"},{"lineNumber":3,"author":{"gitId":"yuu-chennn"},"content":"    protected int taskNum;","lastModifiedDate":"2022-09-02"},{"lineNumber":4,"author":{"gitId":"yuu-chennn"},"content":"    protected boolean isDone;","lastModifiedDate":"2022-09-02"},{"lineNumber":5,"author":{"gitId":"yuu-chennn"},"content":"","lastModifiedDate":"2022-09-02"},{"lineNumber":6,"author":{"gitId":"yuu-chennn"},"content":"    public Task(String taskName) {","lastModifiedDate":"2022-09-30"},{"lineNumber":7,"author":{"gitId":"yuu-chennn"},"content":"        this.taskName \u003d taskName;","lastModifiedDate":"2022-09-02"},{"lineNumber":8,"author":{"gitId":"yuu-chennn"},"content":"        this.isDone \u003d false;","lastModifiedDate":"2022-09-02"},{"lineNumber":9,"author":{"gitId":"yuu-chennn"},"content":"    }","lastModifiedDate":"2022-09-02"},{"lineNumber":10,"author":{"gitId":"yuu-chennn"},"content":"","lastModifiedDate":"2022-09-30"},{"lineNumber":11,"author":{"gitId":"yuu-chennn"},"content":"    public String getStatus() {","lastModifiedDate":"2022-09-30"},{"lineNumber":12,"author":{"gitId":"yuu-chennn"},"content":"        if (isDone) {","lastModifiedDate":"2022-09-30"},{"lineNumber":13,"author":{"gitId":"yuu-chennn"},"content":"            return \"X\";","lastModifiedDate":"2022-09-30"},{"lineNumber":14,"author":{"gitId":"yuu-chennn"},"content":"        } else {","lastModifiedDate":"2022-09-30"},{"lineNumber":15,"author":{"gitId":"yuu-chennn"},"content":"            return \" \";","lastModifiedDate":"2022-09-30"},{"lineNumber":16,"author":{"gitId":"yuu-chennn"},"content":"        }","lastModifiedDate":"2022-09-30"},{"lineNumber":17,"author":{"gitId":"yuu-chennn"},"content":"    }","lastModifiedDate":"2022-09-30"},{"lineNumber":18,"author":{"gitId":"yuu-chennn"},"content":"","lastModifiedDate":"2022-09-30"},{"lineNumber":19,"author":{"gitId":"yuu-chennn"},"content":"    public String toString() {","lastModifiedDate":"2022-09-30"},{"lineNumber":20,"author":{"gitId":"yuu-chennn"},"content":"        return \"[\" + getStatus() + \"] \" + taskName;","lastModifiedDate":"2022-09-30"},{"lineNumber":21,"author":{"gitId":"yuu-chennn"},"content":"    }","lastModifiedDate":"2022-09-30"},{"lineNumber":22,"author":{"gitId":"yuu-chennn"},"content":"}","lastModifiedDate":"2022-09-02"}],"authorContributionMap":{"yuu-chennn":22}},{"path":"src/main/java/TaskManager.java","fileType":"java","lines":[{"lineNumber":1,"author":{"gitId":"yuu-chennn"},"content":"import java.util.ArrayList;","lastModifiedDate":"2022-09-30"},{"lineNumber":2,"author":{"gitId":"yuu-chennn"},"content":"","lastModifiedDate":"2022-09-30"},{"lineNumber":3,"author":{"gitId":"yuu-chennn"},"content":"public class TaskManager {","lastModifiedDate":"2022-09-30"},{"lineNumber":4,"author":{"gitId":"yuu-chennn"},"content":"    public static ArrayList\u003cTask\u003e tasks \u003d new ArrayList\u003c\u003e();","lastModifiedDate":"2022-09-30"},{"lineNumber":5,"author":{"gitId":"yuu-chennn"},"content":"","lastModifiedDate":"2022-09-30"},{"lineNumber":6,"author":{"gitId":"yuu-chennn"},"content":"    public static void addTodo(String input, ArrayList\u003cTask\u003e tasks) {","lastModifiedDate":"2022-09-30"},{"lineNumber":7,"author":{"gitId":"yuu-chennn"},"content":"        Todo t \u003d new Todo(input.substring(5));","lastModifiedDate":"2022-09-30"},{"lineNumber":8,"author":{"gitId":"yuu-chennn"},"content":"        tasks.add(t);","lastModifiedDate":"2022-09-30"},{"lineNumber":9,"author":{"gitId":"yuu-chennn"},"content":"        t.taskNum \u003d tasks.size();","lastModifiedDate":"2022-09-30"},{"lineNumber":10,"author":{"gitId":"yuu-chennn"},"content":"        t.isDone \u003d false;","lastModifiedDate":"2022-09-30"},{"lineNumber":11,"author":{"gitId":"yuu-chennn"},"content":"        System.out.println(\"Got it. I\u0027ve added this task: \\n\" + t);","lastModifiedDate":"2022-09-30"},{"lineNumber":12,"author":{"gitId":"yuu-chennn"},"content":"        System.out.println(\"Now you have \" + t.taskNum + \" tasks in the list.\");","lastModifiedDate":"2022-09-30"},{"lineNumber":13,"author":{"gitId":"yuu-chennn"},"content":"    }","lastModifiedDate":"2022-09-30"},{"lineNumber":14,"author":{"gitId":"yuu-chennn"},"content":"","lastModifiedDate":"2022-09-30"},{"lineNumber":15,"author":{"gitId":"yuu-chennn"},"content":"    public static void addDeadline(String input, ArrayList\u003cTask\u003e tasks) {","lastModifiedDate":"2022-09-30"},{"lineNumber":16,"author":{"gitId":"yuu-chennn"},"content":"        try {","lastModifiedDate":"2022-09-30"},{"lineNumber":17,"author":{"gitId":"yuu-chennn"},"content":"            int indexSlash \u003d input.indexOf(\u0027/\u0027);","lastModifiedDate":"2022-09-30"},{"lineNumber":18,"author":{"gitId":"yuu-chennn"},"content":"            if (indexSlash \u003d\u003d -1) {","lastModifiedDate":"2022-09-30"},{"lineNumber":19,"author":{"gitId":"yuu-chennn"},"content":"                return;","lastModifiedDate":"2022-09-30"},{"lineNumber":20,"author":{"gitId":"yuu-chennn"},"content":"            }","lastModifiedDate":"2022-09-30"},{"lineNumber":21,"author":{"gitId":"yuu-chennn"},"content":"            Deadline d \u003d new Deadline(input.substring(9, indexSlash), input.substring(indexSlash + 1));","lastModifiedDate":"2022-09-30"},{"lineNumber":22,"author":{"gitId":"yuu-chennn"},"content":"            tasks.add(d);","lastModifiedDate":"2022-09-30"},{"lineNumber":23,"author":{"gitId":"yuu-chennn"},"content":"            d.taskNum \u003d tasks.size();","lastModifiedDate":"2022-09-30"},{"lineNumber":24,"author":{"gitId":"yuu-chennn"},"content":"            d.isDone \u003d false;","lastModifiedDate":"2022-09-30"},{"lineNumber":25,"author":{"gitId":"yuu-chennn"},"content":"            System.out.println(\"Got it. I\u0027ve added this task: \\n\" + d);","lastModifiedDate":"2022-09-30"},{"lineNumber":26,"author":{"gitId":"yuu-chennn"},"content":"            System.out.println(\"Now you have \" + d.taskNum + \" tasks in the list.\");","lastModifiedDate":"2022-09-30"},{"lineNumber":27,"author":{"gitId":"yuu-chennn"},"content":"        } catch (ArrayIndexOutOfBoundsException e) {","lastModifiedDate":"2022-09-30"},{"lineNumber":28,"author":{"gitId":"yuu-chennn"},"content":"            System.out.println(\"Error: Array Index Out Of Bounds\");","lastModifiedDate":"2022-09-30"},{"lineNumber":29,"author":{"gitId":"yuu-chennn"},"content":"        }","lastModifiedDate":"2022-09-30"},{"lineNumber":30,"author":{"gitId":"yuu-chennn"},"content":"    }","lastModifiedDate":"2022-09-30"},{"lineNumber":31,"author":{"gitId":"yuu-chennn"},"content":"","lastModifiedDate":"2022-09-30"},{"lineNumber":32,"author":{"gitId":"yuu-chennn"},"content":"    public static void addEvent(String input, ArrayList\u003cTask\u003e tasks) {","lastModifiedDate":"2022-09-30"},{"lineNumber":33,"author":{"gitId":"yuu-chennn"},"content":"        try {","lastModifiedDate":"2022-09-30"},{"lineNumber":34,"author":{"gitId":"yuu-chennn"},"content":"            int indexSlash \u003d input.indexOf(\u0027/\u0027);","lastModifiedDate":"2022-09-30"},{"lineNumber":35,"author":{"gitId":"yuu-chennn"},"content":"            if (indexSlash \u003d\u003d -1) {","lastModifiedDate":"2022-09-30"},{"lineNumber":36,"author":{"gitId":"yuu-chennn"},"content":"                return;","lastModifiedDate":"2022-09-30"},{"lineNumber":37,"author":{"gitId":"yuu-chennn"},"content":"            }","lastModifiedDate":"2022-09-30"},{"lineNumber":38,"author":{"gitId":"yuu-chennn"},"content":"            Event e \u003d new Event(input.substring(6, indexSlash), input.substring(indexSlash + 1));","lastModifiedDate":"2022-09-30"},{"lineNumber":39,"author":{"gitId":"yuu-chennn"},"content":"            tasks.add(e);","lastModifiedDate":"2022-09-30"},{"lineNumber":40,"author":{"gitId":"yuu-chennn"},"content":"            e.taskNum \u003d tasks.size();","lastModifiedDate":"2022-09-30"},{"lineNumber":41,"author":{"gitId":"yuu-chennn"},"content":"            e.isDone \u003d false;","lastModifiedDate":"2022-09-30"},{"lineNumber":42,"author":{"gitId":"yuu-chennn"},"content":"            System.out.println(\"Got it. I\u0027ve added this task: \\n\" + e);","lastModifiedDate":"2022-09-30"},{"lineNumber":43,"author":{"gitId":"yuu-chennn"},"content":"            System.out.println(\"Now you have \" + e.taskNum + \" tasks in the list.\");","lastModifiedDate":"2022-09-30"},{"lineNumber":44,"author":{"gitId":"yuu-chennn"},"content":"        } catch (ArrayIndexOutOfBoundsException e) {","lastModifiedDate":"2022-09-30"},{"lineNumber":45,"author":{"gitId":"yuu-chennn"},"content":"            System.out.println(\"Error: Array Index Out Of Bounds\");","lastModifiedDate":"2022-09-30"},{"lineNumber":46,"author":{"gitId":"yuu-chennn"},"content":"        }","lastModifiedDate":"2022-09-30"},{"lineNumber":47,"author":{"gitId":"yuu-chennn"},"content":"    }","lastModifiedDate":"2022-09-30"},{"lineNumber":48,"author":{"gitId":"yuu-chennn"},"content":"","lastModifiedDate":"2022-09-30"},{"lineNumber":49,"author":{"gitId":"yuu-chennn"},"content":"    public static void list(ArrayList\u003cTask\u003e tasks) {","lastModifiedDate":"2022-09-30"},{"lineNumber":50,"author":{"gitId":"yuu-chennn"},"content":"        System.out.println(\"Here are the tasks in your list: \\n\");","lastModifiedDate":"2022-09-30"},{"lineNumber":51,"author":{"gitId":"yuu-chennn"},"content":"        for (Task task : tasks) {","lastModifiedDate":"2022-09-30"},{"lineNumber":52,"author":{"gitId":"yuu-chennn"},"content":"            System.out.print(task.taskNum + \". [\");","lastModifiedDate":"2022-09-30"},{"lineNumber":53,"author":{"gitId":"yuu-chennn"},"content":"            if (task instanceof Todo) {","lastModifiedDate":"2022-09-30"},{"lineNumber":54,"author":{"gitId":"yuu-chennn"},"content":"                System.out.print(\"T] \");","lastModifiedDate":"2022-09-30"},{"lineNumber":55,"author":{"gitId":"yuu-chennn"},"content":"            } else if (task instanceof Deadline) {","lastModifiedDate":"2022-09-30"},{"lineNumber":56,"author":{"gitId":"yuu-chennn"},"content":"                System.out.print(\"D] \");","lastModifiedDate":"2022-09-30"},{"lineNumber":57,"author":{"gitId":"yuu-chennn"},"content":"            } else if (task instanceof Event) {","lastModifiedDate":"2022-09-30"},{"lineNumber":58,"author":{"gitId":"yuu-chennn"},"content":"                System.out.print(\"E] \");","lastModifiedDate":"2022-09-30"},{"lineNumber":59,"author":{"gitId":"yuu-chennn"},"content":"            }","lastModifiedDate":"2022-09-30"},{"lineNumber":60,"author":{"gitId":"yuu-chennn"},"content":"            if (task.isDone) {","lastModifiedDate":"2022-09-30"},{"lineNumber":61,"author":{"gitId":"yuu-chennn"},"content":"                System.out.println(\"[X] \" + task.taskName);","lastModifiedDate":"2022-09-30"},{"lineNumber":62,"author":{"gitId":"yuu-chennn"},"content":"            } else {","lastModifiedDate":"2022-09-30"},{"lineNumber":63,"author":{"gitId":"yuu-chennn"},"content":"                System.out.println(\"[ ] \" + task.taskName);","lastModifiedDate":"2022-09-30"},{"lineNumber":64,"author":{"gitId":"yuu-chennn"},"content":"            }","lastModifiedDate":"2022-09-30"},{"lineNumber":65,"author":{"gitId":"yuu-chennn"},"content":"        }","lastModifiedDate":"2022-09-30"},{"lineNumber":66,"author":{"gitId":"yuu-chennn"},"content":"    }","lastModifiedDate":"2022-09-30"},{"lineNumber":67,"author":{"gitId":"yuu-chennn"},"content":"    public static void markAsDone(String input, ArrayList\u003cTask\u003e tasks) {","lastModifiedDate":"2022-09-30"},{"lineNumber":68,"author":{"gitId":"yuu-chennn"},"content":"        int markNum \u003d Integer.parseInt(input.substring(input.length() - 1)) - 1;","lastModifiedDate":"2022-09-30"},{"lineNumber":69,"author":{"gitId":"yuu-chennn"},"content":"        if (markNum \u003c tasks.size()) {","lastModifiedDate":"2022-09-30"},{"lineNumber":70,"author":{"gitId":"yuu-chennn"},"content":"            tasks.get(markNum).isDone \u003d true;","lastModifiedDate":"2022-09-30"},{"lineNumber":71,"author":{"gitId":"yuu-chennn"},"content":"            System.out.println(\"Nice! I\u0027ve marked this task as done: \\n\\t[X] \" + tasks.get(markNum).taskNum);","lastModifiedDate":"2022-09-30"},{"lineNumber":72,"author":{"gitId":"yuu-chennn"},"content":"        }","lastModifiedDate":"2022-09-30"},{"lineNumber":73,"author":{"gitId":"yuu-chennn"},"content":"    }","lastModifiedDate":"2022-09-30"},{"lineNumber":74,"author":{"gitId":"yuu-chennn"},"content":"    public static void markAsNotDone(String input, ArrayList\u003cTask\u003e tasks) {","lastModifiedDate":"2022-09-30"},{"lineNumber":75,"author":{"gitId":"yuu-chennn"},"content":"        int markNum \u003d Integer.parseInt(input.substring(input.length() - 1)) - 1;","lastModifiedDate":"2022-09-30"},{"lineNumber":76,"author":{"gitId":"yuu-chennn"},"content":"        if (markNum \u003c tasks.size() \u0026\u0026 tasks.get(markNum).isDone) {","lastModifiedDate":"2022-09-30"},{"lineNumber":77,"author":{"gitId":"yuu-chennn"},"content":"            tasks.get(markNum).isDone \u003d false;","lastModifiedDate":"2022-09-30"},{"lineNumber":78,"author":{"gitId":"yuu-chennn"},"content":"            System.out.println(\"OK, I\u0027ve marked this task as not done yet: \\n\\t[ ] \" + tasks.get(markNum).taskNum);","lastModifiedDate":"2022-09-30"},{"lineNumber":79,"author":{"gitId":"yuu-chennn"},"content":"        }","lastModifiedDate":"2022-09-30"},{"lineNumber":80,"author":{"gitId":"yuu-chennn"},"content":"    }","lastModifiedDate":"2022-09-30"},{"lineNumber":81,"author":{"gitId":"yuu-chennn"},"content":"}","lastModifiedDate":"2022-09-30"}],"authorContributionMap":{"yuu-chennn":81}},{"path":"src/main/java/Todo.java","fileType":"java","lines":[{"lineNumber":1,"author":{"gitId":"yuu-chennn"},"content":"public class Todo extends Task {","lastModifiedDate":"2022-09-30"},{"lineNumber":2,"author":{"gitId":"yuu-chennn"},"content":"    public Todo(String taskName) {","lastModifiedDate":"2022-09-30"},{"lineNumber":3,"author":{"gitId":"yuu-chennn"},"content":"        super(taskName);","lastModifiedDate":"2022-09-30"},{"lineNumber":4,"author":{"gitId":"yuu-chennn"},"content":"    }","lastModifiedDate":"2022-09-30"},{"lineNumber":5,"author":{"gitId":"yuu-chennn"},"content":"","lastModifiedDate":"2022-09-30"},{"lineNumber":6,"author":{"gitId":"yuu-chennn"},"content":"    @Override","lastModifiedDate":"2022-09-30"},{"lineNumber":7,"author":{"gitId":"yuu-chennn"},"content":"    public String toString() {","lastModifiedDate":"2022-09-30"},{"lineNumber":8,"author":{"gitId":"yuu-chennn"},"content":"        return \"    [T]\" + super.toString() + \"\";","lastModifiedDate":"2022-09-30"},{"lineNumber":9,"author":{"gitId":"yuu-chennn"},"content":"    }","lastModifiedDate":"2022-09-30"},{"lineNumber":10,"author":{"gitId":"yuu-chennn"},"content":"}","lastModifiedDate":"2022-09-30"}],"authorContributionMap":{"yuu-chennn":10}}]
