{"authorDailyContributionsMap":{"yuu-chennn":[{"date":"2022-08-30","commitResults":[{"hash":"175860c3d15dedfbaa5e69419d5effc4471fd044","messageTitle":"Add Level 0: Greet","messageBody":"","fileTypesAndContributionMap":{"java":{"insertions":5,"deletions":7}}},{"hash":"8eb49306b2124e871644557f3d707a00899f274a","messageTitle":"Add Level 1: Greet, Echo, Exit","messageBody":"","tags":["Level-1"],"fileTypesAndContributionMap":{"java":{"insertions":12,"deletions":2}}}]},{"date":"2022-08-31","commitResults":[{"hash":"45b92d8afea5fd77e42d82dca1f34cff5bde2de4","messageTitle":"Add Level 2: Add, List","messageBody":"","tags":["Level-2"],"fileTypesAndContributionMap":{"java":{"insertions":17,"deletions":2}}}]},{"date":"2022-09-02","commitResults":[{"hash":"281e0949c35f0f2fb74bb2ee9de2b240e3bc87ed","messageTitle":"Add Level 3: Mark as Done","messageBody":"","fileTypesAndContributionMap":{"java":{"insertions":54,"deletions":9}}}]},{"date":"2022-09-04","commitResults":[{"hash":"4516297d289897746cc8e355bc45f2e4a7fc5adc","messageTitle":"Add Level 3: Mark as Done","messageBody":"","tags":["Level-3","A-CodingStandard"],"fileTypesAndContributionMap":{"java":{"insertions":1,"deletions":1}}}]},{"date":"2022-09-05","commitResults":[{"hash":"566ef066f49c4561712d93fb43efec25f6b79ba4","messageTitle":"Add new branch","messageBody":"","fileTypesAndContributionMap":{"java":{"insertions":1,"deletions":0}}},{"hash":"5621f6aef041d2fa365bb9bf04358c2ae25cc2c9","messageTitle":"Add branch to upstream repo","messageBody":"","fileTypesAndContributionMap":{"java":{"insertions":1,"deletions":2}}},{"hash":"cb4f3d9f91aa169b8d4b958b147bbf05016a729e","messageTitle":"Add branch to upstream repo","messageBody":"","fileTypesAndContributionMap":{"java":{"insertions":1,"deletions":1}}}]},{"date":"2022-09-30","commitResults":[{"hash":"24ac49237bfd053da7d7ecc117ea9c0f28eaeeb1","messageTitle":"Add Level 4. ToDos, Events, Deadlines","messageBody":"","tags":["Level-4","A-CodeQuality"],"fileTypesAndContributionMap":{"java":{"insertions":132,"deletions":44}}},{"hash":"295ad04d803d458536145228b151aa5180065344","messageTitle":"Add Level 5. Handle Errors","messageBody":"","tags":["Level-5","A-Exceptions"],"fileTypesAndContributionMap":{"java":{"insertions":33,"deletions":19}}},{"hash":"ceaa09fb6aacde5a860f7a659cd6c317c544094d","messageTitle":"Level-6","messageBody":"","fileTypesAndContributionMap":{"java":{"insertions":11,"deletions":0}}}]},{"date":"2022-10-01","commitResults":[{"hash":"8ecfd3cee170d315a1878c2840c94e3df4e42ba2","messageTitle":"A-Packages","messageBody":"","tags":["A-Packages"],"fileTypesAndContributionMap":{"java":{"insertions":7,"deletions":0}}},{"hash":"68a7d70038adeaa4c43d7661e1c9c70fb7df407e","messageTitle":"Update packages to match master branch","messageBody":"","fileTypesAndContributionMap":{"java":{"insertions":33,"deletions":24}}}]},{"date":"2022-10-03","commitResults":[{"hash":"7f1a902138a47a3aceb67122e9406fed370df730","messageTitle":"Add Level 7. Save","messageBody":"","tags":["Level-7"],"fileTypesAndContributionMap":{"java":{"insertions":252,"deletions":92}}},{"hash":"86e4be3023936739b0d0d097aa06bae20ce892ce","messageTitle":"Add Level 6. Delete","messageBody":"","tags":["Level-6"],"fileTypesAndContributionMap":{"java":{"insertions":11,"deletions":0}}},{"hash":"e1e48071bb5e7a17a1b23e0219dc34d4997fb985","messageTitle":"Update packages to match master branch","messageBody":"","fileTypesAndContributionMap":{"java":{"insertions":38,"deletions":23},"bat":{"insertions":1,"deletions":1},"md":{"insertions":2,"deletions":2}}},{"hash":"acb6a0c26c7980187406b12eb301ea38099d9e3d","messageTitle":"Edit Level 6","messageBody":"","fileTypesAndContributionMap":{"java":{"insertions":0,"deletions":9}}}]},{"date":"2022-10-04","commitResults":[{"hash":"1db0234085a80ed8b36a80357ad099e872ef3f49","messageTitle":"Add More OOP","messageBody":"","tags":["A-MoreOOP"],"fileTypesAndContributionMap":{"java":{"insertions":9,"deletions":4}}},{"hash":"95c41aeece6ff487df8ef885c603cd20be5eb4c1","messageTitle":"Add Level 9. Find","messageBody":"","tags":["Level-9"],"fileTypesAndContributionMap":{"java":{"insertions":17,"deletions":0}}}]},{"date":"2022-10-05","commitResults":[{"hash":"4ef988561eaa6966904f23b7c5ba5a0cf2f96399","messageTitle":"Add A-JavaDoc","messageBody":"","tags":["A-JavaDoc"],"fileTypesAndContributionMap":{"java":{"insertions":256,"deletions":98}}},{"hash":"789ce38ab2deae111048e84f410809207d38730b","messageTitle":"Add README","messageBody":"","tags":["A-UserGuide"],"fileTypesAndContributionMap":{"md":{"insertions":164,"deletions":12}}},{"hash":"175bef4dcb8cc320adc82475a0cdf1a1a448ad8b","messageTitle":"Update README.md","messageBody":"","tags":["A-Release"],"fileTypesAndContributionMap":{"md":{"insertions":181,"deletions":26}}}]},{"date":"2022-10-06","commitResults":[{"hash":"44f77c33f99a0005956fa34478c6fdc1e5b6d595","messageTitle":"Update README.md","messageBody":"","fileTypesAndContributionMap":{"md":{"insertions":22,"deletions":4}}}]},{"date":"2022-10-19","commitResults":[{"hash":"b82f4d1a4237872d38b18fde4011a9846dce55e4","messageTitle":"Revise Exception Handling","messageBody":"","fileTypesAndContributionMap":{"java":{"insertions":162,"deletions":46}}}]}]},"authorFileTypeContributionMap":{"yuu-chennn":{"java":665,"md":344,"fxml":0,"sh":0,"bat":1,"gradle":0,"txt":0}},"authorContributionVariance":{"yuu-chennn":11454.75},"authorDisplayNameMap":{"yuu-chennn":"CS2113T-W11-1 SHEN..CHEN"}}
