[{"path":"src/main/java/Duke.java","fileType":"java","lines":[{"lineNumber":1,"author":{"gitId":"joshuan98"},"content":"import java.util.Scanner;","lastModifiedDate":"2022-08-21"},{"lineNumber":2,"author":{"gitId":"joshuan98"},"content":"","lastModifiedDate":"2022-08-21"},{"lineNumber":3,"author":{"gitId":"-"},"content":"public class Duke {","lastModifiedDate":"2019-07-29"},{"lineNumber":4,"author":{"gitId":"joshuan98"},"content":"    private static final String HORIZONTAL_LINE \u003d \"______________________________\";","lastModifiedDate":"2022-08-21"},{"lineNumber":5,"author":{"gitId":"joshuan98"},"content":"","lastModifiedDate":"2022-08-21"},{"lineNumber":6,"author":{"gitId":"joshuan98"},"content":"    private static void printIntroduction() {","lastModifiedDate":"2022-08-21"},{"lineNumber":7,"author":{"gitId":"joshuan98"},"content":"        final String INTRODUCTION \u003d","lastModifiedDate":"2022-08-21"},{"lineNumber":8,"author":{"gitId":"joshuan98"},"content":"                \"Hihi, my name is Jay!\" + System.lineSeparator() + \"What can I do for you today?\";","lastModifiedDate":"2022-08-21"},{"lineNumber":9,"author":{"gitId":"joshuan98"},"content":"","lastModifiedDate":"2022-08-15"},{"lineNumber":10,"author":{"gitId":"joshuan98"},"content":"        System.out.println(HORIZONTAL_LINE);","lastModifiedDate":"2022-08-21"},{"lineNumber":11,"author":{"gitId":"joshuan98"},"content":"        System.out.println(INTRODUCTION);","lastModifiedDate":"2022-08-21"},{"lineNumber":12,"author":{"gitId":"joshuan98"},"content":"        System.out.println(HORIZONTAL_LINE);","lastModifiedDate":"2022-08-21"},{"lineNumber":13,"author":{"gitId":"joshuan98"},"content":"        System.out.println();","lastModifiedDate":"2022-08-21"},{"lineNumber":14,"author":{"gitId":"joshuan98"},"content":"    }","lastModifiedDate":"2022-08-21"},{"lineNumber":15,"author":{"gitId":"joshuan98"},"content":"","lastModifiedDate":"2022-08-21"},{"lineNumber":16,"author":{"gitId":"joshuan98"},"content":"    private static void printExit() {","lastModifiedDate":"2022-08-21"},{"lineNumber":17,"author":{"gitId":"joshuan98"},"content":"        final String EXIT \u003d \"Goodbye! Hope to see you again!\";","lastModifiedDate":"2022-08-21"},{"lineNumber":18,"author":{"gitId":"joshuan98"},"content":"","lastModifiedDate":"2022-08-21"},{"lineNumber":19,"author":{"gitId":"joshuan98"},"content":"        System.out.println(HORIZONTAL_LINE);","lastModifiedDate":"2022-08-21"},{"lineNumber":20,"author":{"gitId":"joshuan98"},"content":"        System.out.println(EXIT);","lastModifiedDate":"2022-08-21"},{"lineNumber":21,"author":{"gitId":"joshuan98"},"content":"        System.out.println(HORIZONTAL_LINE);","lastModifiedDate":"2022-08-21"},{"lineNumber":22,"author":{"gitId":"joshuan98"},"content":"        System.out.println();","lastModifiedDate":"2022-08-21"},{"lineNumber":23,"author":{"gitId":"-"},"content":"    }","lastModifiedDate":"2019-07-29"},{"lineNumber":24,"author":{"gitId":"joshuan98"},"content":"","lastModifiedDate":"2022-08-21"},{"lineNumber":25,"author":{"gitId":"joshuan98"},"content":"    private static void handleInput(TaskManager taskManager) {","lastModifiedDate":"2022-08-21"},{"lineNumber":26,"author":{"gitId":"joshuan98"},"content":"        Scanner in \u003d new Scanner(System.in);","lastModifiedDate":"2022-08-21"},{"lineNumber":27,"author":{"gitId":"joshuan98"},"content":"        String input;","lastModifiedDate":"2022-08-21"},{"lineNumber":28,"author":{"gitId":"joshuan98"},"content":"","lastModifiedDate":"2022-08-21"},{"lineNumber":29,"author":{"gitId":"joshuan98"},"content":"        final String EXIT_PHRASE \u003d \"bye\";","lastModifiedDate":"2022-08-21"},{"lineNumber":30,"author":{"gitId":"joshuan98"},"content":"        final String LIST_PHRASE \u003d \"list\";","lastModifiedDate":"2022-08-21"},{"lineNumber":31,"author":{"gitId":"joshuan98"},"content":"        final String MARK_PHRASE \u003d \"mark\";","lastModifiedDate":"2022-08-21"},{"lineNumber":32,"author":{"gitId":"joshuan98"},"content":"        final String UNMARK_PHRASE \u003d \"unmark\";","lastModifiedDate":"2022-08-21"},{"lineNumber":33,"author":{"gitId":"joshuan98"},"content":"","lastModifiedDate":"2022-08-21"},{"lineNumber":34,"author":{"gitId":"joshuan98"},"content":"        while (true) {","lastModifiedDate":"2022-08-21"},{"lineNumber":35,"author":{"gitId":"joshuan98"},"content":"            input \u003d in.nextLine();","lastModifiedDate":"2022-08-21"},{"lineNumber":36,"author":{"gitId":"joshuan98"},"content":"","lastModifiedDate":"2022-08-21"},{"lineNumber":37,"author":{"gitId":"joshuan98"},"content":"            // handle exit","lastModifiedDate":"2022-08-21"},{"lineNumber":38,"author":{"gitId":"joshuan98"},"content":"            if (input.equals(EXIT_PHRASE)) {","lastModifiedDate":"2022-08-21"},{"lineNumber":39,"author":{"gitId":"joshuan98"},"content":"                break;","lastModifiedDate":"2022-08-21"},{"lineNumber":40,"author":{"gitId":"joshuan98"},"content":"            } else {","lastModifiedDate":"2022-08-21"},{"lineNumber":41,"author":{"gitId":"joshuan98"},"content":"                System.out.println(HORIZONTAL_LINE);","lastModifiedDate":"2022-08-21"},{"lineNumber":42,"author":{"gitId":"joshuan98"},"content":"","lastModifiedDate":"2022-08-21"},{"lineNumber":43,"author":{"gitId":"joshuan98"},"content":"                // handle list, mark, unmark, add","lastModifiedDate":"2022-08-21"},{"lineNumber":44,"author":{"gitId":"joshuan98"},"content":"                if (input.equals(LIST_PHRASE)) {","lastModifiedDate":"2022-08-21"},{"lineNumber":45,"author":{"gitId":"joshuan98"},"content":"                    taskManager.printList();","lastModifiedDate":"2022-08-21"},{"lineNumber":46,"author":{"gitId":"joshuan98"},"content":"                } else if (input.startsWith(MARK_PHRASE)) {","lastModifiedDate":"2022-08-21"},{"lineNumber":47,"author":{"gitId":"joshuan98"},"content":"                    int taskNum \u003d Integer.parseInt(input.substring(MARK_PHRASE.length() + 1));","lastModifiedDate":"2022-08-21"},{"lineNumber":48,"author":{"gitId":"joshuan98"},"content":"                    taskManager.markTask(taskNum - 1);","lastModifiedDate":"2022-08-21"},{"lineNumber":49,"author":{"gitId":"joshuan98"},"content":"                } else if (input.startsWith(UNMARK_PHRASE)) {","lastModifiedDate":"2022-08-21"},{"lineNumber":50,"author":{"gitId":"joshuan98"},"content":"                    int taskNum \u003d Integer.parseInt(input.substring(UNMARK_PHRASE.length() + 1));","lastModifiedDate":"2022-08-21"},{"lineNumber":51,"author":{"gitId":"joshuan98"},"content":"                    taskManager.unmarkTask(taskNum - 1);","lastModifiedDate":"2022-08-21"},{"lineNumber":52,"author":{"gitId":"joshuan98"},"content":"                } else {","lastModifiedDate":"2022-08-21"},{"lineNumber":53,"author":{"gitId":"joshuan98"},"content":"                    taskManager.addTask(input);","lastModifiedDate":"2022-08-21"},{"lineNumber":54,"author":{"gitId":"joshuan98"},"content":"                }","lastModifiedDate":"2022-08-21"},{"lineNumber":55,"author":{"gitId":"joshuan98"},"content":"","lastModifiedDate":"2022-08-21"},{"lineNumber":56,"author":{"gitId":"joshuan98"},"content":"                System.out.println(HORIZONTAL_LINE);","lastModifiedDate":"2022-08-21"},{"lineNumber":57,"author":{"gitId":"joshuan98"},"content":"                System.out.println();","lastModifiedDate":"2022-08-21"},{"lineNumber":58,"author":{"gitId":"joshuan98"},"content":"            }","lastModifiedDate":"2022-08-21"},{"lineNumber":59,"author":{"gitId":"joshuan98"},"content":"        }","lastModifiedDate":"2022-08-21"},{"lineNumber":60,"author":{"gitId":"joshuan98"},"content":"","lastModifiedDate":"2022-08-21"},{"lineNumber":61,"author":{"gitId":"joshuan98"},"content":"    }","lastModifiedDate":"2022-08-21"},{"lineNumber":62,"author":{"gitId":"joshuan98"},"content":"","lastModifiedDate":"2022-08-21"},{"lineNumber":63,"author":{"gitId":"-"},"content":"    public static void main(String[] args) {","lastModifiedDate":"2022-08-21"},{"lineNumber":64,"author":{"gitId":"joshuan98"},"content":"        TaskManager taskManager \u003d new TaskManager();","lastModifiedDate":"2022-08-21"},{"lineNumber":65,"author":{"gitId":"joshuan98"},"content":"","lastModifiedDate":"2022-08-21"},{"lineNumber":66,"author":{"gitId":"joshuan98"},"content":"        printIntroduction();","lastModifiedDate":"2022-08-21"},{"lineNumber":67,"author":{"gitId":"joshuan98"},"content":"        handleInput(taskManager);","lastModifiedDate":"2022-08-21"},{"lineNumber":68,"author":{"gitId":"joshuan98"},"content":"        printExit();","lastModifiedDate":"2022-08-21"},{"lineNumber":69,"author":{"gitId":"-"},"content":"    }","lastModifiedDate":"2022-08-21"},{"lineNumber":70,"author":{"gitId":"-"},"content":"}","lastModifiedDate":"2019-07-29"}],"authorContributionMap":{"joshuan98":65,"-":5}},{"path":"src/main/java/Task.java","fileType":"java","lines":[{"lineNumber":1,"author":{"gitId":"joshuan98"},"content":"public class Task {","lastModifiedDate":"2022-08-21"},{"lineNumber":2,"author":{"gitId":"joshuan98"},"content":"    protected String description;","lastModifiedDate":"2022-08-21"},{"lineNumber":3,"author":{"gitId":"joshuan98"},"content":"    protected boolean isDone;","lastModifiedDate":"2022-08-21"},{"lineNumber":4,"author":{"gitId":"joshuan98"},"content":"","lastModifiedDate":"2022-08-21"},{"lineNumber":5,"author":{"gitId":"joshuan98"},"content":"    public Task(String description) {","lastModifiedDate":"2022-08-21"},{"lineNumber":6,"author":{"gitId":"joshuan98"},"content":"        setDescription(description);","lastModifiedDate":"2022-08-21"},{"lineNumber":7,"author":{"gitId":"joshuan98"},"content":"        setUndone();","lastModifiedDate":"2022-08-21"},{"lineNumber":8,"author":{"gitId":"joshuan98"},"content":"    }","lastModifiedDate":"2022-08-21"},{"lineNumber":9,"author":{"gitId":"joshuan98"},"content":"","lastModifiedDate":"2022-08-21"},{"lineNumber":10,"author":{"gitId":"joshuan98"},"content":"    public String getDescription() {","lastModifiedDate":"2022-08-21"},{"lineNumber":11,"author":{"gitId":"joshuan98"},"content":"        return description;","lastModifiedDate":"2022-08-21"},{"lineNumber":12,"author":{"gitId":"joshuan98"},"content":"    }","lastModifiedDate":"2022-08-21"},{"lineNumber":13,"author":{"gitId":"joshuan98"},"content":"","lastModifiedDate":"2022-08-21"},{"lineNumber":14,"author":{"gitId":"joshuan98"},"content":"    public void setDescription(String description) {","lastModifiedDate":"2022-08-21"},{"lineNumber":15,"author":{"gitId":"joshuan98"},"content":"        this.description \u003d description;","lastModifiedDate":"2022-08-21"},{"lineNumber":16,"author":{"gitId":"joshuan98"},"content":"    }","lastModifiedDate":"2022-08-21"},{"lineNumber":17,"author":{"gitId":"joshuan98"},"content":"","lastModifiedDate":"2022-08-21"},{"lineNumber":18,"author":{"gitId":"joshuan98"},"content":"    public void setDone() {","lastModifiedDate":"2022-08-21"},{"lineNumber":19,"author":{"gitId":"joshuan98"},"content":"        this.isDone \u003d true;","lastModifiedDate":"2022-08-21"},{"lineNumber":20,"author":{"gitId":"joshuan98"},"content":"    }","lastModifiedDate":"2022-08-21"},{"lineNumber":21,"author":{"gitId":"joshuan98"},"content":"","lastModifiedDate":"2022-08-21"},{"lineNumber":22,"author":{"gitId":"joshuan98"},"content":"    public void setUndone() {","lastModifiedDate":"2022-08-21"},{"lineNumber":23,"author":{"gitId":"joshuan98"},"content":"        this.isDone \u003d false;","lastModifiedDate":"2022-08-21"},{"lineNumber":24,"author":{"gitId":"joshuan98"},"content":"    }","lastModifiedDate":"2022-08-21"},{"lineNumber":25,"author":{"gitId":"joshuan98"},"content":"","lastModifiedDate":"2022-08-21"},{"lineNumber":26,"author":{"gitId":"joshuan98"},"content":"    // mark done task with X","lastModifiedDate":"2022-08-21"},{"lineNumber":27,"author":{"gitId":"joshuan98"},"content":"    public String getStatusIcon() {","lastModifiedDate":"2022-08-21"},{"lineNumber":28,"author":{"gitId":"joshuan98"},"content":"        return (isDone ? \"X\" : \" \");","lastModifiedDate":"2022-08-21"},{"lineNumber":29,"author":{"gitId":"joshuan98"},"content":"    }","lastModifiedDate":"2022-08-21"},{"lineNumber":30,"author":{"gitId":"joshuan98"},"content":"}","lastModifiedDate":"2022-08-21"}],"authorContributionMap":{"joshuan98":30}},{"path":"src/main/java/TaskManager.java","fileType":"java","lines":[{"lineNumber":1,"author":{"gitId":"joshuan98"},"content":"public class TaskManager {","lastModifiedDate":"2022-08-21"},{"lineNumber":2,"author":{"gitId":"joshuan98"},"content":"    private static final int MAX_NUM_OF_TASKS \u003d 100;","lastModifiedDate":"2022-08-21"},{"lineNumber":3,"author":{"gitId":"joshuan98"},"content":"    private Task[] tasks \u003d new Task[MAX_NUM_OF_TASKS];","lastModifiedDate":"2022-08-21"},{"lineNumber":4,"author":{"gitId":"joshuan98"},"content":"    private int taskCount \u003d 0;","lastModifiedDate":"2022-08-21"},{"lineNumber":5,"author":{"gitId":"joshuan98"},"content":"","lastModifiedDate":"2022-08-21"},{"lineNumber":6,"author":{"gitId":"joshuan98"},"content":"    public void addTask(String text) {","lastModifiedDate":"2022-08-21"},{"lineNumber":7,"author":{"gitId":"joshuan98"},"content":"        final String ADD_PHRASE \u003d \"added: \";","lastModifiedDate":"2022-08-21"},{"lineNumber":8,"author":{"gitId":"joshuan98"},"content":"","lastModifiedDate":"2022-08-21"},{"lineNumber":9,"author":{"gitId":"joshuan98"},"content":"        Task newTask \u003d new Task(text);","lastModifiedDate":"2022-08-21"},{"lineNumber":10,"author":{"gitId":"joshuan98"},"content":"","lastModifiedDate":"2022-08-21"},{"lineNumber":11,"author":{"gitId":"joshuan98"},"content":"        tasks[taskCount] \u003d newTask;","lastModifiedDate":"2022-08-21"},{"lineNumber":12,"author":{"gitId":"joshuan98"},"content":"        taskCount +\u003d 1;","lastModifiedDate":"2022-08-21"},{"lineNumber":13,"author":{"gitId":"joshuan98"},"content":"","lastModifiedDate":"2022-08-21"},{"lineNumber":14,"author":{"gitId":"joshuan98"},"content":"        System.out.println(ADD_PHRASE + text);","lastModifiedDate":"2022-08-21"},{"lineNumber":15,"author":{"gitId":"joshuan98"},"content":"    }","lastModifiedDate":"2022-08-21"},{"lineNumber":16,"author":{"gitId":"joshuan98"},"content":"","lastModifiedDate":"2022-08-21"},{"lineNumber":17,"author":{"gitId":"joshuan98"},"content":"    public void printList() {","lastModifiedDate":"2022-08-21"},{"lineNumber":18,"author":{"gitId":"joshuan98"},"content":"        for (int i \u003d 0; i \u003c taskCount; i +\u003d 1) {","lastModifiedDate":"2022-08-21"},{"lineNumber":19,"author":{"gitId":"joshuan98"},"content":"            System.out.println(Integer.toString(i + 1) + \".[\" + tasks[i].getStatusIcon() + \"] \"","lastModifiedDate":"2022-08-21"},{"lineNumber":20,"author":{"gitId":"joshuan98"},"content":"                    + tasks[i].description);","lastModifiedDate":"2022-08-21"},{"lineNumber":21,"author":{"gitId":"joshuan98"},"content":"        }","lastModifiedDate":"2022-08-21"},{"lineNumber":22,"author":{"gitId":"joshuan98"},"content":"    }","lastModifiedDate":"2022-08-21"},{"lineNumber":23,"author":{"gitId":"joshuan98"},"content":"","lastModifiedDate":"2022-08-21"},{"lineNumber":24,"author":{"gitId":"joshuan98"},"content":"    public void markTask(int num) {","lastModifiedDate":"2022-08-21"},{"lineNumber":25,"author":{"gitId":"joshuan98"},"content":"        // note that num here is zero-index","lastModifiedDate":"2022-08-21"},{"lineNumber":26,"author":{"gitId":"joshuan98"},"content":"        tasks[num].setDone();","lastModifiedDate":"2022-08-21"},{"lineNumber":27,"author":{"gitId":"joshuan98"},"content":"","lastModifiedDate":"2022-08-21"},{"lineNumber":28,"author":{"gitId":"joshuan98"},"content":"        System.out.println(\"Completed! The following task is marked as done:\");","lastModifiedDate":"2022-08-21"},{"lineNumber":29,"author":{"gitId":"joshuan98"},"content":"        System.out.println(\"[\" + tasks[num].getStatusIcon() + \"] \" + tasks[num].getDescription());","lastModifiedDate":"2022-08-21"},{"lineNumber":30,"author":{"gitId":"joshuan98"},"content":"    }","lastModifiedDate":"2022-08-21"},{"lineNumber":31,"author":{"gitId":"joshuan98"},"content":"","lastModifiedDate":"2022-08-21"},{"lineNumber":32,"author":{"gitId":"joshuan98"},"content":"    public void unmarkTask(int num) {","lastModifiedDate":"2022-08-21"},{"lineNumber":33,"author":{"gitId":"joshuan98"},"content":"        // note that num here is zero-index","lastModifiedDate":"2022-08-21"},{"lineNumber":34,"author":{"gitId":"joshuan98"},"content":"        tasks[num].setUndone();","lastModifiedDate":"2022-08-21"},{"lineNumber":35,"author":{"gitId":"joshuan98"},"content":"","lastModifiedDate":"2022-08-21"},{"lineNumber":36,"author":{"gitId":"joshuan98"},"content":"        System.out.println(\"Oh no! The following task is marked as undone:\");","lastModifiedDate":"2022-08-21"},{"lineNumber":37,"author":{"gitId":"joshuan98"},"content":"        System.out.println(\"[\" + tasks[num].getStatusIcon() + \"] \" + tasks[num].getDescription());","lastModifiedDate":"2022-08-21"},{"lineNumber":38,"author":{"gitId":"joshuan98"},"content":"    }","lastModifiedDate":"2022-08-21"},{"lineNumber":39,"author":{"gitId":"joshuan98"},"content":"}","lastModifiedDate":"2022-08-21"}],"authorContributionMap":{"joshuan98":39}}]
