{"authorDailyContributionsMap":{"joshuan98":[{"date":"2022-08-15","commitResults":[{"hash":"58f4229f4c0a866847ae3cba53872d681c0f5c26","messageTitle":"Add greet functionality","messageBody":"Level-0 Greet\n","tags":["Level-0"],"fileTypesAndContributionMap":{"java":{"insertions":15,"deletions":6}}}]},{"date":"2022-08-21","commitResults":[{"hash":"277e7e63bcf5b91d0970d81118694e43a46cf284","messageTitle":"Update coding style for constants","messageBody":"Update horizontal_line, introduction, exit\n","fileTypesAndContributionMap":{"java":{"insertions":8,"deletions":8}}},{"hash":"3a8d116d2c0c59922ef8c7ba54d68cd2a73741b4","messageTitle":"Add echo function","messageBody":"","tags":["Level-1"],"fileTypesAndContributionMap":{"java":{"insertions":38,"deletions":10}}},{"hash":"878c778197b2508242ae4467258f0596e34e2dcd","messageTitle":"Add functionality to store input","messageBody":"Add the ability to store whatever text entered by the user and display them back to the user when requested\n","tags":["Level-2"],"fileTypesAndContributionMap":{"java":{"insertions":40,"deletions":10}}},{"hash":"10c2d735cd3f790d17ca243123c2b372baca7116","messageTitle":"Add Task and TaskManager class","messageBody":"Add the ability to mark tasks as done\nAdd the ability to change the status back to not done\n","tags":["Level-3"],"fileTypesAndContributionMap":{"java":{"insertions":90,"deletions":31}}},{"hash":"1a539d36006c8b5452e5f401dcb95cff3b4f5424","messageTitle":"Add comments","messageBody":"Check coding standard\n","tags":["A-CodingStandard"],"fileTypesAndContributionMap":{"java":{"insertions":8,"deletions":5}}}]}]},"authorFileTypeContributionMap":{"joshuan98":{"java":134,"md":0,"fxml":0,"sh":0,"bat":0,"gradle":0,"txt":0}},"authorContributionVariance":{"joshuan98":5470.89},"authorDisplayNameMap":{"joshuan98":"JOSH..FENG"}}
