{"authorDailyContributionsMap":{"joshuan98":[{"date":"2022-08-15","commitResults":[{"hash":"58f4229f4c0a866847ae3cba53872d681c0f5c26","messageTitle":"Add greet functionality","messageBody":"Level-0 Greet\n","tags":["Level-0"],"fileTypesAndContributionMap":{"java":{"insertions":15,"deletions":6}}}]},{"date":"2022-08-21","commitResults":[{"hash":"277e7e63bcf5b91d0970d81118694e43a46cf284","messageTitle":"Update coding style for constants","messageBody":"Update horizontal_line, introduction, exit\n","fileTypesAndContributionMap":{"java":{"insertions":8,"deletions":8}}},{"hash":"3a8d116d2c0c59922ef8c7ba54d68cd2a73741b4","messageTitle":"Add echo function","messageBody":"","tags":["Level-1"],"fileTypesAndContributionMap":{"java":{"insertions":38,"deletions":10}}},{"hash":"878c778197b2508242ae4467258f0596e34e2dcd","messageTitle":"Add functionality to store input","messageBody":"Add the ability to store whatever text entered by the user and display them back to the user when requested\n","tags":["Level-2"],"fileTypesAndContributionMap":{"java":{"insertions":40,"deletions":10}}},{"hash":"10c2d735cd3f790d17ca243123c2b372baca7116","messageTitle":"Add Task and TaskManager class","messageBody":"Add the ability to mark tasks as done\nAdd the ability to change the status back to not done\n","tags":["Level-3"],"fileTypesAndContributionMap":{"java":{"insertions":90,"deletions":31}}},{"hash":"1a539d36006c8b5452e5f401dcb95cff3b4f5424","messageTitle":"Add comments","messageBody":"Check coding standard\n","tags":["A-CodingStandard"],"fileTypesAndContributionMap":{"java":{"insertions":8,"deletions":5}}}]},{"date":"2022-08-23","commitResults":[{"hash":"8ea62ee8e4f399a2c913aa031945db66fbab6ea3","messageTitle":"Shift taskCount from TaskManager to Task","messageBody":"","fileTypesAndContributionMap":{"java":{"insertions":11,"deletions":4}}}]},{"date":"2022-08-27","commitResults":[{"hash":"e8aed502e3a3f1230ca98d71ffd6ed0e9ae6cf8d","messageTitle":"Add support for tracking ToDos, Events, Deadlines","messageBody":"Add Todo class\nAdd Deadline class\nAdd Event class\nAdd Parser class\nUpdate toString for Task class\n","tags":["Level-4","A-Inheritance"],"fileTypesAndContributionMap":{"java":{"insertions":118,"deletions":9}}},{"hash":"756018e869e75d535ff0e073e6929089157322a5","messageTitle":"Add test cases","messageBody":"","tags":["A-TextUiTesting"],"fileTypesAndContributionMap":{"txt":{"insertions":38,"deletions":0}}},{"hash":"d92d16a10ab0a1e9a9637203c00ed44fc835b579","messageTitle":"Add InputManager and update Parser","messageBody":"Add parseTaskNumber method in Parser\nSet phrases to public\n","tags":["A-CodeQuality"],"fileTypesAndContributionMap":{"java":{"insertions":115,"deletions":94}}}]},{"date":"2022-09-03","commitResults":[{"hash":"a91534754605c10eb2adcd516bc230c39ae151a7","messageTitle":"Change relevant classes to be abstract","messageBody":"Set Duke, InputManager, Parser, Task, TaskManager to be abstract classes\n","fileTypesAndContributionMap":{"java":{"insertions":6,"deletions":7}}},{"hash":"c6bc863d6c71e5a004f4514b0c0087d87a251e81","messageTitle":"Add error handling for invalid input","messageBody":"","fileTypesAndContributionMap":{"java":{"insertions":35,"deletions":26}}},{"hash":"dfc0f86d05f467c4b53d8c56474a6e3ff5f21844","messageTitle":"Add error handling for invalid description","messageBody":"Handle invalid description for Todo, Deadline, and Event classes\n","fileTypesAndContributionMap":{"java":{"insertions":53,"deletions":17}}},{"hash":"a782c51ed42ec78e7a9a4ce8e903c2bb1badb3b5","messageTitle":"Add error handling for missing task number","messageBody":"Also changed InvalidDescriptionException to MissingDescriptionException and update the respective exceptions accordingly\n","fileTypesAndContributionMap":{"txt":{"insertions":9,"deletions":20},"java":{"insertions":56,"deletions":29}}},{"hash":"88d34a5218f17e2d8050da57be93d456751d2127","messageTitle":"Add error handling for invalid task number","messageBody":"Add error handling for non-integer task number and out of bounds task number\n","fileTypesAndContributionMap":{"txt":{"insertions":6,"deletions":0},"java":{"insertions":53,"deletions":5}}}]},{"date":"2022-09-04","commitResults":[{"hash":"96a7c1459f44d0e17badb5ff8a33f513a5aa4cd9","messageTitle":"Separate into packages","messageBody":"Create command, exception, task packages\n","fileTypesAndContributionMap":{"java":{"insertions":44,"deletions":0},"bat":{"insertions":1,"deletions":1}}}]}]},"authorFileTypeContributionMap":{"joshuan98":{"java":437,"md":0,"fxml":0,"sh":0,"bat":1,"gradle":0,"txt":33}},"authorContributionVariance":{"joshuan98":10999.3545},"authorDisplayNameMap":{"joshuan98":"CS2113-W13-2 JOSH..FENG"}}
