[{"path":"data.txt","fileType":"txt","lines":[{"lineNumber":1,"author":{"gitId":"jingwei55"},"content":"T | X | aeqweasad","lastModifiedDate":"2022-09-18"},{"lineNumber":2,"author":{"gitId":"jingwei55"},"content":"T |   | aweqw","lastModifiedDate":"2022-09-18"},{"lineNumber":3,"author":{"gitId":"jingwei55"},"content":"D |   | asawe | (by:weeqwe)","lastModifiedDate":"2022-09-18"},{"lineNumber":4,"author":{"gitId":"jingwei55"},"content":"D |   | ea | (by: 2022-09-18T22:46:36)","lastModifiedDate":"2022-09-18"},{"lineNumber":5,"author":{"gitId":"jingwei55"},"content":"D |   | ad | (by: Sun, 18 Sep 2022 22:46)","lastModifiedDate":"2022-09-18"}],"authorContributionMap":{"jingwei55":5}},{"path":"src/Constants.java","fileType":"java","lines":[{"lineNumber":1,"author":{"gitId":"jingwei55"},"content":"public class Constants {","lastModifiedDate":"2022-09-02"},{"lineNumber":2,"author":{"gitId":"jingwei55"},"content":"    public static final String TODO \u003d \"todo\";","lastModifiedDate":"2022-09-09"},{"lineNumber":3,"author":{"gitId":"jingwei55"},"content":"    public static final String LIST \u003d \"list\";","lastModifiedDate":"2022-09-02"},{"lineNumber":4,"author":{"gitId":"jingwei55"},"content":"    public static final String MARK \u003d \"mark\";","lastModifiedDate":"2022-09-02"},{"lineNumber":5,"author":{"gitId":"jingwei55"},"content":"    public static final String UNMARK \u003d \"unmark\";","lastModifiedDate":"2022-09-02"},{"lineNumber":6,"author":{"gitId":"jingwei55"},"content":"    public static final String DEADLINE \u003d \"deadline\";","lastModifiedDate":"2022-09-02"},{"lineNumber":7,"author":{"gitId":"jingwei55"},"content":"    public static final String EVENT \u003d \"event\";","lastModifiedDate":"2022-09-02"},{"lineNumber":8,"author":{"gitId":"jingwei55"},"content":"    public static final String DELETE \u003d \"delete\";","lastModifiedDate":"2022-09-09"},{"lineNumber":9,"author":{"gitId":"jingwei55"},"content":"    public static final String FIND \u003d \"find\";","lastModifiedDate":"2022-09-18"},{"lineNumber":10,"author":{"gitId":"jingwei55"},"content":"    public static final int TASK \u003d 0;","lastModifiedDate":"2022-09-02"},{"lineNumber":11,"author":{"gitId":"jingwei55"},"content":"    public static final int NUMBER \u003d 1;","lastModifiedDate":"2022-09-02"},{"lineNumber":12,"author":{"gitId":"jingwei55"},"content":"    public static final int DETAILS \u003d 1;","lastModifiedDate":"2022-09-02"},{"lineNumber":13,"author":{"gitId":"jingwei55"},"content":"    public static final String OUT_OF_BOUNDS \u003d \"Sorry, there is no such task. Please input a correct number\";","lastModifiedDate":"2022-09-02"},{"lineNumber":14,"author":{"gitId":"jingwei55"},"content":"    public static final String INVALID_COMMAND \u003d \"Sorry, please input a proper command!\\n\";","lastModifiedDate":"2022-09-14"},{"lineNumber":15,"author":{"gitId":"jingwei55"},"content":"    public static final String UNMARK_ERROR \u003d \"Please input a task number to unmark\";","lastModifiedDate":"2022-09-02"},{"lineNumber":16,"author":{"gitId":"jingwei55"},"content":"    public static final String MARK_ERROR \u003d \"Please input a task number to mark\";","lastModifiedDate":"2022-09-02"},{"lineNumber":17,"author":{"gitId":"jingwei55"},"content":"    public static final String DELETE_ERROR \u003d \"Please input a task number for me to delete the task :)\";","lastModifiedDate":"2022-09-09"},{"lineNumber":18,"author":{"gitId":"jingwei55"},"content":"    public static final String DEADLINE_FORMAT_ERROR \u003d \"Invalid deadline format! Please remember to add \u0027/by\u0027 before your deadline!\";","lastModifiedDate":"2022-09-10"},{"lineNumber":19,"author":{"gitId":"jingwei55"},"content":"    public static final String DEADLINE_DESCRIPTION_ERROR \u003d \"Please input a description before your deadline!\";","lastModifiedDate":"2022-09-14"},{"lineNumber":20,"author":{"gitId":"jingwei55"},"content":"    public static final String EVENT_DESCRIPTION_ERROR \u003d \"Please input a description before your event timing!\";","lastModifiedDate":"2022-09-14"},{"lineNumber":21,"author":{"gitId":"jingwei55"},"content":"    public static final String EVENT_FORMAT_ERROR \u003d \"Invalid event format! Please remember to add \u0027/at\u0027 before your event timing!\";","lastModifiedDate":"2022-09-10"},{"lineNumber":22,"author":{"gitId":"jingwei55"},"content":"    public static final String FILE_TASK_CONVERSION_ERROR \u003d \"Invalid task format in data file! Please check data file!\";","lastModifiedDate":"2022-09-14"},{"lineNumber":23,"author":{"gitId":"jingwei55"},"content":"    public static final String NOT_INTEGER \u003d \"Please input a number!\";","lastModifiedDate":"2022-09-10"},{"lineNumber":24,"author":{"gitId":"jingwei55"},"content":"    public static final String MISSING_KEYWORD \u003d \"Please input a keyword to find a matching task!\";","lastModifiedDate":"2022-09-18"},{"lineNumber":25,"author":{"gitId":"jingwei55"},"content":"    public static final String WRONG_TIME_FORMAT \u003d \"Please input your date and time in YYYY-MM-DDTHH:mm format!\";","lastModifiedDate":"2022-09-18"},{"lineNumber":26,"author":{"gitId":"jingwei55"},"content":"}","lastModifiedDate":"2022-09-02"}],"authorContributionMap":{"jingwei55":26}},{"path":"src/Deadline.java","fileType":"java","lines":[{"lineNumber":1,"author":{"gitId":"jingwei55"},"content":"public class Deadline extends Task {","lastModifiedDate":"2022-09-01"},{"lineNumber":2,"author":{"gitId":"jingwei55"},"content":"    String by;","lastModifiedDate":"2022-09-01"},{"lineNumber":3,"author":{"gitId":"jingwei55"},"content":"    public Deadline(String description, String dueDate, boolean status) {","lastModifiedDate":"2022-09-11"},{"lineNumber":4,"author":{"gitId":"jingwei55"},"content":"        super(description, status);","lastModifiedDate":"2022-09-11"},{"lineNumber":5,"author":{"gitId":"jingwei55"},"content":"        by \u003d dueDate;","lastModifiedDate":"2022-09-01"},{"lineNumber":6,"author":{"gitId":"jingwei55"},"content":"    }","lastModifiedDate":"2022-09-01"},{"lineNumber":7,"author":{"gitId":"jingwei55"},"content":"","lastModifiedDate":"2022-09-01"},{"lineNumber":8,"author":{"gitId":"jingwei55"},"content":"    @Override","lastModifiedDate":"2022-09-01"},{"lineNumber":9,"author":{"gitId":"jingwei55"},"content":"    public String getDescription() {","lastModifiedDate":"2022-09-01"},{"lineNumber":10,"author":{"gitId":"jingwei55"},"content":"        return this.description + \" \" + this.by;","lastModifiedDate":"2022-09-14"},{"lineNumber":11,"author":{"gitId":"jingwei55"},"content":"    }","lastModifiedDate":"2022-09-01"},{"lineNumber":12,"author":{"gitId":"jingwei55"},"content":"","lastModifiedDate":"2022-09-01"},{"lineNumber":13,"author":{"gitId":"jingwei55"},"content":"    @Override","lastModifiedDate":"2022-09-01"},{"lineNumber":14,"author":{"gitId":"jingwei55"},"content":"    public String getDescriptionAndStatus() {","lastModifiedDate":"2022-09-01"},{"lineNumber":15,"author":{"gitId":"jingwei55"},"content":"        return \"[D][\" + this.getStatus() + \"] \" + this.getDescription();","lastModifiedDate":"2022-09-10"},{"lineNumber":16,"author":{"gitId":"jingwei55"},"content":"    }","lastModifiedDate":"2022-09-01"},{"lineNumber":17,"author":{"gitId":"jingwei55"},"content":"    @Override","lastModifiedDate":"2022-09-10"},{"lineNumber":18,"author":{"gitId":"jingwei55"},"content":"    public String fileFormat() {","lastModifiedDate":"2022-09-10"},{"lineNumber":19,"author":{"gitId":"jingwei55"},"content":"        return \"D | \" + this.getStatus() + \" | \" + this.description + \" | \" + this.by;","lastModifiedDate":"2022-09-14"},{"lineNumber":20,"author":{"gitId":"jingwei55"},"content":"    }","lastModifiedDate":"2022-09-10"},{"lineNumber":21,"author":{"gitId":"jingwei55"},"content":"}","lastModifiedDate":"2022-09-01"}],"authorContributionMap":{"jingwei55":21}},{"path":"src/Error.java","fileType":"java","lines":[{"lineNumber":1,"author":{"gitId":"jingwei55"},"content":"public class Error extends Exception{","lastModifiedDate":"2022-09-02"},{"lineNumber":2,"author":{"gitId":"jingwei55"},"content":"    public Error(String message) {","lastModifiedDate":"2022-09-02"},{"lineNumber":3,"author":{"gitId":"jingwei55"},"content":"        super(message);","lastModifiedDate":"2022-09-02"},{"lineNumber":4,"author":{"gitId":"jingwei55"},"content":"    }","lastModifiedDate":"2022-09-02"},{"lineNumber":5,"author":{"gitId":"jingwei55"},"content":"}","lastModifiedDate":"2022-09-02"}],"authorContributionMap":{"jingwei55":5}},{"path":"src/Event.java","fileType":"java","lines":[{"lineNumber":1,"author":{"gitId":"jingwei55"},"content":"public class Event extends Task {","lastModifiedDate":"2022-09-01"},{"lineNumber":2,"author":{"gitId":"jingwei55"},"content":"    String at;","lastModifiedDate":"2022-09-01"},{"lineNumber":3,"author":{"gitId":"jingwei55"},"content":"    public Event(String description, String time, boolean status) {","lastModifiedDate":"2022-09-11"},{"lineNumber":4,"author":{"gitId":"jingwei55"},"content":"        super(description, status);","lastModifiedDate":"2022-09-11"},{"lineNumber":5,"author":{"gitId":"jingwei55"},"content":"        at \u003d time;","lastModifiedDate":"2022-09-01"},{"lineNumber":6,"author":{"gitId":"jingwei55"},"content":"    }","lastModifiedDate":"2022-09-01"},{"lineNumber":7,"author":{"gitId":"jingwei55"},"content":"    @Override","lastModifiedDate":"2022-09-01"},{"lineNumber":8,"author":{"gitId":"jingwei55"},"content":"    public String getDescription() {","lastModifiedDate":"2022-09-01"},{"lineNumber":9,"author":{"gitId":"jingwei55"},"content":"        return this.description + \" \" + this.at;","lastModifiedDate":"2022-09-14"},{"lineNumber":10,"author":{"gitId":"jingwei55"},"content":"    }","lastModifiedDate":"2022-09-01"},{"lineNumber":11,"author":{"gitId":"jingwei55"},"content":"","lastModifiedDate":"2022-09-01"},{"lineNumber":12,"author":{"gitId":"jingwei55"},"content":"    @Override","lastModifiedDate":"2022-09-01"},{"lineNumber":13,"author":{"gitId":"jingwei55"},"content":"    public String getDescriptionAndStatus() {","lastModifiedDate":"2022-09-01"},{"lineNumber":14,"author":{"gitId":"jingwei55"},"content":"        return \"[E][\" + this.getStatus() + \"] \" + this.getDescription();","lastModifiedDate":"2022-09-10"},{"lineNumber":15,"author":{"gitId":"jingwei55"},"content":"    }","lastModifiedDate":"2022-09-01"},{"lineNumber":16,"author":{"gitId":"jingwei55"},"content":"    @Override","lastModifiedDate":"2022-09-10"},{"lineNumber":17,"author":{"gitId":"jingwei55"},"content":"    public String fileFormat() {","lastModifiedDate":"2022-09-10"},{"lineNumber":18,"author":{"gitId":"jingwei55"},"content":"        return \"E | \" + this.getStatus() + \" | \" + this.description + \" | \" + this.at;","lastModifiedDate":"2022-09-14"},{"lineNumber":19,"author":{"gitId":"jingwei55"},"content":"    }","lastModifiedDate":"2022-09-10"},{"lineNumber":20,"author":{"gitId":"jingwei55"},"content":"","lastModifiedDate":"2022-09-01"},{"lineNumber":21,"author":{"gitId":"jingwei55"},"content":"}","lastModifiedDate":"2022-09-01"}],"authorContributionMap":{"jingwei55":21}},{"path":"src/Parser.java","fileType":"java","lines":[{"lineNumber":1,"author":{"gitId":"jingwei55"},"content":"import java.time.LocalDateTime;","lastModifiedDate":"2022-09-18"},{"lineNumber":2,"author":{"gitId":"jingwei55"},"content":"import java.time.format.DateTimeFormatter;","lastModifiedDate":"2022-09-18"},{"lineNumber":3,"author":{"gitId":"jingwei55"},"content":"import java.time.format.DateTimeParseException;","lastModifiedDate":"2022-09-18"},{"lineNumber":4,"author":{"gitId":"jingwei55"},"content":"","lastModifiedDate":"2022-09-18"},{"lineNumber":5,"author":{"gitId":"jingwei55"},"content":"public class Parser extends Constants{","lastModifiedDate":"2022-09-18"},{"lineNumber":6,"author":{"gitId":"jingwei55"},"content":"    public Task taskFromFile(String task) throws Error {","lastModifiedDate":"2022-09-18"},{"lineNumber":7,"author":{"gitId":"jingwei55"},"content":"        String[] reconstruct \u003d task.split(\" \\\\| \");","lastModifiedDate":"2022-09-18"},{"lineNumber":8,"author":{"gitId":"jingwei55"},"content":"        switch (reconstruct[0]) {","lastModifiedDate":"2022-09-18"},{"lineNumber":9,"author":{"gitId":"jingwei55"},"content":"            case \"T\":","lastModifiedDate":"2022-09-18"},{"lineNumber":10,"author":{"gitId":"jingwei55"},"content":"                return new Todo(reconstruct[2], reconstruct[1].equals(\"X\"));","lastModifiedDate":"2022-09-18"},{"lineNumber":11,"author":{"gitId":"jingwei55"},"content":"            case \"E\":","lastModifiedDate":"2022-09-18"},{"lineNumber":12,"author":{"gitId":"jingwei55"},"content":"                return new Event(reconstruct[2], reconstruct[3], reconstruct[1].equals(\"X\"));","lastModifiedDate":"2022-09-18"},{"lineNumber":13,"author":{"gitId":"jingwei55"},"content":"            case \"D\":","lastModifiedDate":"2022-09-18"},{"lineNumber":14,"author":{"gitId":"jingwei55"},"content":"                return new Deadline(reconstruct[2], reconstruct[3], reconstruct[1].equals(\"X\"));","lastModifiedDate":"2022-09-18"},{"lineNumber":15,"author":{"gitId":"jingwei55"},"content":"            default:","lastModifiedDate":"2022-09-18"},{"lineNumber":16,"author":{"gitId":"jingwei55"},"content":"                throw new Error(FILE_TASK_CONVERSION_ERROR);","lastModifiedDate":"2022-09-18"},{"lineNumber":17,"author":{"gitId":"jingwei55"},"content":"        }","lastModifiedDate":"2022-09-18"},{"lineNumber":18,"author":{"gitId":"jingwei55"},"content":"    }","lastModifiedDate":"2022-09-18"},{"lineNumber":19,"author":{"gitId":"jingwei55"},"content":"    public Task task(String taskType, String details) throws Error {","lastModifiedDate":"2022-09-18"},{"lineNumber":20,"author":{"gitId":"jingwei55"},"content":"        String[] separateDetails;","lastModifiedDate":"2022-09-18"},{"lineNumber":21,"author":{"gitId":"jingwei55"},"content":"        String description;","lastModifiedDate":"2022-09-18"},{"lineNumber":22,"author":{"gitId":"jingwei55"},"content":"        String time;","lastModifiedDate":"2022-09-18"},{"lineNumber":23,"author":{"gitId":"jingwei55"},"content":"        LocalDateTime parseTime;","lastModifiedDate":"2022-09-18"},{"lineNumber":24,"author":{"gitId":"jingwei55"},"content":"        switch (taskType) {","lastModifiedDate":"2022-09-18"},{"lineNumber":25,"author":{"gitId":"jingwei55"},"content":"            case TODO:","lastModifiedDate":"2022-09-18"},{"lineNumber":26,"author":{"gitId":"jingwei55"},"content":"                return new Todo(details, false);","lastModifiedDate":"2022-09-18"},{"lineNumber":27,"author":{"gitId":"jingwei55"},"content":"","lastModifiedDate":"2022-09-18"},{"lineNumber":28,"author":{"gitId":"jingwei55"},"content":"            case DEADLINE:","lastModifiedDate":"2022-09-18"},{"lineNumber":29,"author":{"gitId":"jingwei55"},"content":"                separateDetails \u003d details.split(\"/by\", 2);","lastModifiedDate":"2022-09-18"},{"lineNumber":30,"author":{"gitId":"jingwei55"},"content":"                if (separateDetails.length !\u003d 2) {","lastModifiedDate":"2022-09-18"},{"lineNumber":31,"author":{"gitId":"jingwei55"},"content":"                    throw new Error(DEADLINE_FORMAT_ERROR);","lastModifiedDate":"2022-09-18"},{"lineNumber":32,"author":{"gitId":"jingwei55"},"content":"                } else if (separateDetails[0].equals(\"\")) {","lastModifiedDate":"2022-09-18"},{"lineNumber":33,"author":{"gitId":"jingwei55"},"content":"                    throw new Error(DEADLINE_DESCRIPTION_ERROR);","lastModifiedDate":"2022-09-18"},{"lineNumber":34,"author":{"gitId":"jingwei55"},"content":"                }","lastModifiedDate":"2022-09-18"},{"lineNumber":35,"author":{"gitId":"jingwei55"},"content":"                try {","lastModifiedDate":"2022-09-18"},{"lineNumber":36,"author":{"gitId":"jingwei55"},"content":"                    description \u003d separateDetails[0];","lastModifiedDate":"2022-09-18"},{"lineNumber":37,"author":{"gitId":"jingwei55"},"content":"                    parseTime \u003d LocalDateTime.parse(separateDetails[1]);","lastModifiedDate":"2022-09-18"},{"lineNumber":38,"author":{"gitId":"jingwei55"},"content":"                    time \u003d parseTime.format(DateTimeFormatter.ofPattern(\"E, dd MMM yyyy HH:mm\"));","lastModifiedDate":"2022-09-18"},{"lineNumber":39,"author":{"gitId":"jingwei55"},"content":"                    time \u003d \"(by: \" + time + \")\";","lastModifiedDate":"2022-09-18"},{"lineNumber":40,"author":{"gitId":"jingwei55"},"content":"                    return new Deadline(description, time, false);","lastModifiedDate":"2022-09-18"},{"lineNumber":41,"author":{"gitId":"jingwei55"},"content":"                }","lastModifiedDate":"2022-09-18"},{"lineNumber":42,"author":{"gitId":"jingwei55"},"content":"                catch (DateTimeParseException error) {","lastModifiedDate":"2022-09-18"},{"lineNumber":43,"author":{"gitId":"jingwei55"},"content":"                    throw new Error(WRONG_TIME_FORMAT);","lastModifiedDate":"2022-09-18"},{"lineNumber":44,"author":{"gitId":"jingwei55"},"content":"                }","lastModifiedDate":"2022-09-18"},{"lineNumber":45,"author":{"gitId":"jingwei55"},"content":"","lastModifiedDate":"2022-09-18"},{"lineNumber":46,"author":{"gitId":"jingwei55"},"content":"            case EVENT:","lastModifiedDate":"2022-09-18"},{"lineNumber":47,"author":{"gitId":"jingwei55"},"content":"                separateDetails \u003d details.split(\"/at\", 2);","lastModifiedDate":"2022-09-18"},{"lineNumber":48,"author":{"gitId":"jingwei55"},"content":"                if (separateDetails.length !\u003d 2) {","lastModifiedDate":"2022-09-18"},{"lineNumber":49,"author":{"gitId":"jingwei55"},"content":"                    throw new Error(EVENT_FORMAT_ERROR);","lastModifiedDate":"2022-09-18"},{"lineNumber":50,"author":{"gitId":"jingwei55"},"content":"                } else if (separateDetails[0].equals(\"\")) {","lastModifiedDate":"2022-09-18"},{"lineNumber":51,"author":{"gitId":"jingwei55"},"content":"                    throw new Error(EVENT_DESCRIPTION_ERROR);","lastModifiedDate":"2022-09-18"},{"lineNumber":52,"author":{"gitId":"jingwei55"},"content":"                }","lastModifiedDate":"2022-09-18"},{"lineNumber":53,"author":{"gitId":"jingwei55"},"content":"                try {","lastModifiedDate":"2022-09-18"},{"lineNumber":54,"author":{"gitId":"jingwei55"},"content":"                    description \u003d separateDetails[0];","lastModifiedDate":"2022-09-18"},{"lineNumber":55,"author":{"gitId":"jingwei55"},"content":"                    parseTime \u003d LocalDateTime.parse(separateDetails[1]);","lastModifiedDate":"2022-09-18"},{"lineNumber":56,"author":{"gitId":"jingwei55"},"content":"                    time \u003d parseTime.format(DateTimeFormatter.ofPattern(\"E, dd MMM yyyy HH:mm\"));","lastModifiedDate":"2022-09-18"},{"lineNumber":57,"author":{"gitId":"jingwei55"},"content":"                    time \u003d \"(at: \" + time + \")\";","lastModifiedDate":"2022-09-18"},{"lineNumber":58,"author":{"gitId":"jingwei55"},"content":"                    return new Deadline(description, time, false);","lastModifiedDate":"2022-09-18"},{"lineNumber":59,"author":{"gitId":"jingwei55"},"content":"                }","lastModifiedDate":"2022-09-18"},{"lineNumber":60,"author":{"gitId":"jingwei55"},"content":"                catch (DateTimeParseException error) {","lastModifiedDate":"2022-09-18"},{"lineNumber":61,"author":{"gitId":"jingwei55"},"content":"                    throw new Error(WRONG_TIME_FORMAT);","lastModifiedDate":"2022-09-18"},{"lineNumber":62,"author":{"gitId":"jingwei55"},"content":"                }","lastModifiedDate":"2022-09-18"},{"lineNumber":63,"author":{"gitId":"jingwei55"},"content":"","lastModifiedDate":"2022-09-18"},{"lineNumber":64,"author":{"gitId":"jingwei55"},"content":"            default:","lastModifiedDate":"2022-09-18"},{"lineNumber":65,"author":{"gitId":"jingwei55"},"content":"                throw new Error(INVALID_COMMAND);","lastModifiedDate":"2022-09-18"},{"lineNumber":66,"author":{"gitId":"jingwei55"},"content":"        }","lastModifiedDate":"2022-09-18"},{"lineNumber":67,"author":{"gitId":"jingwei55"},"content":"    }","lastModifiedDate":"2022-09-18"},{"lineNumber":68,"author":{"gitId":"jingwei55"},"content":"    public void modifyTask(int index, String command, TaskList taskList, Storage storage) {","lastModifiedDate":"2022-09-18"},{"lineNumber":69,"author":{"gitId":"jingwei55"},"content":"        switch (command) {","lastModifiedDate":"2022-09-18"},{"lineNumber":70,"author":{"gitId":"jingwei55"},"content":"            case MARK:","lastModifiedDate":"2022-09-18"},{"lineNumber":71,"author":{"gitId":"jingwei55"},"content":"                taskList.mark(index);","lastModifiedDate":"2022-09-18"},{"lineNumber":72,"author":{"gitId":"jingwei55"},"content":"                storage.writeToFile(taskList);","lastModifiedDate":"2022-09-18"},{"lineNumber":73,"author":{"gitId":"jingwei55"},"content":"                break;","lastModifiedDate":"2022-09-18"},{"lineNumber":74,"author":{"gitId":"jingwei55"},"content":"            case UNMARK:","lastModifiedDate":"2022-09-18"},{"lineNumber":75,"author":{"gitId":"jingwei55"},"content":"                taskList.unmark(index);","lastModifiedDate":"2022-09-18"},{"lineNumber":76,"author":{"gitId":"jingwei55"},"content":"                storage.writeToFile(taskList);","lastModifiedDate":"2022-09-18"},{"lineNumber":77,"author":{"gitId":"jingwei55"},"content":"                break;","lastModifiedDate":"2022-09-18"},{"lineNumber":78,"author":{"gitId":"jingwei55"},"content":"            case DELETE:","lastModifiedDate":"2022-09-18"},{"lineNumber":79,"author":{"gitId":"jingwei55"},"content":"                taskList.delete(index);","lastModifiedDate":"2022-09-18"},{"lineNumber":80,"author":{"gitId":"jingwei55"},"content":"                storage.writeToFile(taskList);","lastModifiedDate":"2022-09-18"},{"lineNumber":81,"author":{"gitId":"jingwei55"},"content":"                break;","lastModifiedDate":"2022-09-18"},{"lineNumber":82,"author":{"gitId":"jingwei55"},"content":"        }","lastModifiedDate":"2022-09-18"},{"lineNumber":83,"author":{"gitId":"jingwei55"},"content":"    }","lastModifiedDate":"2022-09-18"},{"lineNumber":84,"author":{"gitId":"jingwei55"},"content":"","lastModifiedDate":"2022-09-18"},{"lineNumber":85,"author":{"gitId":"jingwei55"},"content":"    public void singleCommand(String input, TaskList taskList) {","lastModifiedDate":"2022-09-18"},{"lineNumber":86,"author":{"gitId":"jingwei55"},"content":"        try {","lastModifiedDate":"2022-09-18"},{"lineNumber":87,"author":{"gitId":"jingwei55"},"content":"            switch (input) {","lastModifiedDate":"2022-09-18"},{"lineNumber":88,"author":{"gitId":"jingwei55"},"content":"                case LIST:","lastModifiedDate":"2022-09-18"},{"lineNumber":89,"author":{"gitId":"jingwei55"},"content":"                    taskList.showList();","lastModifiedDate":"2022-09-18"},{"lineNumber":90,"author":{"gitId":"jingwei55"},"content":"                    break;","lastModifiedDate":"2022-09-18"},{"lineNumber":91,"author":{"gitId":"jingwei55"},"content":"                case UNMARK:","lastModifiedDate":"2022-09-18"},{"lineNumber":92,"author":{"gitId":"jingwei55"},"content":"                    throw new Error(UNMARK_ERROR);","lastModifiedDate":"2022-09-18"},{"lineNumber":93,"author":{"gitId":"jingwei55"},"content":"                case MARK:","lastModifiedDate":"2022-09-18"},{"lineNumber":94,"author":{"gitId":"jingwei55"},"content":"                    throw new Error(MARK_ERROR);","lastModifiedDate":"2022-09-18"},{"lineNumber":95,"author":{"gitId":"jingwei55"},"content":"                case DEADLINE:","lastModifiedDate":"2022-09-18"},{"lineNumber":96,"author":{"gitId":"jingwei55"},"content":"                    throw new Error(DELETE_ERROR);","lastModifiedDate":"2022-09-18"},{"lineNumber":97,"author":{"gitId":"jingwei55"},"content":"                case FIND:","lastModifiedDate":"2022-09-18"},{"lineNumber":98,"author":{"gitId":"jingwei55"},"content":"                    throw new Error(MISSING_KEYWORD);","lastModifiedDate":"2022-09-18"},{"lineNumber":99,"author":{"gitId":"jingwei55"},"content":"                default:","lastModifiedDate":"2022-09-18"},{"lineNumber":100,"author":{"gitId":"jingwei55"},"content":"                    throw new Error(INVALID_COMMAND);","lastModifiedDate":"2022-09-18"},{"lineNumber":101,"author":{"gitId":"jingwei55"},"content":"            }","lastModifiedDate":"2022-09-18"},{"lineNumber":102,"author":{"gitId":"jingwei55"},"content":"        } catch (Error error) {","lastModifiedDate":"2022-09-18"},{"lineNumber":103,"author":{"gitId":"jingwei55"},"content":"            System.out.println(error.getMessage());","lastModifiedDate":"2022-09-18"},{"lineNumber":104,"author":{"gitId":"jingwei55"},"content":"        }","lastModifiedDate":"2022-09-18"},{"lineNumber":105,"author":{"gitId":"jingwei55"},"content":"    }","lastModifiedDate":"2022-09-18"},{"lineNumber":106,"author":{"gitId":"jingwei55"},"content":"","lastModifiedDate":"2022-09-18"},{"lineNumber":107,"author":{"gitId":"jingwei55"},"content":"    public void multipleCommands(String[] get, TaskList taskList, Ui ui, Storage storage) {","lastModifiedDate":"2022-09-18"},{"lineNumber":108,"author":{"gitId":"jingwei55"},"content":"        switch (get[TASK]) { //if input more than 1","lastModifiedDate":"2022-09-18"},{"lineNumber":109,"author":{"gitId":"jingwei55"},"content":"            case LIST:","lastModifiedDate":"2022-09-18"},{"lineNumber":110,"author":{"gitId":"jingwei55"},"content":"                ui.listMessage();","lastModifiedDate":"2022-09-18"},{"lineNumber":111,"author":{"gitId":"jingwei55"},"content":"                taskList.showList();","lastModifiedDate":"2022-09-18"},{"lineNumber":112,"author":{"gitId":"jingwei55"},"content":"                break;","lastModifiedDate":"2022-09-18"},{"lineNumber":113,"author":{"gitId":"jingwei55"},"content":"            case UNMARK:","lastModifiedDate":"2022-09-18"},{"lineNumber":114,"author":{"gitId":"jingwei55"},"content":"            case MARK:","lastModifiedDate":"2022-09-18"},{"lineNumber":115,"author":{"gitId":"jingwei55"},"content":"            case DELETE:","lastModifiedDate":"2022-09-18"},{"lineNumber":116,"author":{"gitId":"jingwei55"},"content":"                try {","lastModifiedDate":"2022-09-18"},{"lineNumber":117,"author":{"gitId":"jingwei55"},"content":"                    int index \u003d Integer.parseInt(get[NUMBER]);","lastModifiedDate":"2022-09-18"},{"lineNumber":118,"author":{"gitId":"jingwei55"},"content":"                    modifyTask(index, get[TASK], taskList, storage);","lastModifiedDate":"2022-09-18"},{"lineNumber":119,"author":{"gitId":"jingwei55"},"content":"                }","lastModifiedDate":"2022-09-18"},{"lineNumber":120,"author":{"gitId":"jingwei55"},"content":"                catch (IndexOutOfBoundsException error) {","lastModifiedDate":"2022-09-18"},{"lineNumber":121,"author":{"gitId":"jingwei55"},"content":"                    System.out.println(OUT_OF_BOUNDS);","lastModifiedDate":"2022-09-18"},{"lineNumber":122,"author":{"gitId":"jingwei55"},"content":"                }","lastModifiedDate":"2022-09-18"},{"lineNumber":123,"author":{"gitId":"jingwei55"},"content":"                catch (NumberFormatException error) {","lastModifiedDate":"2022-09-18"},{"lineNumber":124,"author":{"gitId":"jingwei55"},"content":"                    System.out.println(NOT_INTEGER);","lastModifiedDate":"2022-09-18"},{"lineNumber":125,"author":{"gitId":"jingwei55"},"content":"                }","lastModifiedDate":"2022-09-18"},{"lineNumber":126,"author":{"gitId":"jingwei55"},"content":"                break;","lastModifiedDate":"2022-09-18"},{"lineNumber":127,"author":{"gitId":"jingwei55"},"content":"            case DEADLINE:","lastModifiedDate":"2022-09-18"},{"lineNumber":128,"author":{"gitId":"jingwei55"},"content":"            case EVENT:","lastModifiedDate":"2022-09-18"},{"lineNumber":129,"author":{"gitId":"jingwei55"},"content":"            case TODO:","lastModifiedDate":"2022-09-18"},{"lineNumber":130,"author":{"gitId":"jingwei55"},"content":"                try {","lastModifiedDate":"2022-09-18"},{"lineNumber":131,"author":{"gitId":"jingwei55"},"content":"                    String details \u003d get[DETAILS].replaceAll(\"\\\\s\", \"\");","lastModifiedDate":"2022-09-18"},{"lineNumber":132,"author":{"gitId":"jingwei55"},"content":"                    Task task \u003d task(get[TASK], details);","lastModifiedDate":"2022-09-18"},{"lineNumber":133,"author":{"gitId":"jingwei55"},"content":"                    taskList.addTask(task);","lastModifiedDate":"2022-09-18"},{"lineNumber":134,"author":{"gitId":"jingwei55"},"content":"                    storage.appendToFile(task.fileFormat());","lastModifiedDate":"2022-09-18"},{"lineNumber":135,"author":{"gitId":"jingwei55"},"content":"                }","lastModifiedDate":"2022-09-18"},{"lineNumber":136,"author":{"gitId":"jingwei55"},"content":"                catch (Error error) {","lastModifiedDate":"2022-09-18"},{"lineNumber":137,"author":{"gitId":"jingwei55"},"content":"                    System.out.println(error.getMessage());","lastModifiedDate":"2022-09-18"},{"lineNumber":138,"author":{"gitId":"jingwei55"},"content":"                }","lastModifiedDate":"2022-09-18"},{"lineNumber":139,"author":{"gitId":"jingwei55"},"content":"                break;","lastModifiedDate":"2022-09-18"},{"lineNumber":140,"author":{"gitId":"jingwei55"},"content":"            case FIND:","lastModifiedDate":"2022-09-18"},{"lineNumber":141,"author":{"gitId":"jingwei55"},"content":"                taskList.showMatchedTasks(get[DETAILS]);","lastModifiedDate":"2022-09-18"},{"lineNumber":142,"author":{"gitId":"jingwei55"},"content":"                break;","lastModifiedDate":"2022-09-18"},{"lineNumber":143,"author":{"gitId":"jingwei55"},"content":"            default:","lastModifiedDate":"2022-09-18"},{"lineNumber":144,"author":{"gitId":"jingwei55"},"content":"                System.out.println(INVALID_COMMAND);","lastModifiedDate":"2022-09-18"},{"lineNumber":145,"author":{"gitId":"jingwei55"},"content":"                break;","lastModifiedDate":"2022-09-18"},{"lineNumber":146,"author":{"gitId":"jingwei55"},"content":"        }","lastModifiedDate":"2022-09-18"},{"lineNumber":147,"author":{"gitId":"jingwei55"},"content":"    }","lastModifiedDate":"2022-09-18"},{"lineNumber":148,"author":{"gitId":"jingwei55"},"content":"}","lastModifiedDate":"2022-09-18"}],"authorContributionMap":{"jingwei55":148}},{"path":"src/Storage.java","fileType":"java","lines":[{"lineNumber":1,"author":{"gitId":"jingwei55"},"content":"import java.io.File;","lastModifiedDate":"2022-09-18"},{"lineNumber":2,"author":{"gitId":"jingwei55"},"content":"import java.io.FileNotFoundException;","lastModifiedDate":"2022-09-18"},{"lineNumber":3,"author":{"gitId":"jingwei55"},"content":"import java.io.FileWriter;","lastModifiedDate":"2022-09-18"},{"lineNumber":4,"author":{"gitId":"jingwei55"},"content":"import java.io.IOException;","lastModifiedDate":"2022-09-18"},{"lineNumber":5,"author":{"gitId":"jingwei55"},"content":"import java.util.ArrayList;","lastModifiedDate":"2022-09-18"},{"lineNumber":6,"author":{"gitId":"jingwei55"},"content":"import java.util.Scanner;","lastModifiedDate":"2022-09-18"},{"lineNumber":7,"author":{"gitId":"jingwei55"},"content":"import java.util.List;","lastModifiedDate":"2022-09-18"},{"lineNumber":8,"author":{"gitId":"jingwei55"},"content":"","lastModifiedDate":"2022-09-18"},{"lineNumber":9,"author":{"gitId":"jingwei55"},"content":"public class Storage{","lastModifiedDate":"2022-09-18"},{"lineNumber":10,"author":{"gitId":"jingwei55"},"content":"    private final File file;","lastModifiedDate":"2022-09-18"},{"lineNumber":11,"author":{"gitId":"jingwei55"},"content":"    private final Ui ui \u003d new Ui();","lastModifiedDate":"2022-09-18"},{"lineNumber":12,"author":{"gitId":"jingwei55"},"content":"    private final Parser parse \u003d new Parser();","lastModifiedDate":"2022-09-18"},{"lineNumber":13,"author":{"gitId":"jingwei55"},"content":"    public Storage(String filePath) {","lastModifiedDate":"2022-09-18"},{"lineNumber":14,"author":{"gitId":"jingwei55"},"content":"        file \u003d new File(filePath);","lastModifiedDate":"2022-09-18"},{"lineNumber":15,"author":{"gitId":"jingwei55"},"content":"    }","lastModifiedDate":"2022-09-18"},{"lineNumber":16,"author":{"gitId":"jingwei55"},"content":"","lastModifiedDate":"2022-09-18"},{"lineNumber":17,"author":{"gitId":"jingwei55"},"content":"    public List\u003cTask\u003e loadFileData(){","lastModifiedDate":"2022-09-18"},{"lineNumber":18,"author":{"gitId":"jingwei55"},"content":"        ArrayList\u003cTask\u003e tasks \u003d new ArrayList\u003c\u003e();","lastModifiedDate":"2022-09-18"},{"lineNumber":19,"author":{"gitId":"jingwei55"},"content":"        try {","lastModifiedDate":"2022-09-18"},{"lineNumber":20,"author":{"gitId":"jingwei55"},"content":"            if (file.length() !\u003d 0) {","lastModifiedDate":"2022-09-18"},{"lineNumber":21,"author":{"gitId":"jingwei55"},"content":"                System.out.println(\"Loading existing file data...\\n\");","lastModifiedDate":"2022-09-18"},{"lineNumber":22,"author":{"gitId":"jingwei55"},"content":"                Scanner s \u003d new Scanner(file);","lastModifiedDate":"2022-09-18"},{"lineNumber":23,"author":{"gitId":"jingwei55"},"content":"                while (s.hasNext()) {","lastModifiedDate":"2022-09-18"},{"lineNumber":24,"author":{"gitId":"jingwei55"},"content":"                    String task \u003d s.nextLine();","lastModifiedDate":"2022-09-18"},{"lineNumber":25,"author":{"gitId":"jingwei55"},"content":"                    tasks.add(parse.taskFromFile(task));","lastModifiedDate":"2022-09-18"},{"lineNumber":26,"author":{"gitId":"jingwei55"},"content":"                }","lastModifiedDate":"2022-09-18"},{"lineNumber":27,"author":{"gitId":"jingwei55"},"content":"                return tasks;","lastModifiedDate":"2022-09-18"},{"lineNumber":28,"author":{"gitId":"jingwei55"},"content":"            }","lastModifiedDate":"2022-09-18"},{"lineNumber":29,"author":{"gitId":"jingwei55"},"content":"            else {","lastModifiedDate":"2022-09-18"},{"lineNumber":30,"author":{"gitId":"jingwei55"},"content":"                System.out.println(\"No existing file data...creating empty list\\n\");","lastModifiedDate":"2022-09-18"},{"lineNumber":31,"author":{"gitId":"jingwei55"},"content":"                return null;","lastModifiedDate":"2022-09-18"},{"lineNumber":32,"author":{"gitId":"jingwei55"},"content":"            }","lastModifiedDate":"2022-09-18"},{"lineNumber":33,"author":{"gitId":"jingwei55"},"content":"        } catch (FileNotFoundException error) {","lastModifiedDate":"2022-09-18"},{"lineNumber":34,"author":{"gitId":"jingwei55"},"content":"            ui.missingFile();","lastModifiedDate":"2022-09-18"},{"lineNumber":35,"author":{"gitId":"jingwei55"},"content":"            return null;","lastModifiedDate":"2022-09-18"},{"lineNumber":36,"author":{"gitId":"jingwei55"},"content":"        } catch (Error error) {","lastModifiedDate":"2022-09-18"},{"lineNumber":37,"author":{"gitId":"jingwei55"},"content":"            System.out.println(error.getMessage());","lastModifiedDate":"2022-09-18"},{"lineNumber":38,"author":{"gitId":"jingwei55"},"content":"            System.exit(0);","lastModifiedDate":"2022-09-18"},{"lineNumber":39,"author":{"gitId":"jingwei55"},"content":"            return null;","lastModifiedDate":"2022-09-18"},{"lineNumber":40,"author":{"gitId":"jingwei55"},"content":"        }","lastModifiedDate":"2022-09-18"},{"lineNumber":41,"author":{"gitId":"jingwei55"},"content":"    }","lastModifiedDate":"2022-09-18"},{"lineNumber":42,"author":{"gitId":"jingwei55"},"content":"","lastModifiedDate":"2022-09-18"},{"lineNumber":43,"author":{"gitId":"jingwei55"},"content":"    public void writeToFile(TaskList tasklist) {","lastModifiedDate":"2022-09-18"},{"lineNumber":44,"author":{"gitId":"jingwei55"},"content":"        List\u003cTask\u003e tasks \u003d tasklist.getTaskList();","lastModifiedDate":"2022-09-18"},{"lineNumber":45,"author":{"gitId":"jingwei55"},"content":"        try {","lastModifiedDate":"2022-09-18"},{"lineNumber":46,"author":{"gitId":"jingwei55"},"content":"            FileWriter fw \u003d new FileWriter(file);","lastModifiedDate":"2022-09-18"},{"lineNumber":47,"author":{"gitId":"jingwei55"},"content":"            for (Task task : tasks) {","lastModifiedDate":"2022-09-18"},{"lineNumber":48,"author":{"gitId":"jingwei55"},"content":"                fw.write(task.fileFormat() + System.lineSeparator());","lastModifiedDate":"2022-09-18"},{"lineNumber":49,"author":{"gitId":"jingwei55"},"content":"            }","lastModifiedDate":"2022-09-18"},{"lineNumber":50,"author":{"gitId":"jingwei55"},"content":"            fw.close();","lastModifiedDate":"2022-09-18"},{"lineNumber":51,"author":{"gitId":"jingwei55"},"content":"        } catch (IOException error) {","lastModifiedDate":"2022-09-18"},{"lineNumber":52,"author":{"gitId":"jingwei55"},"content":"            ui.missingFile();","lastModifiedDate":"2022-09-18"},{"lineNumber":53,"author":{"gitId":"jingwei55"},"content":"        }","lastModifiedDate":"2022-09-18"},{"lineNumber":54,"author":{"gitId":"jingwei55"},"content":"    }","lastModifiedDate":"2022-09-18"},{"lineNumber":55,"author":{"gitId":"jingwei55"},"content":"","lastModifiedDate":"2022-09-18"},{"lineNumber":56,"author":{"gitId":"jingwei55"},"content":"    public void appendToFile(String textToAppend) {","lastModifiedDate":"2022-09-18"},{"lineNumber":57,"author":{"gitId":"jingwei55"},"content":"        try {","lastModifiedDate":"2022-09-18"},{"lineNumber":58,"author":{"gitId":"jingwei55"},"content":"            FileWriter fw \u003d new FileWriter(file, true);","lastModifiedDate":"2022-09-18"},{"lineNumber":59,"author":{"gitId":"jingwei55"},"content":"            fw.write(textToAppend + System.lineSeparator());","lastModifiedDate":"2022-09-18"},{"lineNumber":60,"author":{"gitId":"jingwei55"},"content":"            fw.close();","lastModifiedDate":"2022-09-18"},{"lineNumber":61,"author":{"gitId":"jingwei55"},"content":"        } catch (IOException error) {","lastModifiedDate":"2022-09-18"},{"lineNumber":62,"author":{"gitId":"jingwei55"},"content":"            ui.missingFile();","lastModifiedDate":"2022-09-18"},{"lineNumber":63,"author":{"gitId":"jingwei55"},"content":"        }","lastModifiedDate":"2022-09-18"},{"lineNumber":64,"author":{"gitId":"jingwei55"},"content":"    }","lastModifiedDate":"2022-09-18"},{"lineNumber":65,"author":{"gitId":"jingwei55"},"content":"}","lastModifiedDate":"2022-09-18"}],"authorContributionMap":{"jingwei55":65}},{"path":"src/Task.java","fileType":"java","lines":[{"lineNumber":1,"author":{"gitId":"jingwei55"},"content":"public abstract class Task {","lastModifiedDate":"2022-09-10"},{"lineNumber":2,"author":{"gitId":"jingwei55"},"content":"    public String description;","lastModifiedDate":"2022-09-02"},{"lineNumber":3,"author":{"gitId":"jingwei55"},"content":"    public boolean isDone;","lastModifiedDate":"2022-09-02"},{"lineNumber":4,"author":{"gitId":"jingwei55"},"content":"    public Task(String description, boolean status) {","lastModifiedDate":"2022-09-11"},{"lineNumber":5,"author":{"gitId":"jingwei55"},"content":"        this.description \u003d description;","lastModifiedDate":"2022-09-01"},{"lineNumber":6,"author":{"gitId":"jingwei55"},"content":"        this.isDone \u003d status;","lastModifiedDate":"2022-09-11"},{"lineNumber":7,"author":{"gitId":"jingwei55"},"content":"    }","lastModifiedDate":"2022-09-01"},{"lineNumber":8,"author":{"gitId":"jingwei55"},"content":"","lastModifiedDate":"2022-09-01"},{"lineNumber":9,"author":{"gitId":"jingwei55"},"content":"    public void setDone(boolean status) {","lastModifiedDate":"2022-09-01"},{"lineNumber":10,"author":{"gitId":"jingwei55"},"content":"        isDone \u003d status;","lastModifiedDate":"2022-09-01"},{"lineNumber":11,"author":{"gitId":"jingwei55"},"content":"    }","lastModifiedDate":"2022-09-01"},{"lineNumber":12,"author":{"gitId":"jingwei55"},"content":"    public boolean isDone() {","lastModifiedDate":"2022-09-01"},{"lineNumber":13,"author":{"gitId":"jingwei55"},"content":"        return isDone;","lastModifiedDate":"2022-09-01"},{"lineNumber":14,"author":{"gitId":"jingwei55"},"content":"    }","lastModifiedDate":"2022-09-01"},{"lineNumber":15,"author":{"gitId":"jingwei55"},"content":"    public String getDescription() {","lastModifiedDate":"2022-09-01"},{"lineNumber":16,"author":{"gitId":"jingwei55"},"content":"        return description;","lastModifiedDate":"2022-09-01"},{"lineNumber":17,"author":{"gitId":"jingwei55"},"content":"    }","lastModifiedDate":"2022-09-01"},{"lineNumber":18,"author":{"gitId":"jingwei55"},"content":"    public String getStatus() {","lastModifiedDate":"2022-09-01"},{"lineNumber":19,"author":{"gitId":"jingwei55"},"content":"        return (this.isDone ? \"X\" : \" \");","lastModifiedDate":"2022-09-14"},{"lineNumber":20,"author":{"gitId":"jingwei55"},"content":"    }","lastModifiedDate":"2022-09-01"},{"lineNumber":21,"author":{"gitId":"jingwei55"},"content":"","lastModifiedDate":"2022-09-01"},{"lineNumber":22,"author":{"gitId":"jingwei55"},"content":"    public String getDescriptionAndStatus() {","lastModifiedDate":"2022-09-01"},{"lineNumber":23,"author":{"gitId":"jingwei55"},"content":"        return getStatus() + \" \" + getDescription();","lastModifiedDate":"2022-09-01"},{"lineNumber":24,"author":{"gitId":"jingwei55"},"content":"    }","lastModifiedDate":"2022-09-01"},{"lineNumber":25,"author":{"gitId":"jingwei55"},"content":"    public abstract String fileFormat();","lastModifiedDate":"2022-09-10"},{"lineNumber":26,"author":{"gitId":"jingwei55"},"content":"","lastModifiedDate":"2022-09-10"},{"lineNumber":27,"author":{"gitId":"jingwei55"},"content":"}","lastModifiedDate":"2022-09-01"}],"authorContributionMap":{"jingwei55":27}},{"path":"src/TaskList.java","fileType":"java","lines":[{"lineNumber":1,"author":{"gitId":"jingwei55"},"content":"import java.util.List;","lastModifiedDate":"2022-09-18"},{"lineNumber":2,"author":{"gitId":"jingwei55"},"content":"public class TaskList{","lastModifiedDate":"2022-09-18"},{"lineNumber":3,"author":{"gitId":"jingwei55"},"content":"    private final List\u003cTask\u003e tasks;","lastModifiedDate":"2022-09-18"},{"lineNumber":4,"author":{"gitId":"jingwei55"},"content":"    private final Ui ui \u003d new Ui();","lastModifiedDate":"2022-09-18"},{"lineNumber":5,"author":{"gitId":"jingwei55"},"content":"    public TaskList(List\u003cTask\u003e fileTasks) {","lastModifiedDate":"2022-09-18"},{"lineNumber":6,"author":{"gitId":"jingwei55"},"content":"        tasks \u003d fileTasks;","lastModifiedDate":"2022-09-18"},{"lineNumber":7,"author":{"gitId":"jingwei55"},"content":"    }","lastModifiedDate":"2022-09-18"},{"lineNumber":8,"author":{"gitId":"jingwei55"},"content":"    public List\u003cTask\u003e getTaskList() {","lastModifiedDate":"2022-09-18"},{"lineNumber":9,"author":{"gitId":"jingwei55"},"content":"        return this.tasks;","lastModifiedDate":"2022-09-18"},{"lineNumber":10,"author":{"gitId":"jingwei55"},"content":"    }","lastModifiedDate":"2022-09-18"},{"lineNumber":11,"author":{"gitId":"jingwei55"},"content":"    public void showList() {","lastModifiedDate":"2022-09-18"},{"lineNumber":12,"author":{"gitId":"jingwei55"},"content":"       ui.showList(tasks);","lastModifiedDate":"2022-09-18"},{"lineNumber":13,"author":{"gitId":"jingwei55"},"content":"    }","lastModifiedDate":"2022-09-18"},{"lineNumber":14,"author":{"gitId":"jingwei55"},"content":"","lastModifiedDate":"2022-09-18"},{"lineNumber":15,"author":{"gitId":"jingwei55"},"content":"    public void showMatchedTasks(String keyword) {","lastModifiedDate":"2022-09-18"},{"lineNumber":16,"author":{"gitId":"jingwei55"},"content":"        ui.showMatchedTasks(tasks, keyword);","lastModifiedDate":"2022-09-18"},{"lineNumber":17,"author":{"gitId":"jingwei55"},"content":"    }","lastModifiedDate":"2022-09-18"},{"lineNumber":18,"author":{"gitId":"jingwei55"},"content":"    public void mark(int index) {","lastModifiedDate":"2022-09-18"},{"lineNumber":19,"author":{"gitId":"jingwei55"},"content":"        Task task \u003d tasks.get(index - 1);","lastModifiedDate":"2022-09-18"},{"lineNumber":20,"author":{"gitId":"jingwei55"},"content":"        task.setDone(true);","lastModifiedDate":"2022-09-18"},{"lineNumber":21,"author":{"gitId":"jingwei55"},"content":"        tasks.set(index - 1, task);","lastModifiedDate":"2022-09-18"},{"lineNumber":22,"author":{"gitId":"jingwei55"},"content":"        ui.markTaskMessage(task);","lastModifiedDate":"2022-09-18"},{"lineNumber":23,"author":{"gitId":"jingwei55"},"content":"    }","lastModifiedDate":"2022-09-18"},{"lineNumber":24,"author":{"gitId":"jingwei55"},"content":"","lastModifiedDate":"2022-09-18"},{"lineNumber":25,"author":{"gitId":"jingwei55"},"content":"    public void delete(int index) {","lastModifiedDate":"2022-09-18"},{"lineNumber":26,"author":{"gitId":"jingwei55"},"content":"        Task task \u003d tasks.get(index - 1);","lastModifiedDate":"2022-09-18"},{"lineNumber":27,"author":{"gitId":"jingwei55"},"content":"        tasks.remove(index - 1);","lastModifiedDate":"2022-09-18"},{"lineNumber":28,"author":{"gitId":"jingwei55"},"content":"        ui.deleteTaskMessage(task, tasks);","lastModifiedDate":"2022-09-18"},{"lineNumber":29,"author":{"gitId":"jingwei55"},"content":"    }","lastModifiedDate":"2022-09-18"},{"lineNumber":30,"author":{"gitId":"jingwei55"},"content":"","lastModifiedDate":"2022-09-18"},{"lineNumber":31,"author":{"gitId":"jingwei55"},"content":"    public void unmark(int index) {","lastModifiedDate":"2022-09-18"},{"lineNumber":32,"author":{"gitId":"jingwei55"},"content":"        Task task \u003d tasks.get(index - 1);","lastModifiedDate":"2022-09-18"},{"lineNumber":33,"author":{"gitId":"jingwei55"},"content":"        task.setDone(false);","lastModifiedDate":"2022-09-18"},{"lineNumber":34,"author":{"gitId":"jingwei55"},"content":"        tasks.set(index - 1, task);","lastModifiedDate":"2022-09-18"},{"lineNumber":35,"author":{"gitId":"jingwei55"},"content":"        ui.unmarkTaskMessage(task);","lastModifiedDate":"2022-09-18"},{"lineNumber":36,"author":{"gitId":"jingwei55"},"content":"    }","lastModifiedDate":"2022-09-18"},{"lineNumber":37,"author":{"gitId":"jingwei55"},"content":"    public void addTask(Task task) {","lastModifiedDate":"2022-09-18"},{"lineNumber":38,"author":{"gitId":"jingwei55"},"content":"        tasks.add(task);","lastModifiedDate":"2022-09-18"},{"lineNumber":39,"author":{"gitId":"jingwei55"},"content":"        ui.addTaskMessage(task, tasks);","lastModifiedDate":"2022-09-18"},{"lineNumber":40,"author":{"gitId":"jingwei55"},"content":"    }","lastModifiedDate":"2022-09-18"},{"lineNumber":41,"author":{"gitId":"jingwei55"},"content":"}","lastModifiedDate":"2022-09-18"}],"authorContributionMap":{"jingwei55":41}},{"path":"src/Todo.java","fileType":"java","lines":[{"lineNumber":1,"author":{"gitId":"jingwei55"},"content":"public class Todo extends Task {","lastModifiedDate":"2022-09-01"},{"lineNumber":2,"author":{"gitId":"jingwei55"},"content":"","lastModifiedDate":"2022-09-01"},{"lineNumber":3,"author":{"gitId":"jingwei55"},"content":"    public Todo(String description, boolean status) {","lastModifiedDate":"2022-09-11"},{"lineNumber":4,"author":{"gitId":"jingwei55"},"content":"        super(description, status);","lastModifiedDate":"2022-09-11"},{"lineNumber":5,"author":{"gitId":"jingwei55"},"content":"    }","lastModifiedDate":"2022-09-01"},{"lineNumber":6,"author":{"gitId":"jingwei55"},"content":"","lastModifiedDate":"2022-09-01"},{"lineNumber":7,"author":{"gitId":"jingwei55"},"content":"    @Override","lastModifiedDate":"2022-09-01"},{"lineNumber":8,"author":{"gitId":"jingwei55"},"content":"    public String getDescriptionAndStatus() {","lastModifiedDate":"2022-09-01"},{"lineNumber":9,"author":{"gitId":"jingwei55"},"content":"        return \"[T][\" + this.getStatus() + \"] \" + this.getDescription();","lastModifiedDate":"2022-09-10"},{"lineNumber":10,"author":{"gitId":"jingwei55"},"content":"    }","lastModifiedDate":"2022-09-01"},{"lineNumber":11,"author":{"gitId":"jingwei55"},"content":"    @Override","lastModifiedDate":"2022-09-10"},{"lineNumber":12,"author":{"gitId":"jingwei55"},"content":"    public String fileFormat() {","lastModifiedDate":"2022-09-10"},{"lineNumber":13,"author":{"gitId":"jingwei55"},"content":"        return \"T | \" + this.getStatus() + \" | \" + this.description;","lastModifiedDate":"2022-09-14"},{"lineNumber":14,"author":{"gitId":"jingwei55"},"content":"    }","lastModifiedDate":"2022-09-10"},{"lineNumber":15,"author":{"gitId":"jingwei55"},"content":"","lastModifiedDate":"2022-09-01"},{"lineNumber":16,"author":{"gitId":"jingwei55"},"content":"}","lastModifiedDate":"2022-09-01"}],"authorContributionMap":{"jingwei55":16}},{"path":"src/Ui.java","fileType":"java","lines":[{"lineNumber":1,"author":{"gitId":"jingwei55"},"content":"import java.util.List;","lastModifiedDate":"2022-09-18"},{"lineNumber":2,"author":{"gitId":"jingwei55"},"content":"import java.util.Scanner;","lastModifiedDate":"2022-09-18"},{"lineNumber":3,"author":{"gitId":"jingwei55"},"content":"","lastModifiedDate":"2022-09-18"},{"lineNumber":4,"author":{"gitId":"jingwei55"},"content":"public class Ui{","lastModifiedDate":"2022-09-18"},{"lineNumber":5,"author":{"gitId":"jingwei55"},"content":"    public static final String LINE \u003d \"~~~~~~~~~~~~~~~~~~~~~~~~~~~~~~~~~~~~~~~~~~~~~~~~~~~~~~~\\n\";","lastModifiedDate":"2022-09-18"},{"lineNumber":6,"author":{"gitId":"jingwei55"},"content":"    public static final String BOT_LOGO \u003d","lastModifiedDate":"2022-09-18"},{"lineNumber":7,"author":{"gitId":"jingwei55"},"content":"            \"Hello from\\n\" +","lastModifiedDate":"2022-09-18"},{"lineNumber":8,"author":{"gitId":"jingwei55"},"content":"            \"       _            _                    \\n\"","lastModifiedDate":"2022-09-18"},{"lineNumber":9,"author":{"gitId":"jingwei55"},"content":"            + \"      | |          | |                   \\n\"","lastModifiedDate":"2022-09-18"},{"lineNumber":10,"author":{"gitId":"jingwei55"},"content":"            + \"      | | __ _  ___| | _____  ___  _ __  \\n\"","lastModifiedDate":"2022-09-18"},{"lineNumber":11,"author":{"gitId":"jingwei55"},"content":"            + \"  _   | |/ _` |/ __| |/ / __|/ _ \\\\| \u0027_ \\\\ \\n\"","lastModifiedDate":"2022-09-18"},{"lineNumber":12,"author":{"gitId":"jingwei55"},"content":"            + \" | |__| | (_| | (__|   \u003c\\\\__ \\\\ (_) | | | |\\n\"","lastModifiedDate":"2022-09-18"},{"lineNumber":13,"author":{"gitId":"jingwei55"},"content":"            + \"  \\\\____/ \\\\__,_|\\\\___|_|\\\\_\\\\___/\\\\___/|_| |_|\\n\";","lastModifiedDate":"2022-09-18"},{"lineNumber":14,"author":{"gitId":"jingwei55"},"content":"    public static final String INTRODUCTION \u003d","lastModifiedDate":"2022-09-18"},{"lineNumber":15,"author":{"gitId":"jingwei55"},"content":"        \"Hello! I\u0027m Jackson, your personal chat-bot! :)\\n\" +","lastModifiedDate":"2022-09-18"},{"lineNumber":16,"author":{"gitId":"jingwei55"},"content":"        \"What service are you looking for?\\n\";","lastModifiedDate":"2022-09-18"},{"lineNumber":17,"author":{"gitId":"jingwei55"},"content":"    public static final String FAREWELL \u003d \"Leaving already? :( Come back soon!\\n\";","lastModifiedDate":"2022-09-18"},{"lineNumber":18,"author":{"gitId":"jingwei55"},"content":"    public static final String FILE_NOT_FOUND \u003d \"File not found! Please ensure file path is correct!\";","lastModifiedDate":"2022-09-18"},{"lineNumber":19,"author":{"gitId":"jingwei55"},"content":"    final Scanner readInput;","lastModifiedDate":"2022-09-18"},{"lineNumber":20,"author":{"gitId":"jingwei55"},"content":"    public Ui() {","lastModifiedDate":"2022-09-18"},{"lineNumber":21,"author":{"gitId":"jingwei55"},"content":"        readInput \u003d new Scanner(System.in);","lastModifiedDate":"2022-09-18"},{"lineNumber":22,"author":{"gitId":"jingwei55"},"content":"    }","lastModifiedDate":"2022-09-18"},{"lineNumber":23,"author":{"gitId":"jingwei55"},"content":"    public String userCommand() {","lastModifiedDate":"2022-09-18"},{"lineNumber":24,"author":{"gitId":"jingwei55"},"content":"        return readInput.nextLine();","lastModifiedDate":"2022-09-18"},{"lineNumber":25,"author":{"gitId":"jingwei55"},"content":"    }","lastModifiedDate":"2022-09-18"},{"lineNumber":26,"author":{"gitId":"jingwei55"},"content":"    public void greet() {","lastModifiedDate":"2022-09-18"},{"lineNumber":27,"author":{"gitId":"jingwei55"},"content":"        System.out.println(","lastModifiedDate":"2022-09-18"},{"lineNumber":28,"author":{"gitId":"jingwei55"},"content":"            BOT_LOGO +","lastModifiedDate":"2022-09-18"},{"lineNumber":29,"author":{"gitId":"jingwei55"},"content":"            LINE +","lastModifiedDate":"2022-09-18"},{"lineNumber":30,"author":{"gitId":"jingwei55"},"content":"            INTRODUCTION +","lastModifiedDate":"2022-09-18"},{"lineNumber":31,"author":{"gitId":"jingwei55"},"content":"            LINE","lastModifiedDate":"2022-09-18"},{"lineNumber":32,"author":{"gitId":"jingwei55"},"content":"        );","lastModifiedDate":"2022-09-18"},{"lineNumber":33,"author":{"gitId":"jingwei55"},"content":"    }","lastModifiedDate":"2022-09-18"},{"lineNumber":34,"author":{"gitId":"jingwei55"},"content":"    public void exit() {","lastModifiedDate":"2022-09-18"},{"lineNumber":35,"author":{"gitId":"jingwei55"},"content":"        System.out.println(","lastModifiedDate":"2022-09-18"},{"lineNumber":36,"author":{"gitId":"jingwei55"},"content":"            LINE +","lastModifiedDate":"2022-09-18"},{"lineNumber":37,"author":{"gitId":"jingwei55"},"content":"            FAREWELL +","lastModifiedDate":"2022-09-18"},{"lineNumber":38,"author":{"gitId":"jingwei55"},"content":"            LINE","lastModifiedDate":"2022-09-18"},{"lineNumber":39,"author":{"gitId":"jingwei55"},"content":"        );","lastModifiedDate":"2022-09-18"},{"lineNumber":40,"author":{"gitId":"jingwei55"},"content":"    }","lastModifiedDate":"2022-09-18"},{"lineNumber":41,"author":{"gitId":"jingwei55"},"content":"    public void listMessage() {","lastModifiedDate":"2022-09-18"},{"lineNumber":42,"author":{"gitId":"jingwei55"},"content":"        System.out.println(\"Do you mean \u0027list\u0027?\\n\");","lastModifiedDate":"2022-09-18"},{"lineNumber":43,"author":{"gitId":"jingwei55"},"content":"    }","lastModifiedDate":"2022-09-18"},{"lineNumber":44,"author":{"gitId":"jingwei55"},"content":"","lastModifiedDate":"2022-09-18"},{"lineNumber":45,"author":{"gitId":"jingwei55"},"content":"    public void missingFile() {","lastModifiedDate":"2022-09-18"},{"lineNumber":46,"author":{"gitId":"jingwei55"},"content":"        System.out.println(FILE_NOT_FOUND);","lastModifiedDate":"2022-09-18"},{"lineNumber":47,"author":{"gitId":"jingwei55"},"content":"    }","lastModifiedDate":"2022-09-18"},{"lineNumber":48,"author":{"gitId":"jingwei55"},"content":"","lastModifiedDate":"2022-09-18"},{"lineNumber":49,"author":{"gitId":"jingwei55"},"content":"    public void showList(List\u003cTask\u003e tasks) {","lastModifiedDate":"2022-09-18"},{"lineNumber":50,"author":{"gitId":"jingwei55"},"content":"        int itemNumber \u003d 1;","lastModifiedDate":"2022-09-18"},{"lineNumber":51,"author":{"gitId":"jingwei55"},"content":"        System.out.println(LINE + \"Here are your list of tasks:\");","lastModifiedDate":"2022-09-18"},{"lineNumber":52,"author":{"gitId":"jingwei55"},"content":"        for (Task task : tasks) {","lastModifiedDate":"2022-09-18"},{"lineNumber":53,"author":{"gitId":"jingwei55"},"content":"            System.out.println(itemNumber + \".\" + task.getDescriptionAndStatus());","lastModifiedDate":"2022-09-18"},{"lineNumber":54,"author":{"gitId":"jingwei55"},"content":"            itemNumber++;","lastModifiedDate":"2022-09-18"},{"lineNumber":55,"author":{"gitId":"jingwei55"},"content":"        }","lastModifiedDate":"2022-09-18"},{"lineNumber":56,"author":{"gitId":"jingwei55"},"content":"        System.out.println(LINE);","lastModifiedDate":"2022-09-18"},{"lineNumber":57,"author":{"gitId":"jingwei55"},"content":"    }","lastModifiedDate":"2022-09-18"},{"lineNumber":58,"author":{"gitId":"jingwei55"},"content":"    public void showMatchedTasks(List\u003cTask\u003e tasks, String keyword) {","lastModifiedDate":"2022-09-18"},{"lineNumber":59,"author":{"gitId":"jingwei55"},"content":"        System.out.println(LINE + \"Here are the list of matching tasks:\");","lastModifiedDate":"2022-09-18"},{"lineNumber":60,"author":{"gitId":"jingwei55"},"content":"        int count \u003d 0;","lastModifiedDate":"2022-09-18"},{"lineNumber":61,"author":{"gitId":"jingwei55"},"content":"        int itemNumber \u003d 1;","lastModifiedDate":"2022-09-18"},{"lineNumber":62,"author":{"gitId":"jingwei55"},"content":"        for (Task task : tasks) {","lastModifiedDate":"2022-09-18"},{"lineNumber":63,"author":{"gitId":"jingwei55"},"content":"            if (task.getDescriptionAndStatus().contains(keyword)) {","lastModifiedDate":"2022-09-18"},{"lineNumber":64,"author":{"gitId":"jingwei55"},"content":"                System.out.println(itemNumber + \".\" + task.getDescriptionAndStatus());","lastModifiedDate":"2022-09-18"},{"lineNumber":65,"author":{"gitId":"jingwei55"},"content":"                count++;","lastModifiedDate":"2022-09-18"},{"lineNumber":66,"author":{"gitId":"jingwei55"},"content":"            }","lastModifiedDate":"2022-09-18"},{"lineNumber":67,"author":{"gitId":"jingwei55"},"content":"            itemNumber++;","lastModifiedDate":"2022-09-18"},{"lineNumber":68,"author":{"gitId":"jingwei55"},"content":"        }","lastModifiedDate":"2022-09-18"},{"lineNumber":69,"author":{"gitId":"jingwei55"},"content":"        if (count \u003d\u003d 0) {","lastModifiedDate":"2022-09-18"},{"lineNumber":70,"author":{"gitId":"jingwei55"},"content":"            System.out.println(\"There are no matching tasks!\");","lastModifiedDate":"2022-09-18"},{"lineNumber":71,"author":{"gitId":"jingwei55"},"content":"        }","lastModifiedDate":"2022-09-18"},{"lineNumber":72,"author":{"gitId":"jingwei55"},"content":"        System.out.println(LINE);","lastModifiedDate":"2022-09-18"},{"lineNumber":73,"author":{"gitId":"jingwei55"},"content":"    }","lastModifiedDate":"2022-09-18"},{"lineNumber":74,"author":{"gitId":"jingwei55"},"content":"    public void markTaskMessage(Task task) {","lastModifiedDate":"2022-09-18"},{"lineNumber":75,"author":{"gitId":"jingwei55"},"content":"        System.out.println(","lastModifiedDate":"2022-09-18"},{"lineNumber":76,"author":{"gitId":"jingwei55"},"content":"            LINE +","lastModifiedDate":"2022-09-18"},{"lineNumber":77,"author":{"gitId":"jingwei55"},"content":"            \"The following task been marked as completed:\\n\" +","lastModifiedDate":"2022-09-18"},{"lineNumber":78,"author":{"gitId":"jingwei55"},"content":"            task.getDescriptionAndStatus() + \"\\n\" +","lastModifiedDate":"2022-09-18"},{"lineNumber":79,"author":{"gitId":"jingwei55"},"content":"            LINE","lastModifiedDate":"2022-09-18"},{"lineNumber":80,"author":{"gitId":"jingwei55"},"content":"        );","lastModifiedDate":"2022-09-18"},{"lineNumber":81,"author":{"gitId":"jingwei55"},"content":"    }","lastModifiedDate":"2022-09-18"},{"lineNumber":82,"author":{"gitId":"jingwei55"},"content":"    public void unmarkTaskMessage(Task task) {","lastModifiedDate":"2022-09-18"},{"lineNumber":83,"author":{"gitId":"jingwei55"},"content":"        System.out.println(","lastModifiedDate":"2022-09-18"},{"lineNumber":84,"author":{"gitId":"jingwei55"},"content":"            LINE +","lastModifiedDate":"2022-09-18"},{"lineNumber":85,"author":{"gitId":"jingwei55"},"content":"            \"The following task been marked as not done yet:\\n\" +","lastModifiedDate":"2022-09-18"},{"lineNumber":86,"author":{"gitId":"jingwei55"},"content":"            task.getDescriptionAndStatus() + \"\\n\" +","lastModifiedDate":"2022-09-18"},{"lineNumber":87,"author":{"gitId":"jingwei55"},"content":"            LINE","lastModifiedDate":"2022-09-18"},{"lineNumber":88,"author":{"gitId":"jingwei55"},"content":"        );","lastModifiedDate":"2022-09-18"},{"lineNumber":89,"author":{"gitId":"jingwei55"},"content":"    }","lastModifiedDate":"2022-09-18"},{"lineNumber":90,"author":{"gitId":"jingwei55"},"content":"    public void addTaskMessage(Task task, List\u003cTask\u003e tasks) {","lastModifiedDate":"2022-09-18"},{"lineNumber":91,"author":{"gitId":"jingwei55"},"content":"        System.out.println(","lastModifiedDate":"2022-09-18"},{"lineNumber":92,"author":{"gitId":"jingwei55"},"content":"            LINE +","lastModifiedDate":"2022-09-18"},{"lineNumber":93,"author":{"gitId":"jingwei55"},"content":"            \"Noted. Following task has been added: \" + \u0027\\n\u0027 + task.getDescriptionAndStatus() + \"\\n\" +","lastModifiedDate":"2022-09-18"},{"lineNumber":94,"author":{"gitId":"jingwei55"},"content":"            \"Total tasks in list: \" + tasks.size() + \u0027\\n\u0027 +","lastModifiedDate":"2022-09-18"},{"lineNumber":95,"author":{"gitId":"jingwei55"},"content":"            LINE","lastModifiedDate":"2022-09-18"},{"lineNumber":96,"author":{"gitId":"jingwei55"},"content":"        );","lastModifiedDate":"2022-09-18"},{"lineNumber":97,"author":{"gitId":"jingwei55"},"content":"    }","lastModifiedDate":"2022-09-18"},{"lineNumber":98,"author":{"gitId":"jingwei55"},"content":"    public void deleteTaskMessage(Task task, List\u003cTask\u003e tasks) {","lastModifiedDate":"2022-09-18"},{"lineNumber":99,"author":{"gitId":"jingwei55"},"content":"        System.out.println(","lastModifiedDate":"2022-09-18"},{"lineNumber":100,"author":{"gitId":"jingwei55"},"content":"            LINE +","lastModifiedDate":"2022-09-18"},{"lineNumber":101,"author":{"gitId":"jingwei55"},"content":"            \"OK! I will remove the following task:\\n\" +","lastModifiedDate":"2022-09-18"},{"lineNumber":102,"author":{"gitId":"jingwei55"},"content":"            task.getDescriptionAndStatus() + \"\\n\" +","lastModifiedDate":"2022-09-18"},{"lineNumber":103,"author":{"gitId":"jingwei55"},"content":"            \"Total tasks in list: \" + tasks.size() + \u0027\\n\u0027 +","lastModifiedDate":"2022-09-18"},{"lineNumber":104,"author":{"gitId":"jingwei55"},"content":"            LINE","lastModifiedDate":"2022-09-18"},{"lineNumber":105,"author":{"gitId":"jingwei55"},"content":"        );","lastModifiedDate":"2022-09-18"},{"lineNumber":106,"author":{"gitId":"jingwei55"},"content":"    }","lastModifiedDate":"2022-09-18"},{"lineNumber":107,"author":{"gitId":"jingwei55"},"content":"}","lastModifiedDate":"2022-09-18"}],"authorContributionMap":{"jingwei55":107}},{"path":"text-ui-test/input.txt","fileType":"txt","lines":[{"lineNumber":1,"author":{"gitId":"jingwei55"},"content":"todo a","lastModifiedDate":"2022-09-10"},{"lineNumber":2,"author":{"gitId":"jingwei55"},"content":"event a /at 1","lastModifiedDate":"2022-09-10"},{"lineNumber":3,"author":{"gitId":"jingwei55"},"content":"deadline b /by 2","lastModifiedDate":"2022-09-10"},{"lineNumber":4,"author":{"gitId":"jingwei55"},"content":"list","lastModifiedDate":"2022-09-10"}],"authorContributionMap":{"jingwei55":4}},{"path":"text-ui-test/runtest.bat","fileType":"bat","lines":[{"lineNumber":1,"author":{"gitId":"-"},"content":"@ECHO OFF","lastModifiedDate":"2020-05-25"},{"lineNumber":2,"author":{"gitId":"-"},"content":"","lastModifiedDate":"2020-05-25"},{"lineNumber":3,"author":{"gitId":"-"},"content":"REM create bin directory if it doesn\u0027t exist","lastModifiedDate":"2020-05-25"},{"lineNumber":4,"author":{"gitId":"-"},"content":"if not exist ..\\bin mkdir ..\\bin","lastModifiedDate":"2020-05-25"},{"lineNumber":5,"author":{"gitId":"-"},"content":"","lastModifiedDate":"2020-05-25"},{"lineNumber":6,"author":{"gitId":"-"},"content":"REM delete output from previous run","lastModifiedDate":"2020-05-25"},{"lineNumber":7,"author":{"gitId":"-"},"content":"if exist ACTUAL.TXT del ACTUAL.TXT","lastModifiedDate":"2020-08-25"},{"lineNumber":8,"author":{"gitId":"-"},"content":"","lastModifiedDate":"2020-05-25"},{"lineNumber":9,"author":{"gitId":"-"},"content":"REM compile the code into the bin folder","lastModifiedDate":"2020-05-25"},{"lineNumber":10,"author":{"gitId":"jingwei55"},"content":"javac  -cp ..\\src -Xlint:none -d ..\\src\\Duke.java","lastModifiedDate":"2022-09-10"},{"lineNumber":11,"author":{"gitId":"-"},"content":"IF ERRORLEVEL 1 (","lastModifiedDate":"2020-05-25"},{"lineNumber":12,"author":{"gitId":"-"},"content":"    echo ********** BUILD FAILURE **********","lastModifiedDate":"2020-05-25"},{"lineNumber":13,"author":{"gitId":"-"},"content":"    exit /b 1","lastModifiedDate":"2020-05-25"},{"lineNumber":14,"author":{"gitId":"-"},"content":")","lastModifiedDate":"2020-05-25"},{"lineNumber":15,"author":{"gitId":"-"},"content":"REM no error here, errorlevel \u003d\u003d 0","lastModifiedDate":"2020-05-25"},{"lineNumber":16,"author":{"gitId":"-"},"content":"","lastModifiedDate":"2020-05-25"},{"lineNumber":17,"author":{"gitId":"-"},"content":"REM run the program, feed commands from input.txt file and redirect the output to the ACTUAL.TXT","lastModifiedDate":"2020-05-25"},{"lineNumber":18,"author":{"gitId":"jingwei55"},"content":"java -classpath ..\\src\\Duke.java \u003c input.txt \u003e ACTUAL.TXT","lastModifiedDate":"2022-09-10"},{"lineNumber":19,"author":{"gitId":"-"},"content":"","lastModifiedDate":"2020-05-25"},{"lineNumber":20,"author":{"gitId":"-"},"content":"REM compare the output to the expected output","lastModifiedDate":"2020-05-25"},{"lineNumber":21,"author":{"gitId":"-"},"content":"FC ACTUAL.TXT EXPECTED.TXT","lastModifiedDate":"2020-05-25"}],"authorContributionMap":{"-":19,"jingwei55":2}}]
