{"authorDailyContributionsMap":{"jingwei55":[{"date":"2022-08-13","commitResults":[{"hash":"db650c894a5edf6c7a4937e5301c9a7a2c6bca95","messageTitle":"level 0","messageBody":"","fileTypesAndContributionMap":{"java":{"insertions":10,"deletions":0}}},{"hash":"a5d52ac65a3e7ba8731b12a33ef34c4dc25b3b51","messageTitle":"jackson","messageBody":"","fileTypesAndContributionMap":{"java":{"insertions":13,"deletions":7}}}]},{"date":"2022-08-21","commitResults":[{"hash":"4fd73519955000ff9f128140d0f7a99d8e3abedc","messageTitle":"level 1","messageBody":"","tags":["Level-1"],"fileTypesAndContributionMap":{"java":{"insertions":28,"deletions":9}}}]},{"date":"2022-08-30","commitResults":[{"hash":"08d685ae313118274440ea8105c4780362a7c9f7","messageTitle":"Level-4","messageBody":"","fileTypesAndContributionMap":{"java":{"insertions":0,"deletions":45},"bat":{"insertions":1,"deletions":1}}}]},{"date":"2022-09-01","commitResults":[{"hash":"2a6f6a1fcefd6dbd6230df8ef7f2c5e51ab24808","messageTitle":"Added more OOP code structure","messageBody":"","tags":["Level-4","A-CodingStandard","A-CodeQuality"],"fileTypesAndContributionMap":{"java":{"insertions":154,"deletions":0}}}]},{"date":"2022-09-02","commitResults":[{"hash":"71191dc238cc2e24eff3c126007376e5bcc67902","messageTitle":"Level 5","messageBody":"","tags":["A-Exceptions"],"fileTypesAndContributionMap":{"java":{"insertions":51,"deletions":35}}}]},{"date":"2022-09-09","commitResults":[{"hash":"25689861f7559d66c435887a74a0d4f56cda4c1d","messageTitle":"added delete function","messageBody":"","tags":["Level-6"],"fileTypesAndContributionMap":{"java":{"insertions":17,"deletions":3}}}]},{"date":"2022-09-10","commitResults":[{"hash":"4c05519ab1595072e82d3b2fe738130c91693aea","messageTitle":"modify errors","messageBody":"","fileTypesAndContributionMap":{"txt":{"insertions":5,"deletions":0},"java":{"insertions":111,"deletions":36}}},{"hash":"5b4cf5f1d781ca02b6433c1c8c0a828da0272277","messageTitle":"added file reading","messageBody":"","fileTypesAndContributionMap":{"java":{"insertions":122,"deletions":37}}},{"hash":"2ed66ebdbfaf3f104bcd9bbbb76b3a3f29c166e4","messageTitle":"remove redundant code","messageBody":"","fileTypesAndContributionMap":{"java":{"insertions":0,"deletions":12}}},{"hash":"a236bc819df148d19beba1fa96b18fe763ba3444","messageTitle":"remove redundant code","messageBody":"","fileTypesAndContributionMap":{"java":{"insertions":0,"deletions":57}}},{"hash":"ac3850f08b4a62bfe83c895bbdbf0eb67a18a9b0","messageTitle":"added file operations","messageBody":"","fileTypesAndContributionMap":{"txt":{"insertions":3,"deletions":0},"java":{"insertions":48,"deletions":38}}},{"hash":"77745a389a8f8ead9359122f8f9acaba8f8ad0d2","messageTitle":"troubleshoot file operations","messageBody":"","fileTypesAndContributionMap":{"txt":{"insertions":7,"deletions":0},"java":{"insertions":3,"deletions":3},"bat":{"insertions":2,"deletions":2}}},{"hash":"0b330255fa06348fb678f9e2a1a7d4de1c0892ea","messageTitle":"created Jar file","messageBody":"","tags":["A-Jar"],"fileTypesAndContributionMap":{"java":{"insertions":1,"deletions":1}}}]},{"date":"2022-09-11","commitResults":[{"hash":"e8162395fae064e8cae5d5b20421978fe95b11f3","messageTitle":"rectify task done or not when loading data from text file","messageBody":"","fileTypesAndContributionMap":{"txt":{"insertions":5,"deletions":4},"java":{"insertions":13,"deletions":13}}}]},{"date":"2022-09-14","commitResults":[{"hash":"2193b2c1b0d772cd9ce5a05d1508aadf883ccc04","messageTitle":"troubleshoot null exception point error and seperator in data file","messageBody":"","fileTypesAndContributionMap":{"txt":{"insertions":0,"deletions":11},"java":{"insertions":53,"deletions":36}}},{"hash":"02ab48ac20e7cf3f002aa95ac7e42c9e2f3fe5f1","messageTitle":"added error handling for invalid task format in file","messageBody":"","fileTypesAndContributionMap":{"txt":{"insertions":3,"deletions":0},"java":{"insertions":6,"deletions":6}}}]},{"date":"2022-09-18","commitResults":[{"hash":"bcac00c548df0a158ded6be7725c18267061b9c7","messageTitle":"more OOP","messageBody":"","fileTypesAndContributionMap":{"java":{"insertions":405,"deletions":168}}}]}]},"authorFileTypeContributionMap":{"jingwei55":{"java":520,"md":0,"fxml":0,"sh":0,"bat":2,"gradle":0,"txt":7}},"authorContributionVariance":{"jingwei55":14494.786},"authorDisplayNameMap":{"jingwei55":"CS2113-W12-1 CHIE.. WEI"}}
