[{"path":"src/main/java/Deadline.java","fileType":"java","lines":[{"lineNumber":1,"author":{"gitId":"jorellesee"},"content":"public class Deadline extends Task {","lastModifiedDate":"2022-09-04"},{"lineNumber":2,"author":{"gitId":"jorellesee"},"content":"","lastModifiedDate":"2022-09-04"},{"lineNumber":3,"author":{"gitId":"jorellesee"},"content":"    protected String by;","lastModifiedDate":"2022-09-04"},{"lineNumber":4,"author":{"gitId":"jorellesee"},"content":"","lastModifiedDate":"2022-09-04"},{"lineNumber":5,"author":{"gitId":"jorellesee"},"content":"    public Deadline(String description, String by) {","lastModifiedDate":"2022-09-04"},{"lineNumber":6,"author":{"gitId":"jorellesee"},"content":"        super(description);","lastModifiedDate":"2022-09-04"},{"lineNumber":7,"author":{"gitId":"jorellesee"},"content":"        this.by \u003d by;","lastModifiedDate":"2022-09-04"},{"lineNumber":8,"author":{"gitId":"jorellesee"},"content":"    }","lastModifiedDate":"2022-09-04"},{"lineNumber":9,"author":{"gitId":"jorellesee"},"content":"    @Override","lastModifiedDate":"2022-09-04"},{"lineNumber":10,"author":{"gitId":"jorellesee"},"content":"    public String toString() {","lastModifiedDate":"2022-09-04"},{"lineNumber":11,"author":{"gitId":"jorellesee"},"content":"        return \"[D]\" + super.toString() + \" (by: \" + by + \")\";","lastModifiedDate":"2022-09-04"},{"lineNumber":12,"author":{"gitId":"jorellesee"},"content":"    }","lastModifiedDate":"2022-09-04"},{"lineNumber":13,"author":{"gitId":"jorellesee"},"content":"}","lastModifiedDate":"2022-09-04"}],"authorContributionMap":{"jorellesee":13}},{"path":"src/main/java/Duke.java","fileType":"java","lines":[{"lineNumber":1,"author":{"gitId":"jorellesee"},"content":"import java.util.Scanner;","lastModifiedDate":"2022-08-24"},{"lineNumber":2,"author":{"gitId":"-"},"content":"public class Duke {","lastModifiedDate":"2019-07-29"},{"lineNumber":3,"author":{"gitId":"jorellesee"},"content":"    public static int numberOfTasks \u003d 0;","lastModifiedDate":"2022-09-04"},{"lineNumber":4,"author":{"gitId":"jorellesee"},"content":"    public static Task[] myList \u003d new Task[1000];","lastModifiedDate":"2022-09-04"},{"lineNumber":5,"author":{"gitId":"jorellesee"},"content":"","lastModifiedDate":"2022-09-04"},{"lineNumber":6,"author":{"gitId":"-"},"content":"    public static void main(String[] args) {","lastModifiedDate":"2019-07-29"},{"lineNumber":7,"author":{"gitId":"jorellesee"},"content":"","lastModifiedDate":"2022-08-21"},{"lineNumber":8,"author":{"gitId":"jorellesee"},"content":"        String GREETING \u003d \"____________________________________________________________\\n\" +","lastModifiedDate":"2022-08-24"},{"lineNumber":9,"author":{"gitId":"jorellesee"},"content":"                \" __      __                       \\n\" +","lastModifiedDate":"2022-08-26"},{"lineNumber":10,"author":{"gitId":"jorellesee"},"content":"                \"/  \\\\    /  \\\\ ____   ____    ____  \\n\" +","lastModifiedDate":"2022-08-26"},{"lineNumber":11,"author":{"gitId":"jorellesee"},"content":"                \"\\\\   \\\\/\\\\/   // __ \\\\ /    \\\\  / ___\\\\ \\n\" +","lastModifiedDate":"2022-08-26"},{"lineNumber":12,"author":{"gitId":"jorellesee"},"content":"                \" \\\\        /\\\\  ___/|   |  \\\\/ /_/  \u003e\\n\" +","lastModifiedDate":"2022-08-26"},{"lineNumber":13,"author":{"gitId":"jorellesee"},"content":"                \"  \\\\__/\\\\  /  \\\\___  \u003e___|  /\\\\___  / \\n\" +","lastModifiedDate":"2022-08-26"},{"lineNumber":14,"author":{"gitId":"jorellesee"},"content":"                \"       \\\\/       \\\\/     \\\\//_____/  \" +","lastModifiedDate":"2022-08-26"},{"lineNumber":15,"author":{"gitId":"jorellesee"},"content":"                \"\\n Hello! I\u0027m Weng!\\n\" +","lastModifiedDate":"2022-08-26"},{"lineNumber":16,"author":{"gitId":"jorellesee"},"content":"                \" What can I do for ya?\\n\" +","lastModifiedDate":"2022-08-24"},{"lineNumber":17,"author":{"gitId":"jorellesee"},"content":"                \"____________________________________________________________\\n\";","lastModifiedDate":"2022-08-24"},{"lineNumber":18,"author":{"gitId":"jorellesee"},"content":"        System.out.println(\"\\n\" + GREETING);","lastModifiedDate":"2022-08-24"},{"lineNumber":19,"author":{"gitId":"jorellesee"},"content":"","lastModifiedDate":"2022-08-26"},{"lineNumber":20,"author":{"gitId":"jorellesee"},"content":"","lastModifiedDate":"2022-08-26"},{"lineNumber":21,"author":{"gitId":"jorellesee"},"content":"        while (true) {","lastModifiedDate":"2022-09-04"},{"lineNumber":22,"author":{"gitId":"jorellesee"},"content":"            Scanner sc \u003d new Scanner(System.in);","lastModifiedDate":"2022-08-24"},{"lineNumber":23,"author":{"gitId":"jorellesee"},"content":"            String input \u003d sc.nextLine();","lastModifiedDate":"2022-08-24"},{"lineNumber":24,"author":{"gitId":"jorellesee"},"content":"            String words[] \u003d input.split(\" \");","lastModifiedDate":"2022-08-26"},{"lineNumber":25,"author":{"gitId":"jorellesee"},"content":"            if (input.startsWith(\"bye\")) {","lastModifiedDate":"2022-09-04"},{"lineNumber":26,"author":{"gitId":"jorellesee"},"content":"                sayBye();","lastModifiedDate":"2022-09-04"},{"lineNumber":27,"author":{"gitId":"jorellesee"},"content":"                break;","lastModifiedDate":"2022-09-04"},{"lineNumber":28,"author":{"gitId":"jorellesee"},"content":"            } else if (input.startsWith(\"list\")) {","lastModifiedDate":"2022-09-04"},{"lineNumber":29,"author":{"gitId":"jorellesee"},"content":"                printList();","lastModifiedDate":"2022-09-04"},{"lineNumber":30,"author":{"gitId":"jorellesee"},"content":"            } else if (input.startsWith(\"mark\")) {","lastModifiedDate":"2022-09-04"},{"lineNumber":31,"author":{"gitId":"jorellesee"},"content":"                markTask(words);","lastModifiedDate":"2022-09-04"},{"lineNumber":32,"author":{"gitId":"jorellesee"},"content":"            } else if (input.startsWith(\"unmark\")) {","lastModifiedDate":"2022-09-04"},{"lineNumber":33,"author":{"gitId":"jorellesee"},"content":"                unmarkTask(words);","lastModifiedDate":"2022-09-04"},{"lineNumber":34,"author":{"gitId":"jorellesee"},"content":"            } else if (input.startsWith(\"todo\")) {","lastModifiedDate":"2022-09-04"},{"lineNumber":35,"author":{"gitId":"jorellesee"},"content":"                addTodo(input);","lastModifiedDate":"2022-09-04"},{"lineNumber":36,"author":{"gitId":"jorellesee"},"content":"            } else if (input.startsWith(\"event\")) {","lastModifiedDate":"2022-09-04"},{"lineNumber":37,"author":{"gitId":"jorellesee"},"content":"                addEvent(input);","lastModifiedDate":"2022-09-04"},{"lineNumber":38,"author":{"gitId":"jorellesee"},"content":"            } else if (input.startsWith(\"deadline\")) {","lastModifiedDate":"2022-09-04"},{"lineNumber":39,"author":{"gitId":"jorellesee"},"content":"                addDeadline(input);","lastModifiedDate":"2022-09-04"},{"lineNumber":40,"author":{"gitId":"jorellesee"},"content":"            }","lastModifiedDate":"2022-09-04"},{"lineNumber":41,"author":{"gitId":"jorellesee"},"content":"        }","lastModifiedDate":"2022-09-04"},{"lineNumber":42,"author":{"gitId":"jorellesee"},"content":"    }","lastModifiedDate":"2022-09-04"},{"lineNumber":43,"author":{"gitId":"jorellesee"},"content":"","lastModifiedDate":"2022-09-04"},{"lineNumber":44,"author":{"gitId":"jorellesee"},"content":"    //        while(!input.equals(\"bye\")) {","lastModifiedDate":"2022-09-04"},{"lineNumber":45,"author":{"gitId":"jorellesee"},"content":"//            String words[] \u003d input.split(\" \");","lastModifiedDate":"2022-09-04"},{"lineNumber":46,"author":{"gitId":"jorellesee"},"content":"//            if (input.equals(\"list\")) {","lastModifiedDate":"2022-09-04"},{"lineNumber":47,"author":{"gitId":"jorellesee"},"content":"//                for (int i \u003d 0; i \u003c numberOfTasks; i++) {","lastModifiedDate":"2022-09-04"},{"lineNumber":48,"author":{"gitId":"jorellesee"},"content":"//                    System.out.print(i + 1);","lastModifiedDate":"2022-09-04"},{"lineNumber":49,"author":{"gitId":"jorellesee"},"content":"//                    System.out.print(\".\");","lastModifiedDate":"2022-09-04"},{"lineNumber":50,"author":{"gitId":"jorellesee"},"content":"//                    System.out.println(myList[i].toString());","lastModifiedDate":"2022-09-04"},{"lineNumber":51,"author":{"gitId":"jorellesee"},"content":"//                }","lastModifiedDate":"2022-09-04"},{"lineNumber":52,"author":{"gitId":"jorellesee"},"content":"//            }","lastModifiedDate":"2022-09-04"},{"lineNumber":53,"author":{"gitId":"jorellesee"},"content":"//            else if (words[0].equals(\"mark\")) {//pending check if second character is number AND smaller than numberOfInputs","lastModifiedDate":"2022-09-04"},{"lineNumber":54,"author":{"gitId":"jorellesee"},"content":"//                int index \u003d Integer.parseInt(words[1]);","lastModifiedDate":"2022-09-04"},{"lineNumber":55,"author":{"gitId":"jorellesee"},"content":"//                myList[index-1].markAsDone();","lastModifiedDate":"2022-09-04"},{"lineNumber":56,"author":{"gitId":"jorellesee"},"content":"//                System.out.println(\"____________________________________________________________\\n\" +","lastModifiedDate":"2022-09-04"},{"lineNumber":57,"author":{"gitId":"jorellesee"},"content":"//                        \"Nice! I\u0027ve marked this task as done:\\n\" +","lastModifiedDate":"2022-09-04"},{"lineNumber":58,"author":{"gitId":"jorellesee"},"content":"//                        myList[index-1].getStatusIcon() + \" \" + myList[index-1].description +","lastModifiedDate":"2022-09-04"},{"lineNumber":59,"author":{"gitId":"jorellesee"},"content":"//                        \"\\n____________________________________________________________\");","lastModifiedDate":"2022-09-04"},{"lineNumber":60,"author":{"gitId":"jorellesee"},"content":"//            }","lastModifiedDate":"2022-09-04"},{"lineNumber":61,"author":{"gitId":"jorellesee"},"content":"//            else if (words[0].equals(\"unmark\")) {//pending check if second character is number AND smaller than numberOfInputs","lastModifiedDate":"2022-09-04"},{"lineNumber":62,"author":{"gitId":"jorellesee"},"content":"//                int index \u003d Integer.parseInt(words[1]);","lastModifiedDate":"2022-09-04"},{"lineNumber":63,"author":{"gitId":"jorellesee"},"content":"//                myList[index-1].markAsNotDone();","lastModifiedDate":"2022-09-04"},{"lineNumber":64,"author":{"gitId":"jorellesee"},"content":"//                System.out.println(\"____________________________________________________________\\n\" +","lastModifiedDate":"2022-09-04"},{"lineNumber":65,"author":{"gitId":"jorellesee"},"content":"//                        \"     Alright! I\u0027ve marked this task as not done yet:\\n\" +","lastModifiedDate":"2022-09-04"},{"lineNumber":66,"author":{"gitId":"jorellesee"},"content":"//                        myList[index-1].getStatusIcon() + \" \" + myList[index-1].description +","lastModifiedDate":"2022-09-04"},{"lineNumber":67,"author":{"gitId":"jorellesee"},"content":"//                        \"    ____________________________________________________________\");","lastModifiedDate":"2022-09-04"},{"lineNumber":68,"author":{"gitId":"jorellesee"},"content":"//            }","lastModifiedDate":"2022-09-04"},{"lineNumber":69,"author":{"gitId":"jorellesee"},"content":"//            else if (words[0].equals(\"deadline\")){","lastModifiedDate":"2022-09-04"},{"lineNumber":70,"author":{"gitId":"jorellesee"},"content":"//                String description \u003d input.substring(input.indexOf(\" \")+1, input.indexOf(\"/by\")-1);","lastModifiedDate":"2022-09-04"},{"lineNumber":71,"author":{"gitId":"jorellesee"},"content":"//                String by \u003d input.substring(input.indexOf(\"/by\")+4);","lastModifiedDate":"2022-09-04"},{"lineNumber":72,"author":{"gitId":"jorellesee"},"content":"//                myList[numberOfTasks] \u003d new Deadline(description, by);","lastModifiedDate":"2022-09-04"},{"lineNumber":73,"author":{"gitId":"jorellesee"},"content":"//                numberOfTasks++;","lastModifiedDate":"2022-09-04"},{"lineNumber":74,"author":{"gitId":"jorellesee"},"content":"//                System.out.println(\"deadline added!\");","lastModifiedDate":"2022-09-04"},{"lineNumber":75,"author":{"gitId":"jorellesee"},"content":"//            }","lastModifiedDate":"2022-09-04"},{"lineNumber":76,"author":{"gitId":"jorellesee"},"content":"//            else if (words[0].equals(\"event\")){","lastModifiedDate":"2022-09-04"},{"lineNumber":77,"author":{"gitId":"jorellesee"},"content":"//                add","lastModifiedDate":"2022-09-04"},{"lineNumber":78,"author":{"gitId":"jorellesee"},"content":"//                String description \u003d input.substring(input.indexOf(\" \")+1, input.indexOf(\"/at\")-1);","lastModifiedDate":"2022-09-04"},{"lineNumber":79,"author":{"gitId":"jorellesee"},"content":"//                String at \u003d input.substring(input.indexOf(\"/at\")+4);","lastModifiedDate":"2022-09-04"},{"lineNumber":80,"author":{"gitId":"jorellesee"},"content":"//                myList[numberOfTasks] \u003d new Event(description, at);","lastModifiedDate":"2022-09-04"},{"lineNumber":81,"author":{"gitId":"jorellesee"},"content":"//                numberOfTasks++;","lastModifiedDate":"2022-09-04"},{"lineNumber":82,"author":{"gitId":"jorellesee"},"content":"//                System.out.println(\"event added!\");","lastModifiedDate":"2022-09-04"},{"lineNumber":83,"author":{"gitId":"jorellesee"},"content":"//            }","lastModifiedDate":"2022-09-04"},{"lineNumber":84,"author":{"gitId":"jorellesee"},"content":"//            else if (words[0].equals(\"todo\")){","lastModifiedDate":"2022-09-04"},{"lineNumber":85,"author":{"gitId":"jorellesee"},"content":"//                String description \u003d input.substring(input.indexOf(\" \")+1);","lastModifiedDate":"2022-09-04"},{"lineNumber":86,"author":{"gitId":"jorellesee"},"content":"//                myList[numberOfTasks] \u003d new Todo(description);","lastModifiedDate":"2022-09-04"},{"lineNumber":87,"author":{"gitId":"jorellesee"},"content":"//                numberOfTasks++;","lastModifiedDate":"2022-09-04"},{"lineNumber":88,"author":{"gitId":"jorellesee"},"content":"//                System.out.println(\"todo added!\");","lastModifiedDate":"2022-09-04"},{"lineNumber":89,"author":{"gitId":"jorellesee"},"content":"//            }","lastModifiedDate":"2022-09-04"},{"lineNumber":90,"author":{"gitId":"jorellesee"},"content":"//            input \u003d sc.nextLine();","lastModifiedDate":"2022-09-04"},{"lineNumber":91,"author":{"gitId":"jorellesee"},"content":"//        }","lastModifiedDate":"2022-09-04"},{"lineNumber":92,"author":{"gitId":"jorellesee"},"content":"    private static void sayBye() {","lastModifiedDate":"2022-09-04"},{"lineNumber":93,"author":{"gitId":"jorellesee"},"content":"        String EXIT_MESSAGE \u003d \"____________________________________________________________\\n\" +","lastModifiedDate":"2022-09-04"},{"lineNumber":94,"author":{"gitId":"jorellesee"},"content":"                \" Bye. Hope to cya again soon!\\n\" +","lastModifiedDate":"2022-09-04"},{"lineNumber":95,"author":{"gitId":"jorellesee"},"content":"                \"____________________________________________________________\";","lastModifiedDate":"2022-09-04"},{"lineNumber":96,"author":{"gitId":"jorellesee"},"content":"        System.out.println(EXIT_MESSAGE);","lastModifiedDate":"2022-09-04"},{"lineNumber":97,"author":{"gitId":"jorellesee"},"content":"    }","lastModifiedDate":"2022-09-04"},{"lineNumber":98,"author":{"gitId":"jorellesee"},"content":"","lastModifiedDate":"2022-09-04"},{"lineNumber":99,"author":{"gitId":"jorellesee"},"content":"    private static void printList() {","lastModifiedDate":"2022-09-04"},{"lineNumber":100,"author":{"gitId":"jorellesee"},"content":"        for (int i \u003d 0; i \u003c numberOfTasks; i++) {","lastModifiedDate":"2022-09-04"},{"lineNumber":101,"author":{"gitId":"jorellesee"},"content":"            System.out.print(i + 1);","lastModifiedDate":"2022-08-26"},{"lineNumber":102,"author":{"gitId":"jorellesee"},"content":"            System.out.print(\".\");","lastModifiedDate":"2022-08-26"},{"lineNumber":103,"author":{"gitId":"jorellesee"},"content":"            System.out.println(myList[i].toString());","lastModifiedDate":"2022-09-04"},{"lineNumber":104,"author":{"gitId":"jorellesee"},"content":"        }","lastModifiedDate":"2022-08-26"},{"lineNumber":105,"author":{"gitId":"jorellesee"},"content":"    }","lastModifiedDate":"2022-08-26"},{"lineNumber":106,"author":{"gitId":"jorellesee"},"content":"","lastModifiedDate":"2022-09-04"},{"lineNumber":107,"author":{"gitId":"jorellesee"},"content":"    private static void markTask(String[] words) {","lastModifiedDate":"2022-09-04"},{"lineNumber":108,"author":{"gitId":"jorellesee"},"content":"        int index \u003d Integer.parseInt(words[1]);","lastModifiedDate":"2022-08-26"},{"lineNumber":109,"author":{"gitId":"jorellesee"},"content":"        myList[index - 1].markAsDone();","lastModifiedDate":"2022-08-26"},{"lineNumber":110,"author":{"gitId":"jorellesee"},"content":"        System.out.println(\"____________________________________________________________\\n\" +","lastModifiedDate":"2022-08-26"},{"lineNumber":111,"author":{"gitId":"jorellesee"},"content":"                \"Nice! I\u0027ve marked this task as done:\\n\" +","lastModifiedDate":"2022-08-26"},{"lineNumber":112,"author":{"gitId":"jorellesee"},"content":"                myList[index - 1].getStatusIcon() + \" \" + myList[index - 1].description +","lastModifiedDate":"2022-08-26"},{"lineNumber":113,"author":{"gitId":"jorellesee"},"content":"                \"\\n____________________________________________________________\");","lastModifiedDate":"2022-09-04"},{"lineNumber":114,"author":{"gitId":"jorellesee"},"content":"    }","lastModifiedDate":"2022-08-26"},{"lineNumber":115,"author":{"gitId":"jorellesee"},"content":"","lastModifiedDate":"2022-09-04"},{"lineNumber":116,"author":{"gitId":"jorellesee"},"content":"    private static void unmarkTask(String[] words) {","lastModifiedDate":"2022-09-04"},{"lineNumber":117,"author":{"gitId":"jorellesee"},"content":"        int index \u003d Integer.parseInt(words[1]);","lastModifiedDate":"2022-08-26"},{"lineNumber":118,"author":{"gitId":"jorellesee"},"content":"        myList[index - 1].markAsNotDone();","lastModifiedDate":"2022-08-26"},{"lineNumber":119,"author":{"gitId":"jorellesee"},"content":"        System.out.println(\"____________________________________________________________\\n\" +","lastModifiedDate":"2022-08-26"},{"lineNumber":120,"author":{"gitId":"jorellesee"},"content":"                \"     Ok, I\u0027ve marked this task as not done yet:\\n\" +","lastModifiedDate":"2022-09-04"},{"lineNumber":121,"author":{"gitId":"jorellesee"},"content":"                myList[index - 1].getStatusIcon() + \" \" + myList[index - 1].description +","lastModifiedDate":"2022-08-26"},{"lineNumber":122,"author":{"gitId":"jorellesee"},"content":"                \"    ____________________________________________________________\");","lastModifiedDate":"2022-08-26"},{"lineNumber":123,"author":{"gitId":"jorellesee"},"content":"    }","lastModifiedDate":"2022-08-24"},{"lineNumber":124,"author":{"gitId":"jorellesee"},"content":"","lastModifiedDate":"2022-09-04"},{"lineNumber":125,"author":{"gitId":"jorellesee"},"content":"    private static void addDeadline(String input) {","lastModifiedDate":"2022-09-04"},{"lineNumber":126,"author":{"gitId":"jorellesee"},"content":"        String description \u003d input.substring(input.indexOf(\" \") + 1, input.indexOf(\"/by\") - 1);","lastModifiedDate":"2022-09-04"},{"lineNumber":127,"author":{"gitId":"jorellesee"},"content":"        String by \u003d input.substring(input.indexOf(\"/by\") + 4);","lastModifiedDate":"2022-09-04"},{"lineNumber":128,"author":{"gitId":"jorellesee"},"content":"        myList[numberOfTasks] \u003d new Deadline(description, by);","lastModifiedDate":"2022-09-04"},{"lineNumber":129,"author":{"gitId":"jorellesee"},"content":"        numberOfTasks++;","lastModifiedDate":"2022-09-04"},{"lineNumber":130,"author":{"gitId":"jorellesee"},"content":"        printCurrentTaskMessage();","lastModifiedDate":"2022-09-04"},{"lineNumber":131,"author":{"gitId":"jorellesee"},"content":"    }","lastModifiedDate":"2022-08-25"},{"lineNumber":132,"author":{"gitId":"jorellesee"},"content":"","lastModifiedDate":"2022-08-26"},{"lineNumber":133,"author":{"gitId":"jorellesee"},"content":"    private static void addEvent(String input) {","lastModifiedDate":"2022-09-04"},{"lineNumber":134,"author":{"gitId":"jorellesee"},"content":"        String description \u003d input.substring(input.indexOf(\" \") + 1, input.indexOf(\"/at\") - 1);","lastModifiedDate":"2022-09-04"},{"lineNumber":135,"author":{"gitId":"jorellesee"},"content":"        String at \u003d input.substring(input.indexOf(\"/at\") + 4);","lastModifiedDate":"2022-09-04"},{"lineNumber":136,"author":{"gitId":"jorellesee"},"content":"        myList[numberOfTasks] \u003d new Event(description, at);","lastModifiedDate":"2022-09-04"},{"lineNumber":137,"author":{"gitId":"jorellesee"},"content":"        numberOfTasks++;","lastModifiedDate":"2022-09-04"},{"lineNumber":138,"author":{"gitId":"jorellesee"},"content":"        printCurrentTaskMessage();","lastModifiedDate":"2022-09-04"},{"lineNumber":139,"author":{"gitId":"jorellesee"},"content":"    }","lastModifiedDate":"2022-09-04"},{"lineNumber":140,"author":{"gitId":"jorellesee"},"content":"","lastModifiedDate":"2022-08-24"},{"lineNumber":141,"author":{"gitId":"jorellesee"},"content":"    private static void addTodo(String input) {","lastModifiedDate":"2022-09-04"},{"lineNumber":142,"author":{"gitId":"jorellesee"},"content":"        String description \u003d input.substring(input.indexOf(\" \") + 1);","lastModifiedDate":"2022-09-04"},{"lineNumber":143,"author":{"gitId":"jorellesee"},"content":"        myList[numberOfTasks] \u003d new Todo(description);","lastModifiedDate":"2022-09-04"},{"lineNumber":144,"author":{"gitId":"jorellesee"},"content":"        numberOfTasks++;","lastModifiedDate":"2022-09-04"},{"lineNumber":145,"author":{"gitId":"jorellesee"},"content":"        printCurrentTaskMessage();","lastModifiedDate":"2022-09-04"},{"lineNumber":146,"author":{"gitId":"-"},"content":"    }","lastModifiedDate":"2019-07-29"},{"lineNumber":147,"author":{"gitId":"jorellesee"},"content":"","lastModifiedDate":"2022-09-04"},{"lineNumber":148,"author":{"gitId":"jorellesee"},"content":"    private static void printCurrentTaskMessage(){","lastModifiedDate":"2022-09-04"},{"lineNumber":149,"author":{"gitId":"jorellesee"},"content":"        System.out.println(\"Got it. I\u0027ve added this task:\");","lastModifiedDate":"2022-09-04"},{"lineNumber":150,"author":{"gitId":"jorellesee"},"content":"        System.out.println(myList[numberOfTasks-1].toString());","lastModifiedDate":"2022-09-04"},{"lineNumber":151,"author":{"gitId":"jorellesee"},"content":"        System.out.println(\"Now you have \"+numberOfTasks+\" tasks in the list\");","lastModifiedDate":"2022-09-04"},{"lineNumber":152,"author":{"gitId":"-"},"content":"    }","lastModifiedDate":"2019-07-29"},{"lineNumber":153,"author":{"gitId":"-"},"content":"}","lastModifiedDate":"2022-09-04"},{"lineNumber":154,"author":{"gitId":"jorellesee"},"content":"","lastModifiedDate":"2022-09-04"}],"authorContributionMap":{"jorellesee":149,"-":5}},{"path":"src/main/java/Event.java","fileType":"java","lines":[{"lineNumber":1,"author":{"gitId":"jorellesee"},"content":"public class Event extends Task {","lastModifiedDate":"2022-09-04"},{"lineNumber":2,"author":{"gitId":"jorellesee"},"content":"    protected String at;","lastModifiedDate":"2022-09-04"},{"lineNumber":3,"author":{"gitId":"jorellesee"},"content":"    public Event(String description, String at) {","lastModifiedDate":"2022-09-04"},{"lineNumber":4,"author":{"gitId":"jorellesee"},"content":"        super(description);","lastModifiedDate":"2022-09-04"},{"lineNumber":5,"author":{"gitId":"jorellesee"},"content":"        this.at \u003d at;","lastModifiedDate":"2022-09-04"},{"lineNumber":6,"author":{"gitId":"jorellesee"},"content":"    }","lastModifiedDate":"2022-09-04"},{"lineNumber":7,"author":{"gitId":"jorellesee"},"content":"    @Override","lastModifiedDate":"2022-09-04"},{"lineNumber":8,"author":{"gitId":"jorellesee"},"content":"    public String toString() {","lastModifiedDate":"2022-09-04"},{"lineNumber":9,"author":{"gitId":"jorellesee"},"content":"","lastModifiedDate":"2022-09-04"},{"lineNumber":10,"author":{"gitId":"jorellesee"},"content":"        return \"[E]\" + super.toString() + \" (at: \" + at + \")\";","lastModifiedDate":"2022-09-04"},{"lineNumber":11,"author":{"gitId":"jorellesee"},"content":"    }","lastModifiedDate":"2022-09-04"},{"lineNumber":12,"author":{"gitId":"jorellesee"},"content":"}","lastModifiedDate":"2022-09-04"}],"authorContributionMap":{"jorellesee":12}},{"path":"src/main/java/Task.java","fileType":"java","lines":[{"lineNumber":1,"author":{"gitId":"jorellesee"},"content":"public class Task {","lastModifiedDate":"2022-08-26"},{"lineNumber":2,"author":{"gitId":"jorellesee"},"content":"    protected String description;","lastModifiedDate":"2022-08-26"},{"lineNumber":3,"author":{"gitId":"jorellesee"},"content":"    protected boolean isDone;","lastModifiedDate":"2022-08-26"},{"lineNumber":4,"author":{"gitId":"jorellesee"},"content":"","lastModifiedDate":"2022-08-26"},{"lineNumber":5,"author":{"gitId":"jorellesee"},"content":"    public Task(String description){","lastModifiedDate":"2022-08-26"},{"lineNumber":6,"author":{"gitId":"jorellesee"},"content":"        this.description \u003d description;","lastModifiedDate":"2022-08-26"},{"lineNumber":7,"author":{"gitId":"jorellesee"},"content":"        this.isDone \u003d false;","lastModifiedDate":"2022-08-26"},{"lineNumber":8,"author":{"gitId":"jorellesee"},"content":"    }","lastModifiedDate":"2022-08-26"},{"lineNumber":9,"author":{"gitId":"jorellesee"},"content":"    public String getStatusIcon() {","lastModifiedDate":"2022-08-26"},{"lineNumber":10,"author":{"gitId":"jorellesee"},"content":"        return (isDone ? \"[X]\" : \"[ ]\"); // mark done task with X","lastModifiedDate":"2022-08-26"},{"lineNumber":11,"author":{"gitId":"jorellesee"},"content":"    }","lastModifiedDate":"2022-08-26"},{"lineNumber":12,"author":{"gitId":"jorellesee"},"content":"","lastModifiedDate":"2022-08-26"},{"lineNumber":13,"author":{"gitId":"jorellesee"},"content":"    public void markAsDone(){","lastModifiedDate":"2022-08-26"},{"lineNumber":14,"author":{"gitId":"jorellesee"},"content":"        isDone \u003d true;","lastModifiedDate":"2022-08-26"},{"lineNumber":15,"author":{"gitId":"jorellesee"},"content":"    }","lastModifiedDate":"2022-08-26"},{"lineNumber":16,"author":{"gitId":"jorellesee"},"content":"    public void markAsNotDone(){","lastModifiedDate":"2022-08-26"},{"lineNumber":17,"author":{"gitId":"jorellesee"},"content":"        isDone \u003d false;","lastModifiedDate":"2022-08-26"},{"lineNumber":18,"author":{"gitId":"jorellesee"},"content":"    }","lastModifiedDate":"2022-08-26"},{"lineNumber":19,"author":{"gitId":"jorellesee"},"content":"","lastModifiedDate":"2022-08-26"},{"lineNumber":20,"author":{"gitId":"jorellesee"},"content":"    public String toString(){","lastModifiedDate":"2022-09-04"},{"lineNumber":21,"author":{"gitId":"jorellesee"},"content":"        return this.getStatusIcon() + \" \" + description;","lastModifiedDate":"2022-09-04"},{"lineNumber":22,"author":{"gitId":"jorellesee"},"content":"    }","lastModifiedDate":"2022-08-26"},{"lineNumber":23,"author":{"gitId":"jorellesee"},"content":"","lastModifiedDate":"2022-09-04"},{"lineNumber":24,"author":{"gitId":"jorellesee"},"content":"","lastModifiedDate":"2022-09-04"},{"lineNumber":25,"author":{"gitId":"jorellesee"},"content":"}","lastModifiedDate":"2022-09-04"},{"lineNumber":26,"author":{"gitId":"jorellesee"},"content":"","lastModifiedDate":"2022-09-04"},{"lineNumber":27,"author":{"gitId":"jorellesee"},"content":"","lastModifiedDate":"2022-09-04"},{"lineNumber":28,"author":{"gitId":"jorellesee"},"content":"","lastModifiedDate":"2022-09-04"},{"lineNumber":29,"author":{"gitId":"jorellesee"},"content":"","lastModifiedDate":"2022-09-04"},{"lineNumber":30,"author":{"gitId":"jorellesee"},"content":"","lastModifiedDate":"2022-09-04"}],"authorContributionMap":{"jorellesee":30}},{"path":"src/main/java/Todo.java","fileType":"java","lines":[{"lineNumber":1,"author":{"gitId":"jorellesee"},"content":"public class Todo extends Task {","lastModifiedDate":"2022-09-04"},{"lineNumber":2,"author":{"gitId":"jorellesee"},"content":"    public Todo(String description){","lastModifiedDate":"2022-09-04"},{"lineNumber":3,"author":{"gitId":"jorellesee"},"content":"        super(description);","lastModifiedDate":"2022-09-04"},{"lineNumber":4,"author":{"gitId":"jorellesee"},"content":"    }","lastModifiedDate":"2022-09-04"},{"lineNumber":5,"author":{"gitId":"jorellesee"},"content":"    public String toString(){","lastModifiedDate":"2022-09-04"},{"lineNumber":6,"author":{"gitId":"jorellesee"},"content":"        return \"[T]\" + super.toString();","lastModifiedDate":"2022-09-04"},{"lineNumber":7,"author":{"gitId":"jorellesee"},"content":"    }","lastModifiedDate":"2022-09-04"},{"lineNumber":8,"author":{"gitId":"jorellesee"},"content":"}","lastModifiedDate":"2022-09-04"}],"authorContributionMap":{"jorellesee":8}}]
