{"authorDailyContributionsMap":{"jorellesee":[{"date":"2022-08-22","commitResults":[{"hash":"363a8530328e2d575baf94982e9aff80bfce5b86","messageTitle":"Added greeting for Level 0. Late submission","messageBody":"","tags":["Level-0"],"fileTypesAndContributionMap":{"java":{"insertions":8,"deletions":0}}}]},{"date":"2022-08-24","commitResults":[{"hash":"e4becb8931101136ac85854c8d018dc954cc724a","messageTitle":"Added greeting for Level 0. Late submission","messageBody":"","fileTypesAndContributionMap":{"java":{"insertions":6,"deletions":6}}},{"hash":"3d39be9dc2761973c3e39b3473aae009ac09d647","messageTitle":"Added greeting for Level 0. Late submission","messageBody":"","fileTypesAndContributionMap":{"java":{"insertions":6,"deletions":6}}},{"hash":"499af974a192c3fd4d3f551bdccdacbbdba271e8","messageTitle":"Merge remote-tracking branch \u0027origin/master\u0027","messageBody":"","fileTypesAndContributionMap":{"java":{"insertions":0,"deletions":6}}},{"hash":"9c6d24516d9161b6b30fa485e13ae4f5ada6bf94","messageTitle":"Merge remote-tracking branch \u0027origin/master\u0027","messageBody":"","tags":["Level-1"],"fileTypesAndContributionMap":{"java":{"insertions":15,"deletions":3}}},{"hash":"8c70d04e2429118457dc0e5643ffebb8e3bebf15","messageTitle":"Merge remote-tracking branch \u0027origin/master\u0027","messageBody":"","fileTypesAndContributionMap":{"java":{"insertions":2,"deletions":0}}}]},{"date":"2022-08-25","commitResults":[{"hash":"b898f290e7b40ef0ccd70df501e41702a2f81c2d","messageTitle":"Level-2","messageBody":"","fileTypesAndContributionMap":{"java":{"insertions":24,"deletions":6}}}]},{"date":"2022-08-28","commitResults":[{"hash":"57329172ca6f3eb3861e80a992e2a8919145441c","messageTitle":"Level-3 and A-CodingStandard","messageBody":"","fileTypesAndContributionMap":{"java":{"insertions":89,"deletions":14}}}]},{"date":"2022-09-04","commitResults":[{"hash":"8172c8e0f60218b15a918ecd808120def8c5ba55","messageTitle":"Level-4 and A-CodeQuality","messageBody":"","tags":["Level-4","A-CodeQuality"],"fileTypesAndContributionMap":{"java":{"insertions":171,"deletions":75}}}]},{"date":"2022-09-05","commitResults":[{"hash":"34aef24cf4dd2629a7ffb16b1f81c7a469454804","messageTitle":"Level-5","messageBody":"","tags":["Level-7","Level-6"],"fileTypesAndContributionMap":{"java":{"insertions":37,"deletions":70}}}]},{"date":"2022-09-15","commitResults":[{"hash":"ff6d5c420ed64b79c3b854e2bf2b9123a57aff1c","messageTitle":"Merge branch \u0027branch-level-6\u0027","messageBody":"","fileTypesAndContributionMap":{"java":{"insertions":74,"deletions":21}}}]}]},"authorFileTypeContributionMap":{"jorellesee":{"java":232,"md":0,"fxml":0,"sh":0,"bat":0,"gradle":0,"txt":0}},"authorContributionVariance":{"jorellesee":2382.7617},"authorDisplayNameMap":{"jorellesee":"CS2113-W12-1 SEE ..ELLE"}}
