[{"path":"src/main/java/Duke.java","fileType":"java","lines":[{"lineNumber":1,"author":{"gitId":"-"},"content":"public class Duke {","lastModifiedDate":"2019-07-29"},{"lineNumber":2,"author":{"gitId":"-"},"content":"    public static void main(String[] args) {","lastModifiedDate":"2019-07-29"},{"lineNumber":3,"author":{"gitId":"deveshl"},"content":"        String logo \u003d \"$$$$$$$\\\\                  $$\\\\           \\n\" +","lastModifiedDate":"2022-08-14"},{"lineNumber":4,"author":{"gitId":"deveshl"},"content":"                \"$$  __$$\\\\                 $$ |          \\n\" +","lastModifiedDate":"2022-08-14"},{"lineNumber":5,"author":{"gitId":"deveshl"},"content":"                \"$$ |  $$ |$$\\\\   $$\\\\  $$$$$$$ | $$$$$$\\\\  \\n\" +","lastModifiedDate":"2022-08-14"},{"lineNumber":6,"author":{"gitId":"deveshl"},"content":"                \"$$ |  $$ |$$ |  $$ |$$  __$$ |$$  __$$\\\\ \\n\" +","lastModifiedDate":"2022-08-14"},{"lineNumber":7,"author":{"gitId":"deveshl"},"content":"                \"$$ |  $$ |$$ |  $$ |$$ /  $$ |$$$$$$$$ |\\n\" +","lastModifiedDate":"2022-08-14"},{"lineNumber":8,"author":{"gitId":"deveshl"},"content":"                \"$$ |  $$ |$$ |  $$ |$$ |  $$ |$$   ____|\\n\" +","lastModifiedDate":"2022-08-14"},{"lineNumber":9,"author":{"gitId":"deveshl"},"content":"                \"$$$$$$$  |\\\\$$$$$$  |\\\\$$$$$$$ |\\\\$$$$$$$\\\\ \\n\" +","lastModifiedDate":"2022-08-14"},{"lineNumber":10,"author":{"gitId":"deveshl"},"content":"                \"\\\\_______/  \\\\______/  \\\\_______| \\\\_______|\";","lastModifiedDate":"2022-08-14"},{"lineNumber":11,"author":{"gitId":"deveshl"},"content":"        String greet \u003d \"I am Dude.\\n\" +","lastModifiedDate":"2022-08-14"},{"lineNumber":12,"author":{"gitId":"deveshl"},"content":"                \"Type something in, dude.\";","lastModifiedDate":"2022-08-14"},{"lineNumber":13,"author":{"gitId":"deveshl"},"content":"        String bye \u003d \"Catch you later, dude.\";","lastModifiedDate":"2022-08-14"},{"lineNumber":14,"author":{"gitId":"deveshl"},"content":"        System.out.println(logo);","lastModifiedDate":"2022-08-14"},{"lineNumber":15,"author":{"gitId":"deveshl"},"content":"        System.out.println();","lastModifiedDate":"2022-08-14"},{"lineNumber":16,"author":{"gitId":"deveshl"},"content":"        System.out.println(greet);","lastModifiedDate":"2022-08-14"},{"lineNumber":17,"author":{"gitId":"deveshl"},"content":"        System.out.println();","lastModifiedDate":"2022-08-14"},{"lineNumber":18,"author":{"gitId":"deveshl"},"content":"        System.out.println(bye);","lastModifiedDate":"2022-08-14"},{"lineNumber":19,"author":{"gitId":"-"},"content":"    }","lastModifiedDate":"2019-07-29"},{"lineNumber":20,"author":{"gitId":"-"},"content":"}","lastModifiedDate":"2019-07-29"}],"authorContributionMap":{"deveshl":16,"-":4}}]
