[{"path":"src/main/java/duke/Duke.java","fileType":"java","lines":[{"lineNumber":1,"author":{"gitId":"deveshl"},"content":"package duke;","lastModifiedDate":"2022-09-20"},{"lineNumber":2,"author":{"gitId":"deveshl"},"content":"","lastModifiedDate":"2022-09-20"},{"lineNumber":3,"author":{"gitId":"deveshl"},"content":"import static duke.common.Constants.FILE_NAME;","lastModifiedDate":"2022-09-26"},{"lineNumber":4,"author":{"gitId":"deveshl"},"content":"","lastModifiedDate":"2022-08-22"},{"lineNumber":5,"author":{"gitId":"deveshl"},"content":"import duke.parser.Parser;","lastModifiedDate":"2022-09-26"},{"lineNumber":6,"author":{"gitId":"deveshl"},"content":"import duke.storage.Storage;","lastModifiedDate":"2022-09-26"},{"lineNumber":7,"author":{"gitId":"deveshl"},"content":"import duke.tasklist.TaskList;","lastModifiedDate":"2022-09-26"},{"lineNumber":8,"author":{"gitId":"deveshl"},"content":"import duke.ui.Ui;","lastModifiedDate":"2022-09-26"},{"lineNumber":9,"author":{"gitId":"deveshl"},"content":"","lastModifiedDate":"2022-09-20"},{"lineNumber":10,"author":{"gitId":"deveshl"},"content":"","lastModifiedDate":"2022-09-28"},{"lineNumber":11,"author":{"gitId":"deveshl"},"content":"/**","lastModifiedDate":"2022-09-28"},{"lineNumber":12,"author":{"gitId":"deveshl"},"content":" * The main Duke class.","lastModifiedDate":"2022-09-28"},{"lineNumber":13,"author":{"gitId":"deveshl"},"content":" */","lastModifiedDate":"2022-09-28"},{"lineNumber":14,"author":{"gitId":"-"},"content":"public class Duke {","lastModifiedDate":"2019-07-29"},{"lineNumber":15,"author":{"gitId":"deveshl"},"content":"","lastModifiedDate":"2022-08-22"},{"lineNumber":16,"author":{"gitId":"deveshl"},"content":"    private final Ui ui;","lastModifiedDate":"2022-09-26"},{"lineNumber":17,"author":{"gitId":"deveshl"},"content":"    private final TaskList tasks;","lastModifiedDate":"2022-09-26"},{"lineNumber":18,"author":{"gitId":"deveshl"},"content":"    private final Storage storage;","lastModifiedDate":"2022-09-26"},{"lineNumber":19,"author":{"gitId":"deveshl"},"content":"    private final Parser parser;","lastModifiedDate":"2022-09-26"},{"lineNumber":20,"author":{"gitId":"deveshl"},"content":"","lastModifiedDate":"2022-08-22"},{"lineNumber":21,"author":{"gitId":"deveshl"},"content":"","lastModifiedDate":"2022-09-01"},{"lineNumber":22,"author":{"gitId":"deveshl"},"content":"    /**","lastModifiedDate":"2022-09-28"},{"lineNumber":23,"author":{"gitId":"deveshl"},"content":"     * Instantiates the classes required to run Duke.","lastModifiedDate":"2022-09-28"},{"lineNumber":24,"author":{"gitId":"deveshl"},"content":"     *","lastModifiedDate":"2022-09-28"},{"lineNumber":25,"author":{"gitId":"deveshl"},"content":"     * @param filename Relative filepath to load the Duke note database from.","lastModifiedDate":"2022-09-28"},{"lineNumber":26,"author":{"gitId":"deveshl"},"content":"     */","lastModifiedDate":"2022-09-28"},{"lineNumber":27,"author":{"gitId":"deveshl"},"content":"    public Duke(String filename) {","lastModifiedDate":"2022-09-26"},{"lineNumber":28,"author":{"gitId":"deveshl"},"content":"        ui \u003d new Ui();","lastModifiedDate":"2022-09-26"},{"lineNumber":29,"author":{"gitId":"deveshl"},"content":"        ui.printWelcomeMessage();","lastModifiedDate":"2022-09-26"},{"lineNumber":30,"author":{"gitId":"deveshl"},"content":"        storage \u003d new Storage(filename);","lastModifiedDate":"2022-09-26"},{"lineNumber":31,"author":{"gitId":"deveshl"},"content":"        tasks \u003d storage.createOrLoad();","lastModifiedDate":"2022-09-26"},{"lineNumber":32,"author":{"gitId":"deveshl"},"content":"        parser \u003d new Parser(ui, storage, tasks);","lastModifiedDate":"2022-09-26"},{"lineNumber":33,"author":{"gitId":"deveshl"},"content":"    }","lastModifiedDate":"2022-09-20"},{"lineNumber":34,"author":{"gitId":"deveshl"},"content":"","lastModifiedDate":"2022-09-20"},{"lineNumber":35,"author":{"gitId":"deveshl"},"content":"    /**","lastModifiedDate":"2022-09-28"},{"lineNumber":36,"author":{"gitId":"deveshl"},"content":"     * Enters the command processing loop.","lastModifiedDate":"2022-09-28"},{"lineNumber":37,"author":{"gitId":"deveshl"},"content":"     */","lastModifiedDate":"2022-09-28"},{"lineNumber":38,"author":{"gitId":"deveshl"},"content":"    @SuppressWarnings(\"InfiniteLoopStatement\")","lastModifiedDate":"2022-08-22"},{"lineNumber":39,"author":{"gitId":"deveshl"},"content":"    public void run() {","lastModifiedDate":"2022-09-26"},{"lineNumber":40,"author":{"gitId":"deveshl"},"content":"        while (true) {","lastModifiedDate":"2022-08-22"},{"lineNumber":41,"author":{"gitId":"deveshl"},"content":"            parser.runCommand(ui.getNextCommand());","lastModifiedDate":"2022-09-26"},{"lineNumber":42,"author":{"gitId":"deveshl"},"content":"        }","lastModifiedDate":"2022-09-26"},{"lineNumber":43,"author":{"gitId":"deveshl"},"content":"    }","lastModifiedDate":"2022-08-22"},{"lineNumber":44,"author":{"gitId":"deveshl"},"content":"","lastModifiedDate":"2022-08-22"},{"lineNumber":45,"author":{"gitId":"deveshl"},"content":"    public static void main(String[] args) {","lastModifiedDate":"2022-09-26"},{"lineNumber":46,"author":{"gitId":"deveshl"},"content":"        new Duke(FILE_NAME).run();","lastModifiedDate":"2022-09-26"},{"lineNumber":47,"author":{"gitId":"-"},"content":"    }","lastModifiedDate":"2019-07-29"},{"lineNumber":48,"author":{"gitId":"-"},"content":"}","lastModifiedDate":"2019-07-29"}],"authorContributionMap":{"deveshl":45,"-":3}},{"path":"src/main/java/duke/common/Constants.java","fileType":"java","lines":[{"lineNumber":1,"author":{"gitId":"deveshl"},"content":"package duke.common;","lastModifiedDate":"2022-09-26"},{"lineNumber":2,"author":{"gitId":"deveshl"},"content":"","lastModifiedDate":"2022-09-26"},{"lineNumber":3,"author":{"gitId":"deveshl"},"content":"public class Constants {","lastModifiedDate":"2022-09-26"},{"lineNumber":4,"author":{"gitId":"deveshl"},"content":"    public static final String LOGO \u003d \"$$$$$$$\\\\                  $$\\\\           \\n\" +","lastModifiedDate":"2022-09-26"},{"lineNumber":5,"author":{"gitId":"deveshl"},"content":"            \"$$  __$$\\\\                 $$ |          \\n\" +","lastModifiedDate":"2022-09-26"},{"lineNumber":6,"author":{"gitId":"deveshl"},"content":"            \"$$ |  $$ |$$\\\\   $$\\\\  $$$$$$$ | $$$$$$\\\\  \\n\" +","lastModifiedDate":"2022-09-26"},{"lineNumber":7,"author":{"gitId":"deveshl"},"content":"            \"$$ |  $$ |$$ |  $$ |$$  __$$ |$$  __$$\\\\ \\n\" +","lastModifiedDate":"2022-09-26"},{"lineNumber":8,"author":{"gitId":"deveshl"},"content":"            \"$$ |  $$ |$$ |  $$ |$$ /  $$ |$$$$$$$$ |\\n\" +","lastModifiedDate":"2022-09-26"},{"lineNumber":9,"author":{"gitId":"deveshl"},"content":"            \"$$ |  $$ |$$ |  $$ |$$ |  $$ |$$   ____|\\n\" +","lastModifiedDate":"2022-09-26"},{"lineNumber":10,"author":{"gitId":"deveshl"},"content":"            \"$$$$$$$  |\\\\$$$$$$  |\\\\$$$$$$$ |\\\\$$$$$$$\\\\ \\n\" +","lastModifiedDate":"2022-09-26"},{"lineNumber":11,"author":{"gitId":"deveshl"},"content":"            \"\\\\_______/  \\\\______/  \\\\_______| \\\\_______|\";","lastModifiedDate":"2022-09-26"},{"lineNumber":12,"author":{"gitId":"deveshl"},"content":"    public static final String GREET_MESSAGE \u003d \"I am Dude.\\n\" +","lastModifiedDate":"2022-09-26"},{"lineNumber":13,"author":{"gitId":"deveshl"},"content":"            \"Type something in, dude.\";","lastModifiedDate":"2022-09-26"},{"lineNumber":14,"author":{"gitId":"deveshl"},"content":"    public static final String BYE_MESSAGE \u003d \"Catch you later, dude.\";","lastModifiedDate":"2022-09-26"},{"lineNumber":15,"author":{"gitId":"deveshl"},"content":"    public static final String FILE_NAME \u003d \"dude.txt\";","lastModifiedDate":"2022-09-26"},{"lineNumber":16,"author":{"gitId":"deveshl"},"content":"    public static final String FILE_SEPARATOR \u003d \"\\u001f\";","lastModifiedDate":"2022-09-26"},{"lineNumber":17,"author":{"gitId":"deveshl"},"content":"}","lastModifiedDate":"2022-09-26"}],"authorContributionMap":{"deveshl":17}},{"path":"src/main/java/duke/exception/InvalidArgumentException.java","fileType":"java","lines":[{"lineNumber":1,"author":{"gitId":"deveshl"},"content":"package duke.exception;","lastModifiedDate":"2022-09-20"},{"lineNumber":2,"author":{"gitId":"deveshl"},"content":"","lastModifiedDate":"2022-09-20"},{"lineNumber":3,"author":{"gitId":"deveshl"},"content":"public class InvalidArgumentException extends Exception {","lastModifiedDate":"2022-09-19"},{"lineNumber":4,"author":{"gitId":"deveshl"},"content":"    public InvalidArgumentException(String message) {","lastModifiedDate":"2022-09-19"},{"lineNumber":5,"author":{"gitId":"deveshl"},"content":"        super(message);","lastModifiedDate":"2022-09-19"},{"lineNumber":6,"author":{"gitId":"deveshl"},"content":"    }","lastModifiedDate":"2022-09-19"},{"lineNumber":7,"author":{"gitId":"deveshl"},"content":"}","lastModifiedDate":"2022-09-19"}],"authorContributionMap":{"deveshl":7}},{"path":"src/main/java/duke/exception/StorageLoadException.java","fileType":"java","lines":[{"lineNumber":1,"author":{"gitId":"deveshl"},"content":"package duke.exception;","lastModifiedDate":"2022-09-20"},{"lineNumber":2,"author":{"gitId":"deveshl"},"content":"","lastModifiedDate":"2022-09-20"},{"lineNumber":3,"author":{"gitId":"deveshl"},"content":"public class StorageLoadException extends RuntimeException {","lastModifiedDate":"2022-09-20"},{"lineNumber":4,"author":{"gitId":"deveshl"},"content":"    public StorageLoadException(Throwable throwable) {","lastModifiedDate":"2022-09-20"},{"lineNumber":5,"author":{"gitId":"deveshl"},"content":"        super(throwable);","lastModifiedDate":"2022-09-20"},{"lineNumber":6,"author":{"gitId":"deveshl"},"content":"    }","lastModifiedDate":"2022-09-20"},{"lineNumber":7,"author":{"gitId":"deveshl"},"content":"","lastModifiedDate":"2022-09-20"},{"lineNumber":8,"author":{"gitId":"deveshl"},"content":"    public StorageLoadException(String message) {","lastModifiedDate":"2022-09-20"},{"lineNumber":9,"author":{"gitId":"deveshl"},"content":"        super(message);","lastModifiedDate":"2022-09-20"},{"lineNumber":10,"author":{"gitId":"deveshl"},"content":"    }","lastModifiedDate":"2022-09-20"},{"lineNumber":11,"author":{"gitId":"deveshl"},"content":"}","lastModifiedDate":"2022-09-20"}],"authorContributionMap":{"deveshl":11}},{"path":"src/main/java/duke/exception/StorageWriteException.java","fileType":"java","lines":[{"lineNumber":1,"author":{"gitId":"deveshl"},"content":"package duke.exception;","lastModifiedDate":"2022-09-20"},{"lineNumber":2,"author":{"gitId":"deveshl"},"content":"","lastModifiedDate":"2022-09-20"},{"lineNumber":3,"author":{"gitId":"deveshl"},"content":"public class StorageWriteException extends RuntimeException {","lastModifiedDate":"2022-09-20"},{"lineNumber":4,"author":{"gitId":"deveshl"},"content":"    public StorageWriteException(Throwable throwable) {","lastModifiedDate":"2022-09-20"},{"lineNumber":5,"author":{"gitId":"deveshl"},"content":"        super(throwable);","lastModifiedDate":"2022-09-20"},{"lineNumber":6,"author":{"gitId":"deveshl"},"content":"    }","lastModifiedDate":"2022-09-20"},{"lineNumber":7,"author":{"gitId":"deveshl"},"content":"","lastModifiedDate":"2022-09-20"},{"lineNumber":8,"author":{"gitId":"deveshl"},"content":"    public StorageWriteException(String message) {","lastModifiedDate":"2022-09-20"},{"lineNumber":9,"author":{"gitId":"deveshl"},"content":"        super(message);","lastModifiedDate":"2022-09-20"},{"lineNumber":10,"author":{"gitId":"deveshl"},"content":"    }","lastModifiedDate":"2022-09-20"},{"lineNumber":11,"author":{"gitId":"deveshl"},"content":"}","lastModifiedDate":"2022-09-20"}],"authorContributionMap":{"deveshl":11}},{"path":"src/main/java/duke/parser/Parser.java","fileType":"java","lines":[{"lineNumber":1,"author":{"gitId":"deveshl"},"content":"package duke.parser;","lastModifiedDate":"2022-09-26"},{"lineNumber":2,"author":{"gitId":"deveshl"},"content":"","lastModifiedDate":"2022-09-26"},{"lineNumber":3,"author":{"gitId":"deveshl"},"content":"import static duke.common.Constants.BYE_MESSAGE;","lastModifiedDate":"2022-09-26"},{"lineNumber":4,"author":{"gitId":"deveshl"},"content":"","lastModifiedDate":"2022-09-26"},{"lineNumber":5,"author":{"gitId":"deveshl"},"content":"import duke.exception.InvalidArgumentException;","lastModifiedDate":"2022-09-26"},{"lineNumber":6,"author":{"gitId":"deveshl"},"content":"import duke.storage.Storage;","lastModifiedDate":"2022-09-26"},{"lineNumber":7,"author":{"gitId":"deveshl"},"content":"import duke.task.Deadline;","lastModifiedDate":"2022-09-26"},{"lineNumber":8,"author":{"gitId":"deveshl"},"content":"import duke.task.Event;","lastModifiedDate":"2022-09-26"},{"lineNumber":9,"author":{"gitId":"deveshl"},"content":"import duke.task.Task;","lastModifiedDate":"2022-09-26"},{"lineNumber":10,"author":{"gitId":"deveshl"},"content":"import duke.task.Todo;","lastModifiedDate":"2022-09-26"},{"lineNumber":11,"author":{"gitId":"deveshl"},"content":"import duke.tasklist.TaskList;","lastModifiedDate":"2022-09-26"},{"lineNumber":12,"author":{"gitId":"deveshl"},"content":"import duke.ui.Ui;","lastModifiedDate":"2022-09-26"},{"lineNumber":13,"author":{"gitId":"deveshl"},"content":"","lastModifiedDate":"2022-09-26"},{"lineNumber":14,"author":{"gitId":"deveshl"},"content":"/**","lastModifiedDate":"2022-09-28"},{"lineNumber":15,"author":{"gitId":"deveshl"},"content":" * The Parser class takes user input from the UI and interprets it to run operations on the TaskList and Storage","lastModifiedDate":"2022-09-28"},{"lineNumber":16,"author":{"gitId":"deveshl"},"content":" * objects, and provides output to the UI. Much of the logic for the commands is interpreted here.","lastModifiedDate":"2022-09-28"},{"lineNumber":17,"author":{"gitId":"deveshl"},"content":" */","lastModifiedDate":"2022-09-28"},{"lineNumber":18,"author":{"gitId":"deveshl"},"content":"","lastModifiedDate":"2022-09-28"},{"lineNumber":19,"author":{"gitId":"deveshl"},"content":"public class Parser {","lastModifiedDate":"2022-09-26"},{"lineNumber":20,"author":{"gitId":"deveshl"},"content":"    private final Ui ui;","lastModifiedDate":"2022-09-26"},{"lineNumber":21,"author":{"gitId":"deveshl"},"content":"    private final Storage storage;","lastModifiedDate":"2022-09-26"},{"lineNumber":22,"author":{"gitId":"deveshl"},"content":"    private final TaskList tasks;","lastModifiedDate":"2022-09-26"},{"lineNumber":23,"author":{"gitId":"deveshl"},"content":"","lastModifiedDate":"2022-09-26"},{"lineNumber":24,"author":{"gitId":"deveshl"},"content":"    /**","lastModifiedDate":"2022-09-28"},{"lineNumber":25,"author":{"gitId":"deveshl"},"content":"     * Creates a new Parser object.","lastModifiedDate":"2022-09-28"},{"lineNumber":26,"author":{"gitId":"deveshl"},"content":"     *","lastModifiedDate":"2022-09-28"},{"lineNumber":27,"author":{"gitId":"deveshl"},"content":"     * @param ui An instance of {@link Ui}","lastModifiedDate":"2022-09-28"},{"lineNumber":28,"author":{"gitId":"deveshl"},"content":"     * @param storage An instance of {@link Storage}","lastModifiedDate":"2022-09-28"},{"lineNumber":29,"author":{"gitId":"deveshl"},"content":"     * @param tasks An instance of {@link TaskList}","lastModifiedDate":"2022-09-28"},{"lineNumber":30,"author":{"gitId":"deveshl"},"content":"     */","lastModifiedDate":"2022-09-28"},{"lineNumber":31,"author":{"gitId":"deveshl"},"content":"    public Parser(Ui ui, Storage storage, TaskList tasks) {","lastModifiedDate":"2022-09-26"},{"lineNumber":32,"author":{"gitId":"deveshl"},"content":"        this.ui \u003d ui;","lastModifiedDate":"2022-09-26"},{"lineNumber":33,"author":{"gitId":"deveshl"},"content":"        this.storage \u003d storage;","lastModifiedDate":"2022-09-26"},{"lineNumber":34,"author":{"gitId":"deveshl"},"content":"        this.tasks \u003d tasks;","lastModifiedDate":"2022-09-26"},{"lineNumber":35,"author":{"gitId":"deveshl"},"content":"    }","lastModifiedDate":"2022-09-26"},{"lineNumber":36,"author":{"gitId":"deveshl"},"content":"","lastModifiedDate":"2022-09-26"},{"lineNumber":37,"author":{"gitId":"deveshl"},"content":"    /**","lastModifiedDate":"2022-09-28"},{"lineNumber":38,"author":{"gitId":"deveshl"},"content":"     * Interprets and runs a command provided by the user. This is the main entry point for Parser objects; all user","lastModifiedDate":"2022-09-28"},{"lineNumber":39,"author":{"gitId":"deveshl"},"content":"     * commands will first go through this function, which will then interpret the command and execute other functions","lastModifiedDate":"2022-09-28"},{"lineNumber":40,"author":{"gitId":"deveshl"},"content":"     * based on the input.","lastModifiedDate":"2022-09-28"},{"lineNumber":41,"author":{"gitId":"deveshl"},"content":"     *","lastModifiedDate":"2022-09-28"},{"lineNumber":42,"author":{"gitId":"deveshl"},"content":"     * @param command Command provided by the user.","lastModifiedDate":"2022-09-28"},{"lineNumber":43,"author":{"gitId":"deveshl"},"content":"     */","lastModifiedDate":"2022-09-28"},{"lineNumber":44,"author":{"gitId":"deveshl"},"content":"    public void runCommand(String command) {","lastModifiedDate":"2022-09-26"},{"lineNumber":45,"author":{"gitId":"deveshl"},"content":"        String[] args \u003d command.split(\" \", 2);","lastModifiedDate":"2022-09-26"},{"lineNumber":46,"author":{"gitId":"deveshl"},"content":"        String action \u003d args[0];","lastModifiedDate":"2022-09-26"},{"lineNumber":47,"author":{"gitId":"deveshl"},"content":"        switch (action) {","lastModifiedDate":"2022-09-26"},{"lineNumber":48,"author":{"gitId":"deveshl"},"content":"        case \"bye\":","lastModifiedDate":"2022-09-26"},{"lineNumber":49,"author":{"gitId":"deveshl"},"content":"            ui.printLine(BYE_MESSAGE);","lastModifiedDate":"2022-09-26"},{"lineNumber":50,"author":{"gitId":"deveshl"},"content":"            System.exit(0);","lastModifiedDate":"2022-09-26"},{"lineNumber":51,"author":{"gitId":"deveshl"},"content":"            // no break needed, the code has already exited","lastModifiedDate":"2022-09-26"},{"lineNumber":52,"author":{"gitId":"deveshl"},"content":"        case \"list\":","lastModifiedDate":"2022-09-26"},{"lineNumber":53,"author":{"gitId":"deveshl"},"content":"            listTasks();","lastModifiedDate":"2022-09-26"},{"lineNumber":54,"author":{"gitId":"deveshl"},"content":"            break;","lastModifiedDate":"2022-09-26"},{"lineNumber":55,"author":{"gitId":"deveshl"},"content":"        case \"mark\":","lastModifiedDate":"2022-09-26"},{"lineNumber":56,"author":{"gitId":"deveshl"},"content":"            // fallthrough","lastModifiedDate":"2022-09-26"},{"lineNumber":57,"author":{"gitId":"deveshl"},"content":"        case \"unmark\":","lastModifiedDate":"2022-09-26"},{"lineNumber":58,"author":{"gitId":"deveshl"},"content":"            boolean isDone \u003d action.equals(\"mark\");","lastModifiedDate":"2022-09-26"},{"lineNumber":59,"author":{"gitId":"deveshl"},"content":"            if (args.length \u003c 2) {","lastModifiedDate":"2022-09-26"},{"lineNumber":60,"author":{"gitId":"deveshl"},"content":"                ui.printLine(\"Not enough arguments, dude.\");","lastModifiedDate":"2022-09-26"},{"lineNumber":61,"author":{"gitId":"deveshl"},"content":"                break;","lastModifiedDate":"2022-09-26"},{"lineNumber":62,"author":{"gitId":"deveshl"},"content":"            }","lastModifiedDate":"2022-09-26"},{"lineNumber":63,"author":{"gitId":"deveshl"},"content":"            int index;","lastModifiedDate":"2022-09-26"},{"lineNumber":64,"author":{"gitId":"deveshl"},"content":"            try {","lastModifiedDate":"2022-09-26"},{"lineNumber":65,"author":{"gitId":"deveshl"},"content":"                index \u003d Integer.parseInt(args[1].trim()) - 1;","lastModifiedDate":"2022-09-26"},{"lineNumber":66,"author":{"gitId":"deveshl"},"content":"                setTaskStatus(index, isDone);","lastModifiedDate":"2022-09-26"},{"lineNumber":67,"author":{"gitId":"deveshl"},"content":"            } catch (NumberFormatException exception) {","lastModifiedDate":"2022-09-26"},{"lineNumber":68,"author":{"gitId":"deveshl"},"content":"                // user either didn\u0027t enter a number or number was too big for integer","lastModifiedDate":"2022-09-26"},{"lineNumber":69,"author":{"gitId":"deveshl"},"content":"                // not a nice way to use exceptions but alternatives are cumbersome","lastModifiedDate":"2022-09-26"},{"lineNumber":70,"author":{"gitId":"deveshl"},"content":"                ui.printLine(\"That\u0027s not even a number, dude.\");","lastModifiedDate":"2022-09-26"},{"lineNumber":71,"author":{"gitId":"deveshl"},"content":"            }","lastModifiedDate":"2022-09-26"},{"lineNumber":72,"author":{"gitId":"deveshl"},"content":"            break;","lastModifiedDate":"2022-09-26"},{"lineNumber":73,"author":{"gitId":"deveshl"},"content":"        case \"todo\":","lastModifiedDate":"2022-09-26"},{"lineNumber":74,"author":{"gitId":"deveshl"},"content":"            // fallthrough","lastModifiedDate":"2022-09-26"},{"lineNumber":75,"author":{"gitId":"deveshl"},"content":"        case \"deadline\":","lastModifiedDate":"2022-09-26"},{"lineNumber":76,"author":{"gitId":"deveshl"},"content":"            // fallthrough","lastModifiedDate":"2022-09-26"},{"lineNumber":77,"author":{"gitId":"deveshl"},"content":"        case \"event\":","lastModifiedDate":"2022-09-26"},{"lineNumber":78,"author":{"gitId":"deveshl"},"content":"            if (args.length \u003c 2) {","lastModifiedDate":"2022-09-26"},{"lineNumber":79,"author":{"gitId":"deveshl"},"content":"                ui.printLine(\"Not enough arguments, dude.\");","lastModifiedDate":"2022-09-26"},{"lineNumber":80,"author":{"gitId":"deveshl"},"content":"                break;","lastModifiedDate":"2022-09-26"},{"lineNumber":81,"author":{"gitId":"deveshl"},"content":"            }","lastModifiedDate":"2022-09-26"},{"lineNumber":82,"author":{"gitId":"deveshl"},"content":"            String taskData \u003d args[1];","lastModifiedDate":"2022-09-26"},{"lineNumber":83,"author":{"gitId":"deveshl"},"content":"            addTask(action, taskData);","lastModifiedDate":"2022-09-26"},{"lineNumber":84,"author":{"gitId":"deveshl"},"content":"            break;","lastModifiedDate":"2022-09-26"},{"lineNumber":85,"author":{"gitId":"deveshl"},"content":"        case \"find\":","lastModifiedDate":"2022-09-26"},{"lineNumber":86,"author":{"gitId":"deveshl"},"content":"            if (args.length \u003c 2) {","lastModifiedDate":"2022-09-26"},{"lineNumber":87,"author":{"gitId":"deveshl"},"content":"                ui.printLine(\"Not enough arguments, dude.\");","lastModifiedDate":"2022-09-26"},{"lineNumber":88,"author":{"gitId":"deveshl"},"content":"                break;","lastModifiedDate":"2022-09-26"},{"lineNumber":89,"author":{"gitId":"deveshl"},"content":"            }","lastModifiedDate":"2022-09-26"},{"lineNumber":90,"author":{"gitId":"deveshl"},"content":"            String searchTerm \u003d args[1];","lastModifiedDate":"2022-09-26"},{"lineNumber":91,"author":{"gitId":"deveshl"},"content":"            findAndShowTasks(searchTerm);","lastModifiedDate":"2022-09-26"},{"lineNumber":92,"author":{"gitId":"deveshl"},"content":"            break;","lastModifiedDate":"2022-09-26"},{"lineNumber":93,"author":{"gitId":"deveshl"},"content":"        case \"delete\":","lastModifiedDate":"2022-09-26"},{"lineNumber":94,"author":{"gitId":"deveshl"},"content":"            try {","lastModifiedDate":"2022-09-26"},{"lineNumber":95,"author":{"gitId":"deveshl"},"content":"                index \u003d Integer.parseInt(args[1].trim()) - 1;","lastModifiedDate":"2022-09-26"},{"lineNumber":96,"author":{"gitId":"deveshl"},"content":"                deleteTask(index);","lastModifiedDate":"2022-09-26"},{"lineNumber":97,"author":{"gitId":"deveshl"},"content":"            } catch (NumberFormatException exception) {","lastModifiedDate":"2022-09-26"},{"lineNumber":98,"author":{"gitId":"deveshl"},"content":"                ui.printLine(\"That\u0027s not even a number, dude.\");","lastModifiedDate":"2022-09-26"},{"lineNumber":99,"author":{"gitId":"deveshl"},"content":"            }","lastModifiedDate":"2022-09-26"},{"lineNumber":100,"author":{"gitId":"deveshl"},"content":"            break;","lastModifiedDate":"2022-09-26"},{"lineNumber":101,"author":{"gitId":"deveshl"},"content":"        default:","lastModifiedDate":"2022-09-26"},{"lineNumber":102,"author":{"gitId":"deveshl"},"content":"            ui.printLine(\"I don\u0027t recognise that command, dude.\");","lastModifiedDate":"2022-09-26"},{"lineNumber":103,"author":{"gitId":"deveshl"},"content":"            break;","lastModifiedDate":"2022-09-26"},{"lineNumber":104,"author":{"gitId":"deveshl"},"content":"        }","lastModifiedDate":"2022-09-26"},{"lineNumber":105,"author":{"gitId":"deveshl"},"content":"    }","lastModifiedDate":"2022-09-26"},{"lineNumber":106,"author":{"gitId":"deveshl"},"content":"","lastModifiedDate":"2022-09-26"},{"lineNumber":107,"author":{"gitId":"deveshl"},"content":"    private void findAndShowTasks(String searchTerm) {","lastModifiedDate":"2022-09-26"},{"lineNumber":108,"author":{"gitId":"deveshl"},"content":"        ui.printLine(tasks.findTasks(searchTerm));","lastModifiedDate":"2022-09-26"},{"lineNumber":109,"author":{"gitId":"deveshl"},"content":"    }","lastModifiedDate":"2022-09-26"},{"lineNumber":110,"author":{"gitId":"deveshl"},"content":"","lastModifiedDate":"2022-09-26"},{"lineNumber":111,"author":{"gitId":"deveshl"},"content":"    /**","lastModifiedDate":"2022-09-28"},{"lineNumber":112,"author":{"gitId":"deveshl"},"content":"     * Creates a task depending on user input and adds it to the task list. This function should only be called by","lastModifiedDate":"2022-09-28"},{"lineNumber":113,"author":{"gitId":"deveshl"},"content":"     * {@link Parser#runCommand(String)}.","lastModifiedDate":"2022-09-28"},{"lineNumber":114,"author":{"gitId":"deveshl"},"content":"     *","lastModifiedDate":"2022-09-28"},{"lineNumber":115,"author":{"gitId":"deveshl"},"content":"     * @param taskType The type of task the user wants to add; the possible values of this function are determined by","lastModifiedDate":"2022-09-28"},{"lineNumber":116,"author":{"gitId":"deveshl"},"content":"     *                 {@link Parser#runCommand(String)}","lastModifiedDate":"2022-09-28"},{"lineNumber":117,"author":{"gitId":"deveshl"},"content":"     * @param taskData The data provided by the user after the command; this includes the task description and date/time,","lastModifiedDate":"2022-09-28"},{"lineNumber":118,"author":{"gitId":"deveshl"},"content":"     *                 if any.","lastModifiedDate":"2022-09-28"},{"lineNumber":119,"author":{"gitId":"deveshl"},"content":"     */","lastModifiedDate":"2022-09-28"},{"lineNumber":120,"author":{"gitId":"deveshl"},"content":"    private void addTask(String taskType, String taskData) {","lastModifiedDate":"2022-09-26"},{"lineNumber":121,"author":{"gitId":"deveshl"},"content":"        Task task;","lastModifiedDate":"2022-09-26"},{"lineNumber":122,"author":{"gitId":"deveshl"},"content":"        try {","lastModifiedDate":"2022-09-26"},{"lineNumber":123,"author":{"gitId":"deveshl"},"content":"            switch (taskType) {","lastModifiedDate":"2022-09-26"},{"lineNumber":124,"author":{"gitId":"deveshl"},"content":"            case \"todo\":","lastModifiedDate":"2022-09-26"},{"lineNumber":125,"author":{"gitId":"deveshl"},"content":"                task \u003d createTodo(taskData);","lastModifiedDate":"2022-09-26"},{"lineNumber":126,"author":{"gitId":"deveshl"},"content":"                break;","lastModifiedDate":"2022-09-26"},{"lineNumber":127,"author":{"gitId":"deveshl"},"content":"            case \"deadline\":","lastModifiedDate":"2022-09-26"},{"lineNumber":128,"author":{"gitId":"deveshl"},"content":"                task \u003d createDeadline(taskData);","lastModifiedDate":"2022-09-26"},{"lineNumber":129,"author":{"gitId":"deveshl"},"content":"                break;","lastModifiedDate":"2022-09-26"},{"lineNumber":130,"author":{"gitId":"deveshl"},"content":"            case \"event\":","lastModifiedDate":"2022-09-26"},{"lineNumber":131,"author":{"gitId":"deveshl"},"content":"                task \u003d createEvent(taskData);","lastModifiedDate":"2022-09-26"},{"lineNumber":132,"author":{"gitId":"deveshl"},"content":"                break;","lastModifiedDate":"2022-09-26"},{"lineNumber":133,"author":{"gitId":"deveshl"},"content":"            default:","lastModifiedDate":"2022-09-26"},{"lineNumber":134,"author":{"gitId":"deveshl"},"content":"                ui.printLine(\"How did we get here?\"); // this should have been validated by runCommand()","lastModifiedDate":"2022-09-26"},{"lineNumber":135,"author":{"gitId":"deveshl"},"content":"                return; // instead of break, we want to stop function execution","lastModifiedDate":"2022-09-26"},{"lineNumber":136,"author":{"gitId":"deveshl"},"content":"            }","lastModifiedDate":"2022-09-26"},{"lineNumber":137,"author":{"gitId":"deveshl"},"content":"        } catch (InvalidArgumentException exception) {","lastModifiedDate":"2022-09-26"},{"lineNumber":138,"author":{"gitId":"deveshl"},"content":"            ui.printLine(exception.getMessage());","lastModifiedDate":"2022-09-26"},{"lineNumber":139,"author":{"gitId":"deveshl"},"content":"            return;","lastModifiedDate":"2022-09-26"},{"lineNumber":140,"author":{"gitId":"deveshl"},"content":"        }","lastModifiedDate":"2022-09-26"},{"lineNumber":141,"author":{"gitId":"deveshl"},"content":"        tasks.addTask(task);","lastModifiedDate":"2022-09-26"},{"lineNumber":142,"author":{"gitId":"deveshl"},"content":"        ui.printLine(\"OK, dude, I\u0027ve added this task: \");","lastModifiedDate":"2022-09-26"},{"lineNumber":143,"author":{"gitId":"deveshl"},"content":"        ui.printLine(task);","lastModifiedDate":"2022-09-26"},{"lineNumber":144,"author":{"gitId":"deveshl"},"content":"        ui.printLine(\"You have \" + tasks.size() + \" tasks in the list.\");","lastModifiedDate":"2022-09-26"},{"lineNumber":145,"author":{"gitId":"deveshl"},"content":"        storage.save(tasks);","lastModifiedDate":"2022-09-26"},{"lineNumber":146,"author":{"gitId":"deveshl"},"content":"    }","lastModifiedDate":"2022-09-26"},{"lineNumber":147,"author":{"gitId":"deveshl"},"content":"","lastModifiedDate":"2022-09-26"},{"lineNumber":148,"author":{"gitId":"deveshl"},"content":"    private Todo createTodo(String taskData) {","lastModifiedDate":"2022-09-26"},{"lineNumber":149,"author":{"gitId":"deveshl"},"content":"        return new Todo(taskData);","lastModifiedDate":"2022-09-26"},{"lineNumber":150,"author":{"gitId":"deveshl"},"content":"    }","lastModifiedDate":"2022-09-26"},{"lineNumber":151,"author":{"gitId":"deveshl"},"content":"","lastModifiedDate":"2022-09-26"},{"lineNumber":152,"author":{"gitId":"deveshl"},"content":"    private Task createEvent(String taskData) throws InvalidArgumentException {","lastModifiedDate":"2022-09-26"},{"lineNumber":153,"author":{"gitId":"deveshl"},"content":"        if (!taskData.contains(\"/at\")) {","lastModifiedDate":"2022-09-26"},{"lineNumber":154,"author":{"gitId":"deveshl"},"content":"            throw new InvalidArgumentException(\"Missing /at parameter\");","lastModifiedDate":"2022-09-26"},{"lineNumber":155,"author":{"gitId":"deveshl"},"content":"        }","lastModifiedDate":"2022-09-26"},{"lineNumber":156,"author":{"gitId":"deveshl"},"content":"        String[] inputArr \u003d taskData.split(\"/at\");","lastModifiedDate":"2022-09-26"},{"lineNumber":157,"author":{"gitId":"deveshl"},"content":"        String description \u003d inputArr[0].trim();","lastModifiedDate":"2022-09-26"},{"lineNumber":158,"author":{"gitId":"deveshl"},"content":"        String at \u003d inputArr[1].trim();","lastModifiedDate":"2022-09-26"},{"lineNumber":159,"author":{"gitId":"deveshl"},"content":"        return new Event(description, at);","lastModifiedDate":"2022-09-26"},{"lineNumber":160,"author":{"gitId":"deveshl"},"content":"    }","lastModifiedDate":"2022-09-26"},{"lineNumber":161,"author":{"gitId":"deveshl"},"content":"","lastModifiedDate":"2022-09-26"},{"lineNumber":162,"author":{"gitId":"deveshl"},"content":"","lastModifiedDate":"2022-09-26"},{"lineNumber":163,"author":{"gitId":"deveshl"},"content":"    private Deadline createDeadline(String taskData) throws InvalidArgumentException {","lastModifiedDate":"2022-09-26"},{"lineNumber":164,"author":{"gitId":"deveshl"},"content":"        if (!taskData.contains(\"/by\")) {","lastModifiedDate":"2022-09-26"},{"lineNumber":165,"author":{"gitId":"deveshl"},"content":"            throw new InvalidArgumentException(\"Missing /by parameter\");","lastModifiedDate":"2022-09-26"},{"lineNumber":166,"author":{"gitId":"deveshl"},"content":"        }","lastModifiedDate":"2022-09-26"},{"lineNumber":167,"author":{"gitId":"deveshl"},"content":"        String[] inputArr \u003d taskData.split(\"/by\");","lastModifiedDate":"2022-09-26"},{"lineNumber":168,"author":{"gitId":"deveshl"},"content":"        String description \u003d inputArr[0].trim();","lastModifiedDate":"2022-09-26"},{"lineNumber":169,"author":{"gitId":"deveshl"},"content":"        String by \u003d inputArr[1].trim();","lastModifiedDate":"2022-09-26"},{"lineNumber":170,"author":{"gitId":"deveshl"},"content":"        return new Deadline(description, by);","lastModifiedDate":"2022-09-26"},{"lineNumber":171,"author":{"gitId":"deveshl"},"content":"    }","lastModifiedDate":"2022-09-26"},{"lineNumber":172,"author":{"gitId":"deveshl"},"content":"","lastModifiedDate":"2022-09-26"},{"lineNumber":173,"author":{"gitId":"deveshl"},"content":"    private void setTaskStatus(int taskIndex, boolean isDone) {","lastModifiedDate":"2022-09-26"},{"lineNumber":174,"author":{"gitId":"deveshl"},"content":"        if (!isValidIndex(taskIndex)) {","lastModifiedDate":"2022-09-26"},{"lineNumber":175,"author":{"gitId":"deveshl"},"content":"            ui.printLine(\"There\u0027s no task with that number, dude.\");","lastModifiedDate":"2022-09-26"},{"lineNumber":176,"author":{"gitId":"deveshl"},"content":"            return;","lastModifiedDate":"2022-09-26"},{"lineNumber":177,"author":{"gitId":"deveshl"},"content":"        }","lastModifiedDate":"2022-09-26"},{"lineNumber":178,"author":{"gitId":"deveshl"},"content":"","lastModifiedDate":"2022-09-26"},{"lineNumber":179,"author":{"gitId":"deveshl"},"content":"        Task task \u003d tasks.getTask(taskIndex);","lastModifiedDate":"2022-09-26"},{"lineNumber":180,"author":{"gitId":"deveshl"},"content":"        task.setDone(isDone);","lastModifiedDate":"2022-09-26"},{"lineNumber":181,"author":{"gitId":"deveshl"},"content":"        ui.printLine(\"Okay, dude, I\u0027ve marked this task as \" + (isDone ? \"done\" : \"not done yet\") + \": \");","lastModifiedDate":"2022-09-26"},{"lineNumber":182,"author":{"gitId":"deveshl"},"content":"        ui.printLine(task.getDescription());","lastModifiedDate":"2022-09-26"},{"lineNumber":183,"author":{"gitId":"deveshl"},"content":"        storage.save(tasks);","lastModifiedDate":"2022-09-26"},{"lineNumber":184,"author":{"gitId":"deveshl"},"content":"    }","lastModifiedDate":"2022-09-26"},{"lineNumber":185,"author":{"gitId":"deveshl"},"content":"","lastModifiedDate":"2022-09-26"},{"lineNumber":186,"author":{"gitId":"deveshl"},"content":"    /**","lastModifiedDate":"2022-09-28"},{"lineNumber":187,"author":{"gitId":"deveshl"},"content":"     * Verifies whether an index points to a valid entry in the {@link TaskList}. Returns true if the index is valid","lastModifiedDate":"2022-09-28"},{"lineNumber":188,"author":{"gitId":"deveshl"},"content":"     * and false otherwise.","lastModifiedDate":"2022-09-28"},{"lineNumber":189,"author":{"gitId":"deveshl"},"content":"     *","lastModifiedDate":"2022-09-28"},{"lineNumber":190,"author":{"gitId":"deveshl"},"content":"     * @param taskIndex Index of a task in a {@link TaskList}.","lastModifiedDate":"2022-09-28"},{"lineNumber":191,"author":{"gitId":"deveshl"},"content":"     * @return Whether the index points to a valid task in the {@link TaskList}.","lastModifiedDate":"2022-09-28"},{"lineNumber":192,"author":{"gitId":"deveshl"},"content":"     */","lastModifiedDate":"2022-09-28"},{"lineNumber":193,"author":{"gitId":"deveshl"},"content":"    private boolean isValidIndex(int taskIndex) {","lastModifiedDate":"2022-09-26"},{"lineNumber":194,"author":{"gitId":"deveshl"},"content":"        return taskIndex \u003e\u003d 0 \u0026\u0026 taskIndex \u003c tasks.size();","lastModifiedDate":"2022-09-26"},{"lineNumber":195,"author":{"gitId":"deveshl"},"content":"    }","lastModifiedDate":"2022-09-26"},{"lineNumber":196,"author":{"gitId":"deveshl"},"content":"","lastModifiedDate":"2022-09-26"},{"lineNumber":197,"author":{"gitId":"deveshl"},"content":"    private void listTasks() {","lastModifiedDate":"2022-09-26"},{"lineNumber":198,"author":{"gitId":"deveshl"},"content":"        ui.printLine(tasks);","lastModifiedDate":"2022-09-26"},{"lineNumber":199,"author":{"gitId":"deveshl"},"content":"    }","lastModifiedDate":"2022-09-26"},{"lineNumber":200,"author":{"gitId":"deveshl"},"content":"","lastModifiedDate":"2022-09-26"},{"lineNumber":201,"author":{"gitId":"deveshl"},"content":"    private void deleteTask(int taskIndex) {","lastModifiedDate":"2022-09-26"},{"lineNumber":202,"author":{"gitId":"deveshl"},"content":"        if (!isValidIndex(taskIndex)) {","lastModifiedDate":"2022-09-26"},{"lineNumber":203,"author":{"gitId":"deveshl"},"content":"            ui.printLine(\"There\u0027s no task with that number, dude.\");","lastModifiedDate":"2022-09-26"},{"lineNumber":204,"author":{"gitId":"deveshl"},"content":"            return;","lastModifiedDate":"2022-09-26"},{"lineNumber":205,"author":{"gitId":"deveshl"},"content":"        }","lastModifiedDate":"2022-09-26"},{"lineNumber":206,"author":{"gitId":"deveshl"},"content":"","lastModifiedDate":"2022-09-26"},{"lineNumber":207,"author":{"gitId":"deveshl"},"content":"        Task task \u003d tasks.getTask(taskIndex);","lastModifiedDate":"2022-09-26"},{"lineNumber":208,"author":{"gitId":"deveshl"},"content":"        ui.printLine(\"Deleting task: \" + task.getDescription());","lastModifiedDate":"2022-09-26"},{"lineNumber":209,"author":{"gitId":"deveshl"},"content":"        tasks.delTask(taskIndex);","lastModifiedDate":"2022-09-26"},{"lineNumber":210,"author":{"gitId":"deveshl"},"content":"        storage.save(tasks);","lastModifiedDate":"2022-09-26"},{"lineNumber":211,"author":{"gitId":"deveshl"},"content":"    }","lastModifiedDate":"2022-09-26"},{"lineNumber":212,"author":{"gitId":"deveshl"},"content":"}","lastModifiedDate":"2022-09-26"}],"authorContributionMap":{"deveshl":212}},{"path":"src/main/java/duke/storage/Storage.java","fileType":"java","lines":[{"lineNumber":1,"author":{"gitId":"deveshl"},"content":"package duke.storage;","lastModifiedDate":"2022-09-26"},{"lineNumber":2,"author":{"gitId":"deveshl"},"content":"","lastModifiedDate":"2022-09-26"},{"lineNumber":3,"author":{"gitId":"deveshl"},"content":"import static duke.common.Constants.FILE_SEPARATOR;","lastModifiedDate":"2022-09-26"},{"lineNumber":4,"author":{"gitId":"deveshl"},"content":"","lastModifiedDate":"2022-09-26"},{"lineNumber":5,"author":{"gitId":"deveshl"},"content":"import java.io.File;","lastModifiedDate":"2022-09-26"},{"lineNumber":6,"author":{"gitId":"deveshl"},"content":"import java.io.FileWriter;","lastModifiedDate":"2022-09-26"},{"lineNumber":7,"author":{"gitId":"deveshl"},"content":"import java.io.IOException;","lastModifiedDate":"2022-09-26"},{"lineNumber":8,"author":{"gitId":"deveshl"},"content":"import java.util.ArrayList;","lastModifiedDate":"2022-09-26"},{"lineNumber":9,"author":{"gitId":"deveshl"},"content":"import java.util.List;","lastModifiedDate":"2022-09-26"},{"lineNumber":10,"author":{"gitId":"deveshl"},"content":"import java.util.Scanner;","lastModifiedDate":"2022-09-26"},{"lineNumber":11,"author":{"gitId":"deveshl"},"content":"","lastModifiedDate":"2022-09-26"},{"lineNumber":12,"author":{"gitId":"deveshl"},"content":"import duke.exception.StorageLoadException;","lastModifiedDate":"2022-09-26"},{"lineNumber":13,"author":{"gitId":"deveshl"},"content":"import duke.exception.StorageWriteException;","lastModifiedDate":"2022-09-26"},{"lineNumber":14,"author":{"gitId":"deveshl"},"content":"import duke.task.Deadline;","lastModifiedDate":"2022-09-26"},{"lineNumber":15,"author":{"gitId":"deveshl"},"content":"import duke.task.Event;","lastModifiedDate":"2022-09-26"},{"lineNumber":16,"author":{"gitId":"deveshl"},"content":"import duke.task.Task;","lastModifiedDate":"2022-09-26"},{"lineNumber":17,"author":{"gitId":"deveshl"},"content":"import duke.task.Todo;","lastModifiedDate":"2022-09-26"},{"lineNumber":18,"author":{"gitId":"deveshl"},"content":"import duke.tasklist.TaskList;","lastModifiedDate":"2022-09-26"},{"lineNumber":19,"author":{"gitId":"deveshl"},"content":"","lastModifiedDate":"2022-09-26"},{"lineNumber":20,"author":{"gitId":"deveshl"},"content":"public class Storage {","lastModifiedDate":"2022-09-26"},{"lineNumber":21,"author":{"gitId":"deveshl"},"content":"    private final File file;","lastModifiedDate":"2022-09-26"},{"lineNumber":22,"author":{"gitId":"deveshl"},"content":"","lastModifiedDate":"2022-09-26"},{"lineNumber":23,"author":{"gitId":"deveshl"},"content":"    /**","lastModifiedDate":"2022-09-28"},{"lineNumber":24,"author":{"gitId":"deveshl"},"content":"     * Creates a new storage object that reads from the specified relative filename.","lastModifiedDate":"2022-09-28"},{"lineNumber":25,"author":{"gitId":"deveshl"},"content":"     *","lastModifiedDate":"2022-09-28"},{"lineNumber":26,"author":{"gitId":"deveshl"},"content":"     * @param filename Relative file path to load database from.","lastModifiedDate":"2022-09-28"},{"lineNumber":27,"author":{"gitId":"deveshl"},"content":"     */","lastModifiedDate":"2022-09-28"},{"lineNumber":28,"author":{"gitId":"deveshl"},"content":"    public Storage(String filename) {","lastModifiedDate":"2022-09-26"},{"lineNumber":29,"author":{"gitId":"deveshl"},"content":"        this.file \u003d new File(filename);","lastModifiedDate":"2022-09-26"},{"lineNumber":30,"author":{"gitId":"deveshl"},"content":"    }","lastModifiedDate":"2022-09-26"},{"lineNumber":31,"author":{"gitId":"deveshl"},"content":"","lastModifiedDate":"2022-09-26"},{"lineNumber":32,"author":{"gitId":"deveshl"},"content":"    /**","lastModifiedDate":"2022-09-28"},{"lineNumber":33,"author":{"gitId":"deveshl"},"content":"     * Reads from the file containing the task information and returns a new {@link TaskList} containing the tasks.","lastModifiedDate":"2022-09-28"},{"lineNumber":34,"author":{"gitId":"deveshl"},"content":"     *","lastModifiedDate":"2022-09-28"},{"lineNumber":35,"author":{"gitId":"deveshl"},"content":"     * @return TaskList consisting of the tasks read from the file.","lastModifiedDate":"2022-09-28"},{"lineNumber":36,"author":{"gitId":"deveshl"},"content":"     */","lastModifiedDate":"2022-09-28"},{"lineNumber":37,"author":{"gitId":"deveshl"},"content":"    public TaskList load() {","lastModifiedDate":"2022-09-26"},{"lineNumber":38,"author":{"gitId":"deveshl"},"content":"        ArrayList\u003cTask\u003e tasks \u003d new ArrayList\u003c\u003e();","lastModifiedDate":"2022-09-26"},{"lineNumber":39,"author":{"gitId":"deveshl"},"content":"        try {","lastModifiedDate":"2022-09-26"},{"lineNumber":40,"author":{"gitId":"deveshl"},"content":"            Scanner fileInput \u003d new Scanner(file);","lastModifiedDate":"2022-09-26"},{"lineNumber":41,"author":{"gitId":"deveshl"},"content":"            while (fileInput.hasNext()) {","lastModifiedDate":"2022-09-26"},{"lineNumber":42,"author":{"gitId":"deveshl"},"content":"                String line \u003d fileInput.nextLine();","lastModifiedDate":"2022-09-26"},{"lineNumber":43,"author":{"gitId":"deveshl"},"content":"                String[] fields \u003d line.split(FILE_SEPARATOR);","lastModifiedDate":"2022-09-26"},{"lineNumber":44,"author":{"gitId":"deveshl"},"content":"                String taskType \u003d fields[0];","lastModifiedDate":"2022-09-26"},{"lineNumber":45,"author":{"gitId":"deveshl"},"content":"                boolean taskStatus \u003d Boolean.parseBoolean(fields[1]);","lastModifiedDate":"2022-09-26"},{"lineNumber":46,"author":{"gitId":"deveshl"},"content":"                String description \u003d fields[2];","lastModifiedDate":"2022-09-26"},{"lineNumber":47,"author":{"gitId":"deveshl"},"content":"                Task currTask;","lastModifiedDate":"2022-09-26"},{"lineNumber":48,"author":{"gitId":"deveshl"},"content":"                switch (taskType) {","lastModifiedDate":"2022-09-26"},{"lineNumber":49,"author":{"gitId":"deveshl"},"content":"                case \"T\":","lastModifiedDate":"2022-09-26"},{"lineNumber":50,"author":{"gitId":"deveshl"},"content":"                    currTask \u003d new Todo(description);","lastModifiedDate":"2022-09-26"},{"lineNumber":51,"author":{"gitId":"deveshl"},"content":"                    break;","lastModifiedDate":"2022-09-26"},{"lineNumber":52,"author":{"gitId":"deveshl"},"content":"                case \"D\":","lastModifiedDate":"2022-09-26"},{"lineNumber":53,"author":{"gitId":"deveshl"},"content":"                    String by \u003d fields[3];","lastModifiedDate":"2022-09-26"},{"lineNumber":54,"author":{"gitId":"deveshl"},"content":"                    currTask \u003d new Deadline(description, by);","lastModifiedDate":"2022-09-26"},{"lineNumber":55,"author":{"gitId":"deveshl"},"content":"                    break;","lastModifiedDate":"2022-09-26"},{"lineNumber":56,"author":{"gitId":"deveshl"},"content":"                case \"E\":","lastModifiedDate":"2022-09-26"},{"lineNumber":57,"author":{"gitId":"deveshl"},"content":"                    String at \u003d fields[3];","lastModifiedDate":"2022-09-26"},{"lineNumber":58,"author":{"gitId":"deveshl"},"content":"                    currTask \u003d new Event(description, at);","lastModifiedDate":"2022-09-26"},{"lineNumber":59,"author":{"gitId":"deveshl"},"content":"                    break;","lastModifiedDate":"2022-09-26"},{"lineNumber":60,"author":{"gitId":"deveshl"},"content":"                default:","lastModifiedDate":"2022-09-26"},{"lineNumber":61,"author":{"gitId":"deveshl"},"content":"                    throw new StorageLoadException(\"Invalid type identifier\");","lastModifiedDate":"2022-09-26"},{"lineNumber":62,"author":{"gitId":"deveshl"},"content":"                }","lastModifiedDate":"2022-09-26"},{"lineNumber":63,"author":{"gitId":"deveshl"},"content":"                currTask.setDone(taskStatus);","lastModifiedDate":"2022-09-26"},{"lineNumber":64,"author":{"gitId":"deveshl"},"content":"                tasks.add(currTask);","lastModifiedDate":"2022-09-26"},{"lineNumber":65,"author":{"gitId":"deveshl"},"content":"            }","lastModifiedDate":"2022-09-26"},{"lineNumber":66,"author":{"gitId":"deveshl"},"content":"        } catch (Exception e) {","lastModifiedDate":"2022-09-26"},{"lineNumber":67,"author":{"gitId":"deveshl"},"content":"            throw new StorageLoadException(e);","lastModifiedDate":"2022-09-26"},{"lineNumber":68,"author":{"gitId":"deveshl"},"content":"        }","lastModifiedDate":"2022-09-26"},{"lineNumber":69,"author":{"gitId":"deveshl"},"content":"        return new TaskList(tasks);","lastModifiedDate":"2022-09-26"},{"lineNumber":70,"author":{"gitId":"deveshl"},"content":"    }","lastModifiedDate":"2022-09-26"},{"lineNumber":71,"author":{"gitId":"deveshl"},"content":"","lastModifiedDate":"2022-09-26"},{"lineNumber":72,"author":{"gitId":"deveshl"},"content":"    /**","lastModifiedDate":"2022-09-28"},{"lineNumber":73,"author":{"gitId":"deveshl"},"content":"     * Reads from the file containing the task information and returns a new {@link TaskList} containing the tasks.","lastModifiedDate":"2022-09-28"},{"lineNumber":74,"author":{"gitId":"deveshl"},"content":"     * If the file does not exist, creates an empty file with the filename and returns an empty {@link TaskList}.","lastModifiedDate":"2022-09-28"},{"lineNumber":75,"author":{"gitId":"deveshl"},"content":"     *","lastModifiedDate":"2022-09-28"},{"lineNumber":76,"author":{"gitId":"deveshl"},"content":"     * @return TaskList consisting of the tasks read from the file.","lastModifiedDate":"2022-09-28"},{"lineNumber":77,"author":{"gitId":"deveshl"},"content":"     */","lastModifiedDate":"2022-09-28"},{"lineNumber":78,"author":{"gitId":"deveshl"},"content":"    public TaskList createOrLoad() {","lastModifiedDate":"2022-09-26"},{"lineNumber":79,"author":{"gitId":"deveshl"},"content":"        try {","lastModifiedDate":"2022-09-26"},{"lineNumber":80,"author":{"gitId":"deveshl"},"content":"            if (file.createNewFile()) { // false if file exists","lastModifiedDate":"2022-09-26"},{"lineNumber":81,"author":{"gitId":"deveshl"},"content":"                return new TaskList();","lastModifiedDate":"2022-09-26"},{"lineNumber":82,"author":{"gitId":"deveshl"},"content":"            }","lastModifiedDate":"2022-09-26"},{"lineNumber":83,"author":{"gitId":"deveshl"},"content":"        } catch (IOException e) {","lastModifiedDate":"2022-09-26"},{"lineNumber":84,"author":{"gitId":"deveshl"},"content":"            throw new StorageLoadException(e);","lastModifiedDate":"2022-09-26"},{"lineNumber":85,"author":{"gitId":"deveshl"},"content":"        }","lastModifiedDate":"2022-09-26"},{"lineNumber":86,"author":{"gitId":"deveshl"},"content":"        return load();","lastModifiedDate":"2022-09-26"},{"lineNumber":87,"author":{"gitId":"deveshl"},"content":"    }","lastModifiedDate":"2022-09-26"},{"lineNumber":88,"author":{"gitId":"deveshl"},"content":"","lastModifiedDate":"2022-09-26"},{"lineNumber":89,"author":{"gitId":"deveshl"},"content":"    /**","lastModifiedDate":"2022-09-28"},{"lineNumber":90,"author":{"gitId":"deveshl"},"content":"     * Encodes and saves the provided TaskList to the file.","lastModifiedDate":"2022-09-28"},{"lineNumber":91,"author":{"gitId":"deveshl"},"content":"     *","lastModifiedDate":"2022-09-28"},{"lineNumber":92,"author":{"gitId":"deveshl"},"content":"     * @param tasks TaskList containing the tasks to save.","lastModifiedDate":"2022-09-28"},{"lineNumber":93,"author":{"gitId":"deveshl"},"content":"     */","lastModifiedDate":"2022-09-28"},{"lineNumber":94,"author":{"gitId":"deveshl"},"content":"    public void save(TaskList tasks) {","lastModifiedDate":"2022-09-26"},{"lineNumber":95,"author":{"gitId":"deveshl"},"content":"        List\u003cTask\u003e taskList \u003d tasks.asList();","lastModifiedDate":"2022-09-26"},{"lineNumber":96,"author":{"gitId":"deveshl"},"content":"        try {","lastModifiedDate":"2022-09-26"},{"lineNumber":97,"author":{"gitId":"deveshl"},"content":"            FileWriter writer \u003d new FileWriter(file);","lastModifiedDate":"2022-09-26"},{"lineNumber":98,"author":{"gitId":"deveshl"},"content":"            for (Task task : taskList) {","lastModifiedDate":"2022-09-26"},{"lineNumber":99,"author":{"gitId":"deveshl"},"content":"                String taskType;","lastModifiedDate":"2022-09-26"},{"lineNumber":100,"author":{"gitId":"deveshl"},"content":"                String timeField \u003d \"\";","lastModifiedDate":"2022-09-26"},{"lineNumber":101,"author":{"gitId":"deveshl"},"content":"                if (task instanceof Todo) {","lastModifiedDate":"2022-09-26"},{"lineNumber":102,"author":{"gitId":"deveshl"},"content":"                    taskType \u003d \"T\";","lastModifiedDate":"2022-09-26"},{"lineNumber":103,"author":{"gitId":"deveshl"},"content":"                } else if (task instanceof Deadline) {","lastModifiedDate":"2022-09-26"},{"lineNumber":104,"author":{"gitId":"deveshl"},"content":"                    taskType \u003d \"D\";","lastModifiedDate":"2022-09-26"},{"lineNumber":105,"author":{"gitId":"deveshl"},"content":"                    timeField \u003d ((Deadline) task).getBy();","lastModifiedDate":"2022-09-26"},{"lineNumber":106,"author":{"gitId":"deveshl"},"content":"                } else if (task instanceof Event) {","lastModifiedDate":"2022-09-26"},{"lineNumber":107,"author":{"gitId":"deveshl"},"content":"                    timeField \u003d ((Event) task).getAt();","lastModifiedDate":"2022-09-26"},{"lineNumber":108,"author":{"gitId":"deveshl"},"content":"                    taskType \u003d \"E\";","lastModifiedDate":"2022-09-26"},{"lineNumber":109,"author":{"gitId":"deveshl"},"content":"                } else {","lastModifiedDate":"2022-09-26"},{"lineNumber":110,"author":{"gitId":"deveshl"},"content":"                    throw new StorageWriteException(\"Invalid task encountered\");","lastModifiedDate":"2022-09-26"},{"lineNumber":111,"author":{"gitId":"deveshl"},"content":"                }","lastModifiedDate":"2022-09-26"},{"lineNumber":112,"author":{"gitId":"deveshl"},"content":"                String line \u003d taskType + FILE_SEPARATOR + task.isDone() + FILE_SEPARATOR + task.getDescription() +","lastModifiedDate":"2022-09-26"},{"lineNumber":113,"author":{"gitId":"deveshl"},"content":"                        FILE_SEPARATOR + timeField;","lastModifiedDate":"2022-09-26"},{"lineNumber":114,"author":{"gitId":"deveshl"},"content":"                writer.write(line + System.lineSeparator());","lastModifiedDate":"2022-09-26"},{"lineNumber":115,"author":{"gitId":"deveshl"},"content":"            }","lastModifiedDate":"2022-09-26"},{"lineNumber":116,"author":{"gitId":"deveshl"},"content":"            writer.close();","lastModifiedDate":"2022-09-26"},{"lineNumber":117,"author":{"gitId":"deveshl"},"content":"        } catch (Exception e) {","lastModifiedDate":"2022-09-26"},{"lineNumber":118,"author":{"gitId":"deveshl"},"content":"            throw new StorageWriteException(e);","lastModifiedDate":"2022-09-26"},{"lineNumber":119,"author":{"gitId":"deveshl"},"content":"        }","lastModifiedDate":"2022-09-26"},{"lineNumber":120,"author":{"gitId":"deveshl"},"content":"    }","lastModifiedDate":"2022-09-26"},{"lineNumber":121,"author":{"gitId":"deveshl"},"content":"}","lastModifiedDate":"2022-09-26"}],"authorContributionMap":{"deveshl":121}},{"path":"src/main/java/duke/task/Deadline.java","fileType":"java","lines":[{"lineNumber":1,"author":{"gitId":"deveshl"},"content":"package duke.task;","lastModifiedDate":"2022-09-20"},{"lineNumber":2,"author":{"gitId":"deveshl"},"content":"","lastModifiedDate":"2022-09-20"},{"lineNumber":3,"author":{"gitId":"deveshl"},"content":"public class Deadline extends Task {","lastModifiedDate":"2022-09-02"},{"lineNumber":4,"author":{"gitId":"deveshl"},"content":"","lastModifiedDate":"2022-09-02"},{"lineNumber":5,"author":{"gitId":"deveshl"},"content":"    protected String by;","lastModifiedDate":"2022-09-02"},{"lineNumber":6,"author":{"gitId":"deveshl"},"content":"","lastModifiedDate":"2022-09-02"},{"lineNumber":7,"author":{"gitId":"deveshl"},"content":"","lastModifiedDate":"2022-09-02"},{"lineNumber":8,"author":{"gitId":"deveshl"},"content":"    public Deadline(String description, String by) {","lastModifiedDate":"2022-09-02"},{"lineNumber":9,"author":{"gitId":"deveshl"},"content":"        super(description);","lastModifiedDate":"2022-09-02"},{"lineNumber":10,"author":{"gitId":"deveshl"},"content":"        this.by \u003d by;","lastModifiedDate":"2022-09-02"},{"lineNumber":11,"author":{"gitId":"deveshl"},"content":"    }","lastModifiedDate":"2022-09-02"},{"lineNumber":12,"author":{"gitId":"deveshl"},"content":"","lastModifiedDate":"2022-09-02"},{"lineNumber":13,"author":{"gitId":"deveshl"},"content":"    public String getBy() {","lastModifiedDate":"2022-09-20"},{"lineNumber":14,"author":{"gitId":"deveshl"},"content":"        return by;","lastModifiedDate":"2022-09-20"},{"lineNumber":15,"author":{"gitId":"deveshl"},"content":"    }","lastModifiedDate":"2022-09-20"},{"lineNumber":16,"author":{"gitId":"deveshl"},"content":"","lastModifiedDate":"2022-09-20"},{"lineNumber":17,"author":{"gitId":"deveshl"},"content":"    @Override","lastModifiedDate":"2022-09-02"},{"lineNumber":18,"author":{"gitId":"deveshl"},"content":"    public String toString() {","lastModifiedDate":"2022-09-02"},{"lineNumber":19,"author":{"gitId":"deveshl"},"content":"        return \"[D]\" + super.toString() + \" (by: \" + by + \")\";","lastModifiedDate":"2022-09-02"},{"lineNumber":20,"author":{"gitId":"deveshl"},"content":"    }","lastModifiedDate":"2022-09-02"},{"lineNumber":21,"author":{"gitId":"deveshl"},"content":"}","lastModifiedDate":"2022-09-02"}],"authorContributionMap":{"deveshl":21}},{"path":"src/main/java/duke/task/Event.java","fileType":"java","lines":[{"lineNumber":1,"author":{"gitId":"deveshl"},"content":"package duke.task;","lastModifiedDate":"2022-09-20"},{"lineNumber":2,"author":{"gitId":"deveshl"},"content":"","lastModifiedDate":"2022-09-20"},{"lineNumber":3,"author":{"gitId":"deveshl"},"content":"public class Event extends Task {","lastModifiedDate":"2022-09-02"},{"lineNumber":4,"author":{"gitId":"deveshl"},"content":"    protected String at;","lastModifiedDate":"2022-09-02"},{"lineNumber":5,"author":{"gitId":"deveshl"},"content":"","lastModifiedDate":"2022-09-02"},{"lineNumber":6,"author":{"gitId":"deveshl"},"content":"    public Event(String description, String at) {","lastModifiedDate":"2022-09-02"},{"lineNumber":7,"author":{"gitId":"deveshl"},"content":"        super(description);","lastModifiedDate":"2022-09-02"},{"lineNumber":8,"author":{"gitId":"deveshl"},"content":"        this.at \u003d at;","lastModifiedDate":"2022-09-02"},{"lineNumber":9,"author":{"gitId":"deveshl"},"content":"    }","lastModifiedDate":"2022-09-02"},{"lineNumber":10,"author":{"gitId":"deveshl"},"content":"","lastModifiedDate":"2022-09-02"},{"lineNumber":11,"author":{"gitId":"deveshl"},"content":"    public String getAt() {","lastModifiedDate":"2022-09-20"},{"lineNumber":12,"author":{"gitId":"deveshl"},"content":"        return at;","lastModifiedDate":"2022-09-20"},{"lineNumber":13,"author":{"gitId":"deveshl"},"content":"    }","lastModifiedDate":"2022-09-20"},{"lineNumber":14,"author":{"gitId":"deveshl"},"content":"","lastModifiedDate":"2022-09-20"},{"lineNumber":15,"author":{"gitId":"deveshl"},"content":"    @Override","lastModifiedDate":"2022-09-02"},{"lineNumber":16,"author":{"gitId":"deveshl"},"content":"    public String toString() {","lastModifiedDate":"2022-09-02"},{"lineNumber":17,"author":{"gitId":"deveshl"},"content":"        return \"[E]\" + super.toString() + \" (at: \" + at + \")\";","lastModifiedDate":"2022-09-02"},{"lineNumber":18,"author":{"gitId":"deveshl"},"content":"    }","lastModifiedDate":"2022-09-02"},{"lineNumber":19,"author":{"gitId":"deveshl"},"content":"}","lastModifiedDate":"2022-09-02"}],"authorContributionMap":{"deveshl":19}},{"path":"src/main/java/duke/task/Task.java","fileType":"java","lines":[{"lineNumber":1,"author":{"gitId":"deveshl"},"content":"package duke.task;","lastModifiedDate":"2022-09-20"},{"lineNumber":2,"author":{"gitId":"deveshl"},"content":"","lastModifiedDate":"2022-09-20"},{"lineNumber":3,"author":{"gitId":"deveshl"},"content":"public class Task {","lastModifiedDate":"2022-08-22"},{"lineNumber":4,"author":{"gitId":"deveshl"},"content":"    protected String description;","lastModifiedDate":"2022-08-22"},{"lineNumber":5,"author":{"gitId":"deveshl"},"content":"    protected boolean isDone;","lastModifiedDate":"2022-08-22"},{"lineNumber":6,"author":{"gitId":"deveshl"},"content":"","lastModifiedDate":"2022-08-22"},{"lineNumber":7,"author":{"gitId":"deveshl"},"content":"    public Task(String description) {","lastModifiedDate":"2022-08-22"},{"lineNumber":8,"author":{"gitId":"deveshl"},"content":"        this.description \u003d description;","lastModifiedDate":"2022-08-22"},{"lineNumber":9,"author":{"gitId":"deveshl"},"content":"        this.isDone \u003d false;","lastModifiedDate":"2022-08-22"},{"lineNumber":10,"author":{"gitId":"deveshl"},"content":"    }","lastModifiedDate":"2022-08-22"},{"lineNumber":11,"author":{"gitId":"deveshl"},"content":"","lastModifiedDate":"2022-08-22"},{"lineNumber":12,"author":{"gitId":"deveshl"},"content":"    public String getDescription() {","lastModifiedDate":"2022-08-22"},{"lineNumber":13,"author":{"gitId":"deveshl"},"content":"        return description;","lastModifiedDate":"2022-08-22"},{"lineNumber":14,"author":{"gitId":"deveshl"},"content":"    }","lastModifiedDate":"2022-08-22"},{"lineNumber":15,"author":{"gitId":"deveshl"},"content":"","lastModifiedDate":"2022-08-22"},{"lineNumber":16,"author":{"gitId":"deveshl"},"content":"    public void setDone(boolean isDone) {","lastModifiedDate":"2022-08-22"},{"lineNumber":17,"author":{"gitId":"deveshl"},"content":"        this.isDone \u003d isDone;","lastModifiedDate":"2022-08-22"},{"lineNumber":18,"author":{"gitId":"deveshl"},"content":"    }","lastModifiedDate":"2022-08-22"},{"lineNumber":19,"author":{"gitId":"deveshl"},"content":"","lastModifiedDate":"2022-08-22"},{"lineNumber":20,"author":{"gitId":"deveshl"},"content":"    public boolean isDone() {","lastModifiedDate":"2022-08-22"},{"lineNumber":21,"author":{"gitId":"deveshl"},"content":"        return isDone;","lastModifiedDate":"2022-08-22"},{"lineNumber":22,"author":{"gitId":"deveshl"},"content":"    }","lastModifiedDate":"2022-08-22"},{"lineNumber":23,"author":{"gitId":"deveshl"},"content":"","lastModifiedDate":"2022-09-02"},{"lineNumber":24,"author":{"gitId":"deveshl"},"content":"    @Override","lastModifiedDate":"2022-09-02"},{"lineNumber":25,"author":{"gitId":"deveshl"},"content":"    public String toString() {","lastModifiedDate":"2022-09-02"},{"lineNumber":26,"author":{"gitId":"deveshl"},"content":"        String checkmark \u003d this.isDone() ? \"X\" : \" \";","lastModifiedDate":"2022-09-02"},{"lineNumber":27,"author":{"gitId":"deveshl"},"content":"        return String.format(\"[%s] %s\", checkmark, description);","lastModifiedDate":"2022-09-02"},{"lineNumber":28,"author":{"gitId":"deveshl"},"content":"    }","lastModifiedDate":"2022-09-02"},{"lineNumber":29,"author":{"gitId":"deveshl"},"content":"}","lastModifiedDate":"2022-08-22"}],"authorContributionMap":{"deveshl":29}},{"path":"src/main/java/duke/task/Todo.java","fileType":"java","lines":[{"lineNumber":1,"author":{"gitId":"deveshl"},"content":"package duke.task;","lastModifiedDate":"2022-09-20"},{"lineNumber":2,"author":{"gitId":"deveshl"},"content":"","lastModifiedDate":"2022-09-20"},{"lineNumber":3,"author":{"gitId":"deveshl"},"content":"public class Todo extends Task {","lastModifiedDate":"2022-09-02"},{"lineNumber":4,"author":{"gitId":"deveshl"},"content":"    public Todo(String description) {","lastModifiedDate":"2022-09-02"},{"lineNumber":5,"author":{"gitId":"deveshl"},"content":"        super(description);","lastModifiedDate":"2022-09-02"},{"lineNumber":6,"author":{"gitId":"deveshl"},"content":"    }","lastModifiedDate":"2022-09-02"},{"lineNumber":7,"author":{"gitId":"deveshl"},"content":"","lastModifiedDate":"2022-09-02"},{"lineNumber":8,"author":{"gitId":"deveshl"},"content":"    @Override","lastModifiedDate":"2022-09-02"},{"lineNumber":9,"author":{"gitId":"deveshl"},"content":"    public String toString() {","lastModifiedDate":"2022-09-02"},{"lineNumber":10,"author":{"gitId":"deveshl"},"content":"        return \"[T]\" + super.toString();","lastModifiedDate":"2022-09-02"},{"lineNumber":11,"author":{"gitId":"deveshl"},"content":"    }","lastModifiedDate":"2022-09-02"},{"lineNumber":12,"author":{"gitId":"deveshl"},"content":"}","lastModifiedDate":"2022-09-02"}],"authorContributionMap":{"deveshl":12}},{"path":"src/main/java/duke/tasklist/TaskList.java","fileType":"java","lines":[{"lineNumber":1,"author":{"gitId":"deveshl"},"content":"package duke.tasklist;","lastModifiedDate":"2022-09-26"},{"lineNumber":2,"author":{"gitId":"deveshl"},"content":"","lastModifiedDate":"2022-09-26"},{"lineNumber":3,"author":{"gitId":"deveshl"},"content":"import java.util.ArrayList;","lastModifiedDate":"2022-09-26"},{"lineNumber":4,"author":{"gitId":"deveshl"},"content":"import java.util.List;","lastModifiedDate":"2022-09-26"},{"lineNumber":5,"author":{"gitId":"deveshl"},"content":"","lastModifiedDate":"2022-09-26"},{"lineNumber":6,"author":{"gitId":"deveshl"},"content":"import duke.task.Task;","lastModifiedDate":"2022-09-26"},{"lineNumber":7,"author":{"gitId":"deveshl"},"content":"","lastModifiedDate":"2022-09-26"},{"lineNumber":8,"author":{"gitId":"deveshl"},"content":"public class TaskList {","lastModifiedDate":"2022-09-26"},{"lineNumber":9,"author":{"gitId":"deveshl"},"content":"    private final List\u003cTask\u003e tasks;","lastModifiedDate":"2022-09-26"},{"lineNumber":10,"author":{"gitId":"deveshl"},"content":"","lastModifiedDate":"2022-09-26"},{"lineNumber":11,"author":{"gitId":"deveshl"},"content":"    /**","lastModifiedDate":"2022-09-28"},{"lineNumber":12,"author":{"gitId":"deveshl"},"content":"     * Creates a new TaskList.","lastModifiedDate":"2022-09-28"},{"lineNumber":13,"author":{"gitId":"deveshl"},"content":"     */","lastModifiedDate":"2022-09-28"},{"lineNumber":14,"author":{"gitId":"deveshl"},"content":"    public TaskList() {","lastModifiedDate":"2022-09-26"},{"lineNumber":15,"author":{"gitId":"deveshl"},"content":"        tasks \u003d new ArrayList\u003c\u003e();","lastModifiedDate":"2022-09-26"},{"lineNumber":16,"author":{"gitId":"deveshl"},"content":"    }","lastModifiedDate":"2022-09-26"},{"lineNumber":17,"author":{"gitId":"deveshl"},"content":"","lastModifiedDate":"2022-09-26"},{"lineNumber":18,"author":{"gitId":"deveshl"},"content":"    /**","lastModifiedDate":"2022-09-28"},{"lineNumber":19,"author":{"gitId":"deveshl"},"content":"     * Creates a TaskList and propagates it with a list of Task objects.","lastModifiedDate":"2022-09-28"},{"lineNumber":20,"author":{"gitId":"deveshl"},"content":"     *","lastModifiedDate":"2022-09-28"},{"lineNumber":21,"author":{"gitId":"deveshl"},"content":"     * @param tasks A {@link List} containing {@link Task} objects to be included in the created TaskList.","lastModifiedDate":"2022-09-28"},{"lineNumber":22,"author":{"gitId":"deveshl"},"content":"     */","lastModifiedDate":"2022-09-28"},{"lineNumber":23,"author":{"gitId":"deveshl"},"content":"    public TaskList(List\u003cTask\u003e tasks) {","lastModifiedDate":"2022-09-26"},{"lineNumber":24,"author":{"gitId":"deveshl"},"content":"        this.tasks \u003d new ArrayList\u003c\u003e(tasks);","lastModifiedDate":"2022-09-26"},{"lineNumber":25,"author":{"gitId":"deveshl"},"content":"    }","lastModifiedDate":"2022-09-26"},{"lineNumber":26,"author":{"gitId":"deveshl"},"content":"","lastModifiedDate":"2022-09-26"},{"lineNumber":27,"author":{"gitId":"deveshl"},"content":"    /**","lastModifiedDate":"2022-09-28"},{"lineNumber":28,"author":{"gitId":"deveshl"},"content":"     * Returns the element at the specified index in the TaskList.","lastModifiedDate":"2022-09-28"},{"lineNumber":29,"author":{"gitId":"deveshl"},"content":"     *","lastModifiedDate":"2022-09-28"},{"lineNumber":30,"author":{"gitId":"deveshl"},"content":"     * @param index Index of the task to return.","lastModifiedDate":"2022-09-28"},{"lineNumber":31,"author":{"gitId":"deveshl"},"content":"     * @return The task at the specified position in the TaskList.","lastModifiedDate":"2022-09-28"},{"lineNumber":32,"author":{"gitId":"deveshl"},"content":"     */","lastModifiedDate":"2022-09-28"},{"lineNumber":33,"author":{"gitId":"deveshl"},"content":"    public Task getTask(int index) {","lastModifiedDate":"2022-09-26"},{"lineNumber":34,"author":{"gitId":"deveshl"},"content":"        return tasks.get(index);","lastModifiedDate":"2022-09-26"},{"lineNumber":35,"author":{"gitId":"deveshl"},"content":"    }","lastModifiedDate":"2022-09-26"},{"lineNumber":36,"author":{"gitId":"deveshl"},"content":"","lastModifiedDate":"2022-09-26"},{"lineNumber":37,"author":{"gitId":"deveshl"},"content":"    /**","lastModifiedDate":"2022-09-28"},{"lineNumber":38,"author":{"gitId":"deveshl"},"content":"     * Inserts a new Task object to the end of the TaskList.","lastModifiedDate":"2022-09-28"},{"lineNumber":39,"author":{"gitId":"deveshl"},"content":"     *","lastModifiedDate":"2022-09-28"},{"lineNumber":40,"author":{"gitId":"deveshl"},"content":"     * @param task Task object to add to the list.","lastModifiedDate":"2022-09-28"},{"lineNumber":41,"author":{"gitId":"deveshl"},"content":"     */","lastModifiedDate":"2022-09-28"},{"lineNumber":42,"author":{"gitId":"deveshl"},"content":"    public void addTask(Task task) {","lastModifiedDate":"2022-09-26"},{"lineNumber":43,"author":{"gitId":"deveshl"},"content":"        tasks.add(task);","lastModifiedDate":"2022-09-26"},{"lineNumber":44,"author":{"gitId":"deveshl"},"content":"    }","lastModifiedDate":"2022-09-26"},{"lineNumber":45,"author":{"gitId":"deveshl"},"content":"","lastModifiedDate":"2022-09-26"},{"lineNumber":46,"author":{"gitId":"deveshl"},"content":"    /**","lastModifiedDate":"2022-09-28"},{"lineNumber":47,"author":{"gitId":"deveshl"},"content":"     * Deletes the task at the specified element in the TaskList.","lastModifiedDate":"2022-09-28"},{"lineNumber":48,"author":{"gitId":"deveshl"},"content":"     *","lastModifiedDate":"2022-09-28"},{"lineNumber":49,"author":{"gitId":"deveshl"},"content":"     * @param index Index of the task to delete.","lastModifiedDate":"2022-09-28"},{"lineNumber":50,"author":{"gitId":"deveshl"},"content":"     */","lastModifiedDate":"2022-09-28"},{"lineNumber":51,"author":{"gitId":"deveshl"},"content":"    public void delTask(int index) {","lastModifiedDate":"2022-09-26"},{"lineNumber":52,"author":{"gitId":"deveshl"},"content":"        tasks.remove(index);","lastModifiedDate":"2022-09-26"},{"lineNumber":53,"author":{"gitId":"deveshl"},"content":"    }","lastModifiedDate":"2022-09-26"},{"lineNumber":54,"author":{"gitId":"deveshl"},"content":"","lastModifiedDate":"2022-09-26"},{"lineNumber":55,"author":{"gitId":"deveshl"},"content":"    /**","lastModifiedDate":"2022-09-28"},{"lineNumber":56,"author":{"gitId":"deveshl"},"content":"     * Returns the number of tasks in the TaskList.","lastModifiedDate":"2022-09-28"},{"lineNumber":57,"author":{"gitId":"deveshl"},"content":"     *","lastModifiedDate":"2022-09-28"},{"lineNumber":58,"author":{"gitId":"deveshl"},"content":"     * @return The number of elements in the TaskList","lastModifiedDate":"2022-09-28"},{"lineNumber":59,"author":{"gitId":"deveshl"},"content":"     */","lastModifiedDate":"2022-09-28"},{"lineNumber":60,"author":{"gitId":"deveshl"},"content":"    public int size() {","lastModifiedDate":"2022-09-26"},{"lineNumber":61,"author":{"gitId":"deveshl"},"content":"        return tasks.size();","lastModifiedDate":"2022-09-26"},{"lineNumber":62,"author":{"gitId":"deveshl"},"content":"    }","lastModifiedDate":"2022-09-26"},{"lineNumber":63,"author":{"gitId":"deveshl"},"content":"","lastModifiedDate":"2022-09-26"},{"lineNumber":64,"author":{"gitId":"deveshl"},"content":"    /**","lastModifiedDate":"2022-09-28"},{"lineNumber":65,"author":{"gitId":"deveshl"},"content":"     * Returns the elements of the Task object in a List-compatible container for use in other functions.","lastModifiedDate":"2022-09-28"},{"lineNumber":66,"author":{"gitId":"deveshl"},"content":"     *","lastModifiedDate":"2022-09-28"},{"lineNumber":67,"author":{"gitId":"deveshl"},"content":"     * @return A {@link List} object containing the tasks in the TaskList.","lastModifiedDate":"2022-09-28"},{"lineNumber":68,"author":{"gitId":"deveshl"},"content":"     */","lastModifiedDate":"2022-09-28"},{"lineNumber":69,"author":{"gitId":"deveshl"},"content":"    public List\u003cTask\u003e asList() {","lastModifiedDate":"2022-09-26"},{"lineNumber":70,"author":{"gitId":"deveshl"},"content":"        return tasks;","lastModifiedDate":"2022-09-26"},{"lineNumber":71,"author":{"gitId":"deveshl"},"content":"    }","lastModifiedDate":"2022-09-26"},{"lineNumber":72,"author":{"gitId":"deveshl"},"content":"","lastModifiedDate":"2022-09-26"},{"lineNumber":73,"author":{"gitId":"deveshl"},"content":"    /**","lastModifiedDate":"2022-09-28"},{"lineNumber":74,"author":{"gitId":"deveshl"},"content":"     * Searches the TaskList for a specified string and returns a new TaskList containing the result.","lastModifiedDate":"2022-09-28"},{"lineNumber":75,"author":{"gitId":"deveshl"},"content":"     *","lastModifiedDate":"2022-09-28"},{"lineNumber":76,"author":{"gitId":"deveshl"},"content":"     * @param searchTerm String to search for","lastModifiedDate":"2022-09-28"},{"lineNumber":77,"author":{"gitId":"deveshl"},"content":"     * @return A TaskList containing search results, if any","lastModifiedDate":"2022-09-28"},{"lineNumber":78,"author":{"gitId":"deveshl"},"content":"     */","lastModifiedDate":"2022-09-28"},{"lineNumber":79,"author":{"gitId":"deveshl"},"content":"    public TaskList findTasks(String searchTerm) {","lastModifiedDate":"2022-09-26"},{"lineNumber":80,"author":{"gitId":"deveshl"},"content":"        TaskList foundTasks \u003d new TaskList();","lastModifiedDate":"2022-09-26"},{"lineNumber":81,"author":{"gitId":"deveshl"},"content":"        for (Task task : tasks) {","lastModifiedDate":"2022-09-26"},{"lineNumber":82,"author":{"gitId":"deveshl"},"content":"            if (task.getDescription().contains(searchTerm)) {","lastModifiedDate":"2022-09-26"},{"lineNumber":83,"author":{"gitId":"deveshl"},"content":"                foundTasks.addTask(task);","lastModifiedDate":"2022-09-26"},{"lineNumber":84,"author":{"gitId":"deveshl"},"content":"            }","lastModifiedDate":"2022-09-26"},{"lineNumber":85,"author":{"gitId":"deveshl"},"content":"        }","lastModifiedDate":"2022-09-26"},{"lineNumber":86,"author":{"gitId":"deveshl"},"content":"        return foundTasks;","lastModifiedDate":"2022-09-26"},{"lineNumber":87,"author":{"gitId":"deveshl"},"content":"    }","lastModifiedDate":"2022-09-26"},{"lineNumber":88,"author":{"gitId":"deveshl"},"content":"","lastModifiedDate":"2022-09-26"},{"lineNumber":89,"author":{"gitId":"deveshl"},"content":"    /**","lastModifiedDate":"2022-09-28"},{"lineNumber":90,"author":{"gitId":"deveshl"},"content":"     * Returns a string representation of the TaskList object. The string consists of a list of the tasks, their descriptions,","lastModifiedDate":"2022-09-28"},{"lineNumber":91,"author":{"gitId":"deveshl"},"content":"     * and their status.","lastModifiedDate":"2022-09-28"},{"lineNumber":92,"author":{"gitId":"deveshl"},"content":"     *","lastModifiedDate":"2022-09-28"},{"lineNumber":93,"author":{"gitId":"deveshl"},"content":"     * @return String representation of the task list.","lastModifiedDate":"2022-09-28"},{"lineNumber":94,"author":{"gitId":"deveshl"},"content":"     */","lastModifiedDate":"2022-09-28"},{"lineNumber":95,"author":{"gitId":"deveshl"},"content":"    @Override","lastModifiedDate":"2022-09-26"},{"lineNumber":96,"author":{"gitId":"deveshl"},"content":"    public String toString() {","lastModifiedDate":"2022-09-26"},{"lineNumber":97,"author":{"gitId":"deveshl"},"content":"        StringBuilder builder \u003d new StringBuilder();","lastModifiedDate":"2022-09-26"},{"lineNumber":98,"author":{"gitId":"deveshl"},"content":"        for (int i \u003d 0; i \u003c size(); i++) {","lastModifiedDate":"2022-09-26"},{"lineNumber":99,"author":{"gitId":"deveshl"},"content":"            Task task \u003d getTask(i);","lastModifiedDate":"2022-09-26"},{"lineNumber":100,"author":{"gitId":"deveshl"},"content":"            builder.append(String.format(\"%d.%s\\n\", i + 1, task));","lastModifiedDate":"2022-09-26"},{"lineNumber":101,"author":{"gitId":"deveshl"},"content":"        }","lastModifiedDate":"2022-09-26"},{"lineNumber":102,"author":{"gitId":"deveshl"},"content":"        return builder.toString();","lastModifiedDate":"2022-09-26"},{"lineNumber":103,"author":{"gitId":"deveshl"},"content":"    }","lastModifiedDate":"2022-09-26"},{"lineNumber":104,"author":{"gitId":"deveshl"},"content":"}","lastModifiedDate":"2022-09-26"}],"authorContributionMap":{"deveshl":104}},{"path":"src/main/java/duke/ui/Ui.java","fileType":"java","lines":[{"lineNumber":1,"author":{"gitId":"deveshl"},"content":"package duke.ui;","lastModifiedDate":"2022-09-26"},{"lineNumber":2,"author":{"gitId":"deveshl"},"content":"","lastModifiedDate":"2022-09-26"},{"lineNumber":3,"author":{"gitId":"deveshl"},"content":"import static duke.common.Constants.GREET_MESSAGE;","lastModifiedDate":"2022-09-26"},{"lineNumber":4,"author":{"gitId":"deveshl"},"content":"import static duke.common.Constants.LOGO;","lastModifiedDate":"2022-09-26"},{"lineNumber":5,"author":{"gitId":"deveshl"},"content":"","lastModifiedDate":"2022-09-26"},{"lineNumber":6,"author":{"gitId":"deveshl"},"content":"import java.io.InputStream;","lastModifiedDate":"2022-09-26"},{"lineNumber":7,"author":{"gitId":"deveshl"},"content":"import java.io.PrintStream;","lastModifiedDate":"2022-09-26"},{"lineNumber":8,"author":{"gitId":"deveshl"},"content":"import java.util.Scanner;","lastModifiedDate":"2022-09-26"},{"lineNumber":9,"author":{"gitId":"deveshl"},"content":"","lastModifiedDate":"2022-09-26"},{"lineNumber":10,"author":{"gitId":"deveshl"},"content":"public class Ui {","lastModifiedDate":"2022-09-26"},{"lineNumber":11,"author":{"gitId":"deveshl"},"content":"","lastModifiedDate":"2022-09-26"},{"lineNumber":12,"author":{"gitId":"deveshl"},"content":"    private final Scanner in;","lastModifiedDate":"2022-09-26"},{"lineNumber":13,"author":{"gitId":"deveshl"},"content":"    private final PrintStream out;","lastModifiedDate":"2022-09-26"},{"lineNumber":14,"author":{"gitId":"deveshl"},"content":"","lastModifiedDate":"2022-09-26"},{"lineNumber":15,"author":{"gitId":"deveshl"},"content":"    /**","lastModifiedDate":"2022-09-28"},{"lineNumber":16,"author":{"gitId":"deveshl"},"content":"     * Creates a new Ui instance and specifies the streams it should receive input from and provide output to.","lastModifiedDate":"2022-09-28"},{"lineNumber":17,"author":{"gitId":"deveshl"},"content":"     *","lastModifiedDate":"2022-09-28"},{"lineNumber":18,"author":{"gitId":"deveshl"},"content":"     * @param in InputStream that will provide input from the user.","lastModifiedDate":"2022-09-28"},{"lineNumber":19,"author":{"gitId":"deveshl"},"content":"     * @param out Print where output will be written.","lastModifiedDate":"2022-09-28"},{"lineNumber":20,"author":{"gitId":"deveshl"},"content":"     */","lastModifiedDate":"2022-09-28"},{"lineNumber":21,"author":{"gitId":"deveshl"},"content":"    public Ui(InputStream in, PrintStream out) {","lastModifiedDate":"2022-09-26"},{"lineNumber":22,"author":{"gitId":"deveshl"},"content":"        this.in \u003d new Scanner(in);","lastModifiedDate":"2022-09-26"},{"lineNumber":23,"author":{"gitId":"deveshl"},"content":"        this.out \u003d out;","lastModifiedDate":"2022-09-26"},{"lineNumber":24,"author":{"gitId":"deveshl"},"content":"    }","lastModifiedDate":"2022-09-26"},{"lineNumber":25,"author":{"gitId":"deveshl"},"content":"","lastModifiedDate":"2022-09-26"},{"lineNumber":26,"author":{"gitId":"deveshl"},"content":"    /**","lastModifiedDate":"2022-09-28"},{"lineNumber":27,"author":{"gitId":"deveshl"},"content":"     * Default constructor for Ui that reads input from {@link System#in} and outputs to {@link System#out}.","lastModifiedDate":"2022-09-28"},{"lineNumber":28,"author":{"gitId":"deveshl"},"content":"     */","lastModifiedDate":"2022-09-28"},{"lineNumber":29,"author":{"gitId":"deveshl"},"content":"    public Ui() {","lastModifiedDate":"2022-09-26"},{"lineNumber":30,"author":{"gitId":"deveshl"},"content":"        this(System.in, System.out);","lastModifiedDate":"2022-09-26"},{"lineNumber":31,"author":{"gitId":"deveshl"},"content":"    }","lastModifiedDate":"2022-09-26"},{"lineNumber":32,"author":{"gitId":"deveshl"},"content":"","lastModifiedDate":"2022-09-26"},{"lineNumber":33,"author":{"gitId":"deveshl"},"content":"    /**","lastModifiedDate":"2022-09-28"},{"lineNumber":34,"author":{"gitId":"deveshl"},"content":"     * Outputs the provided string followed by a line separator.","lastModifiedDate":"2022-09-28"},{"lineNumber":35,"author":{"gitId":"deveshl"},"content":"     *","lastModifiedDate":"2022-09-28"},{"lineNumber":36,"author":{"gitId":"deveshl"},"content":"     * @param line Line to print","lastModifiedDate":"2022-09-28"},{"lineNumber":37,"author":{"gitId":"deveshl"},"content":"     */","lastModifiedDate":"2022-09-28"},{"lineNumber":38,"author":{"gitId":"deveshl"},"content":"    public void printLine(Object line) {","lastModifiedDate":"2022-09-26"},{"lineNumber":39,"author":{"gitId":"deveshl"},"content":"        out.println(line);","lastModifiedDate":"2022-09-26"},{"lineNumber":40,"author":{"gitId":"deveshl"},"content":"    }","lastModifiedDate":"2022-09-26"},{"lineNumber":41,"author":{"gitId":"deveshl"},"content":"","lastModifiedDate":"2022-09-26"},{"lineNumber":42,"author":{"gitId":"deveshl"},"content":"    /**","lastModifiedDate":"2022-09-28"},{"lineNumber":43,"author":{"gitId":"deveshl"},"content":"     * Prints an empty line.","lastModifiedDate":"2022-09-28"},{"lineNumber":44,"author":{"gitId":"deveshl"},"content":"     */","lastModifiedDate":"2022-09-28"},{"lineNumber":45,"author":{"gitId":"deveshl"},"content":"    public void printLine() {","lastModifiedDate":"2022-09-26"},{"lineNumber":46,"author":{"gitId":"deveshl"},"content":"        out.println();","lastModifiedDate":"2022-09-26"},{"lineNumber":47,"author":{"gitId":"deveshl"},"content":"    }","lastModifiedDate":"2022-09-26"},{"lineNumber":48,"author":{"gitId":"deveshl"},"content":"","lastModifiedDate":"2022-09-26"},{"lineNumber":49,"author":{"gitId":"deveshl"},"content":"    /**","lastModifiedDate":"2022-09-28"},{"lineNumber":50,"author":{"gitId":"deveshl"},"content":"     * Returns the next command that is input by the user.","lastModifiedDate":"2022-09-28"},{"lineNumber":51,"author":{"gitId":"deveshl"},"content":"     *","lastModifiedDate":"2022-09-28"},{"lineNumber":52,"author":{"gitId":"deveshl"},"content":"     * @return User command","lastModifiedDate":"2022-09-28"},{"lineNumber":53,"author":{"gitId":"deveshl"},"content":"     */","lastModifiedDate":"2022-09-28"},{"lineNumber":54,"author":{"gitId":"deveshl"},"content":"    public String getNextCommand() {","lastModifiedDate":"2022-09-26"},{"lineNumber":55,"author":{"gitId":"deveshl"},"content":"        return in.nextLine();","lastModifiedDate":"2022-09-26"},{"lineNumber":56,"author":{"gitId":"deveshl"},"content":"    }","lastModifiedDate":"2022-09-26"},{"lineNumber":57,"author":{"gitId":"deveshl"},"content":"","lastModifiedDate":"2022-09-26"},{"lineNumber":58,"author":{"gitId":"deveshl"},"content":"    /**","lastModifiedDate":"2022-09-28"},{"lineNumber":59,"author":{"gitId":"deveshl"},"content":"     * Outputs the logo and welcome message.","lastModifiedDate":"2022-09-28"},{"lineNumber":60,"author":{"gitId":"deveshl"},"content":"     */","lastModifiedDate":"2022-09-28"},{"lineNumber":61,"author":{"gitId":"deveshl"},"content":"    public void printWelcomeMessage() {","lastModifiedDate":"2022-09-26"},{"lineNumber":62,"author":{"gitId":"deveshl"},"content":"        printLine(LOGO);","lastModifiedDate":"2022-09-26"},{"lineNumber":63,"author":{"gitId":"deveshl"},"content":"        printLine();","lastModifiedDate":"2022-09-26"},{"lineNumber":64,"author":{"gitId":"deveshl"},"content":"        printLine(GREET_MESSAGE);","lastModifiedDate":"2022-09-26"},{"lineNumber":65,"author":{"gitId":"deveshl"},"content":"        printLine();","lastModifiedDate":"2022-09-26"},{"lineNumber":66,"author":{"gitId":"deveshl"},"content":"    }","lastModifiedDate":"2022-09-26"},{"lineNumber":67,"author":{"gitId":"deveshl"},"content":"}","lastModifiedDate":"2022-09-26"}],"authorContributionMap":{"deveshl":67}},{"path":"text-ui-test/dude_expected.txt","fileType":"txt","lines":[{"lineNumber":1,"author":{"gitId":"deveshl"},"content":"T\u001ffalse\u001fvalid todo 1\u001f","lastModifiedDate":"2022-09-26"},{"lineNumber":2,"author":{"gitId":"deveshl"},"content":"D\u001ffalse\u001fvalid deadline 1\u001fdue date","lastModifiedDate":"2022-09-26"},{"lineNumber":3,"author":{"gitId":"deveshl"},"content":"E\u001ffalse\u001fvalid event 2\u001fevent time","lastModifiedDate":"2022-09-26"},{"lineNumber":4,"author":{"gitId":"deveshl"},"content":"D\u001ffalse\u001fvalid deadline 2\u001fdue date 2","lastModifiedDate":"2022-09-26"},{"lineNumber":5,"author":{"gitId":"deveshl"},"content":"E\u001ffalse\u001fvalid event 2\u001fevent time 2","lastModifiedDate":"2022-09-26"}],"authorContributionMap":{"deveshl":5}},{"path":"text-ui-test/input.txt","fileType":"txt","lines":[{"lineNumber":1,"author":{"gitId":"deveshl"},"content":"todo valid todo 1","lastModifiedDate":"2022-09-02"},{"lineNumber":2,"author":{"gitId":"deveshl"},"content":"deadline valid deadline 1 /by due date","lastModifiedDate":"2022-09-02"},{"lineNumber":3,"author":{"gitId":"deveshl"},"content":"event valid event 2 /at event time","lastModifiedDate":"2022-09-02"},{"lineNumber":4,"author":{"gitId":"deveshl"},"content":"todo valid todo 2","lastModifiedDate":"2022-09-02"},{"lineNumber":5,"author":{"gitId":"deveshl"},"content":"todo valid todo 3","lastModifiedDate":"2022-09-02"},{"lineNumber":6,"author":{"gitId":"deveshl"},"content":"list","lastModifiedDate":"2022-09-02"},{"lineNumber":7,"author":{"gitId":"deveshl"},"content":"deadline valid deadline 2 /by due date 2","lastModifiedDate":"2022-09-02"},{"lineNumber":8,"author":{"gitId":"deveshl"},"content":"event valid event 2 /at event time 2","lastModifiedDate":"2022-09-02"},{"lineNumber":9,"author":{"gitId":"deveshl"},"content":"mark 4","lastModifiedDate":"2022-09-02"},{"lineNumber":10,"author":{"gitId":"deveshl"},"content":"mark 1","lastModifiedDate":"2022-09-02"},{"lineNumber":11,"author":{"gitId":"deveshl"},"content":"list","lastModifiedDate":"2022-09-02"},{"lineNumber":12,"author":{"gitId":"deveshl"},"content":"unmark 1","lastModifiedDate":"2022-09-02"},{"lineNumber":13,"author":{"gitId":"deveshl"},"content":"list","lastModifiedDate":"2022-09-02"},{"lineNumber":14,"author":{"gitId":"deveshl"},"content":"todo","lastModifiedDate":"2022-09-02"},{"lineNumber":15,"author":{"gitId":"deveshl"},"content":"deadline","lastModifiedDate":"2022-09-02"},{"lineNumber":16,"author":{"gitId":"deveshl"},"content":"event","lastModifiedDate":"2022-09-02"},{"lineNumber":17,"author":{"gitId":"deveshl"},"content":"deadline no by","lastModifiedDate":"2022-09-02"},{"lineNumber":18,"author":{"gitId":"deveshl"},"content":"event no at","lastModifiedDate":"2022-09-02"},{"lineNumber":19,"author":{"gitId":"deveshl"},"content":"mark 500","lastModifiedDate":"2022-09-02"},{"lineNumber":20,"author":{"gitId":"deveshl"},"content":"mark 8","lastModifiedDate":"2022-09-02"},{"lineNumber":21,"author":{"gitId":"deveshl"},"content":"unmark 0","lastModifiedDate":"2022-09-02"},{"lineNumber":22,"author":{"gitId":"deveshl"},"content":"unmark -234","lastModifiedDate":"2022-09-02"},{"lineNumber":23,"author":{"gitId":"deveshl"},"content":"unmark invalid","lastModifiedDate":"2022-09-02"},{"lineNumber":24,"author":{"gitId":"deveshl"},"content":"list","lastModifiedDate":"2022-09-02"},{"lineNumber":25,"author":{"gitId":"deveshl"},"content":"delete 5","lastModifiedDate":"2022-09-20"},{"lineNumber":26,"author":{"gitId":"deveshl"},"content":"list","lastModifiedDate":"2022-09-20"},{"lineNumber":27,"author":{"gitId":"deveshl"},"content":"delete 4","lastModifiedDate":"2022-09-20"},{"lineNumber":28,"author":{"gitId":"deveshl"},"content":"list","lastModifiedDate":"2022-09-20"},{"lineNumber":29,"author":{"gitId":"deveshl"},"content":"delete 7","lastModifiedDate":"2022-09-20"},{"lineNumber":30,"author":{"gitId":"deveshl"},"content":"list","lastModifiedDate":"2022-09-20"},{"lineNumber":31,"author":{"gitId":"deveshl"},"content":"find","lastModifiedDate":"2022-09-26"},{"lineNumber":32,"author":{"gitId":"deveshl"},"content":"find todo","lastModifiedDate":"2022-09-26"},{"lineNumber":33,"author":{"gitId":"deveshl"},"content":"find deadline 1","lastModifiedDate":"2022-09-26"},{"lineNumber":34,"author":{"gitId":"deveshl"},"content":"find 2","lastModifiedDate":"2022-09-26"},{"lineNumber":35,"author":{"gitId":"deveshl"},"content":"bye","lastModifiedDate":"2022-09-02"}],"authorContributionMap":{"deveshl":35}},{"path":"text-ui-test/runtest.bat","fileType":"bat","lines":[{"lineNumber":1,"author":{"gitId":"-"},"content":"@ECHO OFF","lastModifiedDate":"2020-05-25"},{"lineNumber":2,"author":{"gitId":"-"},"content":"","lastModifiedDate":"2020-05-25"},{"lineNumber":3,"author":{"gitId":"-"},"content":"REM create bin directory if it doesn\u0027t exist","lastModifiedDate":"2020-05-25"},{"lineNumber":4,"author":{"gitId":"-"},"content":"if not exist ..\\bin mkdir ..\\bin","lastModifiedDate":"2020-05-25"},{"lineNumber":5,"author":{"gitId":"-"},"content":"","lastModifiedDate":"2020-05-25"},{"lineNumber":6,"author":{"gitId":"-"},"content":"REM delete output from previous run","lastModifiedDate":"2020-05-25"},{"lineNumber":7,"author":{"gitId":"-"},"content":"if exist ACTUAL.TXT del ACTUAL.TXT","lastModifiedDate":"2020-08-25"},{"lineNumber":8,"author":{"gitId":"-"},"content":"","lastModifiedDate":"2020-05-25"},{"lineNumber":9,"author":{"gitId":"deveshl"},"content":"REM delete existing build artifacts","lastModifiedDate":"2022-09-20"},{"lineNumber":10,"author":{"gitId":"deveshl"},"content":"del /S/Q ..\\bin\\*","lastModifiedDate":"2022-09-20"},{"lineNumber":11,"author":{"gitId":"deveshl"},"content":"del dude.txt","lastModifiedDate":"2022-09-20"},{"lineNumber":12,"author":{"gitId":"deveshl"},"content":"","lastModifiedDate":"2022-09-20"},{"lineNumber":13,"author":{"gitId":"-"},"content":"REM compile the code into the bin folder","lastModifiedDate":"2020-05-25"},{"lineNumber":14,"author":{"gitId":"deveshl"},"content":"javac  -cp ..\\src\\main\\java -Xlint:none -d ..\\bin ..\\src\\main\\java\\duke\\Duke.java","lastModifiedDate":"2022-09-20"},{"lineNumber":15,"author":{"gitId":"-"},"content":"IF ERRORLEVEL 1 (","lastModifiedDate":"2020-05-25"},{"lineNumber":16,"author":{"gitId":"-"},"content":"    echo ********** BUILD FAILURE **********","lastModifiedDate":"2020-05-25"},{"lineNumber":17,"author":{"gitId":"-"},"content":"    exit /b 1","lastModifiedDate":"2020-05-25"},{"lineNumber":18,"author":{"gitId":"-"},"content":")","lastModifiedDate":"2020-05-25"},{"lineNumber":19,"author":{"gitId":"-"},"content":"REM no error here, errorlevel \u003d\u003d 0","lastModifiedDate":"2020-05-25"},{"lineNumber":20,"author":{"gitId":"-"},"content":"","lastModifiedDate":"2020-05-25"},{"lineNumber":21,"author":{"gitId":"-"},"content":"REM run the program, feed commands from input.txt file and redirect the output to the ACTUAL.TXT","lastModifiedDate":"2020-05-25"},{"lineNumber":22,"author":{"gitId":"deveshl"},"content":"java -classpath ..\\bin duke.Duke \u003c input.txt \u003e ACTUAL.TXT","lastModifiedDate":"2022-09-20"},{"lineNumber":23,"author":{"gitId":"-"},"content":"","lastModifiedDate":"2020-05-25"},{"lineNumber":24,"author":{"gitId":"-"},"content":"REM compare the output to the expected output","lastModifiedDate":"2020-05-25"},{"lineNumber":25,"author":{"gitId":"-"},"content":"FC ACTUAL.TXT EXPECTED.TXT","lastModifiedDate":"2020-05-25"},{"lineNumber":26,"author":{"gitId":"deveshl"},"content":"FC dude.txt dude_expected.txt","lastModifiedDate":"2022-09-26"}],"authorContributionMap":{"deveshl":7,"-":19}}]
