[{"path":"src/main/java/Duke.java","fileType":"java","lines":[{"lineNumber":1,"author":{"gitId":"insafhere"},"content":"import java.util.Scanner;","lastModifiedDate":"2022-08-25"},{"lineNumber":2,"author":{"gitId":"-"},"content":"public class Duke {","lastModifiedDate":"2019-07-29"},{"lineNumber":3,"author":{"gitId":"-"},"content":"    public static void main(String[] args) {","lastModifiedDate":"2022-08-25"},{"lineNumber":4,"author":{"gitId":"insafhere"},"content":"","lastModifiedDate":"2022-08-25"},{"lineNumber":5,"author":{"gitId":"insafhere"},"content":"//        String logo \u003d \" ____        _        \\n\"","lastModifiedDate":"2022-08-25"},{"lineNumber":6,"author":{"gitId":"insafhere"},"content":"//                + \"|  _ \\\\ _   _| | _____ \\n\"","lastModifiedDate":"2022-08-25"},{"lineNumber":7,"author":{"gitId":"insafhere"},"content":"//                + \"| | | | | | | |/ / _ \\\\\\n\"","lastModifiedDate":"2022-08-25"},{"lineNumber":8,"author":{"gitId":"insafhere"},"content":"//                + \"| |_| | |_| |   \u003c  __/\\n\"","lastModifiedDate":"2022-08-25"},{"lineNumber":9,"author":{"gitId":"insafhere"},"content":"//                + \"|____/ \\\\__,_|_|\\\\_\\\\___|\\n\";","lastModifiedDate":"2022-08-25"},{"lineNumber":10,"author":{"gitId":"insafhere"},"content":"//        System.out.println(\"Hello from\\n\" + logo);","lastModifiedDate":"2022-08-25"},{"lineNumber":11,"author":{"gitId":"insafhere"},"content":"","lastModifiedDate":"2022-08-25"},{"lineNumber":12,"author":{"gitId":"insafhere"},"content":"        // Level 0","lastModifiedDate":"2022-08-25"},{"lineNumber":13,"author":{"gitId":"insafhere"},"content":"","lastModifiedDate":"2022-08-25"},{"lineNumber":14,"author":{"gitId":"insafhere"},"content":"//        String line \u003d \"---------------------------------------------\";","lastModifiedDate":"2022-08-25"},{"lineNumber":15,"author":{"gitId":"insafhere"},"content":"//        String greet \u003d \"Hello! I\u0027m Duke\";","lastModifiedDate":"2022-08-25"},{"lineNumber":16,"author":{"gitId":"insafhere"},"content":"//        String question \u003d \"What can I do for you?\";","lastModifiedDate":"2022-08-25"},{"lineNumber":17,"author":{"gitId":"insafhere"},"content":"//        System.out.println(line + \"\\n\" + greet + \"\\n\" + question + \"\\n\" + line);","lastModifiedDate":"2022-08-25"},{"lineNumber":18,"author":{"gitId":"insafhere"},"content":"//        System.out.println(\"Bye. Hope to see you again soon!\");","lastModifiedDate":"2022-08-25"},{"lineNumber":19,"author":{"gitId":"insafhere"},"content":"//        System.out.println(line);","lastModifiedDate":"2022-08-25"},{"lineNumber":20,"author":{"gitId":"insafhere"},"content":"","lastModifiedDate":"2022-08-25"},{"lineNumber":21,"author":{"gitId":"insafhere"},"content":"        // Level 1","lastModifiedDate":"2022-08-25"},{"lineNumber":22,"author":{"gitId":"insafhere"},"content":"","lastModifiedDate":"2022-08-25"},{"lineNumber":23,"author":{"gitId":"insafhere"},"content":"//        String line \u003d \"---------------------------------------------\";","lastModifiedDate":"2022-08-25"},{"lineNumber":24,"author":{"gitId":"insafhere"},"content":"//        String greet \u003d \"Hello! I\u0027m Duke\";","lastModifiedDate":"2022-08-25"},{"lineNumber":25,"author":{"gitId":"insafhere"},"content":"//        String question \u003d \"What can I do for you?\";","lastModifiedDate":"2022-08-25"},{"lineNumber":26,"author":{"gitId":"insafhere"},"content":"//        System.out.println(line + \"\\n\" + greet + \"\\n\" + question + \"\\n\" + line);","lastModifiedDate":"2022-08-25"},{"lineNumber":27,"author":{"gitId":"insafhere"},"content":"//","lastModifiedDate":"2022-08-25"},{"lineNumber":28,"author":{"gitId":"insafhere"},"content":"//        boolean run \u003d true;","lastModifiedDate":"2022-08-25"},{"lineNumber":29,"author":{"gitId":"insafhere"},"content":"//        while(run){","lastModifiedDate":"2022-08-25"},{"lineNumber":30,"author":{"gitId":"insafhere"},"content":"//            Scanner in \u003d new Scanner(System.in);","lastModifiedDate":"2022-08-25"},{"lineNumber":31,"author":{"gitId":"insafhere"},"content":"//            String text;","lastModifiedDate":"2022-08-25"},{"lineNumber":32,"author":{"gitId":"insafhere"},"content":"//            text \u003d in.nextLine();","lastModifiedDate":"2022-08-25"},{"lineNumber":33,"author":{"gitId":"insafhere"},"content":"//            if(text.equals(\"bye\")){","lastModifiedDate":"2022-08-25"},{"lineNumber":34,"author":{"gitId":"insafhere"},"content":"//                System.out.println(line);","lastModifiedDate":"2022-08-25"},{"lineNumber":35,"author":{"gitId":"insafhere"},"content":"//                System.out.println(\"Bye. Hope to see you again soon!\");","lastModifiedDate":"2022-08-25"},{"lineNumber":36,"author":{"gitId":"insafhere"},"content":"//                System.out.println(line);","lastModifiedDate":"2022-08-25"},{"lineNumber":37,"author":{"gitId":"insafhere"},"content":"//                run \u003d false;","lastModifiedDate":"2022-08-25"},{"lineNumber":38,"author":{"gitId":"insafhere"},"content":"//            }","lastModifiedDate":"2022-08-25"},{"lineNumber":39,"author":{"gitId":"insafhere"},"content":"//            else {","lastModifiedDate":"2022-08-25"},{"lineNumber":40,"author":{"gitId":"insafhere"},"content":"//                System.out.println(line);","lastModifiedDate":"2022-08-25"},{"lineNumber":41,"author":{"gitId":"insafhere"},"content":"//                System.out.println(text);","lastModifiedDate":"2022-08-25"},{"lineNumber":42,"author":{"gitId":"insafhere"},"content":"//                System.out.println(line);","lastModifiedDate":"2022-08-25"},{"lineNumber":43,"author":{"gitId":"insafhere"},"content":"//            }","lastModifiedDate":"2022-08-25"},{"lineNumber":44,"author":{"gitId":"insafhere"},"content":"//        }","lastModifiedDate":"2022-08-25"},{"lineNumber":45,"author":{"gitId":"insafhere"},"content":"","lastModifiedDate":"2022-08-25"},{"lineNumber":46,"author":{"gitId":"insafhere"},"content":"        // Level 2","lastModifiedDate":"2022-08-25"},{"lineNumber":47,"author":{"gitId":"insafhere"},"content":"","lastModifiedDate":"2022-08-25"},{"lineNumber":48,"author":{"gitId":"insafhere"},"content":"//        String line \u003d \"---------------------------------------------\";","lastModifiedDate":"2022-08-25"},{"lineNumber":49,"author":{"gitId":"insafhere"},"content":"//        String greet \u003d \"Hello! I\u0027m Duke\";","lastModifiedDate":"2022-08-25"},{"lineNumber":50,"author":{"gitId":"insafhere"},"content":"//        String question \u003d \"What can I do for you?\";","lastModifiedDate":"2022-08-25"},{"lineNumber":51,"author":{"gitId":"insafhere"},"content":"//        System.out.println(line + \"\\n\" + greet + \"\\n\" + question + \"\\n\" + line);","lastModifiedDate":"2022-08-25"},{"lineNumber":52,"author":{"gitId":"insafhere"},"content":"//","lastModifiedDate":"2022-08-25"},{"lineNumber":53,"author":{"gitId":"insafhere"},"content":"//        boolean run \u003d true;","lastModifiedDate":"2022-08-25"},{"lineNumber":54,"author":{"gitId":"insafhere"},"content":"//        String[] tasks \u003d new String[100];","lastModifiedDate":"2022-08-25"},{"lineNumber":55,"author":{"gitId":"insafhere"},"content":"//        int count \u003d 0;","lastModifiedDate":"2022-08-25"},{"lineNumber":56,"author":{"gitId":"insafhere"},"content":"//","lastModifiedDate":"2022-08-25"},{"lineNumber":57,"author":{"gitId":"insafhere"},"content":"//        while(run){","lastModifiedDate":"2022-08-25"},{"lineNumber":58,"author":{"gitId":"insafhere"},"content":"//            Scanner in \u003d new Scanner(System.in);","lastModifiedDate":"2022-08-25"},{"lineNumber":59,"author":{"gitId":"insafhere"},"content":"//            String text;","lastModifiedDate":"2022-08-25"},{"lineNumber":60,"author":{"gitId":"insafhere"},"content":"//            text \u003d in.nextLine();","lastModifiedDate":"2022-08-25"},{"lineNumber":61,"author":{"gitId":"insafhere"},"content":"//            if(text.equals(\"bye\")){","lastModifiedDate":"2022-08-25"},{"lineNumber":62,"author":{"gitId":"insafhere"},"content":"//                System.out.println(line);","lastModifiedDate":"2022-08-25"},{"lineNumber":63,"author":{"gitId":"insafhere"},"content":"//                System.out.println(\"Bye. Hope to see you again soon!\");","lastModifiedDate":"2022-08-25"},{"lineNumber":64,"author":{"gitId":"insafhere"},"content":"//                System.out.println(line);","lastModifiedDate":"2022-08-25"},{"lineNumber":65,"author":{"gitId":"insafhere"},"content":"//                run \u003d false;","lastModifiedDate":"2022-08-25"},{"lineNumber":66,"author":{"gitId":"insafhere"},"content":"//            }","lastModifiedDate":"2022-08-25"},{"lineNumber":67,"author":{"gitId":"insafhere"},"content":"//            else if (text.equals(\"list\")){","lastModifiedDate":"2022-08-25"},{"lineNumber":68,"author":{"gitId":"insafhere"},"content":"//                System.out.println(line);","lastModifiedDate":"2022-08-25"},{"lineNumber":69,"author":{"gitId":"insafhere"},"content":"//                for(int i \u003d 0; i\u003c count; i++){","lastModifiedDate":"2022-08-25"},{"lineNumber":70,"author":{"gitId":"insafhere"},"content":"//                    System.out.println(i+1 + \". \" + tasks[i]);","lastModifiedDate":"2022-08-25"},{"lineNumber":71,"author":{"gitId":"insafhere"},"content":"//                }","lastModifiedDate":"2022-08-25"},{"lineNumber":72,"author":{"gitId":"insafhere"},"content":"//                System.out.println(line);","lastModifiedDate":"2022-08-25"},{"lineNumber":73,"author":{"gitId":"insafhere"},"content":"//            }","lastModifiedDate":"2022-08-25"},{"lineNumber":74,"author":{"gitId":"insafhere"},"content":"//            else {","lastModifiedDate":"2022-08-25"},{"lineNumber":75,"author":{"gitId":"insafhere"},"content":"//                System.out.println(line);","lastModifiedDate":"2022-08-25"},{"lineNumber":76,"author":{"gitId":"insafhere"},"content":"//                System.out.println(\"added: \" + text);","lastModifiedDate":"2022-08-25"},{"lineNumber":77,"author":{"gitId":"insafhere"},"content":"//                System.out.println(line);","lastModifiedDate":"2022-08-25"},{"lineNumber":78,"author":{"gitId":"insafhere"},"content":"//                tasks[count] \u003d text;","lastModifiedDate":"2022-08-25"},{"lineNumber":79,"author":{"gitId":"insafhere"},"content":"//                count++;","lastModifiedDate":"2022-08-25"},{"lineNumber":80,"author":{"gitId":"insafhere"},"content":"//            }","lastModifiedDate":"2022-08-25"},{"lineNumber":81,"author":{"gitId":"insafhere"},"content":"//        }","lastModifiedDate":"2022-08-25"},{"lineNumber":82,"author":{"gitId":"insafhere"},"content":"","lastModifiedDate":"2022-08-25"},{"lineNumber":83,"author":{"gitId":"insafhere"},"content":"        // Level 3","lastModifiedDate":"2022-08-25"},{"lineNumber":84,"author":{"gitId":"insafhere"},"content":"","lastModifiedDate":"2022-08-25"},{"lineNumber":85,"author":{"gitId":"insafhere"},"content":"        String line \u003d \"---------------------------------------------\";","lastModifiedDate":"2022-08-25"},{"lineNumber":86,"author":{"gitId":"insafhere"},"content":"        String greet \u003d \"Hello! I\u0027m Duke\";","lastModifiedDate":"2022-08-25"},{"lineNumber":87,"author":{"gitId":"insafhere"},"content":"        String question \u003d \"What can I do for you?\";","lastModifiedDate":"2022-08-25"},{"lineNumber":88,"author":{"gitId":"insafhere"},"content":"        System.out.println(line + \"\\n\" + greet + \"\\n\" + question + \"\\n\" + line);","lastModifiedDate":"2022-08-25"},{"lineNumber":89,"author":{"gitId":"insafhere"},"content":"","lastModifiedDate":"2022-08-25"},{"lineNumber":90,"author":{"gitId":"insafhere"},"content":"        boolean run \u003d true;","lastModifiedDate":"2022-08-25"},{"lineNumber":91,"author":{"gitId":"insafhere"},"content":"        String[] tasks \u003d new String[100];","lastModifiedDate":"2022-08-25"},{"lineNumber":92,"author":{"gitId":"insafhere"},"content":"        String[] marks \u003d new String[100];","lastModifiedDate":"2022-08-25"},{"lineNumber":93,"author":{"gitId":"insafhere"},"content":"        int count \u003d 1;","lastModifiedDate":"2022-08-25"},{"lineNumber":94,"author":{"gitId":"insafhere"},"content":"","lastModifiedDate":"2022-08-25"},{"lineNumber":95,"author":{"gitId":"insafhere"},"content":"        while(run){","lastModifiedDate":"2022-08-25"},{"lineNumber":96,"author":{"gitId":"insafhere"},"content":"            Scanner in \u003d new Scanner(System.in);","lastModifiedDate":"2022-08-25"},{"lineNumber":97,"author":{"gitId":"insafhere"},"content":"            String text;","lastModifiedDate":"2022-08-25"},{"lineNumber":98,"author":{"gitId":"insafhere"},"content":"            text \u003d in.nextLine();","lastModifiedDate":"2022-08-25"},{"lineNumber":99,"author":{"gitId":"insafhere"},"content":"            if(text.equals(\"bye\")){","lastModifiedDate":"2022-08-25"},{"lineNumber":100,"author":{"gitId":"insafhere"},"content":"                System.out.println(line);","lastModifiedDate":"2022-08-25"},{"lineNumber":101,"author":{"gitId":"insafhere"},"content":"                System.out.println(\"Bye. Hope to see you again soon!\");","lastModifiedDate":"2022-08-25"},{"lineNumber":102,"author":{"gitId":"insafhere"},"content":"                System.out.println(line);","lastModifiedDate":"2022-08-25"},{"lineNumber":103,"author":{"gitId":"insafhere"},"content":"                run \u003d false;","lastModifiedDate":"2022-08-25"},{"lineNumber":104,"author":{"gitId":"insafhere"},"content":"            }","lastModifiedDate":"2022-08-25"},{"lineNumber":105,"author":{"gitId":"insafhere"},"content":"            else if (text.equals(\"list\")){","lastModifiedDate":"2022-08-25"},{"lineNumber":106,"author":{"gitId":"insafhere"},"content":"                System.out.println(line);","lastModifiedDate":"2022-08-25"},{"lineNumber":107,"author":{"gitId":"insafhere"},"content":"                System.out.println(\"Here are the tasks in your list:\");","lastModifiedDate":"2022-08-25"},{"lineNumber":108,"author":{"gitId":"insafhere"},"content":"                for(int i \u003d 1; i\u003c count; i++){","lastModifiedDate":"2022-08-25"},{"lineNumber":109,"author":{"gitId":"insafhere"},"content":"                    System.out.println(i + \". \" + marks[i] + \" \" + tasks[i]);","lastModifiedDate":"2022-08-25"},{"lineNumber":110,"author":{"gitId":"insafhere"},"content":"                }","lastModifiedDate":"2022-08-25"},{"lineNumber":111,"author":{"gitId":"insafhere"},"content":"                System.out.println(line);","lastModifiedDate":"2022-08-25"},{"lineNumber":112,"author":{"gitId":"insafhere"},"content":"            }","lastModifiedDate":"2022-08-25"},{"lineNumber":113,"author":{"gitId":"insafhere"},"content":"","lastModifiedDate":"2022-08-25"},{"lineNumber":114,"author":{"gitId":"insafhere"},"content":"            else if (text.contains(\"mark\")){","lastModifiedDate":"2022-08-25"},{"lineNumber":115,"author":{"gitId":"insafhere"},"content":"                System.out.println(line);","lastModifiedDate":"2022-08-25"},{"lineNumber":116,"author":{"gitId":"insafhere"},"content":"                String strNum;","lastModifiedDate":"2022-08-25"},{"lineNumber":117,"author":{"gitId":"insafhere"},"content":"                int num;","lastModifiedDate":"2022-08-25"},{"lineNumber":118,"author":{"gitId":"insafhere"},"content":"                if(text.contains(\"unmark\")){ //Unmark","lastModifiedDate":"2022-08-25"},{"lineNumber":119,"author":{"gitId":"insafhere"},"content":"                    System.out.println(\"OK, I\u0027ve marked this task as not done yet:\");","lastModifiedDate":"2022-08-25"},{"lineNumber":120,"author":{"gitId":"insafhere"},"content":"                    strNum \u003d text.substring(7, text.length());","lastModifiedDate":"2022-08-25"},{"lineNumber":121,"author":{"gitId":"insafhere"},"content":"                    num \u003d Integer.parseInt(strNum);","lastModifiedDate":"2022-08-25"},{"lineNumber":122,"author":{"gitId":"insafhere"},"content":"                    marks[num] \u003d \"[ ]\";","lastModifiedDate":"2022-08-25"},{"lineNumber":123,"author":{"gitId":"insafhere"},"content":"                    System.out.println(marks[num] + \" \" + tasks[num]);","lastModifiedDate":"2022-08-25"},{"lineNumber":124,"author":{"gitId":"insafhere"},"content":"","lastModifiedDate":"2022-08-25"},{"lineNumber":125,"author":{"gitId":"insafhere"},"content":"                }","lastModifiedDate":"2022-08-25"},{"lineNumber":126,"author":{"gitId":"insafhere"},"content":"                else{ //Mark","lastModifiedDate":"2022-08-25"},{"lineNumber":127,"author":{"gitId":"insafhere"},"content":"                    System.out.println(\"Nice! I\u0027ve marked this task as done:\");","lastModifiedDate":"2022-08-25"},{"lineNumber":128,"author":{"gitId":"insafhere"},"content":"                    strNum \u003d text.substring(5, text.length());","lastModifiedDate":"2022-08-25"},{"lineNumber":129,"author":{"gitId":"insafhere"},"content":"                    num \u003d Integer.parseInt(strNum);","lastModifiedDate":"2022-08-25"},{"lineNumber":130,"author":{"gitId":"insafhere"},"content":"                    marks[num] \u003d \"[X]\";","lastModifiedDate":"2022-08-25"},{"lineNumber":131,"author":{"gitId":"insafhere"},"content":"                    System.out.println(marks[num] + \" \" + tasks[num]);","lastModifiedDate":"2022-08-25"},{"lineNumber":132,"author":{"gitId":"insafhere"},"content":"                }","lastModifiedDate":"2022-08-25"},{"lineNumber":133,"author":{"gitId":"insafhere"},"content":"","lastModifiedDate":"2022-08-25"},{"lineNumber":134,"author":{"gitId":"insafhere"},"content":"                System.out.println(line);","lastModifiedDate":"2022-08-25"},{"lineNumber":135,"author":{"gitId":"insafhere"},"content":"            }","lastModifiedDate":"2022-08-25"},{"lineNumber":136,"author":{"gitId":"insafhere"},"content":"","lastModifiedDate":"2022-08-25"},{"lineNumber":137,"author":{"gitId":"insafhere"},"content":"            else {","lastModifiedDate":"2022-08-25"},{"lineNumber":138,"author":{"gitId":"insafhere"},"content":"                System.out.println(line);","lastModifiedDate":"2022-08-25"},{"lineNumber":139,"author":{"gitId":"insafhere"},"content":"                System.out.println(\"added: \" + text);","lastModifiedDate":"2022-08-25"},{"lineNumber":140,"author":{"gitId":"insafhere"},"content":"                System.out.println(line);","lastModifiedDate":"2022-08-25"},{"lineNumber":141,"author":{"gitId":"insafhere"},"content":"                tasks[count] \u003d text;","lastModifiedDate":"2022-08-25"},{"lineNumber":142,"author":{"gitId":"insafhere"},"content":"                marks[count] \u003d \"[ ]\";","lastModifiedDate":"2022-08-25"},{"lineNumber":143,"author":{"gitId":"insafhere"},"content":"                count++;","lastModifiedDate":"2022-08-25"},{"lineNumber":144,"author":{"gitId":"insafhere"},"content":"            }","lastModifiedDate":"2022-08-25"},{"lineNumber":145,"author":{"gitId":"insafhere"},"content":"        }","lastModifiedDate":"2022-08-25"},{"lineNumber":146,"author":{"gitId":"insafhere"},"content":"","lastModifiedDate":"2022-08-25"},{"lineNumber":147,"author":{"gitId":"insafhere"},"content":"","lastModifiedDate":"2022-08-25"},{"lineNumber":148,"author":{"gitId":"insafhere"},"content":"","lastModifiedDate":"2022-08-25"},{"lineNumber":149,"author":{"gitId":"-"},"content":"    }","lastModifiedDate":"2019-07-29"},{"lineNumber":150,"author":{"gitId":"-"},"content":"}","lastModifiedDate":"2019-07-29"}],"authorContributionMap":{"insafhere":146,"-":4}}]
