{"authorDailyContributionsMap":{"insafhere":[{"date":"2022-08-25","commitResults":[{"hash":"83eb35f778c92ff7c93fc5c1acba0d9f21c3623c","messageTitle":"Added greeting method","messageBody":"","fileTypesAndContributionMap":{"java":{"insertions":10,"deletions":0}}},{"hash":"74111eecd3636a8783ecde3a5fdb89c8edaaf9c6","messageTitle":"Modified for Level 1","messageBody":"","tags":["Level-1"],"fileTypesAndContributionMap":{"java":{"insertions":28,"deletions":14}}},{"hash":"fae3ac1c883e2d0fcfe8f3827a6b1cb91fdb989f","messageTitle":"Modified for Level 2","messageBody":"","tags":["Level-2"],"fileTypesAndContributionMap":{"java":{"insertions":42,"deletions":1}}},{"hash":"2f15119568dc921735e53b54394eca2e15f66daa","messageTitle":"Modified for Level 3","messageBody":"","tags":["Level-3","A-CodingStandard"],"fileTypesAndContributionMap":{"java":{"insertions":78,"deletions":3}}}]},{"date":"2022-08-30","commitResults":[{"hash":"ec5b68f2e6656bcc69774f7b0a554c5580d36f72","messageTitle":"Modified for Level-4","messageBody":"","tags":["Level-4"],"fileTypesAndContributionMap":{"java":{"insertions":111,"deletions":3}}},{"hash":"895d7ee0625650a09450b21002e39cc1d92d3a08","messageTitle":"Modified input.txt File","messageBody":"","tags":["A-TextUiTesting","A-CodeQuality"],"fileTypesAndContributionMap":{"txt":{"insertions":1,"deletions":0}}}]}]},"authorFileTypeContributionMap":{"insafhere":{"java":254,"md":0,"fxml":0,"sh":0,"bat":0,"gradle":0,"txt":1}},"authorContributionVariance":{"insafhere":2091.795},"authorDisplayNameMap":{"insafhere":"CS2113-T17-2 MUHA..UDIN"}}
