{"authorDailyContributionsMap":{"insafhere":[{"date":"2022-08-25","commitResults":[{"hash":"83eb35f778c92ff7c93fc5c1acba0d9f21c3623c","messageTitle":"Added greeting method","messageBody":"","fileTypesAndContributionMap":{"java":{"insertions":10,"deletions":0}}},{"hash":"74111eecd3636a8783ecde3a5fdb89c8edaaf9c6","messageTitle":"Modified for Level 1","messageBody":"","tags":["Level-1"],"fileTypesAndContributionMap":{"java":{"insertions":28,"deletions":14}}},{"hash":"fae3ac1c883e2d0fcfe8f3827a6b1cb91fdb989f","messageTitle":"Modified for Level 2","messageBody":"","tags":["Level-2"],"fileTypesAndContributionMap":{"java":{"insertions":42,"deletions":1}}},{"hash":"2f15119568dc921735e53b54394eca2e15f66daa","messageTitle":"Modified for Level 3","messageBody":"","tags":["Level-3","A-CodingStandard"],"fileTypesAndContributionMap":{"java":{"insertions":78,"deletions":3}}}]},{"date":"2022-08-30","commitResults":[{"hash":"ec5b68f2e6656bcc69774f7b0a554c5580d36f72","messageTitle":"Modified for Level-4","messageBody":"","tags":["Level-4"],"fileTypesAndContributionMap":{"java":{"insertions":111,"deletions":3}}},{"hash":"895d7ee0625650a09450b21002e39cc1d92d3a08","messageTitle":"Modified input.txt File","messageBody":"","tags":["A-TextUiTesting","A-CodeQuality"],"fileTypesAndContributionMap":{"txt":{"insertions":1,"deletions":0}}}]},{"date":"2022-09-08","commitResults":[{"hash":"9560f389cdd40e35567d92f58c8bd5021ae49a30","messageTitle":"Added empty todo and invalid input","messageBody":"","tags":["Level-5"],"fileTypesAndContributionMap":{"java":{"insertions":130,"deletions":10}}},{"hash":"1e1fb72299c506d256c49efe65f30ebd670e6876","messageTitle":"New DukeException class","messageBody":"","tags":["A-Packages","A-Exceptions"],"fileTypesAndContributionMap":{"java":{"insertions":3,"deletions":0}}}]},{"date":"2022-09-12","commitResults":[{"hash":"472df2f948a5bc3c20c7082d1f6be800421bc646","messageTitle":"“Level-6”","messageBody":"","tags":["Level-6"],"fileTypesAndContributionMap":{"java":{"insertions":163,"deletions":18}}},{"hash":"0dd5b36141d05013042371e555c9435145387f60","messageTitle":"“Level-7”","messageBody":"","tags":["Level-7"],"fileTypesAndContributionMap":{"java":{"insertions":250,"deletions":19}}}]},{"date":"2022-09-28","commitResults":[{"hash":"312de8d14446774f241d23fe5f2445134e9a6f1b","messageTitle":"command file","messageBody":"","fileTypesAndContributionMap":{"java":{"insertions":12,"deletions":0}}},{"hash":"fbc0e204c4eed924990f9279e1b3fac0f65dbf24","messageTitle":"Duke file","messageBody":"","fileTypesAndContributionMap":{"java":{"insertions":41,"deletions":723}}},{"hash":"c36f8b5b589d1c19e18d9d6b412a6ad70801ed59","messageTitle":"Unmark file","messageBody":"","fileTypesAndContributionMap":{"java":{"insertions":19,"deletions":0}}},{"hash":"b40a6f93b159d6cd606d84defb13e52e0c70cba3","messageTitle":"mark file","messageBody":"","fileTypesAndContributionMap":{"java":{"insertions":19,"deletions":0}}},{"hash":"c7dca5dede88502170a2a7554f3193dbb1129bd9","messageTitle":"DukeException file","messageBody":"","fileTypesAndContributionMap":{"java":{"insertions":1,"deletions":1}}},{"hash":"69621e0d71eb4175baf446dac931b2386c3aa95a","messageTitle":"Parser file","messageBody":"","fileTypesAndContributionMap":{"java":{"insertions":30,"deletions":0}}},{"hash":"079828f6eb4252dfe7763a65567dc1af4ca0af3f","messageTitle":"Storage file","messageBody":"","fileTypesAndContributionMap":{"java":{"insertions":112,"deletions":0}}},{"hash":"487ed9e99f9a95b7dad9ab68eb357b9132a8a5db","messageTitle":"Todo file","messageBody":"","fileTypesAndContributionMap":{"java":{"insertions":27,"deletions":0}}},{"hash":"479fbacd5785896e8a7d4742fdea53b7c3758c44","messageTitle":"Ui file","messageBody":"","fileTypesAndContributionMap":{"java":{"insertions":34,"deletions":0}}},{"hash":"47a929da80b54ff08bd95902b5296fcb50db7a8e","messageTitle":"bye file","messageBody":"","fileTypesAndContributionMap":{"java":{"insertions":14,"deletions":0}}},{"hash":"e8658f7a694cb78ef1eb2e6e68cf547cf5c3ffaa","messageTitle":"deadline file","messageBody":"","fileTypesAndContributionMap":{"java":{"insertions":31,"deletions":0}}},{"hash":"cef01452daa83c30f12af04922f5d73f07ff9be8","messageTitle":"list file","messageBody":"","fileTypesAndContributionMap":{"java":{"insertions":18,"deletions":0}}},{"hash":"a8db230db150bae5cb882898e19b21f899caf8c9","messageTitle":"delete file","messageBody":"","fileTypesAndContributionMap":{"java":{"insertions":30,"deletions":0}}},{"hash":"eda800e6ae7018a89d7d5ac3779b0698bdde4d32","messageTitle":"event file","messageBody":"","tags":["A-MoreOOP"],"fileTypesAndContributionMap":{"java":{"insertions":31,"deletions":0}}},{"hash":"a594e227f0ff94f325cd8fe8bcda5cfda6ae541d","messageTitle":"Added find file","messageBody":"","fileTypesAndContributionMap":{"java":{"insertions":2,"deletions":0}}},{"hash":"cb49911c27a283810061e2df2f7fb12d45421007","messageTitle":"modification","messageBody":"","fileTypesAndContributionMap":{"java":{"insertions":2,"deletions":0}}},{"hash":"bb6771611fae12a4a811d8ccf4be4e4327de16be","messageTitle":"New find file","messageBody":"","fileTypesAndContributionMap":{"java":{"insertions":24,"deletions":0}}},{"hash":"0017c05010d3842cf8fd508a197bbde557baee46","messageTitle":"Modification","messageBody":"","tags":["Level-9"],"fileTypesAndContributionMap":{"java":{"insertions":2,"deletions":1}}},{"hash":"3a007943a502f881e9631916a8bff5a670318934","messageTitle":"Modification","messageBody":"","tags":["A-JavaDoc"],"fileTypesAndContributionMap":{"java":{"insertions":12,"deletions":2}}},{"hash":"1ad43e0e8ce3c248dc8e4a4bd04839cc88bd779e","messageTitle":"Modification","messageBody":"","fileTypesAndContributionMap":{"java":{"insertions":0,"deletions":1}}}]},{"date":"2022-09-29","commitResults":[{"hash":"349f3eee554b8b9a03750dfe808400472f80a402","messageTitle":"“Modified”","messageBody":"","fileTypesAndContributionMap":{"java":{"insertions":2,"deletions":2}}},{"hash":"c07dab6f166cf16f005984c8bc707d85a450680d","messageTitle":"“Modified”","messageBody":"","fileTypesAndContributionMap":{"java":{"insertions":1,"deletions":1}}},{"hash":"34d46002745076cf8bd7545e3742bcbbb710165f","messageTitle":"“Modified”","messageBody":"","tags":["Level-8","A-UserGuide"],"fileTypesAndContributionMap":{"md":{"insertions":157,"deletions":7}}},{"hash":"eddbce556f7b367a9ab9f439762c883331d0e829","messageTitle":"“Modified”","messageBody":"","tags":["A-Release"],"fileTypesAndContributionMap":{"md":{"insertions":0,"deletions":18}}},{"hash":"f043e56336585c688c72bfad9bf40a2f83132579","messageTitle":"“Modified”","messageBody":"","fileTypesAndContributionMap":{"java":{"insertions":1,"deletions":0}}},{"hash":"0f64889557c730b0ac170789555e3c0d30f6ad48","messageTitle":"“Modified”","messageBody":"","fileTypesAndContributionMap":{"java":{"insertions":0,"deletions":1}}},{"hash":"793996f1a886fcd3741ed87067e7c9c337d417db","messageTitle":"modified","messageBody":"","fileTypesAndContributionMap":{"md":{"insertions":3,"deletions":3}}}]},{"date":"2022-09-30","commitResults":[{"hash":"3f1f07757d68ee71c8897fdd76baaec2807e506c","messageTitle":"modified","messageBody":"","fileTypesAndContributionMap":{"java":{"insertions":9,"deletions":0}}},{"hash":"a32bcbcb6ece0bca8b2d8698de83926fb8bd859f","messageTitle":"modified","messageBody":"","fileTypesAndContributionMap":{"java":{"insertions":25,"deletions":2}}},{"hash":"e063aed448293ff92a65ecca948b8d58a90d76f5","messageTitle":"modified","messageBody":"","fileTypesAndContributionMap":{"java":{"insertions":13,"deletions":0}}},{"hash":"51173fc14c7bfa022f24c94a7107008ff4a5d711","messageTitle":"modified","messageBody":"","fileTypesAndContributionMap":{"java":{"insertions":11,"deletions":1}}},{"hash":"2584e05c7044db2d586e9286a4ebff8d01ba2a33","messageTitle":"modified","messageBody":"","fileTypesAndContributionMap":{"java":{"insertions":13,"deletions":0}}},{"hash":"f143551244929e59eb6d7688ceaae0ddb784a1fb","messageTitle":"modified","messageBody":"","fileTypesAndContributionMap":{"java":{"insertions":7,"deletions":2}}},{"hash":"91d5a9580d0c68b986a14b81bc71b00bb84a64f6","messageTitle":"modified","messageBody":"","fileTypesAndContributionMap":{"java":{"insertions":28,"deletions":2}}},{"hash":"5be626e6695eec7199c2657f85f431a065954146","messageTitle":"modified","messageBody":"","fileTypesAndContributionMap":{"java":{"insertions":15,"deletions":0}}},{"hash":"b7244a3f20879126afb0132aaf428666ab727a4f","messageTitle":"modified","messageBody":"","fileTypesAndContributionMap":{"java":{"insertions":13,"deletions":0}}},{"hash":"ad6bbd8a014743120ad9a9a24b41fe5c05711a71","messageTitle":"modified","messageBody":"","fileTypesAndContributionMap":{"java":{"insertions":13,"deletions":0}}},{"hash":"f1a1d6e8622f6eff35f0ff4532e1335b5684bc1c","messageTitle":"modified","messageBody":"","fileTypesAndContributionMap":{"java":{"insertions":12,"deletions":0}}},{"hash":"d8b737044732754f43397df4be532b3d5ed2f153","messageTitle":"modified","messageBody":"","fileTypesAndContributionMap":{"java":{"insertions":15,"deletions":1}}},{"hash":"5cc7e285f3674426cc77fb3cfa9c6980bb503fad","messageTitle":"modified","messageBody":"","fileTypesAndContributionMap":{"java":{"insertions":12,"deletions":1}}}]}]},"authorFileTypeContributionMap":{"insafhere":{"java":647,"md":145,"fxml":0,"sh":0,"bat":0,"gradle":0,"txt":1}},"authorContributionVariance":{"insafhere":32717.725},"authorDisplayNameMap":{"insafhere":"CS2113-T17-2 MUHA..UDIN"}}
