[{"path":"src/main/java/duke/Duke.java","fileType":"java","lines":[{"lineNumber":1,"author":{"gitId":"kohnh"},"content":"package duke;","lastModifiedDate":"2022-09-08"},{"lineNumber":2,"author":{"gitId":"kohnh"},"content":"","lastModifiedDate":"2022-09-08"},{"lineNumber":3,"author":{"gitId":"kohnh"},"content":"import duke.taskmanager.TaskManager;","lastModifiedDate":"2022-09-08"},{"lineNumber":4,"author":{"gitId":"kohnh"},"content":"","lastModifiedDate":"2022-09-08"},{"lineNumber":5,"author":{"gitId":"kohnh"},"content":"public class Duke {","lastModifiedDate":"2022-08-19"},{"lineNumber":6,"author":{"gitId":"kohnh"},"content":"    public static final String DASH_SEPARATOR \u003d \"------------------------------------------------------------\\n\";","lastModifiedDate":"2022-09-07"},{"lineNumber":7,"author":{"gitId":"kohnh"},"content":"    private static final String LOGO \u003d","lastModifiedDate":"2022-08-29"},{"lineNumber":8,"author":{"gitId":"kohnh"},"content":"              \"     ____.  _____ ______________   ____.___  _________\\n\"","lastModifiedDate":"2022-08-29"},{"lineNumber":9,"author":{"gitId":"kohnh"},"content":"            + \"    |    | /  _  \\\\\\\\______   \\\\   \\\\ /   /|   |/   _____/\\n\"","lastModifiedDate":"2022-08-19"},{"lineNumber":10,"author":{"gitId":"kohnh"},"content":"            + \"    |    |/  /_\\\\  \\\\|       _/\\\\   Y   / |   |\\\\_____  \\\\\\n\"","lastModifiedDate":"2022-08-19"},{"lineNumber":11,"author":{"gitId":"kohnh"},"content":"            + \"/\\\\__|    /    |    \\\\    |   \\\\ \\\\     /  |   |/        \\\\\\n\"","lastModifiedDate":"2022-08-19"},{"lineNumber":12,"author":{"gitId":"kohnh"},"content":"            + \"\\\\________\\\\____|__  /____|_  /  \\\\___/   |___/_______  /\\n\"","lastModifiedDate":"2022-08-19"},{"lineNumber":13,"author":{"gitId":"kohnh"},"content":"            + \"                 \\\\/       \\\\/                       \\\\/\\n\";","lastModifiedDate":"2022-08-19"},{"lineNumber":14,"author":{"gitId":"kohnh"},"content":"","lastModifiedDate":"2022-08-29"},{"lineNumber":15,"author":{"gitId":"kohnh"},"content":"    public static void formatOutput(String stringToOutput) {","lastModifiedDate":"2022-08-27"},{"lineNumber":16,"author":{"gitId":"kohnh"},"content":"        System.out.println(DASH_SEPARATOR + stringToOutput + DASH_SEPARATOR);","lastModifiedDate":"2022-08-27"},{"lineNumber":17,"author":{"gitId":"kohnh"},"content":"    }","lastModifiedDate":"2022-08-26"},{"lineNumber":18,"author":{"gitId":"kohnh"},"content":"","lastModifiedDate":"2022-08-29"},{"lineNumber":19,"author":{"gitId":"kohnh"},"content":"    public static void greet() {","lastModifiedDate":"2022-08-27"},{"lineNumber":20,"author":{"gitId":"kohnh"},"content":"        String greet \u003d \"Hello! I\u0027m\\n\" + LOGO + \"What can I do for you?\\n\"","lastModifiedDate":"2022-08-27"},{"lineNumber":21,"author":{"gitId":"kohnh"},"content":"                + \"Enter \\\"bye\\\" to exit.\\n\";","lastModifiedDate":"2022-08-27"},{"lineNumber":22,"author":{"gitId":"kohnh"},"content":"        formatOutput(greet);","lastModifiedDate":"2022-08-27"},{"lineNumber":23,"author":{"gitId":"kohnh"},"content":"    }","lastModifiedDate":"2022-08-26"},{"lineNumber":24,"author":{"gitId":"kohnh"},"content":"","lastModifiedDate":"2022-08-29"},{"lineNumber":25,"author":{"gitId":"kohnh"},"content":"    public static void bye() {","lastModifiedDate":"2022-08-27"},{"lineNumber":26,"author":{"gitId":"kohnh"},"content":"        String bye \u003d \"Bye. Hope to see you again soon!\\n\";","lastModifiedDate":"2022-08-27"},{"lineNumber":27,"author":{"gitId":"kohnh"},"content":"        formatOutput(bye);","lastModifiedDate":"2022-08-27"},{"lineNumber":28,"author":{"gitId":"kohnh"},"content":"    }","lastModifiedDate":"2022-08-26"},{"lineNumber":29,"author":{"gitId":"kohnh"},"content":"","lastModifiedDate":"2022-08-27"},{"lineNumber":30,"author":{"gitId":"kohnh"},"content":"    public static void main(String[] args) {","lastModifiedDate":"2022-08-27"},{"lineNumber":31,"author":{"gitId":"kohnh"},"content":"        greet();","lastModifiedDate":"2022-08-27"},{"lineNumber":32,"author":{"gitId":"kohnh"},"content":"        TaskManager.receiveCommands();","lastModifiedDate":"2022-09-04"},{"lineNumber":33,"author":{"gitId":"kohnh"},"content":"        bye();","lastModifiedDate":"2022-08-27"},{"lineNumber":34,"author":{"gitId":"-"},"content":"    }","lastModifiedDate":"2019-07-29"},{"lineNumber":35,"author":{"gitId":"-"},"content":"}","lastModifiedDate":"2019-07-29"}],"authorContributionMap":{"kohnh":33,"-":2}},{"path":"src/main/java/duke/exceptions/EmptyException.java","fileType":"java","lines":[{"lineNumber":1,"author":{"gitId":"kohnh"},"content":"package duke.exceptions;","lastModifiedDate":"2022-09-08"},{"lineNumber":2,"author":{"gitId":"kohnh"},"content":"","lastModifiedDate":"2022-09-08"},{"lineNumber":3,"author":{"gitId":"kohnh"},"content":"public class EmptyException extends Exception {","lastModifiedDate":"2022-09-07"},{"lineNumber":4,"author":{"gitId":"kohnh"},"content":"","lastModifiedDate":"2022-09-07"},{"lineNumber":5,"author":{"gitId":"kohnh"},"content":"}","lastModifiedDate":"2022-09-07"}],"authorContributionMap":{"kohnh":5}},{"path":"src/main/java/duke/exceptions/NoBackslashException.java","fileType":"java","lines":[{"lineNumber":1,"author":{"gitId":"kohnh"},"content":"package duke.exceptions;","lastModifiedDate":"2022-09-08"},{"lineNumber":2,"author":{"gitId":"kohnh"},"content":"","lastModifiedDate":"2022-09-08"},{"lineNumber":3,"author":{"gitId":"kohnh"},"content":"public class NoBackslashException extends Exception{","lastModifiedDate":"2022-09-07"},{"lineNumber":4,"author":{"gitId":"kohnh"},"content":"","lastModifiedDate":"2022-09-07"},{"lineNumber":5,"author":{"gitId":"kohnh"},"content":"}","lastModifiedDate":"2022-09-07"}],"authorContributionMap":{"kohnh":5}},{"path":"src/main/java/duke/exceptions/TaskOutOfBoundsException.java","fileType":"java","lines":[{"lineNumber":1,"author":{"gitId":"kohnh"},"content":"package duke.exceptions;","lastModifiedDate":"2022-09-08"},{"lineNumber":2,"author":{"gitId":"kohnh"},"content":"","lastModifiedDate":"2022-09-08"},{"lineNumber":3,"author":{"gitId":"kohnh"},"content":"public class TaskOutOfBoundsException extends Exception{","lastModifiedDate":"2022-09-07"},{"lineNumber":4,"author":{"gitId":"kohnh"},"content":"","lastModifiedDate":"2022-09-07"},{"lineNumber":5,"author":{"gitId":"kohnh"},"content":"}","lastModifiedDate":"2022-09-07"}],"authorContributionMap":{"kohnh":5}},{"path":"src/main/java/duke/exceptions/WrongCommandException.java","fileType":"java","lines":[{"lineNumber":1,"author":{"gitId":"kohnh"},"content":"package duke.exceptions;","lastModifiedDate":"2022-09-08"},{"lineNumber":2,"author":{"gitId":"kohnh"},"content":"","lastModifiedDate":"2022-09-08"},{"lineNumber":3,"author":{"gitId":"kohnh"},"content":"public class WrongCommandException extends Exception{","lastModifiedDate":"2022-09-07"},{"lineNumber":4,"author":{"gitId":"kohnh"},"content":"","lastModifiedDate":"2022-09-07"},{"lineNumber":5,"author":{"gitId":"kohnh"},"content":"}","lastModifiedDate":"2022-09-07"}],"authorContributionMap":{"kohnh":5}},{"path":"src/main/java/duke/taskmanager/TaskManager.java","fileType":"java","lines":[{"lineNumber":1,"author":{"gitId":"kohnh"},"content":"package duke.taskmanager;","lastModifiedDate":"2022-09-08"},{"lineNumber":2,"author":{"gitId":"kohnh"},"content":"","lastModifiedDate":"2022-09-08"},{"lineNumber":3,"author":{"gitId":"kohnh"},"content":"import duke.exceptions.EmptyException;","lastModifiedDate":"2022-09-08"},{"lineNumber":4,"author":{"gitId":"kohnh"},"content":"import duke.exceptions.NoBackslashException;","lastModifiedDate":"2022-09-08"},{"lineNumber":5,"author":{"gitId":"kohnh"},"content":"import duke.exceptions.TaskOutOfBoundsException;","lastModifiedDate":"2022-09-08"},{"lineNumber":6,"author":{"gitId":"kohnh"},"content":"import duke.exceptions.WrongCommandException;","lastModifiedDate":"2022-09-08"},{"lineNumber":7,"author":{"gitId":"kohnh"},"content":"import duke.taskmanager.tasks.Deadline;","lastModifiedDate":"2022-09-08"},{"lineNumber":8,"author":{"gitId":"kohnh"},"content":"import duke.taskmanager.tasks.Event;","lastModifiedDate":"2022-09-08"},{"lineNumber":9,"author":{"gitId":"kohnh"},"content":"import duke.taskmanager.tasks.Task;","lastModifiedDate":"2022-09-08"},{"lineNumber":10,"author":{"gitId":"kohnh"},"content":"import duke.taskmanager.tasks.Todo;","lastModifiedDate":"2022-09-08"},{"lineNumber":11,"author":{"gitId":"kohnh"},"content":"","lastModifiedDate":"2022-09-08"},{"lineNumber":12,"author":{"gitId":"kohnh"},"content":"import java.util.Scanner;","lastModifiedDate":"2022-08-27"},{"lineNumber":13,"author":{"gitId":"kohnh"},"content":"","lastModifiedDate":"2022-08-27"},{"lineNumber":14,"author":{"gitId":"kohnh"},"content":"public class TaskManager {","lastModifiedDate":"2022-08-27"},{"lineNumber":15,"author":{"gitId":"kohnh"},"content":"    public static final int TASKS_SIZE \u003d 100;","lastModifiedDate":"2022-09-04"},{"lineNumber":16,"author":{"gitId":"kohnh"},"content":"    public static final String DASH_SEPARATOR \u003d \"------------------------------------------------------------\\n\";","lastModifiedDate":"2022-09-07"},{"lineNumber":17,"author":{"gitId":"kohnh"},"content":"    public static Task[] tasks \u003d new Task[TASKS_SIZE];","lastModifiedDate":"2022-09-04"},{"lineNumber":18,"author":{"gitId":"kohnh"},"content":"    private static int oneBasedIndex \u003d 1;","lastModifiedDate":"2022-09-04"},{"lineNumber":19,"author":{"gitId":"kohnh"},"content":"    public static void formatOutput(String stringToOutput) {","lastModifiedDate":"2022-09-07"},{"lineNumber":20,"author":{"gitId":"kohnh"},"content":"        System.out.println(DASH_SEPARATOR + stringToOutput + System.lineSeparator() + DASH_SEPARATOR);","lastModifiedDate":"2022-09-07"},{"lineNumber":21,"author":{"gitId":"kohnh"},"content":"    }","lastModifiedDate":"2022-09-07"},{"lineNumber":22,"author":{"gitId":"kohnh"},"content":"    public static void printMark(Task task, boolean done) {","lastModifiedDate":"2022-09-02"},{"lineNumber":23,"author":{"gitId":"kohnh"},"content":"        formatOutput(task.markDone(done));","lastModifiedDate":"2022-09-07"},{"lineNumber":24,"author":{"gitId":"kohnh"},"content":"    }","lastModifiedDate":"2022-09-02"},{"lineNumber":25,"author":{"gitId":"kohnh"},"content":"    public static void printTask(Task task) {","lastModifiedDate":"2022-08-29"},{"lineNumber":26,"author":{"gitId":"kohnh"},"content":"        formatOutput(\"Got it. I\u0027ve added this task:\" + System.lineSeparator()","lastModifiedDate":"2022-09-07"},{"lineNumber":27,"author":{"gitId":"kohnh"},"content":"                + task + System.lineSeparator() + \"Now you have \" + oneBasedIndex","lastModifiedDate":"2022-09-04"},{"lineNumber":28,"author":{"gitId":"kohnh"},"content":"                + \" tasks in the list.\");","lastModifiedDate":"2022-08-29"},{"lineNumber":29,"author":{"gitId":"kohnh"},"content":"        oneBasedIndex++;","lastModifiedDate":"2022-09-04"},{"lineNumber":30,"author":{"gitId":"kohnh"},"content":"    }","lastModifiedDate":"2022-08-29"},{"lineNumber":31,"author":{"gitId":"kohnh"},"content":"","lastModifiedDate":"2022-08-29"},{"lineNumber":32,"author":{"gitId":"kohnh"},"content":"    public static void printList() {","lastModifiedDate":"2022-08-29"},{"lineNumber":33,"author":{"gitId":"kohnh"},"content":"        StringBuilder s \u003d new StringBuilder();","lastModifiedDate":"2022-09-08"},{"lineNumber":34,"author":{"gitId":"kohnh"},"content":"        s.append(\"Here are the tasks in your list:\").append(System.lineSeparator());","lastModifiedDate":"2022-09-08"},{"lineNumber":35,"author":{"gitId":"kohnh"},"content":"        for (int i \u003d 1; i \u003c oneBasedIndex; i++) {","lastModifiedDate":"2022-09-04"},{"lineNumber":36,"author":{"gitId":"kohnh"},"content":"            s.append(i).append(\".\").append(tasks[i]).append(System.lineSeparator());","lastModifiedDate":"2022-09-08"},{"lineNumber":37,"author":{"gitId":"kohnh"},"content":"        }","lastModifiedDate":"2022-08-27"},{"lineNumber":38,"author":{"gitId":"kohnh"},"content":"        formatOutput(s.toString());","lastModifiedDate":"2022-09-08"},{"lineNumber":39,"author":{"gitId":"kohnh"},"content":"    }","lastModifiedDate":"2022-08-29"},{"lineNumber":40,"author":{"gitId":"kohnh"},"content":"","lastModifiedDate":"2022-08-29"},{"lineNumber":41,"author":{"gitId":"kohnh"},"content":"    public static void receiveCommands() {","lastModifiedDate":"2022-09-04"},{"lineNumber":42,"author":{"gitId":"kohnh"},"content":"        Scanner in \u003d new Scanner(System.in);","lastModifiedDate":"2022-08-29"},{"lineNumber":43,"author":{"gitId":"kohnh"},"content":"        String command \u003d in.nextLine().trim();","lastModifiedDate":"2022-08-29"},{"lineNumber":44,"author":{"gitId":"kohnh"},"content":"        while (!command.equals(\"bye\")) {","lastModifiedDate":"2022-08-29"},{"lineNumber":45,"author":{"gitId":"kohnh"},"content":"            boolean isList \u003d command.equals(\"list\");","lastModifiedDate":"2022-08-29"},{"lineNumber":46,"author":{"gitId":"kohnh"},"content":"            if (isList) {","lastModifiedDate":"2022-08-29"},{"lineNumber":47,"author":{"gitId":"kohnh"},"content":"                printList();","lastModifiedDate":"2022-08-29"},{"lineNumber":48,"author":{"gitId":"kohnh"},"content":"            } else {","lastModifiedDate":"2022-08-27"},{"lineNumber":49,"author":{"gitId":"kohnh"},"content":"                tryCommand(command);","lastModifiedDate":"2022-09-07"},{"lineNumber":50,"author":{"gitId":"kohnh"},"content":"            }","lastModifiedDate":"2022-09-07"},{"lineNumber":51,"author":{"gitId":"kohnh"},"content":"            command \u003d in.nextLine().trim();","lastModifiedDate":"2022-09-07"},{"lineNumber":52,"author":{"gitId":"kohnh"},"content":"        }","lastModifiedDate":"2022-09-07"},{"lineNumber":53,"author":{"gitId":"kohnh"},"content":"    }","lastModifiedDate":"2022-09-07"},{"lineNumber":54,"author":{"gitId":"kohnh"},"content":"","lastModifiedDate":"2022-09-07"},{"lineNumber":55,"author":{"gitId":"kohnh"},"content":"    private static void tryCommand(String command) {","lastModifiedDate":"2022-09-07"},{"lineNumber":56,"author":{"gitId":"kohnh"},"content":"        String firstWord;","lastModifiedDate":"2022-09-08"},{"lineNumber":57,"author":{"gitId":"kohnh"},"content":"        try {","lastModifiedDate":"2022-09-07"},{"lineNumber":58,"author":{"gitId":"kohnh"},"content":"            firstWord \u003d command.substring(0, command.indexOf(\u0027 \u0027));","lastModifiedDate":"2022-09-07"},{"lineNumber":59,"author":{"gitId":"kohnh"},"content":"            doCommand(command, firstWord);","lastModifiedDate":"2022-08-29"},{"lineNumber":60,"author":{"gitId":"kohnh"},"content":"        } catch (StringIndexOutOfBoundsException e) {","lastModifiedDate":"2022-09-07"},{"lineNumber":61,"author":{"gitId":"kohnh"},"content":"            try {","lastModifiedDate":"2022-09-07"},{"lineNumber":62,"author":{"gitId":"kohnh"},"content":"                checkExceptions(command);","lastModifiedDate":"2022-09-07"},{"lineNumber":63,"author":{"gitId":"kohnh"},"content":"            }catch (EmptyException ee) {","lastModifiedDate":"2022-09-07"},{"lineNumber":64,"author":{"gitId":"kohnh"},"content":"                formatOutput(\"☹ OOPS!!! The description of a \" + command + \" cannot be empty.\");","lastModifiedDate":"2022-09-07"},{"lineNumber":65,"author":{"gitId":"kohnh"},"content":"            } catch (WrongCommandException ee) {","lastModifiedDate":"2022-09-07"},{"lineNumber":66,"author":{"gitId":"kohnh"},"content":"                formatOutput(\"☹ OOPS!!! I\u0027m sorry, but I don\u0027t know what that means :-(\");","lastModifiedDate":"2022-09-07"},{"lineNumber":67,"author":{"gitId":"kohnh"},"content":"            }","lastModifiedDate":"2022-09-07"},{"lineNumber":68,"author":{"gitId":"kohnh"},"content":"        } catch (WrongCommandException e) {","lastModifiedDate":"2022-09-07"},{"lineNumber":69,"author":{"gitId":"kohnh"},"content":"            formatOutput(\"☹ OOPS!!! I\u0027m sorry, but I don\u0027t know what that means :-(\");","lastModifiedDate":"2022-09-07"},{"lineNumber":70,"author":{"gitId":"kohnh"},"content":"        } catch (TaskOutOfBoundsException e) {","lastModifiedDate":"2022-09-07"},{"lineNumber":71,"author":{"gitId":"kohnh"},"content":"            formatOutput(\"☹ OOPS!!! The task number you specified does not exist.\");","lastModifiedDate":"2022-09-07"},{"lineNumber":72,"author":{"gitId":"kohnh"},"content":"        } catch (NoBackslashException e) {","lastModifiedDate":"2022-09-07"},{"lineNumber":73,"author":{"gitId":"kohnh"},"content":"            formatOutput(\"☹ OOPS!!! You did not specify a deadline OR event datetime.\");","lastModifiedDate":"2022-09-07"},{"lineNumber":74,"author":{"gitId":"kohnh"},"content":"        }","lastModifiedDate":"2022-08-29"},{"lineNumber":75,"author":{"gitId":"kohnh"},"content":"    }","lastModifiedDate":"2022-08-29"},{"lineNumber":76,"author":{"gitId":"kohnh"},"content":"","lastModifiedDate":"2022-08-29"},{"lineNumber":77,"author":{"gitId":"kohnh"},"content":"    private static void doCommand(String command, String firstWord)","lastModifiedDate":"2022-09-07"},{"lineNumber":78,"author":{"gitId":"kohnh"},"content":"            throws WrongCommandException, TaskOutOfBoundsException, NoBackslashException {","lastModifiedDate":"2022-09-07"},{"lineNumber":79,"author":{"gitId":"kohnh"},"content":"        switch (firstWord) {","lastModifiedDate":"2022-08-29"},{"lineNumber":80,"author":{"gitId":"kohnh"},"content":"        case \"mark\":","lastModifiedDate":"2022-08-29"},{"lineNumber":81,"author":{"gitId":"kohnh"},"content":"            int pos \u003d Integer.parseInt(command.substring(\"mark \".length()));","lastModifiedDate":"2022-09-07"},{"lineNumber":82,"author":{"gitId":"kohnh"},"content":"            tryMark(pos, true);","lastModifiedDate":"2022-09-07"},{"lineNumber":83,"author":{"gitId":"kohnh"},"content":"            break;","lastModifiedDate":"2022-08-29"},{"lineNumber":84,"author":{"gitId":"kohnh"},"content":"        case \"unmark\":","lastModifiedDate":"2022-08-29"},{"lineNumber":85,"author":{"gitId":"kohnh"},"content":"            pos \u003d Integer.parseInt(command.substring(\"unmark \".length()));","lastModifiedDate":"2022-09-07"},{"lineNumber":86,"author":{"gitId":"kohnh"},"content":"            tryMark(pos, false);","lastModifiedDate":"2022-09-07"},{"lineNumber":87,"author":{"gitId":"kohnh"},"content":"            break;","lastModifiedDate":"2022-08-29"},{"lineNumber":88,"author":{"gitId":"kohnh"},"content":"        case \"todo\":","lastModifiedDate":"2022-08-29"},{"lineNumber":89,"author":{"gitId":"kohnh"},"content":"            tasks[oneBasedIndex] \u003d new Todo(command, \u0027 \u0027);","lastModifiedDate":"2022-09-04"},{"lineNumber":90,"author":{"gitId":"kohnh"},"content":"            printTask(tasks[oneBasedIndex]);","lastModifiedDate":"2022-09-04"},{"lineNumber":91,"author":{"gitId":"kohnh"},"content":"            break;","lastModifiedDate":"2022-08-29"},{"lineNumber":92,"author":{"gitId":"kohnh"},"content":"        case \"deadline\":","lastModifiedDate":"2022-08-29"},{"lineNumber":93,"author":{"gitId":"kohnh"},"content":"            //Fallthrough","lastModifiedDate":"2022-09-08"},{"lineNumber":94,"author":{"gitId":"kohnh"},"content":"        case \"event\":","lastModifiedDate":"2022-08-29"},{"lineNumber":95,"author":{"gitId":"kohnh"},"content":"            tryDeadlineOrEvent(command,firstWord);","lastModifiedDate":"2022-09-08"},{"lineNumber":96,"author":{"gitId":"kohnh"},"content":"            break;","lastModifiedDate":"2022-08-29"},{"lineNumber":97,"author":{"gitId":"kohnh"},"content":"        default:","lastModifiedDate":"2022-09-07"},{"lineNumber":98,"author":{"gitId":"kohnh"},"content":"            throw new WrongCommandException();","lastModifiedDate":"2022-09-07"},{"lineNumber":99,"author":{"gitId":"kohnh"},"content":"        }","lastModifiedDate":"2022-09-07"},{"lineNumber":100,"author":{"gitId":"kohnh"},"content":"    }","lastModifiedDate":"2022-09-07"},{"lineNumber":101,"author":{"gitId":"kohnh"},"content":"","lastModifiedDate":"2022-09-07"},{"lineNumber":102,"author":{"gitId":"kohnh"},"content":"    private static void tryDeadlineOrEvent(String command, String firstWord) throws NoBackslashException {","lastModifiedDate":"2022-09-08"},{"lineNumber":103,"author":{"gitId":"kohnh"},"content":"        if (command.contains(\"/\")){","lastModifiedDate":"2022-09-07"},{"lineNumber":104,"author":{"gitId":"kohnh"},"content":"            switch (firstWord) {","lastModifiedDate":"2022-09-08"},{"lineNumber":105,"author":{"gitId":"kohnh"},"content":"            case \"deadline\":","lastModifiedDate":"2022-09-08"},{"lineNumber":106,"author":{"gitId":"kohnh"},"content":"                tasks[oneBasedIndex] \u003d new Deadline(command, \u0027/\u0027);","lastModifiedDate":"2022-09-08"},{"lineNumber":107,"author":{"gitId":"kohnh"},"content":"                break;","lastModifiedDate":"2022-09-08"},{"lineNumber":108,"author":{"gitId":"kohnh"},"content":"            case \"event\":","lastModifiedDate":"2022-09-08"},{"lineNumber":109,"author":{"gitId":"kohnh"},"content":"                tasks[oneBasedIndex] \u003d new Event(command, \u0027/\u0027);","lastModifiedDate":"2022-09-07"},{"lineNumber":110,"author":{"gitId":"kohnh"},"content":"                break;","lastModifiedDate":"2022-09-08"},{"lineNumber":111,"author":{"gitId":"kohnh"},"content":"            }","lastModifiedDate":"2022-09-07"},{"lineNumber":112,"author":{"gitId":"kohnh"},"content":"            printTask(tasks[oneBasedIndex]);","lastModifiedDate":"2022-09-07"},{"lineNumber":113,"author":{"gitId":"kohnh"},"content":"        } else {","lastModifiedDate":"2022-09-07"},{"lineNumber":114,"author":{"gitId":"kohnh"},"content":"            throw new NoBackslashException();","lastModifiedDate":"2022-09-07"},{"lineNumber":115,"author":{"gitId":"kohnh"},"content":"        }","lastModifiedDate":"2022-09-07"},{"lineNumber":116,"author":{"gitId":"kohnh"},"content":"    }","lastModifiedDate":"2022-09-07"},{"lineNumber":117,"author":{"gitId":"kohnh"},"content":"","lastModifiedDate":"2022-09-07"},{"lineNumber":118,"author":{"gitId":"kohnh"},"content":"    private static void tryMark(int pos, boolean done) throws TaskOutOfBoundsException {","lastModifiedDate":"2022-09-07"},{"lineNumber":119,"author":{"gitId":"kohnh"},"content":"        if (pos \u003e\u003d oneBasedIndex || pos \u003c 1) {","lastModifiedDate":"2022-09-07"},{"lineNumber":120,"author":{"gitId":"kohnh"},"content":"            throw new TaskOutOfBoundsException();","lastModifiedDate":"2022-09-07"},{"lineNumber":121,"author":{"gitId":"kohnh"},"content":"        }","lastModifiedDate":"2022-09-07"},{"lineNumber":122,"author":{"gitId":"kohnh"},"content":"        printMark(tasks[pos], done);","lastModifiedDate":"2022-09-07"},{"lineNumber":123,"author":{"gitId":"kohnh"},"content":"    }","lastModifiedDate":"2022-09-07"},{"lineNumber":124,"author":{"gitId":"kohnh"},"content":"","lastModifiedDate":"2022-09-07"},{"lineNumber":125,"author":{"gitId":"kohnh"},"content":"    private static void checkExceptions(String command) throws EmptyException, WrongCommandException {","lastModifiedDate":"2022-09-07"},{"lineNumber":126,"author":{"gitId":"kohnh"},"content":"        if (command.equals(\"mark\") ||","lastModifiedDate":"2022-09-07"},{"lineNumber":127,"author":{"gitId":"kohnh"},"content":"                command.equals(\"unmark\") ||","lastModifiedDate":"2022-09-07"},{"lineNumber":128,"author":{"gitId":"kohnh"},"content":"                command.equals(\"todo\") ||","lastModifiedDate":"2022-09-07"},{"lineNumber":129,"author":{"gitId":"kohnh"},"content":"                command.equals(\"deadline\") ||","lastModifiedDate":"2022-09-07"},{"lineNumber":130,"author":{"gitId":"kohnh"},"content":"                command.equals(\"event\")) {","lastModifiedDate":"2022-09-07"},{"lineNumber":131,"author":{"gitId":"kohnh"},"content":"            throw new EmptyException();","lastModifiedDate":"2022-09-07"},{"lineNumber":132,"author":{"gitId":"kohnh"},"content":"        } else {","lastModifiedDate":"2022-09-07"},{"lineNumber":133,"author":{"gitId":"kohnh"},"content":"            throw new WrongCommandException();","lastModifiedDate":"2022-09-07"},{"lineNumber":134,"author":{"gitId":"kohnh"},"content":"        }","lastModifiedDate":"2022-08-27"},{"lineNumber":135,"author":{"gitId":"kohnh"},"content":"    }","lastModifiedDate":"2022-08-27"},{"lineNumber":136,"author":{"gitId":"kohnh"},"content":"}","lastModifiedDate":"2022-08-27"}],"authorContributionMap":{"kohnh":136}},{"path":"src/main/java/duke/taskmanager/tasks/Deadline.java","fileType":"java","lines":[{"lineNumber":1,"author":{"gitId":"kohnh"},"content":"package duke.taskmanager.tasks;","lastModifiedDate":"2022-09-08"},{"lineNumber":2,"author":{"gitId":"kohnh"},"content":"","lastModifiedDate":"2022-09-08"},{"lineNumber":3,"author":{"gitId":"kohnh"},"content":"public class Deadline extends Todo {","lastModifiedDate":"2022-08-29"},{"lineNumber":4,"author":{"gitId":"kohnh"},"content":"    protected String by;","lastModifiedDate":"2022-08-29"},{"lineNumber":5,"author":{"gitId":"kohnh"},"content":"","lastModifiedDate":"2022-08-29"},{"lineNumber":6,"author":{"gitId":"kohnh"},"content":"    public Deadline(String command, Character lastChar) {","lastModifiedDate":"2022-08-29"},{"lineNumber":7,"author":{"gitId":"kohnh"},"content":"        super(command, lastChar);","lastModifiedDate":"2022-08-29"},{"lineNumber":8,"author":{"gitId":"kohnh"},"content":"        int byStartIdx \u003d command.indexOf(\u0027/\u0027) + \"by _\".length();","lastModifiedDate":"2022-09-04"},{"lineNumber":9,"author":{"gitId":"kohnh"},"content":"        setBy(command.substring(byStartIdx));","lastModifiedDate":"2022-08-29"},{"lineNumber":10,"author":{"gitId":"kohnh"},"content":"    }","lastModifiedDate":"2022-08-29"},{"lineNumber":11,"author":{"gitId":"kohnh"},"content":"","lastModifiedDate":"2022-08-29"},{"lineNumber":12,"author":{"gitId":"kohnh"},"content":"    public String getBy() {","lastModifiedDate":"2022-08-29"},{"lineNumber":13,"author":{"gitId":"kohnh"},"content":"        return this.by;","lastModifiedDate":"2022-08-29"},{"lineNumber":14,"author":{"gitId":"kohnh"},"content":"    }","lastModifiedDate":"2022-08-29"},{"lineNumber":15,"author":{"gitId":"kohnh"},"content":"","lastModifiedDate":"2022-08-29"},{"lineNumber":16,"author":{"gitId":"kohnh"},"content":"    public void setBy(String by) {","lastModifiedDate":"2022-08-29"},{"lineNumber":17,"author":{"gitId":"kohnh"},"content":"        this.by \u003d by;","lastModifiedDate":"2022-08-29"},{"lineNumber":18,"author":{"gitId":"kohnh"},"content":"    }","lastModifiedDate":"2022-08-29"},{"lineNumber":19,"author":{"gitId":"kohnh"},"content":"","lastModifiedDate":"2022-08-29"},{"lineNumber":20,"author":{"gitId":"kohnh"},"content":"    @Override","lastModifiedDate":"2022-08-29"},{"lineNumber":21,"author":{"gitId":"kohnh"},"content":"    public String getTypeIcon() {","lastModifiedDate":"2022-08-29"},{"lineNumber":22,"author":{"gitId":"kohnh"},"content":"        return \"[D]\";","lastModifiedDate":"2022-08-29"},{"lineNumber":23,"author":{"gitId":"kohnh"},"content":"    }","lastModifiedDate":"2022-08-29"},{"lineNumber":24,"author":{"gitId":"kohnh"},"content":"","lastModifiedDate":"2022-08-29"},{"lineNumber":25,"author":{"gitId":"kohnh"},"content":"    @Override","lastModifiedDate":"2022-08-29"},{"lineNumber":26,"author":{"gitId":"kohnh"},"content":"    public String toString() {","lastModifiedDate":"2022-08-29"},{"lineNumber":27,"author":{"gitId":"kohnh"},"content":"        return super.toString() + \" (by: \" + getBy() + \")\";","lastModifiedDate":"2022-08-29"},{"lineNumber":28,"author":{"gitId":"kohnh"},"content":"    }","lastModifiedDate":"2022-08-29"},{"lineNumber":29,"author":{"gitId":"kohnh"},"content":"}","lastModifiedDate":"2022-08-29"}],"authorContributionMap":{"kohnh":29}},{"path":"src/main/java/duke/taskmanager/tasks/Event.java","fileType":"java","lines":[{"lineNumber":1,"author":{"gitId":"kohnh"},"content":"package duke.taskmanager.tasks;","lastModifiedDate":"2022-09-08"},{"lineNumber":2,"author":{"gitId":"kohnh"},"content":"","lastModifiedDate":"2022-09-08"},{"lineNumber":3,"author":{"gitId":"kohnh"},"content":"public class Event extends Todo {","lastModifiedDate":"2022-08-29"},{"lineNumber":4,"author":{"gitId":"kohnh"},"content":"    protected String at;","lastModifiedDate":"2022-08-29"},{"lineNumber":5,"author":{"gitId":"kohnh"},"content":"","lastModifiedDate":"2022-08-29"},{"lineNumber":6,"author":{"gitId":"kohnh"},"content":"    public Event(String command, Character lastChar) {","lastModifiedDate":"2022-08-29"},{"lineNumber":7,"author":{"gitId":"kohnh"},"content":"        super(command, lastChar);","lastModifiedDate":"2022-08-29"},{"lineNumber":8,"author":{"gitId":"kohnh"},"content":"        int atStartIdx \u003d command.indexOf(\u0027/\u0027) + \"at _\".length();","lastModifiedDate":"2022-09-08"},{"lineNumber":9,"author":{"gitId":"kohnh"},"content":"        setAt(command.substring(atStartIdx));","lastModifiedDate":"2022-08-29"},{"lineNumber":10,"author":{"gitId":"kohnh"},"content":"    }","lastModifiedDate":"2022-08-29"},{"lineNumber":11,"author":{"gitId":"kohnh"},"content":"","lastModifiedDate":"2022-08-29"},{"lineNumber":12,"author":{"gitId":"kohnh"},"content":"    public String getAt() {","lastModifiedDate":"2022-08-29"},{"lineNumber":13,"author":{"gitId":"kohnh"},"content":"        return this.at;","lastModifiedDate":"2022-08-29"},{"lineNumber":14,"author":{"gitId":"kohnh"},"content":"    }","lastModifiedDate":"2022-08-29"},{"lineNumber":15,"author":{"gitId":"kohnh"},"content":"","lastModifiedDate":"2022-08-29"},{"lineNumber":16,"author":{"gitId":"kohnh"},"content":"    public void setAt(String at) {","lastModifiedDate":"2022-08-29"},{"lineNumber":17,"author":{"gitId":"kohnh"},"content":"        this.at \u003d at;","lastModifiedDate":"2022-08-29"},{"lineNumber":18,"author":{"gitId":"kohnh"},"content":"    }","lastModifiedDate":"2022-08-29"},{"lineNumber":19,"author":{"gitId":"kohnh"},"content":"","lastModifiedDate":"2022-08-29"},{"lineNumber":20,"author":{"gitId":"kohnh"},"content":"    @Override","lastModifiedDate":"2022-08-29"},{"lineNumber":21,"author":{"gitId":"kohnh"},"content":"    public String getTypeIcon() {","lastModifiedDate":"2022-08-29"},{"lineNumber":22,"author":{"gitId":"kohnh"},"content":"        return \"[E]\";","lastModifiedDate":"2022-08-29"},{"lineNumber":23,"author":{"gitId":"kohnh"},"content":"    }","lastModifiedDate":"2022-08-29"},{"lineNumber":24,"author":{"gitId":"kohnh"},"content":"","lastModifiedDate":"2022-08-29"},{"lineNumber":25,"author":{"gitId":"kohnh"},"content":"    @Override","lastModifiedDate":"2022-08-29"},{"lineNumber":26,"author":{"gitId":"kohnh"},"content":"    public String toString() {","lastModifiedDate":"2022-08-29"},{"lineNumber":27,"author":{"gitId":"kohnh"},"content":"        return super.toString() + \" (at: \" + getAt() + \")\";","lastModifiedDate":"2022-08-29"},{"lineNumber":28,"author":{"gitId":"kohnh"},"content":"    }","lastModifiedDate":"2022-08-29"},{"lineNumber":29,"author":{"gitId":"kohnh"},"content":"}","lastModifiedDate":"2022-08-29"}],"authorContributionMap":{"kohnh":29}},{"path":"src/main/java/duke/taskmanager/tasks/Task.java","fileType":"java","lines":[{"lineNumber":1,"author":{"gitId":"kohnh"},"content":"package duke.taskmanager.tasks;","lastModifiedDate":"2022-09-08"},{"lineNumber":2,"author":{"gitId":"kohnh"},"content":"","lastModifiedDate":"2022-09-08"},{"lineNumber":3,"author":{"gitId":"kohnh"},"content":"public class Task {","lastModifiedDate":"2022-08-26"},{"lineNumber":4,"author":{"gitId":"kohnh"},"content":"    protected String description;","lastModifiedDate":"2022-08-26"},{"lineNumber":5,"author":{"gitId":"kohnh"},"content":"    protected boolean isDone;","lastModifiedDate":"2022-08-26"},{"lineNumber":6,"author":{"gitId":"kohnh"},"content":"","lastModifiedDate":"2022-08-26"},{"lineNumber":7,"author":{"gitId":"kohnh"},"content":"    public Task() {","lastModifiedDate":"2022-08-29"},{"lineNumber":8,"author":{"gitId":"kohnh"},"content":"        setDescription(null);","lastModifiedDate":"2022-08-29"},{"lineNumber":9,"author":{"gitId":"kohnh"},"content":"        setDone(false);","lastModifiedDate":"2022-08-29"},{"lineNumber":10,"author":{"gitId":"kohnh"},"content":"    }","lastModifiedDate":"2022-08-26"},{"lineNumber":11,"author":{"gitId":"kohnh"},"content":"","lastModifiedDate":"2022-08-29"},{"lineNumber":12,"author":{"gitId":"kohnh"},"content":"    public String getTypeIcon() {","lastModifiedDate":"2022-08-29"},{"lineNumber":13,"author":{"gitId":"kohnh"},"content":"        return \"[T]\";","lastModifiedDate":"2022-08-29"},{"lineNumber":14,"author":{"gitId":"kohnh"},"content":"    }","lastModifiedDate":"2022-08-29"},{"lineNumber":15,"author":{"gitId":"kohnh"},"content":"","lastModifiedDate":"2022-08-29"},{"lineNumber":16,"author":{"gitId":"kohnh"},"content":"    public String getStatusIcon() {","lastModifiedDate":"2022-08-26"},{"lineNumber":17,"author":{"gitId":"kohnh"},"content":"        return (this.isDone ? \"[X] \" : \"[ ] \"); // mark done task with X","lastModifiedDate":"2022-08-29"},{"lineNumber":18,"author":{"gitId":"kohnh"},"content":"    }","lastModifiedDate":"2022-08-26"},{"lineNumber":19,"author":{"gitId":"kohnh"},"content":"","lastModifiedDate":"2022-08-26"},{"lineNumber":20,"author":{"gitId":"kohnh"},"content":"    public String getDescription() {","lastModifiedDate":"2022-08-26"},{"lineNumber":21,"author":{"gitId":"kohnh"},"content":"        return this.description;","lastModifiedDate":"2022-08-29"},{"lineNumber":22,"author":{"gitId":"kohnh"},"content":"    }","lastModifiedDate":"2022-08-26"},{"lineNumber":23,"author":{"gitId":"kohnh"},"content":"","lastModifiedDate":"2022-08-26"},{"lineNumber":24,"author":{"gitId":"kohnh"},"content":"    public void setDescription(String description) {","lastModifiedDate":"2022-08-26"},{"lineNumber":25,"author":{"gitId":"kohnh"},"content":"        this.description \u003d description;","lastModifiedDate":"2022-08-26"},{"lineNumber":26,"author":{"gitId":"kohnh"},"content":"    }","lastModifiedDate":"2022-08-26"},{"lineNumber":27,"author":{"gitId":"kohnh"},"content":"","lastModifiedDate":"2022-08-26"},{"lineNumber":28,"author":{"gitId":"kohnh"},"content":"    public void setDone(boolean done) {","lastModifiedDate":"2022-08-26"},{"lineNumber":29,"author":{"gitId":"kohnh"},"content":"        this.isDone \u003d done;","lastModifiedDate":"2022-08-29"},{"lineNumber":30,"author":{"gitId":"kohnh"},"content":"    }","lastModifiedDate":"2022-08-26"},{"lineNumber":31,"author":{"gitId":"kohnh"},"content":"","lastModifiedDate":"2022-08-29"},{"lineNumber":32,"author":{"gitId":"kohnh"},"content":"    @Override","lastModifiedDate":"2022-08-29"},{"lineNumber":33,"author":{"gitId":"kohnh"},"content":"    public String toString() {","lastModifiedDate":"2022-08-29"},{"lineNumber":34,"author":{"gitId":"kohnh"},"content":"        return this.getTypeIcon() + this.getStatusIcon()","lastModifiedDate":"2022-08-29"},{"lineNumber":35,"author":{"gitId":"kohnh"},"content":"                + this.getDescription();","lastModifiedDate":"2022-08-29"},{"lineNumber":36,"author":{"gitId":"kohnh"},"content":"    }","lastModifiedDate":"2022-08-29"},{"lineNumber":37,"author":{"gitId":"kohnh"},"content":"","lastModifiedDate":"2022-08-29"},{"lineNumber":38,"author":{"gitId":"kohnh"},"content":"    public String markDone(boolean done) {","lastModifiedDate":"2022-09-07"},{"lineNumber":39,"author":{"gitId":"kohnh"},"content":"        setDone(done);","lastModifiedDate":"2022-08-29"},{"lineNumber":40,"author":{"gitId":"kohnh"},"content":"        String s \u003d \"\";","lastModifiedDate":"2022-09-07"},{"lineNumber":41,"author":{"gitId":"kohnh"},"content":"        if (done) {","lastModifiedDate":"2022-08-29"},{"lineNumber":42,"author":{"gitId":"kohnh"},"content":"            s +\u003d \"Nice! I\u0027ve marked this task as done:\";","lastModifiedDate":"2022-09-07"},{"lineNumber":43,"author":{"gitId":"kohnh"},"content":"        } else {","lastModifiedDate":"2022-08-29"},{"lineNumber":44,"author":{"gitId":"kohnh"},"content":"            s +\u003d \"OK, I\u0027ve marked this task as not done yet:\";","lastModifiedDate":"2022-09-07"},{"lineNumber":45,"author":{"gitId":"kohnh"},"content":"        }","lastModifiedDate":"2022-08-29"},{"lineNumber":46,"author":{"gitId":"kohnh"},"content":"        s +\u003d System.lineSeparator() + this;","lastModifiedDate":"2022-09-07"},{"lineNumber":47,"author":{"gitId":"kohnh"},"content":"        return s;","lastModifiedDate":"2022-09-07"},{"lineNumber":48,"author":{"gitId":"kohnh"},"content":"    }","lastModifiedDate":"2022-08-29"},{"lineNumber":49,"author":{"gitId":"kohnh"},"content":"}","lastModifiedDate":"2022-08-26"}],"authorContributionMap":{"kohnh":49}},{"path":"src/main/java/duke/taskmanager/tasks/Todo.java","fileType":"java","lines":[{"lineNumber":1,"author":{"gitId":"kohnh"},"content":"package duke.taskmanager.tasks;","lastModifiedDate":"2022-09-08"},{"lineNumber":2,"author":{"gitId":"kohnh"},"content":"","lastModifiedDate":"2022-09-08"},{"lineNumber":3,"author":{"gitId":"kohnh"},"content":"public class Todo extends Task {","lastModifiedDate":"2022-08-29"},{"lineNumber":4,"author":{"gitId":"kohnh"},"content":"    public Todo(String command, Character lastChar) {","lastModifiedDate":"2022-08-29"},{"lineNumber":5,"author":{"gitId":"kohnh"},"content":"        int DescStartIdx \u003d command.indexOf(\u0027 \u0027) + 1;","lastModifiedDate":"2022-08-29"},{"lineNumber":6,"author":{"gitId":"kohnh"},"content":"        String description;","lastModifiedDate":"2022-08-29"},{"lineNumber":7,"author":{"gitId":"kohnh"},"content":"        if (lastChar.equals(\u0027 \u0027)) {","lastModifiedDate":"2022-08-29"},{"lineNumber":8,"author":{"gitId":"kohnh"},"content":"            description \u003d command.substring(DescStartIdx);","lastModifiedDate":"2022-08-29"},{"lineNumber":9,"author":{"gitId":"kohnh"},"content":"        } else {","lastModifiedDate":"2022-08-29"},{"lineNumber":10,"author":{"gitId":"kohnh"},"content":"            int DescEndIdx \u003d command.indexOf(\u0027/\u0027);","lastModifiedDate":"2022-08-29"},{"lineNumber":11,"author":{"gitId":"kohnh"},"content":"            description \u003d command.substring(DescStartIdx, DescEndIdx);","lastModifiedDate":"2022-08-29"},{"lineNumber":12,"author":{"gitId":"kohnh"},"content":"        }","lastModifiedDate":"2022-08-29"},{"lineNumber":13,"author":{"gitId":"kohnh"},"content":"        setDescription(description);","lastModifiedDate":"2022-08-29"},{"lineNumber":14,"author":{"gitId":"kohnh"},"content":"        setDone(false);","lastModifiedDate":"2022-08-29"},{"lineNumber":15,"author":{"gitId":"kohnh"},"content":"    }","lastModifiedDate":"2022-08-29"},{"lineNumber":16,"author":{"gitId":"kohnh"},"content":"}","lastModifiedDate":"2022-08-29"}],"authorContributionMap":{"kohnh":16}},{"path":"text-ui-test/input.txt","fileType":"txt","lines":[{"lineNumber":1,"author":{"gitId":"kohnh"},"content":"todo borrow book","lastModifiedDate":"2022-08-29"},{"lineNumber":2,"author":{"gitId":"kohnh"},"content":"list","lastModifiedDate":"2022-08-29"},{"lineNumber":3,"author":{"gitId":"kohnh"},"content":"deadline return book /by Sunday","lastModifiedDate":"2022-08-29"},{"lineNumber":4,"author":{"gitId":"kohnh"},"content":"event project meeting /at Mon 2-4pm","lastModifiedDate":"2022-08-29"},{"lineNumber":5,"author":{"gitId":"kohnh"},"content":"list","lastModifiedDate":"2022-08-29"},{"lineNumber":6,"author":{"gitId":"kohnh"},"content":"bye","lastModifiedDate":"2022-08-29"}],"authorContributionMap":{"kohnh":6}},{"path":"text-ui-test/runtest.bat","fileType":"bat","lines":[{"lineNumber":1,"author":{"gitId":"-"},"content":"@ECHO OFF","lastModifiedDate":"2020-05-25"},{"lineNumber":2,"author":{"gitId":"-"},"content":"","lastModifiedDate":"2020-05-25"},{"lineNumber":3,"author":{"gitId":"-"},"content":"REM create bin directory if it doesn\u0027t exist","lastModifiedDate":"2020-05-25"},{"lineNumber":4,"author":{"gitId":"-"},"content":"if not exist ..\\bin mkdir ..\\bin","lastModifiedDate":"2020-05-25"},{"lineNumber":5,"author":{"gitId":"-"},"content":"","lastModifiedDate":"2020-05-25"},{"lineNumber":6,"author":{"gitId":"-"},"content":"REM delete output from previous run","lastModifiedDate":"2020-05-25"},{"lineNumber":7,"author":{"gitId":"-"},"content":"if exist ACTUAL.TXT del ACTUAL.TXT","lastModifiedDate":"2020-08-25"},{"lineNumber":8,"author":{"gitId":"-"},"content":"","lastModifiedDate":"2020-05-25"},{"lineNumber":9,"author":{"gitId":"-"},"content":"REM compile the code into the bin folder","lastModifiedDate":"2020-05-25"},{"lineNumber":10,"author":{"gitId":"kohnh"},"content":"javac  -cp ..\\src\\main\\java -Xlint:none -d ..\\bin ..\\src\\main\\java\\duke\\*.java ..\\src\\main\\java\\duke\\exceptions\\*.java ..\\src\\main\\java\\duke\\taskmanager\\*.java ..\\src\\main\\java\\duke\\taskmanager\\tasks\\*.java","lastModifiedDate":"2022-09-08"},{"lineNumber":11,"author":{"gitId":"-"},"content":"IF ERRORLEVEL 1 (","lastModifiedDate":"2020-05-25"},{"lineNumber":12,"author":{"gitId":"-"},"content":"    echo ********** BUILD FAILURE **********","lastModifiedDate":"2020-05-25"},{"lineNumber":13,"author":{"gitId":"-"},"content":"    exit /b 1","lastModifiedDate":"2020-05-25"},{"lineNumber":14,"author":{"gitId":"-"},"content":")","lastModifiedDate":"2020-05-25"},{"lineNumber":15,"author":{"gitId":"-"},"content":"REM no error here, errorlevel \u003d\u003d 0","lastModifiedDate":"2020-05-25"},{"lineNumber":16,"author":{"gitId":"-"},"content":"","lastModifiedDate":"2020-05-25"},{"lineNumber":17,"author":{"gitId":"-"},"content":"REM run the program, feed commands from input.txt file and redirect the output to the ACTUAL.TXT","lastModifiedDate":"2020-05-25"},{"lineNumber":18,"author":{"gitId":"kohnh"},"content":"java -classpath ..\\bin duke.Duke \u003c input.txt \u003e ACTUAL.TXT","lastModifiedDate":"2022-09-08"},{"lineNumber":19,"author":{"gitId":"-"},"content":"","lastModifiedDate":"2020-05-25"},{"lineNumber":20,"author":{"gitId":"-"},"content":"REM compare the output to the expected output","lastModifiedDate":"2020-05-25"},{"lineNumber":21,"author":{"gitId":"-"},"content":"FC ACTUAL.TXT EXPECTED.TXT","lastModifiedDate":"2020-05-25"}],"authorContributionMap":{"kohnh":2,"-":19}},{"path":"text-ui-test/runtest.sh","fileType":"sh","lines":[{"lineNumber":1,"author":{"gitId":"-"},"content":"#!/usr/bin/env bash","lastModifiedDate":"2020-05-25"},{"lineNumber":2,"author":{"gitId":"-"},"content":"","lastModifiedDate":"2020-05-25"},{"lineNumber":3,"author":{"gitId":"-"},"content":"# create bin directory if it doesn\u0027t exist","lastModifiedDate":"2020-05-25"},{"lineNumber":4,"author":{"gitId":"-"},"content":"if [ ! -d \"../bin\" ]","lastModifiedDate":"2020-05-25"},{"lineNumber":5,"author":{"gitId":"-"},"content":"then","lastModifiedDate":"2020-05-25"},{"lineNumber":6,"author":{"gitId":"-"},"content":"    mkdir ../bin","lastModifiedDate":"2020-05-25"},{"lineNumber":7,"author":{"gitId":"-"},"content":"fi","lastModifiedDate":"2020-05-25"},{"lineNumber":8,"author":{"gitId":"-"},"content":"","lastModifiedDate":"2020-05-25"},{"lineNumber":9,"author":{"gitId":"-"},"content":"# delete output from previous run","lastModifiedDate":"2020-05-25"},{"lineNumber":10,"author":{"gitId":"-"},"content":"if [ -e \"./ACTUAL.TXT\" ]","lastModifiedDate":"2020-05-25"},{"lineNumber":11,"author":{"gitId":"-"},"content":"then","lastModifiedDate":"2020-05-25"},{"lineNumber":12,"author":{"gitId":"-"},"content":"    rm ACTUAL.TXT","lastModifiedDate":"2020-05-25"},{"lineNumber":13,"author":{"gitId":"-"},"content":"fi","lastModifiedDate":"2020-05-25"},{"lineNumber":14,"author":{"gitId":"-"},"content":"","lastModifiedDate":"2020-05-25"},{"lineNumber":15,"author":{"gitId":"-"},"content":"# compile the code into the bin folder, terminates if error occurred","lastModifiedDate":"2020-05-25"},{"lineNumber":16,"author":{"gitId":"kohnh"},"content":"if ! javac -cp ../src/main/java -Xlint:none -d ../bin ../src/main/java/duke/*.java ../src/main/java/duke/exceptions/*.java ../src/main/java/duke/taskmanager/*.java ../src/main/java/duke/taskmanager/tasks/*.java","lastModifiedDate":"2022-09-08"},{"lineNumber":17,"author":{"gitId":"-"},"content":"then","lastModifiedDate":"2020-05-25"},{"lineNumber":18,"author":{"gitId":"-"},"content":"    echo \"********** BUILD FAILURE **********\"","lastModifiedDate":"2020-05-25"},{"lineNumber":19,"author":{"gitId":"-"},"content":"    exit 1","lastModifiedDate":"2020-05-25"},{"lineNumber":20,"author":{"gitId":"-"},"content":"fi","lastModifiedDate":"2020-05-25"},{"lineNumber":21,"author":{"gitId":"-"},"content":"","lastModifiedDate":"2020-05-25"},{"lineNumber":22,"author":{"gitId":"-"},"content":"# run the program, feed commands from input.txt file and redirect the output to the ACTUAL.TXT","lastModifiedDate":"2020-05-25"},{"lineNumber":23,"author":{"gitId":"kohnh"},"content":"java -classpath ../bin duke.Duke \u003c input.txt \u003e ACTUAL.TXT","lastModifiedDate":"2022-09-08"},{"lineNumber":24,"author":{"gitId":"-"},"content":"","lastModifiedDate":"2020-05-25"},{"lineNumber":25,"author":{"gitId":"-"},"content":"# convert to UNIX format","lastModifiedDate":"2020-05-25"},{"lineNumber":26,"author":{"gitId":"-"},"content":"cp EXPECTED.TXT EXPECTED-UNIX.TXT","lastModifiedDate":"2020-05-25"},{"lineNumber":27,"author":{"gitId":"-"},"content":"dos2unix ACTUAL.TXT EXPECTED-UNIX.TXT","lastModifiedDate":"2020-05-25"},{"lineNumber":28,"author":{"gitId":"-"},"content":"","lastModifiedDate":"2020-05-25"},{"lineNumber":29,"author":{"gitId":"-"},"content":"# compare the output to the expected output","lastModifiedDate":"2020-05-25"},{"lineNumber":30,"author":{"gitId":"-"},"content":"diff ACTUAL.TXT EXPECTED-UNIX.TXT","lastModifiedDate":"2020-05-25"},{"lineNumber":31,"author":{"gitId":"-"},"content":"if [ $? -eq 0 ]","lastModifiedDate":"2020-05-25"},{"lineNumber":32,"author":{"gitId":"-"},"content":"then","lastModifiedDate":"2020-05-25"},{"lineNumber":33,"author":{"gitId":"-"},"content":"    echo \"Test result: PASSED\"","lastModifiedDate":"2020-05-25"},{"lineNumber":34,"author":{"gitId":"-"},"content":"    exit 0","lastModifiedDate":"2020-05-25"},{"lineNumber":35,"author":{"gitId":"-"},"content":"else","lastModifiedDate":"2020-05-25"},{"lineNumber":36,"author":{"gitId":"-"},"content":"    echo \"Test result: FAILED\"","lastModifiedDate":"2020-05-25"},{"lineNumber":37,"author":{"gitId":"-"},"content":"    exit 1","lastModifiedDate":"2020-05-25"},{"lineNumber":38,"author":{"gitId":"-"},"content":"fi","lastModifiedDate":"2020-05-25"}],"authorContributionMap":{"kohnh":2,"-":36}}]
