[{"path":"src/main/java/Duke.java","fileType":"java","lines":[{"lineNumber":1,"author":{"gitId":"-"},"content":"public class Duke {","lastModifiedDate":"2022-08-19"},{"lineNumber":2,"author":{"gitId":"-"},"content":"    public static void main(String[] args) {","lastModifiedDate":"2019-07-29"},{"lineNumber":3,"author":{"gitId":"kohnh"},"content":"        String logo \u003d \"     ____.  _____ ______________   ____.___  _________\\n\"","lastModifiedDate":"2022-08-19"},{"lineNumber":4,"author":{"gitId":"kohnh"},"content":"                + \"    |    | /  _  \\\\\\\\______   \\\\   \\\\ /   /|   |/   _____/\\n\"","lastModifiedDate":"2022-08-19"},{"lineNumber":5,"author":{"gitId":"kohnh"},"content":"                + \"    |    |/  /_\\\\  \\\\|       _/\\\\   Y   / |   |\\\\_____  \\\\ \\n\"","lastModifiedDate":"2022-08-19"},{"lineNumber":6,"author":{"gitId":"kohnh"},"content":"                + \"/\\\\__|    /    |    \\\\    |   \\\\ \\\\     /  |   |/        \\\\\\n\"","lastModifiedDate":"2022-08-19"},{"lineNumber":7,"author":{"gitId":"kohnh"},"content":"                + \"\\\\________\\\\____|__  /____|_  /  \\\\___/   |___/_______  /\\n\"","lastModifiedDate":"2022-08-19"},{"lineNumber":8,"author":{"gitId":"kohnh"},"content":"                + \"                 \\\\/       \\\\/                       \\\\/ \\n\";","lastModifiedDate":"2022-08-19"},{"lineNumber":9,"author":{"gitId":"kohnh"},"content":"","lastModifiedDate":"2022-08-19"},{"lineNumber":10,"author":{"gitId":"kohnh"},"content":"        String greeting \u003d \"------------------------------------------------\\n\"","lastModifiedDate":"2022-08-19"},{"lineNumber":11,"author":{"gitId":"kohnh"},"content":"                + \"Hello! I\u0027m\\n\"","lastModifiedDate":"2022-08-19"},{"lineNumber":12,"author":{"gitId":"kohnh"},"content":"                + logo","lastModifiedDate":"2022-08-19"},{"lineNumber":13,"author":{"gitId":"kohnh"},"content":"                + \"What can I do for you?\\n\"","lastModifiedDate":"2022-08-19"},{"lineNumber":14,"author":{"gitId":"kohnh"},"content":"                + \"------------------------------------------------\\n\";","lastModifiedDate":"2022-08-19"},{"lineNumber":15,"author":{"gitId":"kohnh"},"content":"        String parting \u003d \"Bye. Hope to see you again soon!\\n\"","lastModifiedDate":"2022-08-19"},{"lineNumber":16,"author":{"gitId":"kohnh"},"content":"                + \"------------------------------------------------\\n\";","lastModifiedDate":"2022-08-19"},{"lineNumber":17,"author":{"gitId":"kohnh"},"content":"","lastModifiedDate":"2022-08-19"},{"lineNumber":18,"author":{"gitId":"kohnh"},"content":"        System.out.println(greeting);","lastModifiedDate":"2022-08-19"},{"lineNumber":19,"author":{"gitId":"kohnh"},"content":"        System.out.println(parting);","lastModifiedDate":"2022-08-19"},{"lineNumber":20,"author":{"gitId":"-"},"content":"    }","lastModifiedDate":"2019-07-29"},{"lineNumber":21,"author":{"gitId":"-"},"content":"}","lastModifiedDate":"2019-07-29"}],"authorContributionMap":{"kohnh":17,"-":4}}]
