{"authorDailyContributionsMap":{"kohnh":[{"date":"2022-08-17","commitResults":[{"hash":"877d2a923bd1e93e8932b6c5b96dfcd19217a46e","messageTitle":"Added Level-0","messageBody":"","tags":["Level-0"],"fileTypesAndContributionMap":{"java":{"insertions":17,"deletions":6}}},{"hash":"78cab298eb1111ac5fb270d2e060b77965bbdf99","messageTitle":"Renamed File","messageBody":"","fileTypesAndContributionMap":{"java":{"insertions":1,"deletions":1}}}]},{"date":"2022-08-19","commitResults":[{"hash":"02a839308dec4b643321ee0c9e7867cb606e2ae3","messageTitle":"Revert \"Added Level-0\"","messageBody":"This reverts commit 877d2a923bd1e93e8932b6c5b96dfcd19217a46e.\n","fileTypesAndContributionMap":{"java":{"insertions":6,"deletions":17}}},{"hash":"66dfc8b75a1b1ccd7c2b8e9337321e645a2729d2","messageTitle":"Revert \"Revert \"Added Level-0\"\"","messageBody":"This reverts commit 02a839308dec4b643321ee0c9e7867cb606e2ae3.\n","fileTypesAndContributionMap":{"java":{"insertions":17,"deletions":6}}},{"hash":"4d8e843e2ac6949dcd36ef20817934bfc31ab14b","messageTitle":"Revert \"Renamed File\"","messageBody":"This reverts commit 78cab298eb1111ac5fb270d2e060b77965bbdf99.\n","fileTypesAndContributionMap":{"java":{"insertions":1,"deletions":1}}}]},{"date":"2022-08-26","commitResults":[{"hash":"677ff69cd757c3f3411513d69475a444de43037f","messageTitle":"Echo commands entered by user","messageBody":"","tags":["Level-1"],"fileTypesAndContributionMap":{"java":{"insertions":11,"deletions":1}}},{"hash":"bd1574c84160fa9f16d01f898667577511e95534","messageTitle":"Remove echo function and add list of user input","messageBody":"","tags":["Level-2"],"fileTypesAndContributionMap":{"java":{"insertions":12,"deletions":1}}},{"hash":"20ce88dbdf7839d52054c1370e3caba1e31d121d","messageTitle":"Add Task class and ability to mark tasks","messageBody":"","tags":["Level-3"],"fileTypesAndContributionMap":{"java":{"insertions":44,"deletions":5}}}]},{"date":"2022-08-27","commitResults":[{"hash":"67e8a8081aa0864e7aeca11b44d9556cd9843038","messageTitle":"Add task manager class and modify code to comply with coding standards","messageBody":"","tags":["A-CodingStandard"],"fileTypesAndContributionMap":{"java":{"insertions":68,"deletions":48}}}]},{"date":"2022-08-29","commitResults":[{"hash":"3d482741c6b4ce86236412c1a4a34c6021a04617","messageTitle":"Add support for tracking three types of tasks","messageBody":"","tags":["Level-4"],"fileTypesAndContributionMap":{"java":{"insertions":142,"deletions":24}}},{"hash":"39960d20dcb1751ba0bf22c3c59cc45d650b2e2c","messageTitle":"Add automated text UI testing","messageBody":"","tags":["A-TextUiTesting"],"fileTypesAndContributionMap":{"txt":{"insertions":6,"deletions":0},"java":{"insertions":2,"deletions":2}}},{"hash":"c504c2b3caa5a6be0037ddb20e3473760b63f61a","messageTitle":"Refactor code","messageBody":"","tags":["A-CodeQuality"],"fileTypesAndContributionMap":{"java":{"insertions":90,"deletions":98}}}]},{"date":"2022-09-02","commitResults":[{"hash":"690e9d5c5ac159239a8ec0dd04634201939f046e","messageTitle":"Fix Mark/Unmark output format","messageBody":"","fileTypesAndContributionMap":{"java":{"insertions":7,"deletions":3}}}]},{"date":"2022-09-04","commitResults":[{"hash":"86ba035c50d1b684a1e9fcf6fc99bc244fc9a5c3","messageTitle":"Remove magic numbers and change Task Manager indexing to 1 based","messageBody":"","fileTypesAndContributionMap":{"java":{"insertions":19,"deletions":18}}}]},{"date":"2022-09-07","commitResults":[{"hash":"17959bb0bc639d6ea303baf712fee2fac9835282","messageTitle":"Add exception handling for wrong inputs","messageBody":"","tags":["Level-5"],"fileTypesAndContributionMap":{"java":{"insertions":42,"deletions":3}}},{"hash":"0ada11949a76e970e832306911873493e8db536a","messageTitle":"Add more exception handling","messageBody":"","tags":["A-Exceptions"],"fileTypesAndContributionMap":{"java":{"insertions":79,"deletions":47}}}]},{"date":"2022-09-08","commitResults":[{"hash":"d9ebebd376ba11834b9a79fc0621132d12a30adc","messageTitle":"Remove minor redundant code","messageBody":"","fileTypesAndContributionMap":{"java":{"insertions":17,"deletions":21}}},{"hash":"8dbfabd230d6a07c460ac26a53495dd974fc0443","messageTitle":"Divide classes into packages and update regression testing","messageBody":"","tags":["A-Packages"],"fileTypesAndContributionMap":{"java":{"insertions":31,"deletions":0},"bat":{"insertions":2,"deletions":2},"sh":{"insertions":2,"deletions":2}}},{"hash":"fe196934a1614a84b0c36dc9cc06a81a71ce8718","messageTitle":"Add NumberFormatException handling for mark and update regression test","messageBody":"","fileTypesAndContributionMap":{"txt":{"insertions":7,"deletions":1},"java":{"insertions":12,"deletions":8}}}]},{"date":"2022-09-15","commitResults":[{"hash":"f5e7c786a700b1b5a38d5c5797837e2739b90743","messageTitle":"Change TaskManager to use ArrayList and add delete function","messageBody":"","tags":["Level-6"],"fileTypesAndContributionMap":{"txt":{"insertions":1,"deletions":0},"java":{"insertions":37,"deletions":10}}},{"hash":"d1bf6318184cb846171b219f2e38bf0444336590","messageTitle":"Catch empty delete description","messageBody":"","tags":["A-Collections"],"fileTypesAndContributionMap":{"java":{"insertions":2,"deletions":1}}},{"hash":"f9a9e726cd050b07634aacaa252e5b732a449ed6","messageTitle":"Save tasks to hard disk","messageBody":"","tags":["Level-7"],"fileTypesAndContributionMap":{"txt":{"insertions":3,"deletions":0},"java":{"insertions":65,"deletions":1},"bat":{"insertions":1,"deletions":0}}},{"hash":"b6eea5310c6d11a363504bddb6b5997c7eec87e9","messageTitle":"Add meta info","messageBody":"","tags":["A-Jar"],"fileTypesAndContributionMap":{"bat":{"insertions":1,"deletions":1}}}]},{"date":"2022-09-23","commitResults":[{"hash":"07b6c055dde1ca61db11c5de6b1a21134800b152","messageTitle":"Improve code quality and fix coding standards violations","messageBody":"","fileTypesAndContributionMap":{"txt":{"insertions":6,"deletions":2},"java":{"insertions":53,"deletions":72}}},{"hash":"b04bd684bf52da6a0299f86882d05bddebd92dc5","messageTitle":"Extract UI class","messageBody":"","fileTypesAndContributionMap":{"java":{"insertions":111,"deletions":73}}}]},{"date":"2022-09-24","commitResults":[{"hash":"1a022730bd4bcf51618fc49dd8de83e932e1622e","messageTitle":"Extract Tasklist and Storage class","messageBody":"","fileTypesAndContributionMap":{"txt":{"insertions":1,"deletions":0},"java":{"insertions":194,"deletions":146}}}]},{"date":"2022-09-25","commitResults":[{"hash":"c2ce427c1805da3081b429d9df9a6985b91892a8","messageTitle":"Extract Parser and Command class","messageBody":"","tags":["A-MoreOOP"],"fileTypesAndContributionMap":{"txt":{"insertions":1,"deletions":3},"java":{"insertions":272,"deletions":29}}},{"hash":"0bf95e995a5255ea16da488665a44ee497734ad3","messageTitle":"Add date and time functionality","messageBody":"","tags":["Level-8"],"fileTypesAndContributionMap":{"txt":{"insertions":4,"deletions":4},"java":{"insertions":30,"deletions":8}}},{"hash":"de4eeee406991018ca0b22c5a2632c68435eca0e","messageTitle":"Add find command functionality","messageBody":"","tags":["Level-9"],"fileTypesAndContributionMap":{"txt":{"insertions":1,"deletions":0},"java":{"insertions":44,"deletions":1}}},{"hash":"7b5accad21693a20c456afd3c5f4ba2f716b44b7","messageTitle":"Add JavaDoc comments","messageBody":"","tags":["A-JavaDoc"],"fileTypesAndContributionMap":{"java":{"insertions":136,"deletions":51}}}]}]},"authorFileTypeContributionMap":{"kohnh":{"java":856,"md":0,"fxml":0,"sh":2,"bat":3,"gradle":0,"txt":19}},"authorContributionVariance":{"kohnh":14443.401},"authorDisplayNameMap":{"kohnh":"CS2113-F11-3 KOH .. HIN"}}
