{"authorDailyContributionsMap":{"kohnh":[{"date":"2022-08-17","commitResults":[{"hash":"877d2a923bd1e93e8932b6c5b96dfcd19217a46e","messageTitle":"Added Level-0","messageBody":"","tags":["Level-0"],"fileTypesAndContributionMap":{"java":{"insertions":17,"deletions":6}}},{"hash":"78cab298eb1111ac5fb270d2e060b77965bbdf99","messageTitle":"Renamed File","messageBody":"","fileTypesAndContributionMap":{"java":{"insertions":1,"deletions":1}}}]},{"date":"2022-08-19","commitResults":[{"hash":"02a839308dec4b643321ee0c9e7867cb606e2ae3","messageTitle":"Revert \"Added Level-0\"","messageBody":"This reverts commit 877d2a923bd1e93e8932b6c5b96dfcd19217a46e.\n","fileTypesAndContributionMap":{"java":{"insertions":6,"deletions":17}}},{"hash":"66dfc8b75a1b1ccd7c2b8e9337321e645a2729d2","messageTitle":"Revert \"Revert \"Added Level-0\"\"","messageBody":"This reverts commit 02a839308dec4b643321ee0c9e7867cb606e2ae3.\n","fileTypesAndContributionMap":{"java":{"insertions":17,"deletions":6}}},{"hash":"4d8e843e2ac6949dcd36ef20817934bfc31ab14b","messageTitle":"Revert \"Renamed File\"","messageBody":"This reverts commit 78cab298eb1111ac5fb270d2e060b77965bbdf99.\n","fileTypesAndContributionMap":{"java":{"insertions":1,"deletions":1}}}]},{"date":"2022-08-26","commitResults":[{"hash":"677ff69cd757c3f3411513d69475a444de43037f","messageTitle":"Echo commands entered by user","messageBody":"","tags":["Level-1"],"fileTypesAndContributionMap":{"java":{"insertions":11,"deletions":1}}},{"hash":"bd1574c84160fa9f16d01f898667577511e95534","messageTitle":"Remove echo function and add list of user input","messageBody":"","tags":["Level-2"],"fileTypesAndContributionMap":{"java":{"insertions":12,"deletions":1}}},{"hash":"20ce88dbdf7839d52054c1370e3caba1e31d121d","messageTitle":"Add Task class and ability to mark tasks","messageBody":"","tags":["Level-3"],"fileTypesAndContributionMap":{"java":{"insertions":44,"deletions":5}}}]},{"date":"2022-08-27","commitResults":[{"hash":"67e8a8081aa0864e7aeca11b44d9556cd9843038","messageTitle":"Add task manager class and modify code to comply with coding standards","messageBody":"","tags":["A-CodingStandard"],"fileTypesAndContributionMap":{"java":{"insertions":68,"deletions":48}}}]},{"date":"2022-08-29","commitResults":[{"hash":"3d482741c6b4ce86236412c1a4a34c6021a04617","messageTitle":"Add support for tracking three types of tasks","messageBody":"","tags":["Level-4"],"fileTypesAndContributionMap":{"java":{"insertions":142,"deletions":24}}},{"hash":"39960d20dcb1751ba0bf22c3c59cc45d650b2e2c","messageTitle":"Add automated text UI testing","messageBody":"","tags":["A-TextUiTesting"],"fileTypesAndContributionMap":{"txt":{"insertions":6,"deletions":0},"java":{"insertions":2,"deletions":2}}},{"hash":"c504c2b3caa5a6be0037ddb20e3473760b63f61a","messageTitle":"Refactor code","messageBody":"","tags":["A-CodeQuality"],"fileTypesAndContributionMap":{"java":{"insertions":90,"deletions":98}}}]},{"date":"2022-09-02","commitResults":[{"hash":"690e9d5c5ac159239a8ec0dd04634201939f046e","messageTitle":"Fix Mark/Unmark output format","messageBody":"","fileTypesAndContributionMap":{"java":{"insertions":7,"deletions":3}}}]},{"date":"2022-09-04","commitResults":[{"hash":"86ba035c50d1b684a1e9fcf6fc99bc244fc9a5c3","messageTitle":"Remove magic numbers and change Task Manager indexing to 1 based","messageBody":"","fileTypesAndContributionMap":{"java":{"insertions":19,"deletions":18}}}]},{"date":"2022-09-07","commitResults":[{"hash":"17959bb0bc639d6ea303baf712fee2fac9835282","messageTitle":"Add exception handling for wrong inputs","messageBody":"","tags":["Level-5"],"fileTypesAndContributionMap":{"java":{"insertions":42,"deletions":3}}},{"hash":"0ada11949a76e970e832306911873493e8db536a","messageTitle":"Add more exception handling","messageBody":"","tags":["A-Exceptions"],"fileTypesAndContributionMap":{"java":{"insertions":79,"deletions":47}}}]},{"date":"2022-09-08","commitResults":[{"hash":"d9ebebd376ba11834b9a79fc0621132d12a30adc","messageTitle":"Remove minor redundant code","messageBody":"","fileTypesAndContributionMap":{"java":{"insertions":17,"deletions":21}}},{"hash":"8dbfabd230d6a07c460ac26a53495dd974fc0443","messageTitle":"Divide classes into packages and update regression testing","messageBody":"","tags":["A-Packages"],"fileTypesAndContributionMap":{"java":{"insertions":31,"deletions":0},"bat":{"insertions":2,"deletions":2},"sh":{"insertions":2,"deletions":2}}}]}]},"authorFileTypeContributionMap":{"kohnh":{"java":312,"md":0,"fxml":0,"sh":2,"bat":2,"gradle":0,"txt":6}},"authorContributionVariance":{"kohnh":5736.9966},"authorDisplayNameMap":{"kohnh":"CS2113-F11-3 KOH .. HIN"}}
