[{"path":"src/main/java/Dialog.java","fileType":"java","lines":[{"lineNumber":1,"author":{"gitId":"malcolmang"},"content":"import java.util.ArrayList;","lastModifiedDate":"2022-08-21"},{"lineNumber":2,"author":{"gitId":"malcolmang"},"content":"import java.util.List;","lastModifiedDate":"2022-08-21"},{"lineNumber":3,"author":{"gitId":"malcolmang"},"content":"","lastModifiedDate":"2022-08-21"},{"lineNumber":4,"author":{"gitId":"malcolmang"},"content":"public class Dialog {","lastModifiedDate":"2022-08-21"},{"lineNumber":5,"author":{"gitId":"malcolmang"},"content":"    private final int HORIZONTAL_PADDING \u003d 3;","lastModifiedDate":"2022-08-21"},{"lineNumber":6,"author":{"gitId":"malcolmang"},"content":"    private final int INDENT_SIZE \u003d 3;","lastModifiedDate":"2022-08-21"},{"lineNumber":7,"author":{"gitId":"malcolmang"},"content":"    private final int maxRowLength;","lastModifiedDate":"2022-08-21"},{"lineNumber":8,"author":{"gitId":"malcolmang"},"content":"    private final List\u003cString\u003e textBoxRows \u003d new ArrayList\u003c\u003e();","lastModifiedDate":"2022-08-22"},{"lineNumber":9,"author":{"gitId":"malcolmang"},"content":"    private int height;","lastModifiedDate":"2022-08-21"},{"lineNumber":10,"author":{"gitId":"malcolmang"},"content":"    private int width;","lastModifiedDate":"2022-08-21"},{"lineNumber":11,"author":{"gitId":"malcolmang"},"content":"    private boolean isFirstLine \u003d true;","lastModifiedDate":"2022-08-22"},{"lineNumber":12,"author":{"gitId":"malcolmang"},"content":"","lastModifiedDate":"2022-08-21"},{"lineNumber":13,"author":{"gitId":"malcolmang"},"content":"    public Dialog(String text, int consoleWidth, int boxHorizontalPosition) {","lastModifiedDate":"2022-08-21"},{"lineNumber":14,"author":{"gitId":"malcolmang"},"content":"        maxRowLength \u003d consoleWidth - boxHorizontalPosition - this.HORIZONTAL_PADDING * 2 - 2;","lastModifiedDate":"2022-08-21"},{"lineNumber":15,"author":{"gitId":"malcolmang"},"content":"        makeBox(indentText(text));","lastModifiedDate":"2022-08-22"},{"lineNumber":16,"author":{"gitId":"malcolmang"},"content":"    }","lastModifiedDate":"2022-08-22"},{"lineNumber":17,"author":{"gitId":"malcolmang"},"content":"","lastModifiedDate":"2022-08-22"},{"lineNumber":18,"author":{"gitId":"malcolmang"},"content":"    public static String generateIndent(int indentSize) {","lastModifiedDate":"2022-08-22"},{"lineNumber":19,"author":{"gitId":"malcolmang"},"content":"        String indent \u003d \"\";","lastModifiedDate":"2022-08-22"},{"lineNumber":20,"author":{"gitId":"malcolmang"},"content":"        for (int i \u003d 0; i \u003c indentSize; i++) {","lastModifiedDate":"2022-08-22"},{"lineNumber":21,"author":{"gitId":"malcolmang"},"content":"            indent +\u003d \" \";","lastModifiedDate":"2022-08-22"},{"lineNumber":22,"author":{"gitId":"malcolmang"},"content":"        }","lastModifiedDate":"2022-08-22"},{"lineNumber":23,"author":{"gitId":"malcolmang"},"content":"        return indent;","lastModifiedDate":"2022-08-22"},{"lineNumber":24,"author":{"gitId":"malcolmang"},"content":"    }","lastModifiedDate":"2022-08-22"},{"lineNumber":25,"author":{"gitId":"malcolmang"},"content":"","lastModifiedDate":"2022-08-22"},{"lineNumber":26,"author":{"gitId":"malcolmang"},"content":"    private List\u003cString\u003e indentText(String text) {","lastModifiedDate":"2022-08-22"},{"lineNumber":27,"author":{"gitId":"malcolmang"},"content":"        List\u003cString\u003e textRows \u003d new ArrayList\u003cString\u003e();","lastModifiedDate":"2022-08-22"},{"lineNumber":28,"author":{"gitId":"malcolmang"},"content":"        for (String row : text.split(\"\\n\")) {","lastModifiedDate":"2022-08-21"},{"lineNumber":29,"author":{"gitId":"malcolmang"},"content":"            textRows.addAll(indentItem(row));","lastModifiedDate":"2022-08-22"},{"lineNumber":30,"author":{"gitId":"malcolmang"},"content":"        }","lastModifiedDate":"2022-08-22"},{"lineNumber":31,"author":{"gitId":"malcolmang"},"content":"        return textRows;","lastModifiedDate":"2022-08-22"},{"lineNumber":32,"author":{"gitId":"malcolmang"},"content":"    }","lastModifiedDate":"2022-08-22"},{"lineNumber":33,"author":{"gitId":"malcolmang"},"content":"","lastModifiedDate":"2022-08-22"},{"lineNumber":34,"author":{"gitId":"malcolmang"},"content":"    private List\u003cString\u003e indentItem(String row) {","lastModifiedDate":"2022-08-22"},{"lineNumber":35,"author":{"gitId":"malcolmang"},"content":"        isFirstLine \u003d true;","lastModifiedDate":"2022-08-22"},{"lineNumber":36,"author":{"gitId":"malcolmang"},"content":"        List\u003cString\u003e textRowsIndividual \u003d new ArrayList\u003cString\u003e();","lastModifiedDate":"2022-08-22"},{"lineNumber":37,"author":{"gitId":"malcolmang"},"content":"","lastModifiedDate":"2022-08-22"},{"lineNumber":38,"author":{"gitId":"malcolmang"},"content":"        if (row.length() \u003c\u003d maxRowLength) {","lastModifiedDate":"2022-08-22"},{"lineNumber":39,"author":{"gitId":"malcolmang"},"content":"            //if row longer than max length","lastModifiedDate":"2022-08-22"},{"lineNumber":40,"author":{"gitId":"malcolmang"},"content":"            textRowsIndividual.add(row);","lastModifiedDate":"2022-08-22"},{"lineNumber":41,"author":{"gitId":"malcolmang"},"content":"            return textRowsIndividual;","lastModifiedDate":"2022-08-22"},{"lineNumber":42,"author":{"gitId":"malcolmang"},"content":"        } else {","lastModifiedDate":"2022-08-22"},{"lineNumber":43,"author":{"gitId":"malcolmang"},"content":"            int indentLength \u003d 0;","lastModifiedDate":"2022-08-21"},{"lineNumber":44,"author":{"gitId":"malcolmang"},"content":"            int maxLength \u003d maxRowLength;","lastModifiedDate":"2022-08-22"},{"lineNumber":45,"author":{"gitId":"malcolmang"},"content":"            String bufferString \u003d \"\";","lastModifiedDate":"2022-08-22"},{"lineNumber":46,"author":{"gitId":"malcolmang"},"content":"            for (String word : row.split(\" \")) {","lastModifiedDate":"2022-08-21"},{"lineNumber":47,"author":{"gitId":"malcolmang"},"content":"                //if word is longer, split it into multiple chunks","lastModifiedDate":"2022-08-22"},{"lineNumber":48,"author":{"gitId":"malcolmang"},"content":"                if (word.length() \u003e maxLength) {","lastModifiedDate":"2022-08-22"},{"lineNumber":49,"author":{"gitId":"malcolmang"},"content":"                    bufferString \u003d splitWord(word, textRowsIndividual, maxLength, bufferString);","lastModifiedDate":"2022-08-22"},{"lineNumber":50,"author":{"gitId":"malcolmang"},"content":"                    isFirstLine \u003d false;","lastModifiedDate":"2022-08-22"},{"lineNumber":51,"author":{"gitId":"malcolmang"},"content":"                    indentLength \u003d INDENT_SIZE;","lastModifiedDate":"2022-08-21"},{"lineNumber":52,"author":{"gitId":"malcolmang"},"content":"                    maxLength \u003d maxRowLength - INDENT_SIZE;","lastModifiedDate":"2022-08-22"},{"lineNumber":53,"author":{"gitId":"malcolmang"},"content":"                    continue;","lastModifiedDate":"2022-08-22"},{"lineNumber":54,"author":{"gitId":"malcolmang"},"content":"                }","lastModifiedDate":"2022-08-22"},{"lineNumber":55,"author":{"gitId":"malcolmang"},"content":"                //add word to buffer string until buffer string is full","lastModifiedDate":"2022-08-22"},{"lineNumber":56,"author":{"gitId":"malcolmang"},"content":"                if (bufferString.length() + word.length() \u003e maxLength) {","lastModifiedDate":"2022-08-22"},{"lineNumber":57,"author":{"gitId":"malcolmang"},"content":"                    textRowsIndividual.add(generateIndent(indentLength) + bufferString.trim());","lastModifiedDate":"2022-08-22"},{"lineNumber":58,"author":{"gitId":"malcolmang"},"content":"                    bufferString \u003d \"\";","lastModifiedDate":"2022-08-22"},{"lineNumber":59,"author":{"gitId":"malcolmang"},"content":"                    isFirstLine \u003d false;","lastModifiedDate":"2022-08-22"},{"lineNumber":60,"author":{"gitId":"malcolmang"},"content":"                    indentLength \u003d INDENT_SIZE;","lastModifiedDate":"2022-08-22"},{"lineNumber":61,"author":{"gitId":"malcolmang"},"content":"                    maxLength \u003d maxRowLength - INDENT_SIZE;","lastModifiedDate":"2022-08-22"},{"lineNumber":62,"author":{"gitId":"malcolmang"},"content":"                }","lastModifiedDate":"2022-08-21"},{"lineNumber":63,"author":{"gitId":"malcolmang"},"content":"                bufferString +\u003d word + \" \";","lastModifiedDate":"2022-08-21"},{"lineNumber":64,"author":{"gitId":"malcolmang"},"content":"            }","lastModifiedDate":"2022-08-21"},{"lineNumber":65,"author":{"gitId":"malcolmang"},"content":"            //append any remaining string as another row","lastModifiedDate":"2022-08-22"},{"lineNumber":66,"author":{"gitId":"malcolmang"},"content":"            textRowsIndividual.add(generateIndent(indentLength) + bufferString.trim());","lastModifiedDate":"2022-08-22"},{"lineNumber":67,"author":{"gitId":"malcolmang"},"content":"        }","lastModifiedDate":"2022-08-21"},{"lineNumber":68,"author":{"gitId":"malcolmang"},"content":"        return textRowsIndividual;","lastModifiedDate":"2022-08-22"},{"lineNumber":69,"author":{"gitId":"malcolmang"},"content":"    }","lastModifiedDate":"2022-08-21"},{"lineNumber":70,"author":{"gitId":"malcolmang"},"content":"","lastModifiedDate":"2022-08-22"},{"lineNumber":71,"author":{"gitId":"malcolmang"},"content":"    private String splitWord(String word, List\u003cString\u003e textRows, int maxLength, String bufferString) {","lastModifiedDate":"2022-08-22"},{"lineNumber":72,"author":{"gitId":"malcolmang"},"content":"        int index \u003d 0;","lastModifiedDate":"2022-08-22"},{"lineNumber":73,"author":{"gitId":"malcolmang"},"content":"        word \u003d bufferString + word;","lastModifiedDate":"2022-08-22"},{"lineNumber":74,"author":{"gitId":"malcolmang"},"content":"","lastModifiedDate":"2022-08-22"},{"lineNumber":75,"author":{"gitId":"malcolmang"},"content":"        if (isFirstLine) {","lastModifiedDate":"2022-08-22"},{"lineNumber":76,"author":{"gitId":"malcolmang"},"content":"            textRows.add(word.substring(index, maxLength));","lastModifiedDate":"2022-08-22"},{"lineNumber":77,"author":{"gitId":"malcolmang"},"content":"            index \u003d maxLength;","lastModifiedDate":"2022-08-22"},{"lineNumber":78,"author":{"gitId":"malcolmang"},"content":"            maxLength -\u003d INDENT_SIZE;","lastModifiedDate":"2022-08-22"},{"lineNumber":79,"author":{"gitId":"malcolmang"},"content":"        }","lastModifiedDate":"2022-08-21"},{"lineNumber":80,"author":{"gitId":"malcolmang"},"content":"","lastModifiedDate":"2022-08-22"},{"lineNumber":81,"author":{"gitId":"malcolmang"},"content":"        for (; index \u003c word.length(); index +\u003d maxLength) {","lastModifiedDate":"2022-08-22"},{"lineNumber":82,"author":{"gitId":"malcolmang"},"content":"            if (index + maxLength \u003e word.length()) {","lastModifiedDate":"2022-08-22"},{"lineNumber":83,"author":{"gitId":"malcolmang"},"content":"                return generateIndent(INDENT_SIZE) + word.substring(index) + \" \";","lastModifiedDate":"2022-08-22"},{"lineNumber":84,"author":{"gitId":"malcolmang"},"content":"            }","lastModifiedDate":"2022-08-21"},{"lineNumber":85,"author":{"gitId":"malcolmang"},"content":"            textRows.add(generateIndent(INDENT_SIZE) + word.substring(index, index + maxLength));","lastModifiedDate":"2022-08-22"},{"lineNumber":86,"author":{"gitId":"malcolmang"},"content":"        }","lastModifiedDate":"2022-08-21"},{"lineNumber":87,"author":{"gitId":"malcolmang"},"content":"        return \"\";","lastModifiedDate":"2022-08-22"},{"lineNumber":88,"author":{"gitId":"malcolmang"},"content":"    }","lastModifiedDate":"2022-08-21"},{"lineNumber":89,"author":{"gitId":"malcolmang"},"content":"","lastModifiedDate":"2022-08-21"},{"lineNumber":90,"author":{"gitId":"malcolmang"},"content":"    private void makeBox(List\u003cString\u003e textRows) {","lastModifiedDate":"2022-08-22"},{"lineNumber":91,"author":{"gitId":"malcolmang"},"content":"        width \u003d maxRowLength + HORIZONTAL_PADDING * 2;","lastModifiedDate":"2022-08-21"},{"lineNumber":92,"author":{"gitId":"malcolmang"},"content":"        height \u003d textRows.size() + 2;","lastModifiedDate":"2022-08-21"},{"lineNumber":93,"author":{"gitId":"malcolmang"},"content":"","lastModifiedDate":"2022-08-22"},{"lineNumber":94,"author":{"gitId":"malcolmang"},"content":"        String vertical \u003d \"\";","lastModifiedDate":"2022-08-21"},{"lineNumber":95,"author":{"gitId":"malcolmang"},"content":"        for (int i \u003d 0; i \u003c\u003d width; i++) {","lastModifiedDate":"2022-08-21"},{"lineNumber":96,"author":{"gitId":"malcolmang"},"content":"            vertical +\u003d \"\u003d\";","lastModifiedDate":"2022-08-21"},{"lineNumber":97,"author":{"gitId":"malcolmang"},"content":"        }","lastModifiedDate":"2022-08-21"},{"lineNumber":98,"author":{"gitId":"malcolmang"},"content":"","lastModifiedDate":"2022-08-22"},{"lineNumber":99,"author":{"gitId":"malcolmang"},"content":"        for (String row : textRows) {","lastModifiedDate":"2022-08-21"},{"lineNumber":100,"author":{"gitId":"malcolmang"},"content":"            textBoxRows.add(\" |\" + generateIndent(HORIZONTAL_PADDING) + row","lastModifiedDate":"2022-08-22"},{"lineNumber":101,"author":{"gitId":"malcolmang"},"content":"                    + generateIndent(width - row.length() - HORIZONTAL_PADDING) + \"|\");","lastModifiedDate":"2022-08-22"},{"lineNumber":102,"author":{"gitId":"malcolmang"},"content":"        }","lastModifiedDate":"2022-08-21"},{"lineNumber":103,"author":{"gitId":"malcolmang"},"content":"","lastModifiedDate":"2022-08-21"},{"lineNumber":104,"author":{"gitId":"malcolmang"},"content":"        textBoxRows.add(0, \"  \" + vertical);","lastModifiedDate":"2022-08-21"},{"lineNumber":105,"author":{"gitId":"malcolmang"},"content":"        textBoxRows.add(\"/\u003d\" + vertical);","lastModifiedDate":"2022-08-21"},{"lineNumber":106,"author":{"gitId":"malcolmang"},"content":"    }","lastModifiedDate":"2022-08-21"},{"lineNumber":107,"author":{"gitId":"malcolmang"},"content":"","lastModifiedDate":"2022-08-21"},{"lineNumber":108,"author":{"gitId":"malcolmang"},"content":"    public int getHeight() {","lastModifiedDate":"2022-08-21"},{"lineNumber":109,"author":{"gitId":"malcolmang"},"content":"        return height;","lastModifiedDate":"2022-08-21"},{"lineNumber":110,"author":{"gitId":"malcolmang"},"content":"    }","lastModifiedDate":"2022-08-21"},{"lineNumber":111,"author":{"gitId":"malcolmang"},"content":"","lastModifiedDate":"2022-08-21"},{"lineNumber":112,"author":{"gitId":"malcolmang"},"content":"    public int getWidth() {","lastModifiedDate":"2022-08-21"},{"lineNumber":113,"author":{"gitId":"malcolmang"},"content":"        return width;","lastModifiedDate":"2022-08-21"},{"lineNumber":114,"author":{"gitId":"malcolmang"},"content":"    }","lastModifiedDate":"2022-08-21"},{"lineNumber":115,"author":{"gitId":"malcolmang"},"content":"","lastModifiedDate":"2022-08-21"},{"lineNumber":116,"author":{"gitId":"malcolmang"},"content":"    public List\u003cString\u003e getTextBox() {","lastModifiedDate":"2022-08-21"},{"lineNumber":117,"author":{"gitId":"malcolmang"},"content":"        return textBoxRows;","lastModifiedDate":"2022-08-21"},{"lineNumber":118,"author":{"gitId":"malcolmang"},"content":"    }","lastModifiedDate":"2022-08-21"},{"lineNumber":119,"author":{"gitId":"malcolmang"},"content":"}","lastModifiedDate":"2022-08-21"}],"authorContributionMap":{"malcolmang":119}},{"path":"src/main/java/Display.java","fileType":"java","lines":[{"lineNumber":1,"author":{"gitId":"malcolmang"},"content":"import java.io.IOException;","lastModifiedDate":"2022-08-21"},{"lineNumber":2,"author":{"gitId":"malcolmang"},"content":"import java.util.ArrayList;","lastModifiedDate":"2022-08-21"},{"lineNumber":3,"author":{"gitId":"malcolmang"},"content":"import java.util.Arrays;","lastModifiedDate":"2022-08-21"},{"lineNumber":4,"author":{"gitId":"malcolmang"},"content":"import java.util.List;","lastModifiedDate":"2022-08-21"},{"lineNumber":5,"author":{"gitId":"malcolmang"},"content":"import java.util.Scanner;","lastModifiedDate":"2022-08-21"},{"lineNumber":6,"author":{"gitId":"malcolmang"},"content":"","lastModifiedDate":"2022-08-21"},{"lineNumber":7,"author":{"gitId":"malcolmang"},"content":"public class Display {","lastModifiedDate":"2022-08-21"},{"lineNumber":8,"author":{"gitId":"malcolmang"},"content":"    private final List\u003cString\u003e textRows;","lastModifiedDate":"2022-08-22"},{"lineNumber":9,"author":{"gitId":"malcolmang"},"content":"    private static final int MAX_WIDTH \u003d 80; //default: 80","lastModifiedDate":"2022-08-21"},{"lineNumber":10,"author":{"gitId":"malcolmang"},"content":"    private static final int TEXTBOX_HORIZONTAL_POSITION \u003d 46;","lastModifiedDate":"2022-08-21"},{"lineNumber":11,"author":{"gitId":"malcolmang"},"content":"    private static final int TEXTBOX_VERTICAL_POSITION \u003d 20;","lastModifiedDate":"2022-08-21"},{"lineNumber":12,"author":{"gitId":"malcolmang"},"content":"    private static final Scanner reader \u003d new Scanner(System.in);","lastModifiedDate":"2022-08-22"},{"lineNumber":13,"author":{"gitId":"malcolmang"},"content":"","lastModifiedDate":"2022-08-21"},{"lineNumber":14,"author":{"gitId":"malcolmang"},"content":"    public Display() {","lastModifiedDate":"2022-08-21"},{"lineNumber":15,"author":{"gitId":"malcolmang"},"content":"        String chris \u003d","lastModifiedDate":"2022-08-21"},{"lineNumber":16,"author":{"gitId":"malcolmang"},"content":"                //@@author Chris Johnson-reused","lastModifiedDate":"2022-08-21"},{"lineNumber":17,"author":{"gitId":"malcolmang"},"content":"                //ASCII Art reused from https://asciiart.website/index.php?art\u003dpeople/chris%20johnson","lastModifiedDate":"2022-08-21"},{"lineNumber":18,"author":{"gitId":"malcolmang"},"content":"                //with minor modifications","lastModifiedDate":"2022-08-21"},{"lineNumber":19,"author":{"gitId":"malcolmang"},"content":"                \"                   ,X#N#####;.                      \\n\"","lastModifiedDate":"2022-08-22"},{"lineNumber":20,"author":{"gitId":"malcolmang"},"content":"                        + \"                p####Q#@@@##8##s;                   \\n\"","lastModifiedDate":"2022-08-22"},{"lineNumber":21,"author":{"gitId":"malcolmang"},"content":"                        + \"             p#         #   @ ####QNp@.,            \\n\"","lastModifiedDate":"2022-08-22"},{"lineNumber":22,"author":{"gitId":"malcolmang"},"content":"                        + \"           ,#     88bb## # @     #####@@            \\n\"","lastModifiedDate":"2022-08-22"},{"lineNumber":23,"author":{"gitId":"malcolmang"},"content":"                        + \"          p##@ @8\u0027      ` ^\\\"\\\"\\\"T\\\"T8b88###            \\n\"","lastModifiedDate":"2022-08-22"},{"lineNumber":24,"author":{"gitId":"malcolmang"},"content":"                        + \"         b#  ##8*                      ##           \\n\"","lastModifiedDate":"2022-08-22"},{"lineNumber":25,"author":{"gitId":"malcolmang"},"content":"                        + \"         ###@#8G                    .: b#@          \\n\"","lastModifiedDate":"2022-08-22"},{"lineNumber":26,"author":{"gitId":"malcolmang"},"content":"                        + \"         ###$vfG                    GG b##          \\n\"","lastModifiedDate":"2022-08-22"},{"lineNumber":27,"author":{"gitId":"malcolmang"},"content":"                        + \"        bN#@$Sl*                   ^GG:S##          \\n\"","lastModifiedDate":"2022-08-22"},{"lineNumber":28,"author":{"gitId":"malcolmang"},"content":"                        + \"        #NQGS\\\"                     GGGGN#G          \\n\"","lastModifiedDate":"2022-08-22"},{"lineNumber":29,"author":{"gitId":"malcolmang"},"content":"                        + \"        S##$!*  ppS####s;,         ^Gpll@Q          \\n\"","lastModifiedDate":"2022-08-22"},{"lineNumber":30,"author":{"gitId":"malcolmang"},"content":"                        + \"        ###9   `\u0027oG\\\\\\\"###89   pQ#####s.Gb#G          \\n\"","lastModifiedDate":"2022-08-22"},{"lineNumber":31,"author":{"gitId":"malcolmang"},"content":"                        + \"        G#QGo:* Tb7778bo\\\"*  p@5#@@Qs|#Gb@#          \\n\"","lastModifiedDate":"2022-08-22"},{"lineNumber":32,"author":{"gitId":"malcolmang"},"content":"                        + \"        |GG!       \u0027`  \u0027 *  bb#G ^b#@3{b#\\\\          \\n\"","lastModifiedDate":"2022-08-22"},{"lineNumber":33,"author":{"gitId":"malcolmang"},"content":"                        + \"        /pGG!:              G^       CG#@@          \\n\"","lastModifiedDate":"2022-08-22"},{"lineNumber":34,"author":{"gitId":"malcolmang"},"content":"                        + \"         ^GGG      v? ;     p9$,     pG#@           \\n\"","lastModifiedDate":"2022-08-22"},{"lineNumber":35,"author":{"gitId":"malcolmang"},"content":"                        + \"          f: .  pl  GG+b#;pN#8lGG,  pS@G\u0027           \\n\"","lastModifiedDate":"2022-08-22"},{"lineNumber":36,"author":{"gitId":"malcolmang"},"content":"                        + \"           GG * b\\\"##ss,  ^\\\"^GGQSGblGGl@             \\n\"","lastModifiedDate":"2022-08-22"},{"lineNumber":37,"author":{"gitId":"malcolmang"},"content":"                        + \"           GG:C! .  Go., ^ ^D#57^7 #1               \\n\"","lastModifiedDate":"2022-08-22"},{"lineNumber":38,"author":{"gitId":"malcolmang"},"content":"                        + \"            lG G)   ;     GGGQlG\\\"p#@                \\n\"","lastModifiedDate":"2022-08-22"},{"lineNumber":39,"author":{"gitId":"malcolmang"},"content":"                        + \"          NGb#j    + ^G;GGpSS#3pN#@                 \\n\"","lastModifiedDate":"2022-08-22"},{"lineNumber":40,"author":{"gitId":"malcolmang"},"content":"                        + \"  ,wmM####@GGb##;G       \u0027^GGGQ#@`                  \\n\"","lastModifiedDate":"2022-08-22"},{"lineNumber":41,"author":{"gitId":"malcolmang"},"content":"                        + \"######### @GGCG###;;.      pS###@#s,                \\n\"","lastModifiedDate":"2022-08-22"},{"lineNumber":42,"author":{"gitId":"malcolmang"},"content":"                        + \"######### @GGGGGGG#######N######   ####s,.          \\n\"","lastModifiedDate":"2022-08-22"},{"lineNumber":43,"author":{"gitId":"malcolmang"},"content":"                        + \"##########@G GGGGG GGGG########     ##@####s,       \\n\"","lastModifiedDate":"2022-08-22"},{"lineNumber":44,"author":{"gitId":"malcolmang"},"content":"                        + \"###########S.   GG  CGGS#######   #  # ########s,   \\n\"","lastModifiedDate":"2022-08-22"},{"lineNumber":45,"author":{"gitId":"malcolmang"},"content":"                        + \"##### ######;G   ^\u0027\u0027 ~^GGSGGQ#   # #   ############,\";","lastModifiedDate":"2022-08-22"},{"lineNumber":46,"author":{"gitId":"-"},"content":"        //@@author","lastModifiedDate":"2022-08-21"},{"lineNumber":47,"author":{"gitId":"-"},"content":"        textRows \u003d Arrays.asList(chris.split(\"\\n\"));","lastModifiedDate":"2022-08-21"},{"lineNumber":48,"author":{"gitId":"-"},"content":"    }","lastModifiedDate":"2022-08-21"},{"lineNumber":49,"author":{"gitId":"-"},"content":"","lastModifiedDate":"2022-08-21"},{"lineNumber":50,"author":{"gitId":"-"},"content":"    public void print(String text) {","lastModifiedDate":"2022-08-21"},{"lineNumber":51,"author":{"gitId":"-"},"content":"        Dialog textbox \u003d new Dialog(text, MAX_WIDTH, TEXTBOX_HORIZONTAL_POSITION);","lastModifiedDate":"2022-08-21"},{"lineNumber":52,"author":{"gitId":"-"},"content":"        int rowIndex \u003d 0;","lastModifiedDate":"2022-08-21"},{"lineNumber":53,"author":{"gitId":"-"},"content":"        int textboxIndex \u003d 0;","lastModifiedDate":"2022-08-21"},{"lineNumber":54,"author":{"gitId":"-"},"content":"        int textboxUpperBounds \u003d TEXTBOX_VERTICAL_POSITION - textbox.getHeight();","lastModifiedDate":"2022-08-21"},{"lineNumber":55,"author":{"gitId":"-"},"content":"        int textboxLowerBounds \u003d TEXTBOX_VERTICAL_POSITION;","lastModifiedDate":"2022-08-21"},{"lineNumber":56,"author":{"gitId":"-"},"content":"","lastModifiedDate":"2022-08-21"},{"lineNumber":57,"author":{"gitId":"-"},"content":"        List\u003cString\u003e outputTextRows \u003d extendScreen(textRows, textboxUpperBounds);","lastModifiedDate":"2022-08-21"},{"lineNumber":58,"author":{"gitId":"-"},"content":"        clearScreen();","lastModifiedDate":"2022-08-22"},{"lineNumber":59,"author":{"gitId":"-"},"content":"","lastModifiedDate":"2022-08-21"},{"lineNumber":60,"author":{"gitId":"-"},"content":"        if (outputTextRows.size() !\u003d textRows.size()) {","lastModifiedDate":"2022-08-21"},{"lineNumber":61,"author":{"gitId":"-"},"content":"            textboxLowerBounds +\u003d -textboxUpperBounds + 1;","lastModifiedDate":"2022-08-21"},{"lineNumber":62,"author":{"gitId":"-"},"content":"            textboxUpperBounds \u003d 0;","lastModifiedDate":"2022-08-21"},{"lineNumber":63,"author":{"gitId":"-"},"content":"        }","lastModifiedDate":"2022-08-21"},{"lineNumber":64,"author":{"gitId":"-"},"content":"","lastModifiedDate":"2022-08-22"},{"lineNumber":65,"author":{"gitId":"-"},"content":"        for (String row : outputTextRows) {","lastModifiedDate":"2022-08-21"},{"lineNumber":66,"author":{"gitId":"-"},"content":"            rowIndex++;","lastModifiedDate":"2022-08-21"},{"lineNumber":67,"author":{"gitId":"-"},"content":"            if (rowIndex \u003c textboxLowerBounds \u0026\u0026 rowIndex \u003e\u003d textboxUpperBounds) {","lastModifiedDate":"2022-08-21"},{"lineNumber":68,"author":{"gitId":"-"},"content":"                row \u003d row.substring(0, TEXTBOX_HORIZONTAL_POSITION) + textbox.getTextBox().get(textboxIndex);","lastModifiedDate":"2022-08-21"},{"lineNumber":69,"author":{"gitId":"-"},"content":"                textboxIndex++;","lastModifiedDate":"2022-08-21"},{"lineNumber":70,"author":{"gitId":"-"},"content":"            }","lastModifiedDate":"2022-08-21"},{"lineNumber":71,"author":{"gitId":"-"},"content":"            System.out.println(row);","lastModifiedDate":"2022-08-21"},{"lineNumber":72,"author":{"gitId":"-"},"content":"        }","lastModifiedDate":"2022-08-21"},{"lineNumber":73,"author":{"gitId":"-"},"content":"    }","lastModifiedDate":"2022-08-21"},{"lineNumber":74,"author":{"gitId":"-"},"content":"","lastModifiedDate":"2022-08-21"},{"lineNumber":75,"author":{"gitId":"-"},"content":"    //@@author Abishek Kashyap-reused","lastModifiedDate":"2022-08-21"},{"lineNumber":76,"author":{"gitId":"-"},"content":"    //Code reused from https://stackoverflow.com/a/38365871","lastModifiedDate":"2022-08-21"},{"lineNumber":77,"author":{"gitId":"-"},"content":"    //with minor modifications","lastModifiedDate":"2022-08-21"},{"lineNumber":78,"author":{"gitId":"-"},"content":"    private static void clearScreen() {","lastModifiedDate":"2022-08-21"},{"lineNumber":79,"author":{"gitId":"-"},"content":"        //Clears Screen in java","lastModifiedDate":"2022-08-21"},{"lineNumber":80,"author":{"gitId":"-"},"content":"        try {","lastModifiedDate":"2022-08-21"},{"lineNumber":81,"author":{"gitId":"-"},"content":"            if (System.getProperty(\"os.name\").contains(\"Windows\")) {","lastModifiedDate":"2022-08-21"},{"lineNumber":82,"author":{"gitId":"-"},"content":"                new ProcessBuilder(\"cmd\", \"/c\", \"cls\").inheritIO().start().waitFor();","lastModifiedDate":"2022-08-21"},{"lineNumber":83,"author":{"gitId":"-"},"content":"            } else {","lastModifiedDate":"2022-08-21"},{"lineNumber":84,"author":{"gitId":"-"},"content":"                Runtime.getRuntime().exec(\"clear\");","lastModifiedDate":"2022-08-21"},{"lineNumber":85,"author":{"gitId":"-"},"content":"            }","lastModifiedDate":"2022-08-21"},{"lineNumber":86,"author":{"gitId":"-"},"content":"        } catch (IOException | InterruptedException ex) {","lastModifiedDate":"2022-08-21"},{"lineNumber":87,"author":{"gitId":"-"},"content":"        }","lastModifiedDate":"2022-08-21"},{"lineNumber":88,"author":{"gitId":"-"},"content":"    }","lastModifiedDate":"2022-08-21"},{"lineNumber":89,"author":{"gitId":"-"},"content":"    //@@author","lastModifiedDate":"2022-08-21"},{"lineNumber":90,"author":{"gitId":"malcolmang"},"content":"","lastModifiedDate":"2022-08-22"},{"lineNumber":91,"author":{"gitId":"malcolmang"},"content":"    public List\u003cString\u003e extendScreen(List\u003cString\u003e inputRows, int difference) {","lastModifiedDate":"2022-08-21"},{"lineNumber":92,"author":{"gitId":"malcolmang"},"content":"        List\u003cString\u003e outputRows \u003d new ArrayList\u003c\u003e();","lastModifiedDate":"2022-08-22"},{"lineNumber":93,"author":{"gitId":"malcolmang"},"content":"        if (difference \u003c 0) {","lastModifiedDate":"2022-08-21"},{"lineNumber":94,"author":{"gitId":"malcolmang"},"content":"            for (int i \u003d 0; i \u003e\u003d difference; i--) {","lastModifiedDate":"2022-08-21"},{"lineNumber":95,"author":{"gitId":"malcolmang"},"content":"                outputRows.add(0, Dialog.generateIndent(MAX_WIDTH));","lastModifiedDate":"2022-08-21"},{"lineNumber":96,"author":{"gitId":"malcolmang"},"content":"            }","lastModifiedDate":"2022-08-21"},{"lineNumber":97,"author":{"gitId":"malcolmang"},"content":"        }","lastModifiedDate":"2022-08-21"},{"lineNumber":98,"author":{"gitId":"malcolmang"},"content":"        outputRows.addAll(inputRows);","lastModifiedDate":"2022-08-21"},{"lineNumber":99,"author":{"gitId":"malcolmang"},"content":"        return outputRows;","lastModifiedDate":"2022-08-21"},{"lineNumber":100,"author":{"gitId":"malcolmang"},"content":"    }","lastModifiedDate":"2022-08-21"},{"lineNumber":101,"author":{"gitId":"malcolmang"},"content":"","lastModifiedDate":"2022-08-21"},{"lineNumber":102,"author":{"gitId":"malcolmang"},"content":"    public String getInput() {","lastModifiedDate":"2022-08-21"},{"lineNumber":103,"author":{"gitId":"malcolmang"},"content":"        System.out.println(\"\");","lastModifiedDate":"2022-08-21"},{"lineNumber":104,"author":{"gitId":"malcolmang"},"content":"        System.out.println(\"What would you like to do?\");","lastModifiedDate":"2022-08-21"},{"lineNumber":105,"author":{"gitId":"malcolmang"},"content":"        System.out.print(\"INPUT:    \");","lastModifiedDate":"2022-08-21"},{"lineNumber":106,"author":{"gitId":"malcolmang"},"content":"        return reader.nextLine();","lastModifiedDate":"2022-08-21"},{"lineNumber":107,"author":{"gitId":"malcolmang"},"content":"    }","lastModifiedDate":"2022-08-21"},{"lineNumber":108,"author":{"gitId":"malcolmang"},"content":"}","lastModifiedDate":"2022-08-21"}],"authorContributionMap":{"malcolmang":64,"-":44}},{"path":"src/main/java/Duke.java","fileType":"java","lines":[{"lineNumber":1,"author":{"gitId":"-"},"content":"public class Duke {","lastModifiedDate":"2022-08-18"},{"lineNumber":2,"author":{"gitId":"malcolmang"},"content":"    public static Display window \u003d new Display();","lastModifiedDate":"2022-08-21"},{"lineNumber":3,"author":{"gitId":"malcolmang"},"content":"    public static ToDoList toDoList \u003d new ToDoList();","lastModifiedDate":"2022-08-21"},{"lineNumber":4,"author":{"gitId":"malcolmang"},"content":"","lastModifiedDate":"2022-08-21"},{"lineNumber":5,"author":{"gitId":"-"},"content":"    public static void main(String[] args) {","lastModifiedDate":"2022-08-15"},{"lineNumber":6,"author":{"gitId":"malcolmang"},"content":"        greet();","lastModifiedDate":"2022-08-21"},{"lineNumber":7,"author":{"gitId":"malcolmang"},"content":"        programBody();","lastModifiedDate":"2022-08-21"},{"lineNumber":8,"author":{"gitId":"malcolmang"},"content":"        exit();","lastModifiedDate":"2022-08-21"},{"lineNumber":9,"author":{"gitId":"malcolmang"},"content":"    }","lastModifiedDate":"2022-08-21"},{"lineNumber":10,"author":{"gitId":"malcolmang"},"content":"","lastModifiedDate":"2022-08-21"},{"lineNumber":11,"author":{"gitId":"malcolmang"},"content":"    public static void programBody() {","lastModifiedDate":"2022-08-21"},{"lineNumber":12,"author":{"gitId":"malcolmang"},"content":"        while (true) {","lastModifiedDate":"2022-08-21"},{"lineNumber":13,"author":{"gitId":"malcolmang"},"content":"            String input \u003d window.getInput();","lastModifiedDate":"2022-08-21"},{"lineNumber":14,"author":{"gitId":"malcolmang"},"content":"            if (input.equalsIgnoreCase(\"bye\")) {","lastModifiedDate":"2022-08-21"},{"lineNumber":15,"author":{"gitId":"malcolmang"},"content":"                break;","lastModifiedDate":"2022-08-21"},{"lineNumber":16,"author":{"gitId":"malcolmang"},"content":"            } else if (input.equalsIgnoreCase(\"list\")) {","lastModifiedDate":"2022-08-21"},{"lineNumber":17,"author":{"gitId":"malcolmang"},"content":"                window.print(toDoList.toString());","lastModifiedDate":"2022-08-21"},{"lineNumber":18,"author":{"gitId":"malcolmang"},"content":"            } else if (stringContains(input, \"mark\")) {","lastModifiedDate":"2022-08-21"},{"lineNumber":19,"author":{"gitId":"malcolmang"},"content":"                int itemIndex \u003d Integer.parseInt(input.split(\" \")[1]) - 1;","lastModifiedDate":"2022-08-21"},{"lineNumber":20,"author":{"gitId":"malcolmang"},"content":"                toDoList.markItem(itemIndex);","lastModifiedDate":"2022-08-21"},{"lineNumber":21,"author":{"gitId":"malcolmang"},"content":"                window.print(\"Marked task \\\"\" + toDoList.getTextOfItem(itemIndex) + \"\\\" as done.\");","lastModifiedDate":"2022-08-21"},{"lineNumber":22,"author":{"gitId":"malcolmang"},"content":"            } else if (stringContains(input, \"unmark\")) {","lastModifiedDate":"2022-08-21"},{"lineNumber":23,"author":{"gitId":"malcolmang"},"content":"                int itemIndex \u003d Integer.parseInt(input.split(\" \")[1]) - 1;","lastModifiedDate":"2022-08-21"},{"lineNumber":24,"author":{"gitId":"malcolmang"},"content":"                toDoList.unmarkItem(itemIndex);","lastModifiedDate":"2022-08-21"},{"lineNumber":25,"author":{"gitId":"malcolmang"},"content":"                window.print(\"Marked task \\\"\" + toDoList.getTextOfItem(itemIndex) + \"\\\" as not yet done.\");","lastModifiedDate":"2022-08-21"},{"lineNumber":26,"author":{"gitId":"malcolmang"},"content":"            } else {","lastModifiedDate":"2022-08-21"},{"lineNumber":27,"author":{"gitId":"malcolmang"},"content":"                toDoList.addItem(input);","lastModifiedDate":"2022-08-21"},{"lineNumber":28,"author":{"gitId":"malcolmang"},"content":"                window.print(\"Added \\\"\" + input.trim() + \"\\\" to your list.\");","lastModifiedDate":"2022-08-21"},{"lineNumber":29,"author":{"gitId":"malcolmang"},"content":"            }","lastModifiedDate":"2022-08-21"},{"lineNumber":30,"author":{"gitId":"malcolmang"},"content":"        }","lastModifiedDate":"2022-08-21"},{"lineNumber":31,"author":{"gitId":"malcolmang"},"content":"    }","lastModifiedDate":"2022-08-21"},{"lineNumber":32,"author":{"gitId":"malcolmang"},"content":"","lastModifiedDate":"2022-08-21"},{"lineNumber":33,"author":{"gitId":"malcolmang"},"content":"    private static void greet() {","lastModifiedDate":"2022-08-21"},{"lineNumber":34,"author":{"gitId":"malcolmang"},"content":"        window.print(\"Good morning!\\nWhat would you like to do today?\");","lastModifiedDate":"2022-08-21"},{"lineNumber":35,"author":{"gitId":"malcolmang"},"content":"    }","lastModifiedDate":"2022-08-21"},{"lineNumber":36,"author":{"gitId":"malcolmang"},"content":"","lastModifiedDate":"2022-08-21"},{"lineNumber":37,"author":{"gitId":"malcolmang"},"content":"    private static void exit() {","lastModifiedDate":"2022-08-21"},{"lineNumber":38,"author":{"gitId":"malcolmang"},"content":"        window.print(\"Alright, see you around then!\");","lastModifiedDate":"2022-08-21"},{"lineNumber":39,"author":{"gitId":"malcolmang"},"content":"    }","lastModifiedDate":"2022-08-21"},{"lineNumber":40,"author":{"gitId":"malcolmang"},"content":"","lastModifiedDate":"2022-08-21"},{"lineNumber":41,"author":{"gitId":"malcolmang"},"content":"    private static boolean stringContains(String input, String substring) {","lastModifiedDate":"2022-08-21"},{"lineNumber":42,"author":{"gitId":"malcolmang"},"content":"        return input.split(\" \")[0].equalsIgnoreCase(substring);","lastModifiedDate":"2022-08-21"},{"lineNumber":43,"author":{"gitId":"-"},"content":"    }","lastModifiedDate":"2022-08-21"},{"lineNumber":44,"author":{"gitId":"-"},"content":"}","lastModifiedDate":"2022-08-15"}],"authorContributionMap":{"malcolmang":40,"-":4}},{"path":"src/main/java/ToDoItem.java","fileType":"java","lines":[{"lineNumber":1,"author":{"gitId":"malcolmang"},"content":"public class ToDoItem {","lastModifiedDate":"2022-08-21"},{"lineNumber":2,"author":{"gitId":"malcolmang"},"content":"    private String text;","lastModifiedDate":"2022-08-21"},{"lineNumber":3,"author":{"gitId":"malcolmang"},"content":"    private boolean isDone \u003d false;","lastModifiedDate":"2022-08-22"},{"lineNumber":4,"author":{"gitId":"malcolmang"},"content":"","lastModifiedDate":"2022-08-21"},{"lineNumber":5,"author":{"gitId":"malcolmang"},"content":"    public ToDoItem(String text) {","lastModifiedDate":"2022-08-21"},{"lineNumber":6,"author":{"gitId":"malcolmang"},"content":"        this.text \u003d text.trim();","lastModifiedDate":"2022-08-21"},{"lineNumber":7,"author":{"gitId":"malcolmang"},"content":"    }","lastModifiedDate":"2022-08-21"},{"lineNumber":8,"author":{"gitId":"malcolmang"},"content":"","lastModifiedDate":"2022-08-21"},{"lineNumber":9,"author":{"gitId":"malcolmang"},"content":"    public String toString() {","lastModifiedDate":"2022-08-21"},{"lineNumber":10,"author":{"gitId":"malcolmang"},"content":"        return \"[\" + getStatusIcon() + \"] \" + text;","lastModifiedDate":"2022-08-21"},{"lineNumber":11,"author":{"gitId":"malcolmang"},"content":"    }","lastModifiedDate":"2022-08-21"},{"lineNumber":12,"author":{"gitId":"malcolmang"},"content":"","lastModifiedDate":"2022-08-21"},{"lineNumber":13,"author":{"gitId":"malcolmang"},"content":"    public String getText() {","lastModifiedDate":"2022-08-21"},{"lineNumber":14,"author":{"gitId":"malcolmang"},"content":"        return text;","lastModifiedDate":"2022-08-21"},{"lineNumber":15,"author":{"gitId":"malcolmang"},"content":"    }","lastModifiedDate":"2022-08-21"},{"lineNumber":16,"author":{"gitId":"malcolmang"},"content":"","lastModifiedDate":"2022-08-21"},{"lineNumber":17,"author":{"gitId":"malcolmang"},"content":"    public String getStatusIcon() {","lastModifiedDate":"2022-08-21"},{"lineNumber":18,"author":{"gitId":"malcolmang"},"content":"        return isDone ? \"⬤\" : \" \";","lastModifiedDate":"2022-08-21"},{"lineNumber":19,"author":{"gitId":"malcolmang"},"content":"    }","lastModifiedDate":"2022-08-21"},{"lineNumber":20,"author":{"gitId":"malcolmang"},"content":"","lastModifiedDate":"2022-08-21"},{"lineNumber":21,"author":{"gitId":"malcolmang"},"content":"    public boolean isDone() {","lastModifiedDate":"2022-08-21"},{"lineNumber":22,"author":{"gitId":"malcolmang"},"content":"        return isDone;","lastModifiedDate":"2022-08-21"},{"lineNumber":23,"author":{"gitId":"malcolmang"},"content":"    }","lastModifiedDate":"2022-08-21"},{"lineNumber":24,"author":{"gitId":"malcolmang"},"content":"","lastModifiedDate":"2022-08-21"},{"lineNumber":25,"author":{"gitId":"malcolmang"},"content":"    public void setDone(boolean isDone) {","lastModifiedDate":"2022-08-21"},{"lineNumber":26,"author":{"gitId":"malcolmang"},"content":"        this.isDone \u003d isDone;","lastModifiedDate":"2022-08-21"},{"lineNumber":27,"author":{"gitId":"malcolmang"},"content":"    }","lastModifiedDate":"2022-08-21"},{"lineNumber":28,"author":{"gitId":"malcolmang"},"content":"}","lastModifiedDate":"2022-08-21"}],"authorContributionMap":{"malcolmang":28}},{"path":"src/main/java/ToDoList.java","fileType":"java","lines":[{"lineNumber":1,"author":{"gitId":"malcolmang"},"content":"import java.util.ArrayList;","lastModifiedDate":"2022-08-21"},{"lineNumber":2,"author":{"gitId":"malcolmang"},"content":"import java.util.List;","lastModifiedDate":"2022-08-21"},{"lineNumber":3,"author":{"gitId":"malcolmang"},"content":"","lastModifiedDate":"2022-08-21"},{"lineNumber":4,"author":{"gitId":"malcolmang"},"content":"public class ToDoList {","lastModifiedDate":"2022-08-21"},{"lineNumber":5,"author":{"gitId":"malcolmang"},"content":"    private List\u003cToDoItem\u003e items;","lastModifiedDate":"2022-08-21"},{"lineNumber":6,"author":{"gitId":"malcolmang"},"content":"","lastModifiedDate":"2022-08-21"},{"lineNumber":7,"author":{"gitId":"malcolmang"},"content":"    public ToDoList() {","lastModifiedDate":"2022-08-21"},{"lineNumber":8,"author":{"gitId":"malcolmang"},"content":"        items \u003d new ArrayList\u003cToDoItem\u003e();","lastModifiedDate":"2022-08-21"},{"lineNumber":9,"author":{"gitId":"malcolmang"},"content":"    }","lastModifiedDate":"2022-08-21"},{"lineNumber":10,"author":{"gitId":"malcolmang"},"content":"","lastModifiedDate":"2022-08-21"},{"lineNumber":11,"author":{"gitId":"malcolmang"},"content":"    public void addItem(String item) {","lastModifiedDate":"2022-08-21"},{"lineNumber":12,"author":{"gitId":"malcolmang"},"content":"        items.add(new ToDoItem(item));","lastModifiedDate":"2022-08-21"},{"lineNumber":13,"author":{"gitId":"malcolmang"},"content":"    }","lastModifiedDate":"2022-08-21"},{"lineNumber":14,"author":{"gitId":"malcolmang"},"content":"","lastModifiedDate":"2022-08-21"},{"lineNumber":15,"author":{"gitId":"malcolmang"},"content":"    public String toString() {","lastModifiedDate":"2022-08-21"},{"lineNumber":16,"author":{"gitId":"malcolmang"},"content":"        StringBuilder outputString \u003d new StringBuilder();","lastModifiedDate":"2022-08-21"},{"lineNumber":17,"author":{"gitId":"malcolmang"},"content":"        int itemCounter \u003d 1;","lastModifiedDate":"2022-08-21"},{"lineNumber":18,"author":{"gitId":"malcolmang"},"content":"        for (ToDoItem item : items) {","lastModifiedDate":"2022-08-21"},{"lineNumber":19,"author":{"gitId":"malcolmang"},"content":"            String prefix \u003d Integer.toString(itemCounter++) + \". \";","lastModifiedDate":"2022-08-21"},{"lineNumber":20,"author":{"gitId":"malcolmang"},"content":"            outputString.append(prefix).append(item).append(\"\\n\");","lastModifiedDate":"2022-08-21"},{"lineNumber":21,"author":{"gitId":"malcolmang"},"content":"        }","lastModifiedDate":"2022-08-21"},{"lineNumber":22,"author":{"gitId":"malcolmang"},"content":"        return outputString.toString().substring(0, outputString.length() - 1); //removes last trailing linebreak","lastModifiedDate":"2022-08-21"},{"lineNumber":23,"author":{"gitId":"malcolmang"},"content":"    }","lastModifiedDate":"2022-08-21"},{"lineNumber":24,"author":{"gitId":"malcolmang"},"content":"","lastModifiedDate":"2022-08-21"},{"lineNumber":25,"author":{"gitId":"malcolmang"},"content":"    public void markItem(int index) {","lastModifiedDate":"2022-08-21"},{"lineNumber":26,"author":{"gitId":"malcolmang"},"content":"        items.get(index).setDone(true);","lastModifiedDate":"2022-08-21"},{"lineNumber":27,"author":{"gitId":"malcolmang"},"content":"    }","lastModifiedDate":"2022-08-21"},{"lineNumber":28,"author":{"gitId":"malcolmang"},"content":"","lastModifiedDate":"2022-08-21"},{"lineNumber":29,"author":{"gitId":"malcolmang"},"content":"    public void unmarkItem(int index) {","lastModifiedDate":"2022-08-21"},{"lineNumber":30,"author":{"gitId":"malcolmang"},"content":"        items.get(index).setDone(false);","lastModifiedDate":"2022-08-21"},{"lineNumber":31,"author":{"gitId":"malcolmang"},"content":"    }","lastModifiedDate":"2022-08-21"},{"lineNumber":32,"author":{"gitId":"malcolmang"},"content":"","lastModifiedDate":"2022-08-21"},{"lineNumber":33,"author":{"gitId":"malcolmang"},"content":"    public String getTextOfItem(int index) {","lastModifiedDate":"2022-08-21"},{"lineNumber":34,"author":{"gitId":"malcolmang"},"content":"        return items.get(index).getText();","lastModifiedDate":"2022-08-21"},{"lineNumber":35,"author":{"gitId":"malcolmang"},"content":"    }","lastModifiedDate":"2022-08-21"},{"lineNumber":36,"author":{"gitId":"malcolmang"},"content":"","lastModifiedDate":"2022-08-21"},{"lineNumber":37,"author":{"gitId":"malcolmang"},"content":"    public String getStringOfItem(int index) {","lastModifiedDate":"2022-08-21"},{"lineNumber":38,"author":{"gitId":"malcolmang"},"content":"        return items.get(index).toString();","lastModifiedDate":"2022-08-21"},{"lineNumber":39,"author":{"gitId":"malcolmang"},"content":"    }","lastModifiedDate":"2022-08-21"},{"lineNumber":40,"author":{"gitId":"malcolmang"},"content":"}","lastModifiedDate":"2022-08-21"}],"authorContributionMap":{"malcolmang":40}}]
