{"authorDailyContributionsMap":{"malcolmang":[{"date":"2022-08-15","commitResults":[{"hash":"fa64b3ad93fb879d639e82e4b0e5e88f546bbdb2","messageTitle":"Add Increment: Level-0","messageBody":"Added Level-0 functionality with the \"Dude\" chatbot.\n","fileTypesAndContributionMap":{"java":{"insertions":12,"deletions":10}}}]},{"date":"2022-08-18","commitResults":[{"hash":"7f41a9e4f6980f48cc0e98b779807c7d6ebfa7ee","messageTitle":"Edit class names to be consistent as instructed","messageBody":"","tags":["Level-0"],"fileTypesAndContributionMap":{"java":{"insertions":1,"deletions":1}}}]},{"date":"2022-08-21","commitResults":[{"hash":"77769710d6cb29df0a1424ff4e4d1d328fdbb3aa","messageTitle":"Add classes to help with formatting, indentation etc.","messageBody":"Added a \"Display\" class to manage the entire display of the User Interface, and a \"Dialog\" class to generate a text box and indentation between linebreaks\n","fileTypesAndContributionMap":{"java":{"insertions":151,"deletions":8}}},{"hash":"250c76a8ca474f9c38953907bdc9a7e0d5abf455","messageTitle":"Add Increment: Level 1","messageBody":"Program greets the user, echos commands until \"bye\" is given.\n","fileTypesAndContributionMap":{"java":{"insertions":38,"deletions":2}}},{"hash":"6a787de91e3e40a6b492c9a29730ae53a0df43ed","messageTitle":"Fix minor bugs relating to dialog box enforcement","messageBody":"The dialog box should be more robust and able to take in words longer than the max line space.\n","tags":["Level-1"],"fileTypesAndContributionMap":{"java":{"insertions":9,"deletions":14}}},{"hash":"4ae128eae972d064de8c12ce36dbf8f4ccbb9062","messageTitle":"Added Increment: Level-2","messageBody":"Program now can add to a list of tasks to do\n","fileTypesAndContributionMap":{"java":{"insertions":57,"deletions":11}}},{"hash":"52ce08549918d7822ab8fc1aed9174f6fd5b7696","messageTitle":"Added dialog extension function","messageBody":"Allows for dialog box to take in more items than the height of the ASCII art. List can now support up to 100 items. Additional minor bug fixes for indentation\n","tags":["Level-2"],"fileTypesAndContributionMap":{"java":{"insertions":23,"deletions":5}}},{"hash":"47f3a161d07077e89cc5839443d23d2bd408ef2d","messageTitle":"Add Increment: Level 3, A-Classes","messageBody":"Added the ability to mark and unmark tasks. Added the \"ToDoItem\" class to contain all the information each task can provide.\n","fileTypesAndContributionMap":{"java":{"insertions":60,"deletions":6}}},{"hash":"c41ec479bf873d00815b8e68a5890d12432886fb","messageTitle":"Edit ToDoItem class","messageBody":"Made sure that the constructor initializes \"isDone\" as false\n","tags":["Level-3","A-Classes"],"fileTypesAndContributionMap":{"java":{"insertions":1,"deletions":0}}},{"hash":"9a10f60ac3dad0be12702c86fde2a47cca98ad81","messageTitle":"Format code to adhere with coding standard","messageBody":"","tags":["A-CodingStandard"],"fileTypesAndContributionMap":{"java":{"insertions":103,"deletions":98}}}]}]},"authorFileTypeContributionMap":{"malcolmang":{"java":264,"md":0,"fxml":0,"sh":0,"bat":0,"gradle":0,"txt":0}},"authorContributionVariance":{"malcolmang":30667.4},"authorDisplayNameMap":{"malcolmang":"MALC..HUAN"}}
