{"authorDailyContributionsMap":{"malcolmang":[{"date":"2022-08-15","commitResults":[{"hash":"fa64b3ad93fb879d639e82e4b0e5e88f546bbdb2","messageTitle":"Add Increment: Level-0","messageBody":"Added Level-0 functionality with the \"Dude\" chatbot.\n","fileTypesAndContributionMap":{"java":{"insertions":12,"deletions":10}}}]},{"date":"2022-08-18","commitResults":[{"hash":"7f41a9e4f6980f48cc0e98b779807c7d6ebfa7ee","messageTitle":"Edit class names to be consistent as instructed","messageBody":"","tags":["Level-0"],"fileTypesAndContributionMap":{"java":{"insertions":1,"deletions":1}}}]},{"date":"2022-08-21","commitResults":[{"hash":"77769710d6cb29df0a1424ff4e4d1d328fdbb3aa","messageTitle":"Add classes to help with formatting, indentation etc.","messageBody":"Added a \"Display\" class to manage the entire display of the User Interface, and a \"Dialog\" class to generate a text box and indentation between linebreaks\n","fileTypesAndContributionMap":{"java":{"insertions":151,"deletions":8}}},{"hash":"250c76a8ca474f9c38953907bdc9a7e0d5abf455","messageTitle":"Add Increment: Level 1","messageBody":"Program greets the user, echos commands until \"bye\" is given.\n","fileTypesAndContributionMap":{"java":{"insertions":38,"deletions":2}}},{"hash":"6a787de91e3e40a6b492c9a29730ae53a0df43ed","messageTitle":"Fix minor bugs relating to dialog box enforcement","messageBody":"The dialog box should be more robust and able to take in words longer than the max line space.\n","tags":["Level-1"],"fileTypesAndContributionMap":{"java":{"insertions":9,"deletions":14}}}]},{"date":"2022-08-25","commitResults":[{"hash":"4aae58affbe4f1d664789cc6c8042c7cf7891c46","messageTitle":"Add Increment: Level-2","messageBody":"Program now can add to a list of tasks to do.\n","fileTypesAndContributionMap":{"java":{"insertions":57,"deletions":11}}},{"hash":"67d9f75d47d35ecf90f60cce866b463b991c10ae","messageTitle":"Add dialog extension function","messageBody":"Allows for dialog box to take in more items than the height of the ASCII art. List can now support up to 100 items. Additional minor bug fixes for indentation\n","tags":["Level-2"],"fileTypesAndContributionMap":{"java":{"insertions":23,"deletions":5}}},{"hash":"357c19a03b1b4afa6474a50aa9e1dad79fec7220","messageTitle":"Add Increment: Level 3, A-Classes","messageBody":"Added the ability to mark and unmark tasks. Added the \"ToDoItem\" class to contain all the information each task can provide.\n","tags":["A-Classes"],"fileTypesAndContributionMap":{"java":{"insertions":60,"deletions":6}}},{"hash":"0bfb69838d2f28fb28dad7d0bb85626306c76c01","messageTitle":"Edit ToDoItem class","messageBody":"Made sure that the constructor initializes \"isDone\" as false\n","fileTypesAndContributionMap":{"java":{"insertions":1,"deletions":0}}},{"hash":"18c0d7b51a08f44b588a35ffb177d16a0872d403","messageTitle":"Format code to adhere with coding standard","messageBody":"","tags":["Level-3"],"fileTypesAndContributionMap":{"java":{"insertions":103,"deletions":98}}},{"hash":"1f9114f1967cb50ed7c7284aed60d19e495c0c32","messageTitle":"Refactor indent function into multiple parts","messageBody":"Made it easier to read and parse. Also should be the most robust indentation possible.\n","tags":["A-CodingStandard"],"fileTypesAndContributionMap":{"java":{"insertions":65,"deletions":43}}}]}]},"authorFileTypeContributionMap":{"malcolmang":{"java":286,"md":0,"fxml":0,"sh":0,"bat":0,"gradle":0,"txt":0}},"authorContributionVariance":{"malcolmang":16838.06},"authorDisplayNameMap":{"malcolmang":"MALC..HUAN"}}
