[{"path":"src/main/java/Deadline.java","fileType":"java","lines":[{"lineNumber":1,"author":{"gitId":"pipipipi2002"},"content":"public class Deadline extends Task {","lastModifiedDate":"2022-09-02"},{"lineNumber":2,"author":{"gitId":"pipipipi2002"},"content":"    private String time;","lastModifiedDate":"2022-09-02"},{"lineNumber":3,"author":{"gitId":"pipipipi2002"},"content":"","lastModifiedDate":"2022-09-02"},{"lineNumber":4,"author":{"gitId":"pipipipi2002"},"content":"    public Deadline(String description, String time) {","lastModifiedDate":"2022-09-02"},{"lineNumber":5,"author":{"gitId":"pipipipi2002"},"content":"        super(description);","lastModifiedDate":"2022-09-02"},{"lineNumber":6,"author":{"gitId":"pipipipi2002"},"content":"        this.time \u003d time;","lastModifiedDate":"2022-09-02"},{"lineNumber":7,"author":{"gitId":"pipipipi2002"},"content":"    }","lastModifiedDate":"2022-09-02"},{"lineNumber":8,"author":{"gitId":"pipipipi2002"},"content":"","lastModifiedDate":"2022-09-02"},{"lineNumber":9,"author":{"gitId":"pipipipi2002"},"content":"    public String getTime() {","lastModifiedDate":"2022-09-02"},{"lineNumber":10,"author":{"gitId":"pipipipi2002"},"content":"        return time;","lastModifiedDate":"2022-09-02"},{"lineNumber":11,"author":{"gitId":"pipipipi2002"},"content":"    }","lastModifiedDate":"2022-09-02"},{"lineNumber":12,"author":{"gitId":"pipipipi2002"},"content":"","lastModifiedDate":"2022-09-02"},{"lineNumber":13,"author":{"gitId":"pipipipi2002"},"content":"    @Override","lastModifiedDate":"2022-09-02"},{"lineNumber":14,"author":{"gitId":"pipipipi2002"},"content":"    public String getCompleteDescription() {","lastModifiedDate":"2022-09-02"},{"lineNumber":15,"author":{"gitId":"pipipipi2002"},"content":"        String output \u003d \"[D][\";","lastModifiedDate":"2022-09-02"},{"lineNumber":16,"author":{"gitId":"pipipipi2002"},"content":"        output +\u003d (hasCompleted() ? \"X] \" : \" ] \");","lastModifiedDate":"2022-09-02"},{"lineNumber":17,"author":{"gitId":"pipipipi2002"},"content":"        output +\u003d getTaskName() + \" (by: \" + getTime() + \")\\n\";","lastModifiedDate":"2022-09-02"},{"lineNumber":18,"author":{"gitId":"pipipipi2002"},"content":"        return output;","lastModifiedDate":"2022-09-02"},{"lineNumber":19,"author":{"gitId":"pipipipi2002"},"content":"    }","lastModifiedDate":"2022-09-02"},{"lineNumber":20,"author":{"gitId":"pipipipi2002"},"content":"}","lastModifiedDate":"2022-09-02"}],"authorContributionMap":{"pipipipi2002":20}},{"path":"src/main/java/Duke.java","fileType":"java","lines":[{"lineNumber":1,"author":{"gitId":"pipipipi2002"},"content":"import java.util.Scanner;","lastModifiedDate":"2022-08-24"},{"lineNumber":2,"author":{"gitId":"pipipipi2002"},"content":"","lastModifiedDate":"2022-08-24"},{"lineNumber":3,"author":{"gitId":"pipipipi2002"},"content":"","lastModifiedDate":"2022-09-02"},{"lineNumber":4,"author":{"gitId":"-"},"content":"public class Duke {","lastModifiedDate":"2019-07-29"},{"lineNumber":5,"author":{"gitId":"pipipipi2002"},"content":"    private static TaskList list \u003d new TaskList();","lastModifiedDate":"2022-09-02"},{"lineNumber":6,"author":{"gitId":"pipipipi2002"},"content":"","lastModifiedDate":"2022-09-07"},{"lineNumber":7,"author":{"gitId":"pipipipi2002"},"content":"    private static final String SEPARATOR \u003d \"____________________________________________________________\";","lastModifiedDate":"2022-09-07"},{"lineNumber":8,"author":{"gitId":"pipipipi2002"},"content":"","lastModifiedDate":"2022-09-07"},{"lineNumber":9,"author":{"gitId":"-"},"content":"    public static void main(String[] args) {","lastModifiedDate":"2019-07-29"},{"lineNumber":10,"author":{"gitId":"pipipipi2002"},"content":"        final String DUKE_LOGO \u003d  \" ____        _\\n\"","lastModifiedDate":"2022-09-02"},{"lineNumber":11,"author":{"gitId":"-"},"content":"                + \"|  _ \\\\ _   _| | _____ \\n\"","lastModifiedDate":"2019-07-29"},{"lineNumber":12,"author":{"gitId":"-"},"content":"                + \"| | | | | | | |/ / _ \\\\\\n\"","lastModifiedDate":"2019-07-29"},{"lineNumber":13,"author":{"gitId":"-"},"content":"                + \"| |_| | |_| |   \u003c  __/\\n\"","lastModifiedDate":"2019-07-29"},{"lineNumber":14,"author":{"gitId":"-"},"content":"                + \"|____/ \\\\__,_|_|\\\\_\\\\___|\\n\";","lastModifiedDate":"2019-07-29"},{"lineNumber":15,"author":{"gitId":"pipipipi2002"},"content":"        final String CONV_START \u003d DUKE_LOGO + \"Hello! I\u0027m Duke\";","lastModifiedDate":"2022-09-02"},{"lineNumber":16,"author":{"gitId":"pipipipi2002"},"content":"        final String CONV_END \u003d \"Bye. Hope to see you again soon!\";","lastModifiedDate":"2022-09-02"},{"lineNumber":17,"author":{"gitId":"pipipipi2002"},"content":"","lastModifiedDate":"2022-08-24"},{"lineNumber":18,"author":{"gitId":"pipipipi2002"},"content":"","lastModifiedDate":"2022-09-07"},{"lineNumber":19,"author":{"gitId":"pipipipi2002"},"content":"        printOutput(CONV_START);","lastModifiedDate":"2022-09-02"},{"lineNumber":20,"author":{"gitId":"pipipipi2002"},"content":"        Scanner in \u003d new Scanner(System.in);","lastModifiedDate":"2022-08-24"},{"lineNumber":21,"author":{"gitId":"pipipipi2002"},"content":"","lastModifiedDate":"2022-09-02"},{"lineNumber":22,"author":{"gitId":"pipipipi2002"},"content":"        while (true) {","lastModifiedDate":"2022-08-24"},{"lineNumber":23,"author":{"gitId":"pipipipi2002"},"content":"            System.out.println(\"What can I do for you?\");","lastModifiedDate":"2022-09-02"},{"lineNumber":24,"author":{"gitId":"pipipipi2002"},"content":"            String lineInput \u003d in.nextLine();","lastModifiedDate":"2022-09-02"},{"lineNumber":25,"author":{"gitId":"pipipipi2002"},"content":"            String[] inputSplitted \u003d lineInput.split(\" \",2);","lastModifiedDate":"2022-09-07"},{"lineNumber":26,"author":{"gitId":"pipipipi2002"},"content":"","lastModifiedDate":"2022-09-02"},{"lineNumber":27,"author":{"gitId":"pipipipi2002"},"content":"            if (inputSplitted[0].equals(\"bye\")) {","lastModifiedDate":"2022-09-07"},{"lineNumber":28,"author":{"gitId":"pipipipi2002"},"content":"                break;","lastModifiedDate":"2022-08-24"},{"lineNumber":29,"author":{"gitId":"pipipipi2002"},"content":"            }","lastModifiedDate":"2022-09-07"},{"lineNumber":30,"author":{"gitId":"pipipipi2002"},"content":"","lastModifiedDate":"2022-09-07"},{"lineNumber":31,"author":{"gitId":"pipipipi2002"},"content":"            switch (inputSplitted[0]) {","lastModifiedDate":"2022-09-07"},{"lineNumber":32,"author":{"gitId":"pipipipi2002"},"content":"                case \"list\":","lastModifiedDate":"2022-09-07"},{"lineNumber":33,"author":{"gitId":"pipipipi2002"},"content":"                    printOutput(list.getCompleteList());","lastModifiedDate":"2022-09-02"},{"lineNumber":34,"author":{"gitId":"pipipipi2002"},"content":"                    break;","lastModifiedDate":"2022-09-07"},{"lineNumber":35,"author":{"gitId":"pipipipi2002"},"content":"                case \"mark\":","lastModifiedDate":"2022-09-07"},{"lineNumber":36,"author":{"gitId":"pipipipi2002"},"content":"                    try {","lastModifiedDate":"2022-09-07"},{"lineNumber":37,"author":{"gitId":"pipipipi2002"},"content":"                        doMarkAction(inputSplitted[1]);","lastModifiedDate":"2022-09-07"},{"lineNumber":38,"author":{"gitId":"pipipipi2002"},"content":"                    } catch (ArrayIndexOutOfBoundsException | EmptyArgumentException e) {","lastModifiedDate":"2022-09-07"},{"lineNumber":39,"author":{"gitId":"pipipipi2002"},"content":"                        printError(\"OOPS!!! Please input a number to mark as done.\");","lastModifiedDate":"2022-09-07"},{"lineNumber":40,"author":{"gitId":"pipipipi2002"},"content":"                    } catch (WrongArgumentException e) {","lastModifiedDate":"2022-09-07"},{"lineNumber":41,"author":{"gitId":"pipipipi2002"},"content":"                        printError(\"OOPS, that task is not in the list.\");","lastModifiedDate":"2022-09-07"},{"lineNumber":42,"author":{"gitId":"pipipipi2002"},"content":"                    }","lastModifiedDate":"2022-09-07"},{"lineNumber":43,"author":{"gitId":"pipipipi2002"},"content":"                    break;","lastModifiedDate":"2022-09-07"},{"lineNumber":44,"author":{"gitId":"pipipipi2002"},"content":"                case \"unmark\":","lastModifiedDate":"2022-09-07"},{"lineNumber":45,"author":{"gitId":"pipipipi2002"},"content":"                    try {","lastModifiedDate":"2022-09-07"},{"lineNumber":46,"author":{"gitId":"pipipipi2002"},"content":"                        doUnmarkAction(inputSplitted[1]);","lastModifiedDate":"2022-09-07"},{"lineNumber":47,"author":{"gitId":"pipipipi2002"},"content":"                    } catch (ArrayIndexOutOfBoundsException | EmptyArgumentException e) {","lastModifiedDate":"2022-09-07"},{"lineNumber":48,"author":{"gitId":"pipipipi2002"},"content":"                        printOutput(\"OOPS!!! Please input a number to unmark as done.\");","lastModifiedDate":"2022-09-07"},{"lineNumber":49,"author":{"gitId":"pipipipi2002"},"content":"                    } catch (WrongArgumentException e) {","lastModifiedDate":"2022-09-07"},{"lineNumber":50,"author":{"gitId":"pipipipi2002"},"content":"                        printError(\"OOPS, that task is not in the list.\");","lastModifiedDate":"2022-09-07"},{"lineNumber":51,"author":{"gitId":"pipipipi2002"},"content":"                    }","lastModifiedDate":"2022-09-02"},{"lineNumber":52,"author":{"gitId":"pipipipi2002"},"content":"                    break;","lastModifiedDate":"2022-09-07"},{"lineNumber":53,"author":{"gitId":"pipipipi2002"},"content":"                case \"todo\":","lastModifiedDate":"2022-09-07"},{"lineNumber":54,"author":{"gitId":"pipipipi2002"},"content":"                    try {","lastModifiedDate":"2022-09-07"},{"lineNumber":55,"author":{"gitId":"pipipipi2002"},"content":"                        doTodoAction(inputSplitted[1]);","lastModifiedDate":"2022-09-07"},{"lineNumber":56,"author":{"gitId":"pipipipi2002"},"content":"                    } catch (ArrayIndexOutOfBoundsException | EmptyArgumentException e){","lastModifiedDate":"2022-09-07"},{"lineNumber":57,"author":{"gitId":"pipipipi2002"},"content":"                        printError(\"OOPS!!! The description of a todo cannot be empty.\");","lastModifiedDate":"2022-09-07"},{"lineNumber":58,"author":{"gitId":"pipipipi2002"},"content":"                    }","lastModifiedDate":"2022-09-07"},{"lineNumber":59,"author":{"gitId":"pipipipi2002"},"content":"                    break;","lastModifiedDate":"2022-09-07"},{"lineNumber":60,"author":{"gitId":"pipipipi2002"},"content":"                case \"deadline\":","lastModifiedDate":"2022-09-07"},{"lineNumber":61,"author":{"gitId":"pipipipi2002"},"content":"                    try {","lastModifiedDate":"2022-09-07"},{"lineNumber":62,"author":{"gitId":"pipipipi2002"},"content":"                        doDeadlineAction(inputSplitted[1]);","lastModifiedDate":"2022-09-07"},{"lineNumber":63,"author":{"gitId":"pipipipi2002"},"content":"                    } catch (ArrayIndexOutOfBoundsException | EmptyArgumentException e) {","lastModifiedDate":"2022-09-07"},{"lineNumber":64,"author":{"gitId":"pipipipi2002"},"content":"                        printError(\"OOPS!!! The description of a deadline cannot be empty.\");","lastModifiedDate":"2022-09-07"},{"lineNumber":65,"author":{"gitId":"pipipipi2002"},"content":"                    }","lastModifiedDate":"2022-09-07"},{"lineNumber":66,"author":{"gitId":"pipipipi2002"},"content":"                    break;","lastModifiedDate":"2022-09-07"},{"lineNumber":67,"author":{"gitId":"pipipipi2002"},"content":"                case \"event\":","lastModifiedDate":"2022-09-07"},{"lineNumber":68,"author":{"gitId":"pipipipi2002"},"content":"                    try {","lastModifiedDate":"2022-09-07"},{"lineNumber":69,"author":{"gitId":"pipipipi2002"},"content":"                        doEventAction(inputSplitted[1]);","lastModifiedDate":"2022-09-07"},{"lineNumber":70,"author":{"gitId":"pipipipi2002"},"content":"                    } catch (ArrayIndexOutOfBoundsException | EmptyArgumentException e) {","lastModifiedDate":"2022-09-07"},{"lineNumber":71,"author":{"gitId":"pipipipi2002"},"content":"                        printError(\"OOPS!!! The description of an event cannot be empty.\");","lastModifiedDate":"2022-09-07"},{"lineNumber":72,"author":{"gitId":"pipipipi2002"},"content":"                    }","lastModifiedDate":"2022-09-07"},{"lineNumber":73,"author":{"gitId":"pipipipi2002"},"content":"                    break;","lastModifiedDate":"2022-09-07"},{"lineNumber":74,"author":{"gitId":"pipipipi2002"},"content":"                default:","lastModifiedDate":"2022-09-07"},{"lineNumber":75,"author":{"gitId":"pipipipi2002"},"content":"                    printError(\"OOPS!!! I\u0027m sorry, but I don\u0027t know what that means :-(\");","lastModifiedDate":"2022-09-07"},{"lineNumber":76,"author":{"gitId":"pipipipi2002"},"content":"                    break;","lastModifiedDate":"2022-09-07"},{"lineNumber":77,"author":{"gitId":"pipipipi2002"},"content":"            }","lastModifiedDate":"2022-09-07"},{"lineNumber":78,"author":{"gitId":"pipipipi2002"},"content":"","lastModifiedDate":"2022-09-07"},{"lineNumber":79,"author":{"gitId":"pipipipi2002"},"content":"        }","lastModifiedDate":"2022-09-02"},{"lineNumber":80,"author":{"gitId":"pipipipi2002"},"content":"        printOutput(CONV_END);","lastModifiedDate":"2022-09-02"},{"lineNumber":81,"author":{"gitId":"-"},"content":"    }","lastModifiedDate":"2022-09-02"},{"lineNumber":82,"author":{"gitId":"pipipipi2002"},"content":"","lastModifiedDate":"2022-09-02"},{"lineNumber":83,"author":{"gitId":"pipipipi2002"},"content":"    private static void printOutput(String message) {","lastModifiedDate":"2022-09-02"},{"lineNumber":84,"author":{"gitId":"pipipipi2002"},"content":"        System.out.println(SEPARATOR);","lastModifiedDate":"2022-09-02"},{"lineNumber":85,"author":{"gitId":"pipipipi2002"},"content":"        System.out.println(message);","lastModifiedDate":"2022-09-02"},{"lineNumber":86,"author":{"gitId":"pipipipi2002"},"content":"        System.out.println(SEPARATOR);","lastModifiedDate":"2022-09-02"},{"lineNumber":87,"author":{"gitId":"pipipipi2002"},"content":"        System.out.println(\"\");","lastModifiedDate":"2022-09-02"},{"lineNumber":88,"author":{"gitId":"pipipipi2002"},"content":"    }","lastModifiedDate":"2022-09-02"},{"lineNumber":89,"author":{"gitId":"pipipipi2002"},"content":"","lastModifiedDate":"2022-09-02"},{"lineNumber":90,"author":{"gitId":"pipipipi2002"},"content":"    private static void printError(String message) {","lastModifiedDate":"2022-09-07"},{"lineNumber":91,"author":{"gitId":"pipipipi2002"},"content":"        System.out.print(\"\\u001b[31m\"); // red font ANSI","lastModifiedDate":"2022-09-07"},{"lineNumber":92,"author":{"gitId":"pipipipi2002"},"content":"        System.out.println(SEPARATOR);","lastModifiedDate":"2022-09-07"},{"lineNumber":93,"author":{"gitId":"pipipipi2002"},"content":"        System.out.println(message);","lastModifiedDate":"2022-09-07"},{"lineNumber":94,"author":{"gitId":"pipipipi2002"},"content":"        System.out.println(SEPARATOR);","lastModifiedDate":"2022-09-07"},{"lineNumber":95,"author":{"gitId":"pipipipi2002"},"content":"        System.out.println(\"\\u001b[0m\"); // reset font ANSI","lastModifiedDate":"2022-09-07"},{"lineNumber":96,"author":{"gitId":"pipipipi2002"},"content":"    }","lastModifiedDate":"2022-09-07"},{"lineNumber":97,"author":{"gitId":"pipipipi2002"},"content":"","lastModifiedDate":"2022-09-07"},{"lineNumber":98,"author":{"gitId":"pipipipi2002"},"content":"    private static void doMarkAction(String lineInput)","lastModifiedDate":"2022-09-07"},{"lineNumber":99,"author":{"gitId":"pipipipi2002"},"content":"            throws EmptyArgumentException, WrongArgumentException {","lastModifiedDate":"2022-09-07"},{"lineNumber":100,"author":{"gitId":"pipipipi2002"},"content":"        if (lineInput.strip().isEmpty()) {","lastModifiedDate":"2022-09-07"},{"lineNumber":101,"author":{"gitId":"pipipipi2002"},"content":"            throw new EmptyArgumentException();","lastModifiedDate":"2022-09-07"},{"lineNumber":102,"author":{"gitId":"pipipipi2002"},"content":"        }","lastModifiedDate":"2022-09-07"},{"lineNumber":103,"author":{"gitId":"pipipipi2002"},"content":"        int itemNumber \u003d Integer.parseInt(lineInput);","lastModifiedDate":"2022-09-07"},{"lineNumber":104,"author":{"gitId":"pipipipi2002"},"content":"        if (itemNumber \u003e list.getTaskListSize()) {","lastModifiedDate":"2022-09-07"},{"lineNumber":105,"author":{"gitId":"pipipipi2002"},"content":"            throw new WrongArgumentException();","lastModifiedDate":"2022-09-07"},{"lineNumber":106,"author":{"gitId":"pipipipi2002"},"content":"        }","lastModifiedDate":"2022-09-07"},{"lineNumber":107,"author":{"gitId":"pipipipi2002"},"content":"","lastModifiedDate":"2022-09-07"},{"lineNumber":108,"author":{"gitId":"pipipipi2002"},"content":"        list.markCompleted(itemNumber, true);","lastModifiedDate":"2022-09-02"},{"lineNumber":109,"author":{"gitId":"pipipipi2002"},"content":"        String message \u003d \"Nice! I\u0027ve marked this task as done:\\n\"","lastModifiedDate":"2022-08-24"},{"lineNumber":110,"author":{"gitId":"pipipipi2002"},"content":"                + list.getItemFromList(itemNumber);","lastModifiedDate":"2022-09-02"},{"lineNumber":111,"author":{"gitId":"pipipipi2002"},"content":"        printOutput(message);","lastModifiedDate":"2022-08-24"},{"lineNumber":112,"author":{"gitId":"pipipipi2002"},"content":"    }","lastModifiedDate":"2022-09-02"},{"lineNumber":113,"author":{"gitId":"pipipipi2002"},"content":"","lastModifiedDate":"2022-09-02"},{"lineNumber":114,"author":{"gitId":"pipipipi2002"},"content":"    private static void doUnmarkAction(String lineInput)","lastModifiedDate":"2022-09-07"},{"lineNumber":115,"author":{"gitId":"pipipipi2002"},"content":"            throws EmptyArgumentException, WrongArgumentException {","lastModifiedDate":"2022-09-07"},{"lineNumber":116,"author":{"gitId":"pipipipi2002"},"content":"        if (lineInput.strip().isEmpty()) {","lastModifiedDate":"2022-09-07"},{"lineNumber":117,"author":{"gitId":"pipipipi2002"},"content":"            throw new EmptyArgumentException();","lastModifiedDate":"2022-09-07"},{"lineNumber":118,"author":{"gitId":"pipipipi2002"},"content":"        }","lastModifiedDate":"2022-09-07"},{"lineNumber":119,"author":{"gitId":"pipipipi2002"},"content":"        int itemNumber \u003d Integer.parseInt(lineInput);","lastModifiedDate":"2022-09-07"},{"lineNumber":120,"author":{"gitId":"pipipipi2002"},"content":"        if (itemNumber \u003e list.getTaskListSize()) {","lastModifiedDate":"2022-09-07"},{"lineNumber":121,"author":{"gitId":"pipipipi2002"},"content":"            throw new WrongArgumentException();","lastModifiedDate":"2022-09-07"},{"lineNumber":122,"author":{"gitId":"pipipipi2002"},"content":"        }","lastModifiedDate":"2022-09-07"},{"lineNumber":123,"author":{"gitId":"pipipipi2002"},"content":"","lastModifiedDate":"2022-09-07"},{"lineNumber":124,"author":{"gitId":"pipipipi2002"},"content":"        list.markCompleted(itemNumber, false);","lastModifiedDate":"2022-09-02"},{"lineNumber":125,"author":{"gitId":"pipipipi2002"},"content":"        String message \u003d \"OK, I\u0027ve marked this task as not done yet:\\n\"","lastModifiedDate":"2022-08-24"},{"lineNumber":126,"author":{"gitId":"pipipipi2002"},"content":"                + list.getItemFromList(itemNumber);","lastModifiedDate":"2022-09-02"},{"lineNumber":127,"author":{"gitId":"pipipipi2002"},"content":"        printOutput(message);","lastModifiedDate":"2022-08-24"},{"lineNumber":128,"author":{"gitId":"pipipipi2002"},"content":"    }","lastModifiedDate":"2022-08-24"},{"lineNumber":129,"author":{"gitId":"pipipipi2002"},"content":"","lastModifiedDate":"2022-09-02"},{"lineNumber":130,"author":{"gitId":"pipipipi2002"},"content":"    private static void doTodoAction(String lineInput) throws EmptyArgumentException {","lastModifiedDate":"2022-09-07"},{"lineNumber":131,"author":{"gitId":"pipipipi2002"},"content":"        if (lineInput.strip().isEmpty()) {","lastModifiedDate":"2022-09-07"},{"lineNumber":132,"author":{"gitId":"pipipipi2002"},"content":"            throw new EmptyArgumentException();","lastModifiedDate":"2022-09-07"},{"lineNumber":133,"author":{"gitId":"pipipipi2002"},"content":"        }","lastModifiedDate":"2022-09-07"},{"lineNumber":134,"author":{"gitId":"pipipipi2002"},"content":"        int index \u003d list.addTaskToList(lineInput, TaskType.TODO);","lastModifiedDate":"2022-09-07"},{"lineNumber":135,"author":{"gitId":"pipipipi2002"},"content":"        String output \u003d \"I got you, added a todo:\\n\"","lastModifiedDate":"2022-09-02"},{"lineNumber":136,"author":{"gitId":"pipipipi2002"},"content":"                + list.getItemFromList(index + 1)","lastModifiedDate":"2022-09-02"},{"lineNumber":137,"author":{"gitId":"pipipipi2002"},"content":"                + \"\\n Now you have \" + (index + 1) + \" tasks in the list.\";","lastModifiedDate":"2022-09-02"},{"lineNumber":138,"author":{"gitId":"pipipipi2002"},"content":"        printOutput(output);","lastModifiedDate":"2022-09-02"},{"lineNumber":139,"author":{"gitId":"pipipipi2002"},"content":"    }","lastModifiedDate":"2022-08-24"},{"lineNumber":140,"author":{"gitId":"pipipipi2002"},"content":"","lastModifiedDate":"2022-08-24"},{"lineNumber":141,"author":{"gitId":"pipipipi2002"},"content":"    private static void doDeadlineAction(String lineInput) throws EmptyArgumentException {","lastModifiedDate":"2022-09-07"},{"lineNumber":142,"author":{"gitId":"pipipipi2002"},"content":"        if (lineInput.strip().isEmpty()) {","lastModifiedDate":"2022-09-07"},{"lineNumber":143,"author":{"gitId":"pipipipi2002"},"content":"            throw new EmptyArgumentException();","lastModifiedDate":"2022-09-07"},{"lineNumber":144,"author":{"gitId":"pipipipi2002"},"content":"        }","lastModifiedDate":"2022-09-07"},{"lineNumber":145,"author":{"gitId":"pipipipi2002"},"content":"        int index \u003d list.addTaskToList(lineInput, TaskType.DEADLINE);","lastModifiedDate":"2022-09-07"},{"lineNumber":146,"author":{"gitId":"pipipipi2002"},"content":"        String output \u003d \"I got you, added a deadline:\\n\"","lastModifiedDate":"2022-09-02"},{"lineNumber":147,"author":{"gitId":"pipipipi2002"},"content":"                + list.getItemFromList(index + 1)","lastModifiedDate":"2022-09-02"},{"lineNumber":148,"author":{"gitId":"pipipipi2002"},"content":"                + \"\\n Now you have \" + (index + 1) + \" tasks in the list.\";","lastModifiedDate":"2022-09-02"},{"lineNumber":149,"author":{"gitId":"pipipipi2002"},"content":"        printOutput(output);","lastModifiedDate":"2022-09-02"},{"lineNumber":150,"author":{"gitId":"pipipipi2002"},"content":"    }","lastModifiedDate":"2022-08-24"},{"lineNumber":151,"author":{"gitId":"pipipipi2002"},"content":"","lastModifiedDate":"2022-08-19"},{"lineNumber":152,"author":{"gitId":"pipipipi2002"},"content":"    private static void doEventAction(String lineInput) throws EmptyArgumentException {","lastModifiedDate":"2022-09-07"},{"lineNumber":153,"author":{"gitId":"pipipipi2002"},"content":"        if (lineInput.strip().isEmpty()) {","lastModifiedDate":"2022-09-07"},{"lineNumber":154,"author":{"gitId":"pipipipi2002"},"content":"            throw new EmptyArgumentException();","lastModifiedDate":"2022-09-07"},{"lineNumber":155,"author":{"gitId":"pipipipi2002"},"content":"        }","lastModifiedDate":"2022-09-07"},{"lineNumber":156,"author":{"gitId":"pipipipi2002"},"content":"        int index \u003d list.addTaskToList(lineInput, TaskType.EVENT);","lastModifiedDate":"2022-09-07"},{"lineNumber":157,"author":{"gitId":"pipipipi2002"},"content":"        String output \u003d \"I got you, added a event:\\n\"","lastModifiedDate":"2022-09-02"},{"lineNumber":158,"author":{"gitId":"pipipipi2002"},"content":"                + list.getItemFromList(index + 1)","lastModifiedDate":"2022-09-02"},{"lineNumber":159,"author":{"gitId":"pipipipi2002"},"content":"                + \"\\n Now you have \" + (index + 1) + \" tasks in the list.\";","lastModifiedDate":"2022-09-02"},{"lineNumber":160,"author":{"gitId":"pipipipi2002"},"content":"        printOutput(output);","lastModifiedDate":"2022-09-02"},{"lineNumber":161,"author":{"gitId":"pipipipi2002"},"content":"    }","lastModifiedDate":"2022-09-02"},{"lineNumber":162,"author":{"gitId":"pipipipi2002"},"content":"","lastModifiedDate":"2022-09-02"},{"lineNumber":163,"author":{"gitId":"-"},"content":"}","lastModifiedDate":"2019-07-29"}],"authorContributionMap":{"pipipipi2002":155,"-":8}},{"path":"src/main/java/EmptyArgumentException.java","fileType":"java","lines":[{"lineNumber":1,"author":{"gitId":"pipipipi2002"},"content":"public class EmptyArgumentException extends Exception {","lastModifiedDate":"2022-09-07"},{"lineNumber":2,"author":{"gitId":"pipipipi2002"},"content":"}","lastModifiedDate":"2022-09-07"}],"authorContributionMap":{"pipipipi2002":2}},{"path":"src/main/java/Event.java","fileType":"java","lines":[{"lineNumber":1,"author":{"gitId":"pipipipi2002"},"content":"public class Event extends Task {","lastModifiedDate":"2022-09-02"},{"lineNumber":2,"author":{"gitId":"pipipipi2002"},"content":"    private String time;","lastModifiedDate":"2022-09-02"},{"lineNumber":3,"author":{"gitId":"pipipipi2002"},"content":"","lastModifiedDate":"2022-09-02"},{"lineNumber":4,"author":{"gitId":"pipipipi2002"},"content":"    public Event(String description, String time) {","lastModifiedDate":"2022-09-02"},{"lineNumber":5,"author":{"gitId":"pipipipi2002"},"content":"        super(description);","lastModifiedDate":"2022-09-02"},{"lineNumber":6,"author":{"gitId":"pipipipi2002"},"content":"        this.time \u003d time;","lastModifiedDate":"2022-09-02"},{"lineNumber":7,"author":{"gitId":"pipipipi2002"},"content":"    }","lastModifiedDate":"2022-09-02"},{"lineNumber":8,"author":{"gitId":"pipipipi2002"},"content":"","lastModifiedDate":"2022-09-02"},{"lineNumber":9,"author":{"gitId":"pipipipi2002"},"content":"    public String getTime() {","lastModifiedDate":"2022-09-02"},{"lineNumber":10,"author":{"gitId":"pipipipi2002"},"content":"        return time;","lastModifiedDate":"2022-09-02"},{"lineNumber":11,"author":{"gitId":"pipipipi2002"},"content":"    }","lastModifiedDate":"2022-09-02"},{"lineNumber":12,"author":{"gitId":"pipipipi2002"},"content":"","lastModifiedDate":"2022-09-02"},{"lineNumber":13,"author":{"gitId":"pipipipi2002"},"content":"    @Override","lastModifiedDate":"2022-09-02"},{"lineNumber":14,"author":{"gitId":"pipipipi2002"},"content":"    public String getCompleteDescription() {","lastModifiedDate":"2022-09-02"},{"lineNumber":15,"author":{"gitId":"pipipipi2002"},"content":"        String output \u003d \"[E][\";","lastModifiedDate":"2022-09-02"},{"lineNumber":16,"author":{"gitId":"pipipipi2002"},"content":"        output +\u003d (hasCompleted() ? \"X] \" : \" ] \");","lastModifiedDate":"2022-09-02"},{"lineNumber":17,"author":{"gitId":"pipipipi2002"},"content":"        output +\u003d getTaskName() + \" (at: \" + getTime() + \")\\n\";","lastModifiedDate":"2022-09-02"},{"lineNumber":18,"author":{"gitId":"pipipipi2002"},"content":"        return output;","lastModifiedDate":"2022-09-02"},{"lineNumber":19,"author":{"gitId":"pipipipi2002"},"content":"    }","lastModifiedDate":"2022-09-02"},{"lineNumber":20,"author":{"gitId":"pipipipi2002"},"content":"}","lastModifiedDate":"2022-09-02"}],"authorContributionMap":{"pipipipi2002":20}},{"path":"src/main/java/Task.java","fileType":"java","lines":[{"lineNumber":1,"author":{"gitId":"pipipipi2002"},"content":"public class Task {","lastModifiedDate":"2022-09-02"},{"lineNumber":2,"author":{"gitId":"pipipipi2002"},"content":"    private String item;","lastModifiedDate":"2022-09-02"},{"lineNumber":3,"author":{"gitId":"pipipipi2002"},"content":"    private boolean isCompleted;","lastModifiedDate":"2022-09-02"},{"lineNumber":4,"author":{"gitId":"pipipipi2002"},"content":"","lastModifiedDate":"2022-09-02"},{"lineNumber":5,"author":{"gitId":"pipipipi2002"},"content":"    protected Task(String item) {","lastModifiedDate":"2022-09-07"},{"lineNumber":6,"author":{"gitId":"pipipipi2002"},"content":"        this.item \u003d item;","lastModifiedDate":"2022-09-02"},{"lineNumber":7,"author":{"gitId":"pipipipi2002"},"content":"        isCompleted \u003d false;","lastModifiedDate":"2022-09-02"},{"lineNumber":8,"author":{"gitId":"pipipipi2002"},"content":"    }","lastModifiedDate":"2022-09-02"},{"lineNumber":9,"author":{"gitId":"pipipipi2002"},"content":"","lastModifiedDate":"2022-09-02"},{"lineNumber":10,"author":{"gitId":"pipipipi2002"},"content":"    protected void setCompleted(Boolean isCompleted) {","lastModifiedDate":"2022-09-07"},{"lineNumber":11,"author":{"gitId":"pipipipi2002"},"content":"        this.isCompleted \u003d isCompleted;","lastModifiedDate":"2022-09-02"},{"lineNumber":12,"author":{"gitId":"pipipipi2002"},"content":"    }","lastModifiedDate":"2022-09-02"},{"lineNumber":13,"author":{"gitId":"pipipipi2002"},"content":"","lastModifiedDate":"2022-09-02"},{"lineNumber":14,"author":{"gitId":"pipipipi2002"},"content":"    protected boolean hasCompleted() {","lastModifiedDate":"2022-09-07"},{"lineNumber":15,"author":{"gitId":"pipipipi2002"},"content":"        return isCompleted;","lastModifiedDate":"2022-09-02"},{"lineNumber":16,"author":{"gitId":"pipipipi2002"},"content":"    }","lastModifiedDate":"2022-09-02"},{"lineNumber":17,"author":{"gitId":"pipipipi2002"},"content":"","lastModifiedDate":"2022-09-02"},{"lineNumber":18,"author":{"gitId":"pipipipi2002"},"content":"    protected String getTaskName() {","lastModifiedDate":"2022-09-07"},{"lineNumber":19,"author":{"gitId":"pipipipi2002"},"content":"        return item;","lastModifiedDate":"2022-09-02"},{"lineNumber":20,"author":{"gitId":"pipipipi2002"},"content":"    }","lastModifiedDate":"2022-09-02"},{"lineNumber":21,"author":{"gitId":"pipipipi2002"},"content":"","lastModifiedDate":"2022-09-02"},{"lineNumber":22,"author":{"gitId":"pipipipi2002"},"content":"    protected String getCompleteDescription() {","lastModifiedDate":"2022-09-07"},{"lineNumber":23,"author":{"gitId":"pipipipi2002"},"content":"        String output \u003d \"[ ][\";","lastModifiedDate":"2022-09-02"},{"lineNumber":24,"author":{"gitId":"pipipipi2002"},"content":"        output +\u003d (hasCompleted() ? \"X] \" : \" ] \");","lastModifiedDate":"2022-09-02"},{"lineNumber":25,"author":{"gitId":"pipipipi2002"},"content":"        output +\u003d getTaskName() + \"\\n\";","lastModifiedDate":"2022-09-02"},{"lineNumber":26,"author":{"gitId":"pipipipi2002"},"content":"        return output;","lastModifiedDate":"2022-09-02"},{"lineNumber":27,"author":{"gitId":"pipipipi2002"},"content":"    }","lastModifiedDate":"2022-09-02"},{"lineNumber":28,"author":{"gitId":"pipipipi2002"},"content":"}","lastModifiedDate":"2022-09-02"}],"authorContributionMap":{"pipipipi2002":28}},{"path":"src/main/java/TaskList.java","fileType":"java","lines":[{"lineNumber":1,"author":{"gitId":"pipipipi2002"},"content":"import java.util.ArrayList;","lastModifiedDate":"2022-09-02"},{"lineNumber":2,"author":{"gitId":"pipipipi2002"},"content":"","lastModifiedDate":"2022-09-02"},{"lineNumber":3,"author":{"gitId":"pipipipi2002"},"content":"public class TaskList {","lastModifiedDate":"2022-09-02"},{"lineNumber":4,"author":{"gitId":"pipipipi2002"},"content":"    private ArrayList\u003cTask\u003e inputLists \u003d new ArrayList\u003cTask\u003e();","lastModifiedDate":"2022-09-02"},{"lineNumber":5,"author":{"gitId":"pipipipi2002"},"content":"","lastModifiedDate":"2022-09-02"},{"lineNumber":6,"author":{"gitId":"pipipipi2002"},"content":"    public String getItemFromList(int n) {","lastModifiedDate":"2022-09-02"},{"lineNumber":7,"author":{"gitId":"pipipipi2002"},"content":"        String output \u003d \"\\t\";","lastModifiedDate":"2022-09-02"},{"lineNumber":8,"author":{"gitId":"pipipipi2002"},"content":"        output +\u003d inputLists.get(n - 1).getCompleteDescription();","lastModifiedDate":"2022-09-02"},{"lineNumber":9,"author":{"gitId":"pipipipi2002"},"content":"        return output;","lastModifiedDate":"2022-09-02"},{"lineNumber":10,"author":{"gitId":"pipipipi2002"},"content":"    }","lastModifiedDate":"2022-09-02"},{"lineNumber":11,"author":{"gitId":"pipipipi2002"},"content":"","lastModifiedDate":"2022-09-02"},{"lineNumber":12,"author":{"gitId":"pipipipi2002"},"content":"    public String getCompleteList() {","lastModifiedDate":"2022-09-02"},{"lineNumber":13,"author":{"gitId":"pipipipi2002"},"content":"        String output \u003d \"\";","lastModifiedDate":"2022-09-02"},{"lineNumber":14,"author":{"gitId":"pipipipi2002"},"content":"        for (int i \u003d 0; i \u003c inputLists.size(); i++) {","lastModifiedDate":"2022-09-02"},{"lineNumber":15,"author":{"gitId":"pipipipi2002"},"content":"            output +\u003d Integer.toString(i + 1) + \". \" + getItemFromList(i + 1);","lastModifiedDate":"2022-09-02"},{"lineNumber":16,"author":{"gitId":"pipipipi2002"},"content":"        }","lastModifiedDate":"2022-09-02"},{"lineNumber":17,"author":{"gitId":"pipipipi2002"},"content":"        return output;","lastModifiedDate":"2022-09-02"},{"lineNumber":18,"author":{"gitId":"pipipipi2002"},"content":"    }","lastModifiedDate":"2022-09-02"},{"lineNumber":19,"author":{"gitId":"pipipipi2002"},"content":"","lastModifiedDate":"2022-09-02"},{"lineNumber":20,"author":{"gitId":"pipipipi2002"},"content":"    public int addTaskToList(String input, TaskType type) {","lastModifiedDate":"2022-09-02"},{"lineNumber":21,"author":{"gitId":"pipipipi2002"},"content":"        Task newItem;","lastModifiedDate":"2022-09-02"},{"lineNumber":22,"author":{"gitId":"pipipipi2002"},"content":"","lastModifiedDate":"2022-09-02"},{"lineNumber":23,"author":{"gitId":"pipipipi2002"},"content":"        if (type \u003d\u003d TaskType.EVENT) {","lastModifiedDate":"2022-09-02"},{"lineNumber":24,"author":{"gitId":"pipipipi2002"},"content":"            int indexOfTime \u003d input.indexOf(\"/at\");","lastModifiedDate":"2022-09-02"},{"lineNumber":25,"author":{"gitId":"pipipipi2002"},"content":"            String description \u003d input.substring(0, indexOfTime).strip();","lastModifiedDate":"2022-09-02"},{"lineNumber":26,"author":{"gitId":"pipipipi2002"},"content":"            String time \u003d input.substring(indexOfTime + \"/at \".length()).strip();","lastModifiedDate":"2022-09-02"},{"lineNumber":27,"author":{"gitId":"pipipipi2002"},"content":"            newItem \u003d new Event(description, time);","lastModifiedDate":"2022-09-02"},{"lineNumber":28,"author":{"gitId":"pipipipi2002"},"content":"        } else if (type \u003d\u003d TaskType.DEADLINE) {","lastModifiedDate":"2022-09-02"},{"lineNumber":29,"author":{"gitId":"pipipipi2002"},"content":"            int indexOfTime \u003d input.indexOf(\"/by\");","lastModifiedDate":"2022-09-02"},{"lineNumber":30,"author":{"gitId":"pipipipi2002"},"content":"            String description \u003d input.substring(0, indexOfTime).strip();","lastModifiedDate":"2022-09-02"},{"lineNumber":31,"author":{"gitId":"pipipipi2002"},"content":"            String time \u003d input.substring(indexOfTime + \"/by \".length()).strip();","lastModifiedDate":"2022-09-02"},{"lineNumber":32,"author":{"gitId":"pipipipi2002"},"content":"            newItem \u003d new Deadline(description, time);","lastModifiedDate":"2022-09-02"},{"lineNumber":33,"author":{"gitId":"pipipipi2002"},"content":"        } else if (type \u003d\u003d TaskType.TODO) {","lastModifiedDate":"2022-09-02"},{"lineNumber":34,"author":{"gitId":"pipipipi2002"},"content":"            newItem \u003d new Todo(input);","lastModifiedDate":"2022-09-02"},{"lineNumber":35,"author":{"gitId":"pipipipi2002"},"content":"        } else {","lastModifiedDate":"2022-09-02"},{"lineNumber":36,"author":{"gitId":"pipipipi2002"},"content":"            newItem \u003d new Task(input);","lastModifiedDate":"2022-09-02"},{"lineNumber":37,"author":{"gitId":"pipipipi2002"},"content":"        }","lastModifiedDate":"2022-09-02"},{"lineNumber":38,"author":{"gitId":"pipipipi2002"},"content":"        inputLists.add(newItem);","lastModifiedDate":"2022-09-02"},{"lineNumber":39,"author":{"gitId":"pipipipi2002"},"content":"        return inputLists.size() - 1;","lastModifiedDate":"2022-09-02"},{"lineNumber":40,"author":{"gitId":"pipipipi2002"},"content":"    }","lastModifiedDate":"2022-09-02"},{"lineNumber":41,"author":{"gitId":"pipipipi2002"},"content":"","lastModifiedDate":"2022-09-02"},{"lineNumber":42,"author":{"gitId":"pipipipi2002"},"content":"    public void markCompleted(int n, boolean bool) {","lastModifiedDate":"2022-09-02"},{"lineNumber":43,"author":{"gitId":"pipipipi2002"},"content":"        inputLists.get(n - 1).setCompleted(bool);","lastModifiedDate":"2022-09-02"},{"lineNumber":44,"author":{"gitId":"pipipipi2002"},"content":"    }","lastModifiedDate":"2022-09-02"},{"lineNumber":45,"author":{"gitId":"pipipipi2002"},"content":"","lastModifiedDate":"2022-09-07"},{"lineNumber":46,"author":{"gitId":"pipipipi2002"},"content":"    public int getTaskListSize() {","lastModifiedDate":"2022-09-07"},{"lineNumber":47,"author":{"gitId":"pipipipi2002"},"content":"        return inputLists.size();","lastModifiedDate":"2022-09-07"},{"lineNumber":48,"author":{"gitId":"pipipipi2002"},"content":"    }","lastModifiedDate":"2022-09-07"},{"lineNumber":49,"author":{"gitId":"pipipipi2002"},"content":"}","lastModifiedDate":"2022-09-02"}],"authorContributionMap":{"pipipipi2002":49}},{"path":"src/main/java/TaskType.java","fileType":"java","lines":[{"lineNumber":1,"author":{"gitId":"pipipipi2002"},"content":"public enum TaskType {","lastModifiedDate":"2022-09-02"},{"lineNumber":2,"author":{"gitId":"pipipipi2002"},"content":"    TODO, DEADLINE, EVENT, OTHER","lastModifiedDate":"2022-09-02"},{"lineNumber":3,"author":{"gitId":"pipipipi2002"},"content":"}","lastModifiedDate":"2022-09-02"}],"authorContributionMap":{"pipipipi2002":3}},{"path":"src/main/java/Todo.java","fileType":"java","lines":[{"lineNumber":1,"author":{"gitId":"pipipipi2002"},"content":"public class Todo extends Task {","lastModifiedDate":"2022-09-02"},{"lineNumber":2,"author":{"gitId":"pipipipi2002"},"content":"    public Todo (String description) {","lastModifiedDate":"2022-09-02"},{"lineNumber":3,"author":{"gitId":"pipipipi2002"},"content":"        super(description);","lastModifiedDate":"2022-09-02"},{"lineNumber":4,"author":{"gitId":"pipipipi2002"},"content":"    }","lastModifiedDate":"2022-09-02"},{"lineNumber":5,"author":{"gitId":"pipipipi2002"},"content":"","lastModifiedDate":"2022-09-02"},{"lineNumber":6,"author":{"gitId":"pipipipi2002"},"content":"    @Override","lastModifiedDate":"2022-09-02"},{"lineNumber":7,"author":{"gitId":"pipipipi2002"},"content":"    public String getCompleteDescription() {","lastModifiedDate":"2022-09-02"},{"lineNumber":8,"author":{"gitId":"pipipipi2002"},"content":"        String output \u003d \"[T][\";","lastModifiedDate":"2022-09-02"},{"lineNumber":9,"author":{"gitId":"pipipipi2002"},"content":"        output +\u003d (hasCompleted() ? \"X] \" : \" ] \");","lastModifiedDate":"2022-09-02"},{"lineNumber":10,"author":{"gitId":"pipipipi2002"},"content":"        output +\u003d getTaskName() + \"\\n\";","lastModifiedDate":"2022-09-02"},{"lineNumber":11,"author":{"gitId":"pipipipi2002"},"content":"        return output;","lastModifiedDate":"2022-09-02"},{"lineNumber":12,"author":{"gitId":"pipipipi2002"},"content":"    }","lastModifiedDate":"2022-09-02"},{"lineNumber":13,"author":{"gitId":"pipipipi2002"},"content":"}","lastModifiedDate":"2022-09-02"}],"authorContributionMap":{"pipipipi2002":13}},{"path":"src/main/java/WrongArgumentException.java","fileType":"java","lines":[{"lineNumber":1,"author":{"gitId":"pipipipi2002"},"content":"public class WrongArgumentException extends Exception {","lastModifiedDate":"2022-09-07"},{"lineNumber":2,"author":{"gitId":"pipipipi2002"},"content":"}","lastModifiedDate":"2022-09-07"}],"authorContributionMap":{"pipipipi2002":2}},{"path":"text-ui-test/input.txt","fileType":"txt","lines":[{"lineNumber":1,"author":{"gitId":"pipipipi2002"},"content":"task1","lastModifiedDate":"2022-09-02"},{"lineNumber":2,"author":{"gitId":"pipipipi2002"},"content":"todo task2","lastModifiedDate":"2022-09-02"},{"lineNumber":3,"author":{"gitId":"pipipipi2002"},"content":"todo task3 and something else","lastModifiedDate":"2022-09-02"},{"lineNumber":4,"author":{"gitId":"pipipipi2002"},"content":"list","lastModifiedDate":"2022-09-02"},{"lineNumber":5,"author":{"gitId":"pipipipi2002"},"content":"deadline task4 /by tomorrow","lastModifiedDate":"2022-09-02"},{"lineNumber":6,"author":{"gitId":"pipipipi2002"},"content":"deadline task5 and something other than the above /by next week","lastModifiedDate":"2022-09-02"},{"lineNumber":7,"author":{"gitId":"pipipipi2002"},"content":"list","lastModifiedDate":"2022-09-02"},{"lineNumber":8,"author":{"gitId":"pipipipi2002"},"content":"mark 1","lastModifiedDate":"2022-09-02"},{"lineNumber":9,"author":{"gitId":"pipipipi2002"},"content":"mark 4","lastModifiedDate":"2022-09-02"},{"lineNumber":10,"author":{"gitId":"pipipipi2002"},"content":"list","lastModifiedDate":"2022-09-02"},{"lineNumber":11,"author":{"gitId":"pipipipi2002"},"content":"unmark 1","lastModifiedDate":"2022-09-02"},{"lineNumber":12,"author":{"gitId":"pipipipi2002"},"content":"event task6 /at 2-4pm","lastModifiedDate":"2022-09-02"},{"lineNumber":13,"author":{"gitId":"pipipipi2002"},"content":"mark 6","lastModifiedDate":"2022-09-02"},{"lineNumber":14,"author":{"gitId":"pipipipi2002"},"content":"list","lastModifiedDate":"2022-09-02"},{"lineNumber":15,"author":{"gitId":"pipipipi2002"},"content":"bye","lastModifiedDate":"2022-09-02"}],"authorContributionMap":{"pipipipi2002":15}}]
