[{"path":"src/main/java/Duke.java","fileType":"java","lines":[{"lineNumber":1,"author":{"gitId":"-"},"content":"public class Duke {","lastModifiedDate":"2019-07-29"},{"lineNumber":2,"author":{"gitId":"-"},"content":"    public static void main(String[] args) {","lastModifiedDate":"2019-07-29"},{"lineNumber":3,"author":{"gitId":"-"},"content":"        String logo \u003d \" ____        _        \\n\"","lastModifiedDate":"2019-07-29"},{"lineNumber":4,"author":{"gitId":"-"},"content":"                + \"|  _ \\\\ _   _| | _____ \\n\"","lastModifiedDate":"2019-07-29"},{"lineNumber":5,"author":{"gitId":"-"},"content":"                + \"| | | | | | | |/ / _ \\\\\\n\"","lastModifiedDate":"2019-07-29"},{"lineNumber":6,"author":{"gitId":"-"},"content":"                + \"| |_| | |_| |   \u003c  __/\\n\"","lastModifiedDate":"2019-07-29"},{"lineNumber":7,"author":{"gitId":"-"},"content":"                + \"|____/ \\\\__,_|_|\\\\_\\\\___|\\n\";","lastModifiedDate":"2019-07-29"},{"lineNumber":8,"author":{"gitId":"-"},"content":"        System.out.println(\"Hello from\\n\" + logo);","lastModifiedDate":"2019-07-29"},{"lineNumber":9,"author":{"gitId":"pipipipi2002"},"content":"","lastModifiedDate":"2022-08-19"},{"lineNumber":10,"author":{"gitId":"pipipipi2002"},"content":"        String greet \u003d \"____________________________________________________________\\n\" +","lastModifiedDate":"2022-08-19"},{"lineNumber":11,"author":{"gitId":"pipipipi2002"},"content":"                \"Hello! I\u0027m Duke\\n\" +","lastModifiedDate":"2022-08-19"},{"lineNumber":12,"author":{"gitId":"pipipipi2002"},"content":"                \"What can I do for you?\\n\" +","lastModifiedDate":"2022-08-19"},{"lineNumber":13,"author":{"gitId":"pipipipi2002"},"content":"                \"____________________________________________________________\\n\" +","lastModifiedDate":"2022-08-19"},{"lineNumber":14,"author":{"gitId":"pipipipi2002"},"content":"                \"Bye. Hope to see you again soon!\\n\" +","lastModifiedDate":"2022-08-19"},{"lineNumber":15,"author":{"gitId":"pipipipi2002"},"content":"                \"____________________________________________________________\\n\";","lastModifiedDate":"2022-08-19"},{"lineNumber":16,"author":{"gitId":"pipipipi2002"},"content":"        System.out.println(greet);","lastModifiedDate":"2022-08-19"},{"lineNumber":17,"author":{"gitId":"-"},"content":"    }","lastModifiedDate":"2019-07-29"},{"lineNumber":18,"author":{"gitId":"-"},"content":"}","lastModifiedDate":"2019-07-29"}],"authorContributionMap":{"pipipipi2002":8,"-":10}}]
