{"authorDailyContributionsMap":{"pipipipi2002":[{"date":"2022-08-19","commitResults":[{"hash":"10380cf7e845332981e9417743b965cbca528995","messageTitle":"completed level-0","messageBody":"","tags":["Level-0"],"fileTypesAndContributionMap":{"java":{"insertions":8,"deletions":0}}}]},{"date":"2022-08-24","commitResults":[{"hash":"922529665458d4f13a4d52e6cf3874a6902d90ec","messageTitle":"Completed Level-1. Greet, Echo, Exit feature implemented.","messageBody":"","tags":["Level-1"],"fileTypesAndContributionMap":{"java":{"insertions":26,"deletions":9}}},{"hash":"17dff468b70c85906f6838b4827ce76cce06a5ce","messageTitle":"Completed Level-2. Added \"add, list\" feature.","messageBody":"","tags":["Level-2"],"fileTypesAndContributionMap":{"java":{"insertions":26,"deletions":1}}},{"hash":"add22a59555a62bbca83c4f2b2b1f1eea1fca65b","messageTitle":"Completed Level-3. Added \"mark/unmark task as done\" feature.","messageBody":"","fileTypesAndContributionMap":{"java":{"insertions":51,"deletions":4}}},{"hash":"f04c970dad500f8bd0c3fc00a1c016e1fa5e8c13","messageTitle":"fixed bug on ListDuke.java","messageBody":"","tags":["Level-3"],"fileTypesAndContributionMap":{"java":{"insertions":1,"deletions":1}}},{"hash":"c04879d54dca2e9882ce77b203af89f947c3b435","messageTitle":"Edited to fit the coding standard","messageBody":"","tags":["A-CodingStandard"],"fileTypesAndContributionMap":{"java":{"insertions":7,"deletions":7}}}]},{"date":"2022-09-02","commitResults":[{"hash":"a555d688f26135f036a4f1369fcea21e1872f876","messageTitle":"Added todo, event, deadline functionality (Level-4).","messageBody":"","tags":["Level-4"],"fileTypesAndContributionMap":{"java":{"insertions":203,"deletions":78}}}]}]},"authorFileTypeContributionMap":{"pipipipi2002":{"java":224,"md":0,"fxml":0,"sh":0,"bat":0,"gradle":0,"txt":0}},"authorContributionVariance":{"pipipipi2002":4028.1484},"authorDisplayNameMap":{"pipipipi2002":"CS2113-T17-4 MARV..JAYA"}}
