[{"path":"src/main/java/duke/Command.java","fileType":"java","lines":[{"lineNumber":1,"author":{"gitId":"kaseykwok"},"content":"package duke;","lastModifiedDate":"2022-09-09"},{"lineNumber":2,"author":{"gitId":"kaseykwok"},"content":"","lastModifiedDate":"2022-09-09"},{"lineNumber":3,"author":{"gitId":"kaseykwok"},"content":"public class Command {","lastModifiedDate":"2022-09-09"},{"lineNumber":4,"author":{"gitId":"kaseykwok"},"content":"    public String syntax;","lastModifiedDate":"2022-09-09"},{"lineNumber":5,"author":{"gitId":"kaseykwok"},"content":"    public String description;","lastModifiedDate":"2022-09-09"},{"lineNumber":6,"author":{"gitId":"kaseykwok"},"content":"","lastModifiedDate":"2022-09-09"},{"lineNumber":7,"author":{"gitId":"kaseykwok"},"content":"    public Command(String syntax, String description) {","lastModifiedDate":"2022-09-09"},{"lineNumber":8,"author":{"gitId":"kaseykwok"},"content":"        this.syntax \u003d syntax;","lastModifiedDate":"2022-09-09"},{"lineNumber":9,"author":{"gitId":"kaseykwok"},"content":"        this.description \u003d description;","lastModifiedDate":"2022-09-09"},{"lineNumber":10,"author":{"gitId":"kaseykwok"},"content":"    }","lastModifiedDate":"2022-09-09"},{"lineNumber":11,"author":{"gitId":"kaseykwok"},"content":"","lastModifiedDate":"2022-09-09"},{"lineNumber":12,"author":{"gitId":"kaseykwok"},"content":"    @Override","lastModifiedDate":"2022-09-09"},{"lineNumber":13,"author":{"gitId":"kaseykwok"},"content":"    public String toString() {","lastModifiedDate":"2022-09-09"},{"lineNumber":14,"author":{"gitId":"kaseykwok"},"content":"        return String.format(\"%s\\n    %s\", description, syntax);","lastModifiedDate":"2022-09-09"},{"lineNumber":15,"author":{"gitId":"kaseykwok"},"content":"    }","lastModifiedDate":"2022-09-09"},{"lineNumber":16,"author":{"gitId":"kaseykwok"},"content":"}","lastModifiedDate":"2022-09-09"}],"authorContributionMap":{"kaseykwok":16}},{"path":"src/main/java/duke/Duke.java","fileType":"java","lines":[{"lineNumber":1,"author":{"gitId":"kaseykwok"},"content":"package duke;","lastModifiedDate":"2022-09-09"},{"lineNumber":2,"author":{"gitId":"kaseykwok"},"content":"","lastModifiedDate":"2022-09-09"},{"lineNumber":3,"author":{"gitId":"kaseykwok"},"content":"import duke.task.TaskList;","lastModifiedDate":"2022-09-25"},{"lineNumber":4,"author":{"gitId":"kaseykwok"},"content":"","lastModifiedDate":"2022-09-09"},{"lineNumber":5,"author":{"gitId":"kaseykwok"},"content":"import java.util.LinkedHashMap;","lastModifiedDate":"2022-09-09"},{"lineNumber":6,"author":{"gitId":"kaseykwok"},"content":"import java.util.Map;","lastModifiedDate":"2022-09-09"},{"lineNumber":7,"author":{"gitId":"kaseykwok"},"content":"import java.util.Scanner;","lastModifiedDate":"2022-08-26"},{"lineNumber":8,"author":{"gitId":"kaseykwok"},"content":"","lastModifiedDate":"2022-08-26"},{"lineNumber":9,"author":{"gitId":"-"},"content":"public class Duke {","lastModifiedDate":"2019-07-29"},{"lineNumber":10,"author":{"gitId":"kaseykwok"},"content":"    private static final String LOGO \u003d \" ________      ________ _____\\n\" +","lastModifiedDate":"2022-08-26"},{"lineNumber":11,"author":{"gitId":"kaseykwok"},"content":"            \"|  ____\\\\ \\\\    / /  ____|  __ \\\\\\n\" +","lastModifiedDate":"2022-08-26"},{"lineNumber":12,"author":{"gitId":"kaseykwok"},"content":"            \"| |__   \\\\ \\\\  / /| |__  | |__) |\\n\" +","lastModifiedDate":"2022-08-26"},{"lineNumber":13,"author":{"gitId":"kaseykwok"},"content":"            \"|  __|   \\\\ \\\\/ / |  __| |  _  /\\n\" +","lastModifiedDate":"2022-08-26"},{"lineNumber":14,"author":{"gitId":"kaseykwok"},"content":"            \"| |____   \\\\  /  | |____| | \\\\ \\\\\\n\" +","lastModifiedDate":"2022-08-26"},{"lineNumber":15,"author":{"gitId":"kaseykwok"},"content":"            \"|______|   \\\\/   |______|_|  \\\\_\\\\\";","lastModifiedDate":"2022-08-26"},{"lineNumber":16,"author":{"gitId":"kaseykwok"},"content":"    private static final String HORIZONTAL_LINE \u003d \"\u003d\u003d\u003d\u003d\u003d\u003d\u003d\u003d\u003d\u003d\u003d\u003d\u003d\u003d\u003d\u003d\u003d\u003d\u003d\u003d\u003d\u003d\u003d\u003d\u003d\u003d\u003d\u003d\u003d\u003d\u003d\u003d\u003d\u003d\u003d\u003d\u003d\u003d\u003d\u003d\u003d\u003d\u003d\u003d\u003d\u003d\u003d\u003d\u003d\u003d\u003d\u003d\u003d\u003d\u003d\u003d\u003d\u003d\u003d\u003d\u003d\u003d\u003d\u003d\u003d\u003d\";","lastModifiedDate":"2022-09-02"},{"lineNumber":17,"author":{"gitId":"kaseykwok"},"content":"","lastModifiedDate":"2022-09-02"},{"lineNumber":18,"author":{"gitId":"kaseykwok"},"content":"    private static final Scanner SCANNER \u003d new Scanner(System.in);","lastModifiedDate":"2022-09-02"},{"lineNumber":19,"author":{"gitId":"kaseykwok"},"content":"    private static TaskList taskList \u003d new TaskList();","lastModifiedDate":"2022-09-26"},{"lineNumber":20,"author":{"gitId":"kaseykwok"},"content":"","lastModifiedDate":"2022-09-09"},{"lineNumber":21,"author":{"gitId":"kaseykwok"},"content":"    public static final Map\u003cString, Command\u003e COMMANDS \u003d new LinkedHashMap\u003c\u003e();","lastModifiedDate":"2022-09-09"},{"lineNumber":22,"author":{"gitId":"kaseykwok"},"content":"","lastModifiedDate":"2022-09-09"},{"lineNumber":23,"author":{"gitId":"kaseykwok"},"content":"    public Duke() {","lastModifiedDate":"2022-09-26"},{"lineNumber":24,"author":{"gitId":"kaseykwok"},"content":"        taskList \u003d new TaskList();","lastModifiedDate":"2022-09-26"},{"lineNumber":25,"author":{"gitId":"kaseykwok"},"content":"        initCommand();","lastModifiedDate":"2022-09-26"},{"lineNumber":26,"author":{"gitId":"kaseykwok"},"content":"    }","lastModifiedDate":"2022-09-26"},{"lineNumber":27,"author":{"gitId":"kaseykwok"},"content":"","lastModifiedDate":"2022-09-26"},{"lineNumber":28,"author":{"gitId":"kaseykwok"},"content":"    private static void initCommand() {","lastModifiedDate":"2022-09-09"},{"lineNumber":29,"author":{"gitId":"kaseykwok"},"content":"        COMMANDS.put(\"help\", new Command(\"help\", \"Get help for the commands supported and their syntax\"));","lastModifiedDate":"2022-09-09"},{"lineNumber":30,"author":{"gitId":"kaseykwok"},"content":"        COMMANDS.put(\"list\", new Command(\"list\", \"View all tasks with their task number\"));","lastModifiedDate":"2022-09-09"},{"lineNumber":31,"author":{"gitId":"kaseykwok"},"content":"        COMMANDS.put(\"todo\", new Command(\"todo \u003cdescription\u003e\", \"Add a todo task\"));","lastModifiedDate":"2022-09-09"},{"lineNumber":32,"author":{"gitId":"kaseykwok"},"content":"        COMMANDS.put(\"deadline\", new Command(\"deadline \u003cdescription\u003e /by \u003cdeadline-datetime\u003e\", \"Add a task with its deadline\"));","lastModifiedDate":"2022-09-09"},{"lineNumber":33,"author":{"gitId":"kaseykwok"},"content":"        COMMANDS.put(\"event\", new Command(\"event \u003cdescription\u003e /at \u003cevent-datetime\u003e\", \"Add an event with its date and time\"));","lastModifiedDate":"2022-09-09"},{"lineNumber":34,"author":{"gitId":"kaseykwok"},"content":"        COMMANDS.put(\"mark\", new Command(\"mark \u003ctask-number\u003e\", \"Mark a task as done\"));","lastModifiedDate":"2022-09-09"},{"lineNumber":35,"author":{"gitId":"kaseykwok"},"content":"        COMMANDS.put(\"unmark\", new Command(\"unmark \u003ctask-number\u003e\", \"Unmark a task from done\"));","lastModifiedDate":"2022-09-09"},{"lineNumber":36,"author":{"gitId":"kaseykwok"},"content":"        COMMANDS.put(\"delete\", new Command(\"delete \u003ctask-number\u003e\", \"Delete a task from the list\"));","lastModifiedDate":"2022-09-13"},{"lineNumber":37,"author":{"gitId":"kaseykwok"},"content":"        COMMANDS.put(\"bye\", new Command(\"bye\", \"Exit the application\"));","lastModifiedDate":"2022-09-09"},{"lineNumber":38,"author":{"gitId":"kaseykwok"},"content":"    }","lastModifiedDate":"2022-09-09"},{"lineNumber":39,"author":{"gitId":"kaseykwok"},"content":"","lastModifiedDate":"2022-09-02"},{"lineNumber":40,"author":{"gitId":"kaseykwok"},"content":"    private static void greet() {","lastModifiedDate":"2022-08-26"},{"lineNumber":41,"author":{"gitId":"kaseykwok"},"content":"        System.out.println(LOGO);","lastModifiedDate":"2022-09-02"},{"lineNumber":42,"author":{"gitId":"kaseykwok"},"content":"        System.out.println(Message.GREETING_MESSAGE);","lastModifiedDate":"2022-09-09"},{"lineNumber":43,"author":{"gitId":"kaseykwok"},"content":"    }","lastModifiedDate":"2022-08-26"},{"lineNumber":44,"author":{"gitId":"kaseykwok"},"content":"","lastModifiedDate":"2022-09-02"},{"lineNumber":45,"author":{"gitId":"kaseykwok"},"content":"    private static void exit() {","lastModifiedDate":"2022-08-26"},{"lineNumber":46,"author":{"gitId":"kaseykwok"},"content":"        System.out.println(Message.EXIT_MESSAGE);","lastModifiedDate":"2022-09-09"},{"lineNumber":47,"author":{"gitId":"kaseykwok"},"content":"    }","lastModifiedDate":"2022-08-26"},{"lineNumber":48,"author":{"gitId":"kaseykwok"},"content":"","lastModifiedDate":"2022-09-02"},{"lineNumber":49,"author":{"gitId":"kaseykwok"},"content":"    private static void displayCommandMenu() {","lastModifiedDate":"2022-09-02"},{"lineNumber":50,"author":{"gitId":"kaseykwok"},"content":"        for (Map.Entry\u003cString, Command\u003e command: COMMANDS.entrySet()) {","lastModifiedDate":"2022-09-09"},{"lineNumber":51,"author":{"gitId":"kaseykwok"},"content":"            System.out.println();","lastModifiedDate":"2022-09-09"},{"lineNumber":52,"author":{"gitId":"kaseykwok"},"content":"            System.out.println(command.getValue());","lastModifiedDate":"2022-09-09"},{"lineNumber":53,"author":{"gitId":"kaseykwok"},"content":"        }","lastModifiedDate":"2022-08-26"},{"lineNumber":54,"author":{"gitId":"kaseykwok"},"content":"    }","lastModifiedDate":"2022-09-02"},{"lineNumber":55,"author":{"gitId":"kaseykwok"},"content":"","lastModifiedDate":"2022-09-02"},{"lineNumber":56,"author":{"gitId":"kaseykwok"},"content":"    private static String getUserInput() {","lastModifiedDate":"2022-09-02"},{"lineNumber":57,"author":{"gitId":"kaseykwok"},"content":"        System.out.println(HORIZONTAL_LINE);","lastModifiedDate":"2022-09-02"},{"lineNumber":58,"author":{"gitId":"kaseykwok"},"content":"        return SCANNER.nextLine().trim();","lastModifiedDate":"2022-09-02"},{"lineNumber":59,"author":{"gitId":"kaseykwok"},"content":"    }","lastModifiedDate":"2022-09-02"},{"lineNumber":60,"author":{"gitId":"kaseykwok"},"content":"","lastModifiedDate":"2022-08-26"},{"lineNumber":61,"author":{"gitId":"kaseykwok"},"content":"    private static void evaluateUserInput(String input) {","lastModifiedDate":"2022-09-02"},{"lineNumber":62,"author":{"gitId":"kaseykwok"},"content":"        String command \u003d input.split(\" \", 2)[0];","lastModifiedDate":"2022-09-02"},{"lineNumber":63,"author":{"gitId":"kaseykwok"},"content":"","lastModifiedDate":"2022-08-26"},{"lineNumber":64,"author":{"gitId":"kaseykwok"},"content":"        switch (command) {","lastModifiedDate":"2022-09-02"},{"lineNumber":65,"author":{"gitId":"kaseykwok"},"content":"        case \"help\":","lastModifiedDate":"2022-09-02"},{"lineNumber":66,"author":{"gitId":"kaseykwok"},"content":"            displayCommandMenu();","lastModifiedDate":"2022-09-02"},{"lineNumber":67,"author":{"gitId":"kaseykwok"},"content":"            break;","lastModifiedDate":"2022-09-02"},{"lineNumber":68,"author":{"gitId":"kaseykwok"},"content":"        case \"list\":","lastModifiedDate":"2022-09-02"},{"lineNumber":69,"author":{"gitId":"kaseykwok"},"content":"            taskList.list();","lastModifiedDate":"2022-09-26"},{"lineNumber":70,"author":{"gitId":"kaseykwok"},"content":"            break;","lastModifiedDate":"2022-09-02"},{"lineNumber":71,"author":{"gitId":"kaseykwok"},"content":"        case \"mark\":","lastModifiedDate":"2022-09-09"},{"lineNumber":72,"author":{"gitId":"kaseykwok"},"content":"            taskList.markTaskAsDone(input);","lastModifiedDate":"2022-09-26"},{"lineNumber":73,"author":{"gitId":"kaseykwok"},"content":"            break;","lastModifiedDate":"2022-09-02"},{"lineNumber":74,"author":{"gitId":"kaseykwok"},"content":"        case \"unmark\":","lastModifiedDate":"2022-09-09"},{"lineNumber":75,"author":{"gitId":"kaseykwok"},"content":"            taskList.markTaskAsUndone(input);","lastModifiedDate":"2022-09-26"},{"lineNumber":76,"author":{"gitId":"kaseykwok"},"content":"            break;","lastModifiedDate":"2022-09-02"},{"lineNumber":77,"author":{"gitId":"kaseykwok"},"content":"        case \"todo\":","lastModifiedDate":"2022-09-02"},{"lineNumber":78,"author":{"gitId":"kaseykwok"},"content":"            taskList.addTodoTask(input);","lastModifiedDate":"2022-09-26"},{"lineNumber":79,"author":{"gitId":"kaseykwok"},"content":"            break;","lastModifiedDate":"2022-09-02"},{"lineNumber":80,"author":{"gitId":"kaseykwok"},"content":"        case \"deadline\":","lastModifiedDate":"2022-09-02"},{"lineNumber":81,"author":{"gitId":"kaseykwok"},"content":"            taskList.addDeadlineTask(input);","lastModifiedDate":"2022-09-26"},{"lineNumber":82,"author":{"gitId":"kaseykwok"},"content":"            break;","lastModifiedDate":"2022-09-02"},{"lineNumber":83,"author":{"gitId":"kaseykwok"},"content":"        case \"event\":","lastModifiedDate":"2022-09-02"},{"lineNumber":84,"author":{"gitId":"kaseykwok"},"content":"            taskList.addEventTask(input);","lastModifiedDate":"2022-09-26"},{"lineNumber":85,"author":{"gitId":"kaseykwok"},"content":"            break;","lastModifiedDate":"2022-09-02"},{"lineNumber":86,"author":{"gitId":"kaseykwok"},"content":"        case \"delete\":","lastModifiedDate":"2022-09-13"},{"lineNumber":87,"author":{"gitId":"kaseykwok"},"content":"            taskList.delete(input);","lastModifiedDate":"2022-09-26"},{"lineNumber":88,"author":{"gitId":"kaseykwok"},"content":"            break;","lastModifiedDate":"2022-09-13"},{"lineNumber":89,"author":{"gitId":"kaseykwok"},"content":"        case \"\":","lastModifiedDate":"2022-09-09"},{"lineNumber":90,"author":{"gitId":"kaseykwok"},"content":"            System.out.println(Message.EMPTY_INPUT_MESSAGE + \" \" + Message.HELP_MESSAGE);","lastModifiedDate":"2022-09-09"},{"lineNumber":91,"author":{"gitId":"kaseykwok"},"content":"            break;","lastModifiedDate":"2022-09-09"},{"lineNumber":92,"author":{"gitId":"kaseykwok"},"content":"        default:","lastModifiedDate":"2022-09-02"},{"lineNumber":93,"author":{"gitId":"kaseykwok"},"content":"            System.out.println(Message.INVALID_COMMAND_MESSAGE + \" \" + Message.HELP_MESSAGE);","lastModifiedDate":"2022-09-09"},{"lineNumber":94,"author":{"gitId":"kaseykwok"},"content":"            break;","lastModifiedDate":"2022-09-02"},{"lineNumber":95,"author":{"gitId":"kaseykwok"},"content":"        }","lastModifiedDate":"2022-09-02"},{"lineNumber":96,"author":{"gitId":"kaseykwok"},"content":"    }","lastModifiedDate":"2022-09-02"},{"lineNumber":97,"author":{"gitId":"kaseykwok"},"content":"","lastModifiedDate":"2022-09-02"},{"lineNumber":98,"author":{"gitId":"kaseykwok"},"content":"    public void run() {","lastModifiedDate":"2022-09-26"},{"lineNumber":99,"author":{"gitId":"kaseykwok"},"content":"        greet();","lastModifiedDate":"2022-09-02"},{"lineNumber":100,"author":{"gitId":"kaseykwok"},"content":"","lastModifiedDate":"2022-09-02"},{"lineNumber":101,"author":{"gitId":"kaseykwok"},"content":"        while (true) {","lastModifiedDate":"2022-09-02"},{"lineNumber":102,"author":{"gitId":"kaseykwok"},"content":"            String inputMessage \u003d getUserInput();","lastModifiedDate":"2022-09-02"},{"lineNumber":103,"author":{"gitId":"kaseykwok"},"content":"            if (inputMessage.equals(\"bye\")) {","lastModifiedDate":"2022-09-02"},{"lineNumber":104,"author":{"gitId":"kaseykwok"},"content":"                break;","lastModifiedDate":"2022-09-02"},{"lineNumber":105,"author":{"gitId":"kaseykwok"},"content":"            }","lastModifiedDate":"2022-08-26"},{"lineNumber":106,"author":{"gitId":"kaseykwok"},"content":"            evaluateUserInput(inputMessage);","lastModifiedDate":"2022-09-02"},{"lineNumber":107,"author":{"gitId":"kaseykwok"},"content":"        }","lastModifiedDate":"2022-08-26"},{"lineNumber":108,"author":{"gitId":"kaseykwok"},"content":"","lastModifiedDate":"2022-08-26"},{"lineNumber":109,"author":{"gitId":"kaseykwok"},"content":"        exit();","lastModifiedDate":"2022-08-26"},{"lineNumber":110,"author":{"gitId":"-"},"content":"    }","lastModifiedDate":"2019-07-29"},{"lineNumber":111,"author":{"gitId":"kaseykwok"},"content":"","lastModifiedDate":"2022-09-26"},{"lineNumber":112,"author":{"gitId":"kaseykwok"},"content":"    public static void main(String[] args) {","lastModifiedDate":"2022-09-26"},{"lineNumber":113,"author":{"gitId":"kaseykwok"},"content":"        new Duke().run();","lastModifiedDate":"2022-09-26"},{"lineNumber":114,"author":{"gitId":"kaseykwok"},"content":"    }","lastModifiedDate":"2022-09-26"},{"lineNumber":115,"author":{"gitId":"-"},"content":"}","lastModifiedDate":"2019-07-29"}],"authorContributionMap":{"kaseykwok":112,"-":3}},{"path":"src/main/java/duke/Message.java","fileType":"java","lines":[{"lineNumber":1,"author":{"gitId":"kaseykwok"},"content":"package duke;","lastModifiedDate":"2022-09-09"},{"lineNumber":2,"author":{"gitId":"kaseykwok"},"content":"","lastModifiedDate":"2022-09-09"},{"lineNumber":3,"author":{"gitId":"kaseykwok"},"content":"public final class Message {","lastModifiedDate":"2022-09-09"},{"lineNumber":4,"author":{"gitId":"kaseykwok"},"content":"    public static final String GREETING_MESSAGE \u003d \"Hello! I\u0027m Ever\\n\" +","lastModifiedDate":"2022-09-09"},{"lineNumber":5,"author":{"gitId":"kaseykwok"},"content":"            \"What can I do for you?\";","lastModifiedDate":"2022-09-09"},{"lineNumber":6,"author":{"gitId":"kaseykwok"},"content":"    public static final String EXIT_MESSAGE \u003d \"Bye. Hope to see you again soon!\";","lastModifiedDate":"2022-09-09"},{"lineNumber":7,"author":{"gitId":"kaseykwok"},"content":"    public static final String HELP_MESSAGE \u003d \"Type \u0027help\u0027 if you need help.\";","lastModifiedDate":"2022-09-09"},{"lineNumber":8,"author":{"gitId":"kaseykwok"},"content":"    public static final String EMPTY_INPUT_MESSAGE \u003d \"I can\u0027t hear anything from you, can you say it again?\";","lastModifiedDate":"2022-09-09"},{"lineNumber":9,"author":{"gitId":"kaseykwok"},"content":"    public static final String INVALID_COMMAND_MESSAGE \u003d \"Sorry, I don\u0027t get what you mean. Can you try again?\";","lastModifiedDate":"2022-09-09"},{"lineNumber":10,"author":{"gitId":"kaseykwok"},"content":"    public static final String NO_TASKS_MESSAGE \u003d \"There are no tasks added yet.\";","lastModifiedDate":"2022-09-09"},{"lineNumber":11,"author":{"gitId":"kaseykwok"},"content":"    public static final String MAXIMUM_TASKS_REACHED_ERROR_MESSAGE \u003d \"Maximum number of tasks reached\";","lastModifiedDate":"2022-09-09"},{"lineNumber":12,"author":{"gitId":"kaseykwok"},"content":"","lastModifiedDate":"2022-09-09"},{"lineNumber":13,"author":{"gitId":"kaseykwok"},"content":"    /** Task Number Error Messages **/","lastModifiedDate":"2022-09-09"},{"lineNumber":14,"author":{"gitId":"kaseykwok"},"content":"    public static final String WRONG_TASK_NUMBER_RANGE_ERROR_MESSAGE \u003d \"Sorry, the task number is out of range. Type \\\"list\\\" for viewing all the tasks.\";","lastModifiedDate":"2022-09-13"},{"lineNumber":15,"author":{"gitId":"kaseykwok"},"content":"    public static final String WRONG_TASK_NUMBER_ERROR_MESSAGE \u003d \"Sorry, the selected task has not been created yet. Type \\\"list\\\" to see the task numbers.\";","lastModifiedDate":"2022-09-09"},{"lineNumber":16,"author":{"gitId":"kaseykwok"},"content":"    public static final String MISSING_TASK_NUMBER_ERROR_MESSAGE \u003d \"Sorry, you have not provide the task number.\";","lastModifiedDate":"2022-09-09"},{"lineNumber":17,"author":{"gitId":"kaseykwok"},"content":"    public static final String WRONG_TASK_NUMBER_FORMAT_ERROR_MESSAGE \u003d \"Invalid input. Please type an integer for the task number.\";","lastModifiedDate":"2022-09-09"},{"lineNumber":18,"author":{"gitId":"kaseykwok"},"content":"","lastModifiedDate":"2022-09-09"},{"lineNumber":19,"author":{"gitId":"kaseykwok"},"content":"    /** Add Task Error Messages **/","lastModifiedDate":"2022-09-09"},{"lineNumber":20,"author":{"gitId":"kaseykwok"},"content":"    public static final String INVALID_ADD_TODO_FORMAT_ERROR_MESSAGE \u003d \"Invalid input, todo task could not be added\";","lastModifiedDate":"2022-09-09"},{"lineNumber":21,"author":{"gitId":"kaseykwok"},"content":"    public static final String INVALID_ADD_DEADLINE_FORMAT_ERROR_MESSAGE \u003d \"Invalid input, please provide the description and deadline\";","lastModifiedDate":"2022-09-09"},{"lineNumber":22,"author":{"gitId":"kaseykwok"},"content":"    public static final String INVALID_ADD_EVENT_FORMAT_ERROR_MESSAGE \u003d \"Invalid input, please provide the description and date time\";","lastModifiedDate":"2022-09-09"},{"lineNumber":23,"author":{"gitId":"kaseykwok"},"content":"","lastModifiedDate":"2022-09-09"},{"lineNumber":24,"author":{"gitId":"kaseykwok"},"content":"    /** Save Task Messages **/","lastModifiedDate":"2022-09-13"},{"lineNumber":25,"author":{"gitId":"kaseykwok"},"content":"    public static final String SAVE_TASK_FAIL_ERROR_MESSAGE \u003d \"Fail to save tasks. Try again \";","lastModifiedDate":"2022-09-13"},{"lineNumber":26,"author":{"gitId":"kaseykwok"},"content":"    public static final String SAVE_TASK_SUCCESSFUL_MESSAGE \u003d \"File saved. Please check /data/duke.txt\";","lastModifiedDate":"2022-09-13"},{"lineNumber":27,"author":{"gitId":"kaseykwok"},"content":"","lastModifiedDate":"2022-09-13"},{"lineNumber":28,"author":{"gitId":"kaseykwok"},"content":"    /** File handling messages **/","lastModifiedDate":"2022-09-13"},{"lineNumber":29,"author":{"gitId":"kaseykwok"},"content":"    public static final String CREATE_FILE_FAIL_ERROR_MESSAGE \u003d \"Fails to create the file\";","lastModifiedDate":"2022-09-13"},{"lineNumber":30,"author":{"gitId":"kaseykwok"},"content":"    public static final String CREATE_DIRECTORY_FAIL_ERROR_MESSAGE \u003d \"Fails to create the directory\";","lastModifiedDate":"2022-09-13"},{"lineNumber":31,"author":{"gitId":"kaseykwok"},"content":"","lastModifiedDate":"2022-09-13"},{"lineNumber":32,"author":{"gitId":"kaseykwok"},"content":"    private Message() {","lastModifiedDate":"2022-09-09"},{"lineNumber":33,"author":{"gitId":"kaseykwok"},"content":"    }","lastModifiedDate":"2022-09-09"},{"lineNumber":34,"author":{"gitId":"kaseykwok"},"content":"}","lastModifiedDate":"2022-09-09"}],"authorContributionMap":{"kaseykwok":34}},{"path":"src/main/java/duke/Parser.java","fileType":"java","lines":[{"lineNumber":1,"author":{"gitId":"kaseykwok"},"content":"package duke;","lastModifiedDate":"2022-09-26"},{"lineNumber":2,"author":{"gitId":"kaseykwok"},"content":"","lastModifiedDate":"2022-09-26"},{"lineNumber":3,"author":{"gitId":"kaseykwok"},"content":"import duke.task.Task;","lastModifiedDate":"2022-09-26"},{"lineNumber":4,"author":{"gitId":"kaseykwok"},"content":"import duke.task.TaskList;","lastModifiedDate":"2022-09-26"},{"lineNumber":5,"author":{"gitId":"kaseykwok"},"content":"import duke.task.model.Deadline;","lastModifiedDate":"2022-09-26"},{"lineNumber":6,"author":{"gitId":"kaseykwok"},"content":"import duke.task.model.Event;","lastModifiedDate":"2022-09-26"},{"lineNumber":7,"author":{"gitId":"kaseykwok"},"content":"import duke.task.model.Todo;","lastModifiedDate":"2022-09-26"},{"lineNumber":8,"author":{"gitId":"kaseykwok"},"content":"","lastModifiedDate":"2022-09-26"},{"lineNumber":9,"author":{"gitId":"kaseykwok"},"content":"import java.util.ArrayList;","lastModifiedDate":"2022-09-26"},{"lineNumber":10,"author":{"gitId":"kaseykwok"},"content":"","lastModifiedDate":"2022-09-26"},{"lineNumber":11,"author":{"gitId":"kaseykwok"},"content":"public abstract class Parser {","lastModifiedDate":"2022-09-26"},{"lineNumber":12,"author":{"gitId":"kaseykwok"},"content":"    public static ArrayList\u003cTask\u003e parseTaskData(ArrayList\u003cString\u003e taskDataItems) {","lastModifiedDate":"2022-09-26"},{"lineNumber":13,"author":{"gitId":"kaseykwok"},"content":"        ArrayList\u003cTask\u003e tasks \u003d new ArrayList\u003c\u003e();","lastModifiedDate":"2022-09-26"},{"lineNumber":14,"author":{"gitId":"kaseykwok"},"content":"","lastModifiedDate":"2022-09-26"},{"lineNumber":15,"author":{"gitId":"kaseykwok"},"content":"        for (String line : taskDataItems) {","lastModifiedDate":"2022-09-26"},{"lineNumber":16,"author":{"gitId":"kaseykwok"},"content":"            String taskType \u003d getTaskType(line);","lastModifiedDate":"2022-09-26"},{"lineNumber":17,"author":{"gitId":"kaseykwok"},"content":"            String taskStatus \u003d getTaskStatus(line);","lastModifiedDate":"2022-09-26"},{"lineNumber":18,"author":{"gitId":"kaseykwok"},"content":"            String taskParameters \u003d getTaskParameters(line);","lastModifiedDate":"2022-09-26"},{"lineNumber":19,"author":{"gitId":"kaseykwok"},"content":"            String taskDescription \u003d getTaskDescription(taskParameters);","lastModifiedDate":"2022-09-26"},{"lineNumber":20,"author":{"gitId":"kaseykwok"},"content":"            String taskDatetime \u003d \"\";","lastModifiedDate":"2022-09-26"},{"lineNumber":21,"author":{"gitId":"kaseykwok"},"content":"","lastModifiedDate":"2022-09-26"},{"lineNumber":22,"author":{"gitId":"kaseykwok"},"content":"            switch (taskType) {","lastModifiedDate":"2022-09-26"},{"lineNumber":23,"author":{"gitId":"kaseykwok"},"content":"            case Todo.ICON:","lastModifiedDate":"2022-09-26"},{"lineNumber":24,"author":{"gitId":"kaseykwok"},"content":"                Todo todoTask \u003d new Todo(taskDescription, taskStatus);","lastModifiedDate":"2022-09-26"},{"lineNumber":25,"author":{"gitId":"kaseykwok"},"content":"                tasks.add(todoTask);","lastModifiedDate":"2022-09-26"},{"lineNumber":26,"author":{"gitId":"kaseykwok"},"content":"                break;","lastModifiedDate":"2022-09-26"},{"lineNumber":27,"author":{"gitId":"kaseykwok"},"content":"            case Event.ICON:","lastModifiedDate":"2022-09-26"},{"lineNumber":28,"author":{"gitId":"kaseykwok"},"content":"                taskDatetime \u003d getTaskDatetime(taskParameters);","lastModifiedDate":"2022-09-26"},{"lineNumber":29,"author":{"gitId":"kaseykwok"},"content":"                Event event \u003d new Event(taskDescription, taskDatetime, taskStatus);","lastModifiedDate":"2022-09-26"},{"lineNumber":30,"author":{"gitId":"kaseykwok"},"content":"                tasks.add(event);","lastModifiedDate":"2022-09-26"},{"lineNumber":31,"author":{"gitId":"kaseykwok"},"content":"                break;","lastModifiedDate":"2022-09-26"},{"lineNumber":32,"author":{"gitId":"kaseykwok"},"content":"            case Deadline.ICON:","lastModifiedDate":"2022-09-26"},{"lineNumber":33,"author":{"gitId":"kaseykwok"},"content":"                taskDatetime \u003d getTaskDatetime(taskParameters);","lastModifiedDate":"2022-09-26"},{"lineNumber":34,"author":{"gitId":"kaseykwok"},"content":"                Deadline deadline \u003d new Deadline(taskDescription, taskDatetime, taskStatus);","lastModifiedDate":"2022-09-26"},{"lineNumber":35,"author":{"gitId":"kaseykwok"},"content":"                tasks.add(deadline);","lastModifiedDate":"2022-09-26"},{"lineNumber":36,"author":{"gitId":"kaseykwok"},"content":"                break;","lastModifiedDate":"2022-09-26"},{"lineNumber":37,"author":{"gitId":"kaseykwok"},"content":"            default:","lastModifiedDate":"2022-09-26"},{"lineNumber":38,"author":{"gitId":"kaseykwok"},"content":"                // Skip the line when it is an undefined task","lastModifiedDate":"2022-09-26"},{"lineNumber":39,"author":{"gitId":"kaseykwok"},"content":"                break;","lastModifiedDate":"2022-09-26"},{"lineNumber":40,"author":{"gitId":"kaseykwok"},"content":"            }","lastModifiedDate":"2022-09-26"},{"lineNumber":41,"author":{"gitId":"kaseykwok"},"content":"        }","lastModifiedDate":"2022-09-26"},{"lineNumber":42,"author":{"gitId":"kaseykwok"},"content":"","lastModifiedDate":"2022-09-26"},{"lineNumber":43,"author":{"gitId":"kaseykwok"},"content":"        return tasks;","lastModifiedDate":"2022-09-26"},{"lineNumber":44,"author":{"gitId":"kaseykwok"},"content":"    }","lastModifiedDate":"2022-09-26"},{"lineNumber":45,"author":{"gitId":"kaseykwok"},"content":"","lastModifiedDate":"2022-09-26"},{"lineNumber":46,"author":{"gitId":"kaseykwok"},"content":"    private static String getTaskType(String line) {","lastModifiedDate":"2022-09-26"},{"lineNumber":47,"author":{"gitId":"kaseykwok"},"content":"        return line.split(TaskList.FILE_STRING_SEPARATOR)[0];","lastModifiedDate":"2022-09-26"},{"lineNumber":48,"author":{"gitId":"kaseykwok"},"content":"    }","lastModifiedDate":"2022-09-26"},{"lineNumber":49,"author":{"gitId":"kaseykwok"},"content":"","lastModifiedDate":"2022-09-26"},{"lineNumber":50,"author":{"gitId":"kaseykwok"},"content":"    private static String getTaskStatus(String line) {","lastModifiedDate":"2022-09-26"},{"lineNumber":51,"author":{"gitId":"kaseykwok"},"content":"        return line.split(TaskList.FILE_STRING_SEPARATOR)[1];","lastModifiedDate":"2022-09-26"},{"lineNumber":52,"author":{"gitId":"kaseykwok"},"content":"    }","lastModifiedDate":"2022-09-26"},{"lineNumber":53,"author":{"gitId":"kaseykwok"},"content":"","lastModifiedDate":"2022-09-26"},{"lineNumber":54,"author":{"gitId":"kaseykwok"},"content":"    private static String getTaskParameters(String line) {","lastModifiedDate":"2022-09-26"},{"lineNumber":55,"author":{"gitId":"kaseykwok"},"content":"        return line.split(TaskList.FILE_STRING_SEPARATOR, 3)[2];","lastModifiedDate":"2022-09-26"},{"lineNumber":56,"author":{"gitId":"kaseykwok"},"content":"    }","lastModifiedDate":"2022-09-26"},{"lineNumber":57,"author":{"gitId":"kaseykwok"},"content":"","lastModifiedDate":"2022-09-26"},{"lineNumber":58,"author":{"gitId":"kaseykwok"},"content":"    private static String getTaskDescription(String taskParameters) {","lastModifiedDate":"2022-09-26"},{"lineNumber":59,"author":{"gitId":"kaseykwok"},"content":"        return taskParameters.split(TaskList.FILE_STRING_SEPARATOR)[0];","lastModifiedDate":"2022-09-26"},{"lineNumber":60,"author":{"gitId":"kaseykwok"},"content":"    }","lastModifiedDate":"2022-09-26"},{"lineNumber":61,"author":{"gitId":"kaseykwok"},"content":"","lastModifiedDate":"2022-09-26"},{"lineNumber":62,"author":{"gitId":"kaseykwok"},"content":"    private static String getTaskDatetime(String taskParameters) {","lastModifiedDate":"2022-09-26"},{"lineNumber":63,"author":{"gitId":"kaseykwok"},"content":"        return taskParameters.split(TaskList.FILE_STRING_SEPARATOR)[1];","lastModifiedDate":"2022-09-26"},{"lineNumber":64,"author":{"gitId":"kaseykwok"},"content":"    }","lastModifiedDate":"2022-09-26"},{"lineNumber":65,"author":{"gitId":"kaseykwok"},"content":"}","lastModifiedDate":"2022-09-26"}],"authorContributionMap":{"kaseykwok":65}},{"path":"src/main/java/duke/Storage.java","fileType":"java","lines":[{"lineNumber":1,"author":{"gitId":"kaseykwok"},"content":"package duke;","lastModifiedDate":"2022-09-26"},{"lineNumber":2,"author":{"gitId":"kaseykwok"},"content":"","lastModifiedDate":"2022-09-26"},{"lineNumber":3,"author":{"gitId":"kaseykwok"},"content":"import duke.task.Task;","lastModifiedDate":"2022-09-26"},{"lineNumber":4,"author":{"gitId":"kaseykwok"},"content":"","lastModifiedDate":"2022-09-26"},{"lineNumber":5,"author":{"gitId":"kaseykwok"},"content":"import java.io.File;","lastModifiedDate":"2022-09-26"},{"lineNumber":6,"author":{"gitId":"kaseykwok"},"content":"import java.io.FileNotFoundException;","lastModifiedDate":"2022-09-26"},{"lineNumber":7,"author":{"gitId":"kaseykwok"},"content":"import java.io.FileWriter;","lastModifiedDate":"2022-09-26"},{"lineNumber":8,"author":{"gitId":"kaseykwok"},"content":"import java.io.IOException;","lastModifiedDate":"2022-09-26"},{"lineNumber":9,"author":{"gitId":"kaseykwok"},"content":"import java.nio.file.Files;","lastModifiedDate":"2022-09-26"},{"lineNumber":10,"author":{"gitId":"kaseykwok"},"content":"import java.util.ArrayList;","lastModifiedDate":"2022-09-26"},{"lineNumber":11,"author":{"gitId":"kaseykwok"},"content":"","lastModifiedDate":"2022-09-26"},{"lineNumber":12,"author":{"gitId":"kaseykwok"},"content":"public class Storage { ;","lastModifiedDate":"2022-09-26"},{"lineNumber":13,"author":{"gitId":"kaseykwok"},"content":"    private static final String DATA_DIRECTORY \u003d \"data\";","lastModifiedDate":"2022-09-26"},{"lineNumber":14,"author":{"gitId":"kaseykwok"},"content":"    private static final String DATA_FILE_NAME \u003d \"duke.txt\";","lastModifiedDate":"2022-09-26"},{"lineNumber":15,"author":{"gitId":"kaseykwok"},"content":"","lastModifiedDate":"2022-09-26"},{"lineNumber":16,"author":{"gitId":"kaseykwok"},"content":"    private static File dataFile;","lastModifiedDate":"2022-09-26"},{"lineNumber":17,"author":{"gitId":"kaseykwok"},"content":"","lastModifiedDate":"2022-09-26"},{"lineNumber":18,"author":{"gitId":"kaseykwok"},"content":"    public Storage() {","lastModifiedDate":"2022-09-26"},{"lineNumber":19,"author":{"gitId":"kaseykwok"},"content":"        dataFile \u003d new File(DATA_DIRECTORY, DATA_FILE_NAME);","lastModifiedDate":"2022-09-26"},{"lineNumber":20,"author":{"gitId":"kaseykwok"},"content":"    }","lastModifiedDate":"2022-09-26"},{"lineNumber":21,"author":{"gitId":"kaseykwok"},"content":"","lastModifiedDate":"2022-09-26"},{"lineNumber":22,"author":{"gitId":"kaseykwok"},"content":"    public static void createFile() {","lastModifiedDate":"2022-09-26"},{"lineNumber":23,"author":{"gitId":"kaseykwok"},"content":"        try {","lastModifiedDate":"2022-09-26"},{"lineNumber":24,"author":{"gitId":"kaseykwok"},"content":"            if (dataFile.exists()) {","lastModifiedDate":"2022-09-26"},{"lineNumber":25,"author":{"gitId":"kaseykwok"},"content":"                return;","lastModifiedDate":"2022-09-26"},{"lineNumber":26,"author":{"gitId":"kaseykwok"},"content":"            }","lastModifiedDate":"2022-09-26"},{"lineNumber":27,"author":{"gitId":"kaseykwok"},"content":"","lastModifiedDate":"2022-09-26"},{"lineNumber":28,"author":{"gitId":"kaseykwok"},"content":"            // Create parent directory if it does not exist","lastModifiedDate":"2022-09-26"},{"lineNumber":29,"author":{"gitId":"kaseykwok"},"content":"            if (!dataFile.getParentFile().exists()) {","lastModifiedDate":"2022-09-26"},{"lineNumber":30,"author":{"gitId":"kaseykwok"},"content":"                dataFile.getParentFile().mkdirs();","lastModifiedDate":"2022-09-26"},{"lineNumber":31,"author":{"gitId":"kaseykwok"},"content":"            }","lastModifiedDate":"2022-09-26"},{"lineNumber":32,"author":{"gitId":"kaseykwok"},"content":"","lastModifiedDate":"2022-09-26"},{"lineNumber":33,"author":{"gitId":"kaseykwok"},"content":"            dataFile.createNewFile();","lastModifiedDate":"2022-09-26"},{"lineNumber":34,"author":{"gitId":"kaseykwok"},"content":"        } catch (IOException e) {","lastModifiedDate":"2022-09-26"},{"lineNumber":35,"author":{"gitId":"kaseykwok"},"content":"            System.out.println(Message.CREATE_FILE_FAIL_ERROR_MESSAGE);","lastModifiedDate":"2022-09-26"},{"lineNumber":36,"author":{"gitId":"kaseykwok"},"content":"        }","lastModifiedDate":"2022-09-26"},{"lineNumber":37,"author":{"gitId":"kaseykwok"},"content":"    }","lastModifiedDate":"2022-09-26"},{"lineNumber":38,"author":{"gitId":"kaseykwok"},"content":"","lastModifiedDate":"2022-09-26"},{"lineNumber":39,"author":{"gitId":"kaseykwok"},"content":"    private ArrayList\u003cString\u003e readFile() throws FileNotFoundException {","lastModifiedDate":"2022-09-26"},{"lineNumber":40,"author":{"gitId":"kaseykwok"},"content":"        if (!dataFile.exists()) {","lastModifiedDate":"2022-09-26"},{"lineNumber":41,"author":{"gitId":"kaseykwok"},"content":"            throw new FileNotFoundException();","lastModifiedDate":"2022-09-26"},{"lineNumber":42,"author":{"gitId":"kaseykwok"},"content":"        }","lastModifiedDate":"2022-09-26"},{"lineNumber":43,"author":{"gitId":"kaseykwok"},"content":"","lastModifiedDate":"2022-09-26"},{"lineNumber":44,"author":{"gitId":"kaseykwok"},"content":"        if (dataFile.length() \u003d\u003d 0) {","lastModifiedDate":"2022-09-26"},{"lineNumber":45,"author":{"gitId":"kaseykwok"},"content":"            return null;","lastModifiedDate":"2022-09-26"},{"lineNumber":46,"author":{"gitId":"kaseykwok"},"content":"        }","lastModifiedDate":"2022-09-26"},{"lineNumber":47,"author":{"gitId":"kaseykwok"},"content":"","lastModifiedDate":"2022-09-26"},{"lineNumber":48,"author":{"gitId":"kaseykwok"},"content":"        ArrayList\u003cString\u003e taskData \u003d null;","lastModifiedDate":"2022-09-26"},{"lineNumber":49,"author":{"gitId":"kaseykwok"},"content":"","lastModifiedDate":"2022-09-26"},{"lineNumber":50,"author":{"gitId":"kaseykwok"},"content":"        try {","lastModifiedDate":"2022-09-26"},{"lineNumber":51,"author":{"gitId":"kaseykwok"},"content":"            taskData \u003d (ArrayList\u003cString\u003e) Files.readAllLines(dataFile.toPath());","lastModifiedDate":"2022-09-26"},{"lineNumber":52,"author":{"gitId":"kaseykwok"},"content":"        } catch (IOException e) {","lastModifiedDate":"2022-09-26"},{"lineNumber":53,"author":{"gitId":"kaseykwok"},"content":"            // Fail to read file","lastModifiedDate":"2022-09-26"},{"lineNumber":54,"author":{"gitId":"kaseykwok"},"content":"        }","lastModifiedDate":"2022-09-26"},{"lineNumber":55,"author":{"gitId":"kaseykwok"},"content":"","lastModifiedDate":"2022-09-26"},{"lineNumber":56,"author":{"gitId":"kaseykwok"},"content":"        return taskData;","lastModifiedDate":"2022-09-26"},{"lineNumber":57,"author":{"gitId":"kaseykwok"},"content":"    }","lastModifiedDate":"2022-09-26"},{"lineNumber":58,"author":{"gitId":"kaseykwok"},"content":"","lastModifiedDate":"2022-09-26"},{"lineNumber":59,"author":{"gitId":"kaseykwok"},"content":"    public ArrayList\u003cTask\u003e loadTasks() {","lastModifiedDate":"2022-09-26"},{"lineNumber":60,"author":{"gitId":"kaseykwok"},"content":"        ArrayList\u003cTask\u003e taskList \u003d new ArrayList\u003c\u003e();","lastModifiedDate":"2022-09-26"},{"lineNumber":61,"author":{"gitId":"kaseykwok"},"content":"","lastModifiedDate":"2022-09-26"},{"lineNumber":62,"author":{"gitId":"kaseykwok"},"content":"        try {","lastModifiedDate":"2022-09-26"},{"lineNumber":63,"author":{"gitId":"kaseykwok"},"content":"            ArrayList\u003cString\u003e taskData \u003d readFile();","lastModifiedDate":"2022-09-26"},{"lineNumber":64,"author":{"gitId":"kaseykwok"},"content":"            if (taskData !\u003d null) {","lastModifiedDate":"2022-09-26"},{"lineNumber":65,"author":{"gitId":"kaseykwok"},"content":"                taskList \u003d Parser.parseTaskData(taskData);","lastModifiedDate":"2022-09-26"},{"lineNumber":66,"author":{"gitId":"kaseykwok"},"content":"            }","lastModifiedDate":"2022-09-26"},{"lineNumber":67,"author":{"gitId":"kaseykwok"},"content":"        } catch (FileNotFoundException e) {","lastModifiedDate":"2022-09-26"},{"lineNumber":68,"author":{"gitId":"kaseykwok"},"content":"            createFile();","lastModifiedDate":"2022-09-26"},{"lineNumber":69,"author":{"gitId":"kaseykwok"},"content":"        }","lastModifiedDate":"2022-09-26"},{"lineNumber":70,"author":{"gitId":"kaseykwok"},"content":"","lastModifiedDate":"2022-09-26"},{"lineNumber":71,"author":{"gitId":"kaseykwok"},"content":"        return taskList;","lastModifiedDate":"2022-09-26"},{"lineNumber":72,"author":{"gitId":"kaseykwok"},"content":"    }","lastModifiedDate":"2022-09-26"},{"lineNumber":73,"author":{"gitId":"kaseykwok"},"content":"","lastModifiedDate":"2022-09-26"},{"lineNumber":74,"author":{"gitId":"kaseykwok"},"content":"    public void saveTasks(ArrayList\u003cTask\u003e tasks) {","lastModifiedDate":"2022-09-26"},{"lineNumber":75,"author":{"gitId":"kaseykwok"},"content":"        try {","lastModifiedDate":"2022-09-26"},{"lineNumber":76,"author":{"gitId":"kaseykwok"},"content":"            // Create parent directory if it does not exist","lastModifiedDate":"2022-09-26"},{"lineNumber":77,"author":{"gitId":"kaseykwok"},"content":"            if (!dataFile.getParentFile().exists()) {","lastModifiedDate":"2022-09-26"},{"lineNumber":78,"author":{"gitId":"kaseykwok"},"content":"                dataFile.getParentFile().mkdirs();","lastModifiedDate":"2022-09-26"},{"lineNumber":79,"author":{"gitId":"kaseykwok"},"content":"            }","lastModifiedDate":"2022-09-26"},{"lineNumber":80,"author":{"gitId":"kaseykwok"},"content":"","lastModifiedDate":"2022-09-26"},{"lineNumber":81,"author":{"gitId":"kaseykwok"},"content":"            if (!dataFile.exists()) {","lastModifiedDate":"2022-09-26"},{"lineNumber":82,"author":{"gitId":"kaseykwok"},"content":"                dataFile.createNewFile();","lastModifiedDate":"2022-09-26"},{"lineNumber":83,"author":{"gitId":"kaseykwok"},"content":"            }","lastModifiedDate":"2022-09-26"},{"lineNumber":84,"author":{"gitId":"kaseykwok"},"content":"","lastModifiedDate":"2022-09-26"},{"lineNumber":85,"author":{"gitId":"kaseykwok"},"content":"            FileWriter fileWriter \u003d new FileWriter(dataFile);","lastModifiedDate":"2022-09-26"},{"lineNumber":86,"author":{"gitId":"kaseykwok"},"content":"            for (Task task : tasks) {","lastModifiedDate":"2022-09-26"},{"lineNumber":87,"author":{"gitId":"kaseykwok"},"content":"                fileWriter.write(task.getStringForSave() + System.lineSeparator());","lastModifiedDate":"2022-09-26"},{"lineNumber":88,"author":{"gitId":"kaseykwok"},"content":"            }","lastModifiedDate":"2022-09-26"},{"lineNumber":89,"author":{"gitId":"kaseykwok"},"content":"            fileWriter.close();","lastModifiedDate":"2022-09-26"},{"lineNumber":90,"author":{"gitId":"kaseykwok"},"content":"        } catch (IOException e) {","lastModifiedDate":"2022-09-26"},{"lineNumber":91,"author":{"gitId":"kaseykwok"},"content":"            System.out.println(Message.SAVE_TASK_FAIL_ERROR_MESSAGE);","lastModifiedDate":"2022-09-26"},{"lineNumber":92,"author":{"gitId":"kaseykwok"},"content":"        }","lastModifiedDate":"2022-09-26"},{"lineNumber":93,"author":{"gitId":"kaseykwok"},"content":"    }","lastModifiedDate":"2022-09-26"},{"lineNumber":94,"author":{"gitId":"kaseykwok"},"content":"}","lastModifiedDate":"2022-09-26"}],"authorContributionMap":{"kaseykwok":94}},{"path":"src/main/java/duke/task/Task.java","fileType":"java","lines":[{"lineNumber":1,"author":{"gitId":"kaseykwok"},"content":"package duke.task;","lastModifiedDate":"2022-09-09"},{"lineNumber":2,"author":{"gitId":"kaseykwok"},"content":"","lastModifiedDate":"2022-09-09"},{"lineNumber":3,"author":{"gitId":"kaseykwok"},"content":"public abstract class Task {","lastModifiedDate":"2022-09-02"},{"lineNumber":4,"author":{"gitId":"kaseykwok"},"content":"    protected String description;","lastModifiedDate":"2022-08-26"},{"lineNumber":5,"author":{"gitId":"kaseykwok"},"content":"    protected boolean isDone;","lastModifiedDate":"2022-08-26"},{"lineNumber":6,"author":{"gitId":"kaseykwok"},"content":"","lastModifiedDate":"2022-08-26"},{"lineNumber":7,"author":{"gitId":"kaseykwok"},"content":"    private static final String DONE_VALUE \u003d \"1\";","lastModifiedDate":"2022-09-26"},{"lineNumber":8,"author":{"gitId":"kaseykwok"},"content":"    private static final String UNDONE_VALUE \u003d \"0\";","lastModifiedDate":"2022-09-26"},{"lineNumber":9,"author":{"gitId":"kaseykwok"},"content":"","lastModifiedDate":"2022-09-26"},{"lineNumber":10,"author":{"gitId":"kaseykwok"},"content":"    private static final String DONE_ICON \u003d \"X\";","lastModifiedDate":"2022-09-26"},{"lineNumber":11,"author":{"gitId":"kaseykwok"},"content":"    private static final String UNDONE_ICON \u003d \" \";","lastModifiedDate":"2022-09-26"},{"lineNumber":12,"author":{"gitId":"kaseykwok"},"content":"","lastModifiedDate":"2022-09-26"},{"lineNumber":13,"author":{"gitId":"kaseykwok"},"content":"    protected Task(String description) {","lastModifiedDate":"2022-09-13"},{"lineNumber":14,"author":{"gitId":"kaseykwok"},"content":"        this.description \u003d description;","lastModifiedDate":"2022-08-26"},{"lineNumber":15,"author":{"gitId":"kaseykwok"},"content":"        this.isDone \u003d false;","lastModifiedDate":"2022-08-26"},{"lineNumber":16,"author":{"gitId":"kaseykwok"},"content":"    }","lastModifiedDate":"2022-08-26"},{"lineNumber":17,"author":{"gitId":"kaseykwok"},"content":"","lastModifiedDate":"2022-08-26"},{"lineNumber":18,"author":{"gitId":"kaseykwok"},"content":"    protected Task(String description, String taskStatusString) {","lastModifiedDate":"2022-09-26"},{"lineNumber":19,"author":{"gitId":"kaseykwok"},"content":"        this.description \u003d description;","lastModifiedDate":"2022-09-26"},{"lineNumber":20,"author":{"gitId":"kaseykwok"},"content":"        this.isDone \u003d getTaskStatus(taskStatusString);","lastModifiedDate":"2022-09-26"},{"lineNumber":21,"author":{"gitId":"kaseykwok"},"content":"    }","lastModifiedDate":"2022-09-26"},{"lineNumber":22,"author":{"gitId":"kaseykwok"},"content":"","lastModifiedDate":"2022-09-26"},{"lineNumber":23,"author":{"gitId":"kaseykwok"},"content":"    public boolean getTaskStatus(String taskStatusString) {","lastModifiedDate":"2022-09-26"},{"lineNumber":24,"author":{"gitId":"kaseykwok"},"content":"        return taskStatusString.equals(DONE_VALUE);","lastModifiedDate":"2022-09-26"},{"lineNumber":25,"author":{"gitId":"kaseykwok"},"content":"    }","lastModifiedDate":"2022-09-26"},{"lineNumber":26,"author":{"gitId":"kaseykwok"},"content":"","lastModifiedDate":"2022-09-26"},{"lineNumber":27,"author":{"gitId":"kaseykwok"},"content":"    public String getStatusIcon() {","lastModifiedDate":"2022-08-26"},{"lineNumber":28,"author":{"gitId":"kaseykwok"},"content":"        return (isDone ? DONE_ICON : UNDONE_ICON);","lastModifiedDate":"2022-09-26"},{"lineNumber":29,"author":{"gitId":"kaseykwok"},"content":"    }","lastModifiedDate":"2022-08-26"},{"lineNumber":30,"author":{"gitId":"kaseykwok"},"content":"","lastModifiedDate":"2022-08-26"},{"lineNumber":31,"author":{"gitId":"kaseykwok"},"content":"    public String getStatusValue() {","lastModifiedDate":"2022-09-13"},{"lineNumber":32,"author":{"gitId":"kaseykwok"},"content":"        return (isDone ? DONE_VALUE : UNDONE_VALUE);","lastModifiedDate":"2022-09-26"},{"lineNumber":33,"author":{"gitId":"kaseykwok"},"content":"    }","lastModifiedDate":"2022-09-13"},{"lineNumber":34,"author":{"gitId":"kaseykwok"},"content":"","lastModifiedDate":"2022-09-13"},{"lineNumber":35,"author":{"gitId":"kaseykwok"},"content":"    public String getDescription() {","lastModifiedDate":"2022-08-26"},{"lineNumber":36,"author":{"gitId":"kaseykwok"},"content":"        return description;","lastModifiedDate":"2022-08-26"},{"lineNumber":37,"author":{"gitId":"kaseykwok"},"content":"    }","lastModifiedDate":"2022-08-26"},{"lineNumber":38,"author":{"gitId":"kaseykwok"},"content":"","lastModifiedDate":"2022-08-26"},{"lineNumber":39,"author":{"gitId":"kaseykwok"},"content":"    public void markAsDone() {","lastModifiedDate":"2022-08-26"},{"lineNumber":40,"author":{"gitId":"kaseykwok"},"content":"        isDone \u003d true;","lastModifiedDate":"2022-08-26"},{"lineNumber":41,"author":{"gitId":"kaseykwok"},"content":"    }","lastModifiedDate":"2022-08-26"},{"lineNumber":42,"author":{"gitId":"kaseykwok"},"content":"","lastModifiedDate":"2022-08-26"},{"lineNumber":43,"author":{"gitId":"kaseykwok"},"content":"    public void unmarkDone() {","lastModifiedDate":"2022-08-26"},{"lineNumber":44,"author":{"gitId":"kaseykwok"},"content":"        isDone \u003d false;","lastModifiedDate":"2022-08-26"},{"lineNumber":45,"author":{"gitId":"kaseykwok"},"content":"    }","lastModifiedDate":"2022-08-26"},{"lineNumber":46,"author":{"gitId":"kaseykwok"},"content":"","lastModifiedDate":"2022-08-26"},{"lineNumber":47,"author":{"gitId":"kaseykwok"},"content":"    @Override","lastModifiedDate":"2022-09-02"},{"lineNumber":48,"author":{"gitId":"kaseykwok"},"content":"    public String toString() {","lastModifiedDate":"2022-09-02"},{"lineNumber":49,"author":{"gitId":"kaseykwok"},"content":"        return String.format(\"[%s] %s\", this.getStatusIcon(), description);","lastModifiedDate":"2022-08-26"},{"lineNumber":50,"author":{"gitId":"kaseykwok"},"content":"    }","lastModifiedDate":"2022-08-26"},{"lineNumber":51,"author":{"gitId":"kaseykwok"},"content":"","lastModifiedDate":"2022-09-02"},{"lineNumber":52,"author":{"gitId":"kaseykwok"},"content":"    public static String[] extractParameters(String command) {","lastModifiedDate":"2022-09-02"},{"lineNumber":53,"author":{"gitId":"kaseykwok"},"content":"        return new String[0];","lastModifiedDate":"2022-09-02"},{"lineNumber":54,"author":{"gitId":"kaseykwok"},"content":"    }","lastModifiedDate":"2022-09-02"},{"lineNumber":55,"author":{"gitId":"kaseykwok"},"content":"","lastModifiedDate":"2022-09-13"},{"lineNumber":56,"author":{"gitId":"kaseykwok"},"content":"    public abstract String getStringForSave();","lastModifiedDate":"2022-09-13"},{"lineNumber":57,"author":{"gitId":"kaseykwok"},"content":"}","lastModifiedDate":"2022-08-26"}],"authorContributionMap":{"kaseykwok":57}},{"path":"src/main/java/duke/task/TaskList.java","fileType":"java","lines":[{"lineNumber":1,"author":{"gitId":"kaseykwok"},"content":"package duke.task;","lastModifiedDate":"2022-09-09"},{"lineNumber":2,"author":{"gitId":"kaseykwok"},"content":"","lastModifiedDate":"2022-09-09"},{"lineNumber":3,"author":{"gitId":"kaseykwok"},"content":"import duke.Duke;","lastModifiedDate":"2022-09-25"},{"lineNumber":4,"author":{"gitId":"kaseykwok"},"content":"import duke.Message;","lastModifiedDate":"2022-09-25"},{"lineNumber":5,"author":{"gitId":"kaseykwok"},"content":"import duke.Storage;","lastModifiedDate":"2022-09-26"},{"lineNumber":6,"author":{"gitId":"kaseykwok"},"content":"import duke.task.exception.IllegalTaskNumberInputException;","lastModifiedDate":"2022-09-09"},{"lineNumber":7,"author":{"gitId":"kaseykwok"},"content":"import duke.task.model.Deadline;","lastModifiedDate":"2022-09-09"},{"lineNumber":8,"author":{"gitId":"kaseykwok"},"content":"import duke.task.model.Event;","lastModifiedDate":"2022-09-09"},{"lineNumber":9,"author":{"gitId":"kaseykwok"},"content":"import duke.task.model.Todo;","lastModifiedDate":"2022-09-09"},{"lineNumber":10,"author":{"gitId":"kaseykwok"},"content":"","lastModifiedDate":"2022-09-09"},{"lineNumber":11,"author":{"gitId":"kaseykwok"},"content":"import java.util.ArrayList;","lastModifiedDate":"2022-09-13"},{"lineNumber":12,"author":{"gitId":"kaseykwok"},"content":"","lastModifiedDate":"2022-09-13"},{"lineNumber":13,"author":{"gitId":"kaseykwok"},"content":"public class TaskList {","lastModifiedDate":"2022-09-25"},{"lineNumber":14,"author":{"gitId":"kaseykwok"},"content":"    private final ArrayList\u003cTask\u003e tasks;","lastModifiedDate":"2022-09-13"},{"lineNumber":15,"author":{"gitId":"kaseykwok"},"content":"    public static final String FILE_STRING_SEPARATOR \u003d \" // \";","lastModifiedDate":"2022-09-16"},{"lineNumber":16,"author":{"gitId":"kaseykwok"},"content":"","lastModifiedDate":"2022-09-02"},{"lineNumber":17,"author":{"gitId":"kaseykwok"},"content":"    private final Storage storage;","lastModifiedDate":"2022-09-26"},{"lineNumber":18,"author":{"gitId":"kaseykwok"},"content":"","lastModifiedDate":"2022-09-26"},{"lineNumber":19,"author":{"gitId":"kaseykwok"},"content":"    public TaskList() {","lastModifiedDate":"2022-09-25"},{"lineNumber":20,"author":{"gitId":"kaseykwok"},"content":"        storage \u003d new Storage();","lastModifiedDate":"2022-09-26"},{"lineNumber":21,"author":{"gitId":"kaseykwok"},"content":"        tasks \u003d new ArrayList\u003c\u003e(storage.loadTasks());","lastModifiedDate":"2022-09-26"},{"lineNumber":22,"author":{"gitId":"kaseykwok"},"content":"    }","lastModifiedDate":"2022-09-02"},{"lineNumber":23,"author":{"gitId":"kaseykwok"},"content":"","lastModifiedDate":"2022-09-02"},{"lineNumber":24,"author":{"gitId":"kaseykwok"},"content":"    public void add(Task task) {","lastModifiedDate":"2022-09-26"},{"lineNumber":25,"author":{"gitId":"kaseykwok"},"content":"        tasks.add(task);","lastModifiedDate":"2022-09-13"},{"lineNumber":26,"author":{"gitId":"kaseykwok"},"content":"        System.out.println(\"Task added: \" + task);","lastModifiedDate":"2022-09-09"},{"lineNumber":27,"author":{"gitId":"kaseykwok"},"content":"        save();","lastModifiedDate":"2022-09-26"},{"lineNumber":28,"author":{"gitId":"kaseykwok"},"content":"    }","lastModifiedDate":"2022-09-02"},{"lineNumber":29,"author":{"gitId":"kaseykwok"},"content":"","lastModifiedDate":"2022-09-02"},{"lineNumber":30,"author":{"gitId":"kaseykwok"},"content":"    public void list() {","lastModifiedDate":"2022-09-26"},{"lineNumber":31,"author":{"gitId":"kaseykwok"},"content":"        if (tasks.size() \u003e 0) {","lastModifiedDate":"2022-09-13"},{"lineNumber":32,"author":{"gitId":"kaseykwok"},"content":"            for (int i \u003d 0; i \u003c tasks.size(); i++) {","lastModifiedDate":"2022-09-13"},{"lineNumber":33,"author":{"gitId":"kaseykwok"},"content":"                System.out.printf(\"%d. %s\\n\", i + 1, tasks.get(i));","lastModifiedDate":"2022-09-13"},{"lineNumber":34,"author":{"gitId":"kaseykwok"},"content":"            }","lastModifiedDate":"2022-09-02"},{"lineNumber":35,"author":{"gitId":"kaseykwok"},"content":"        } else {","lastModifiedDate":"2022-09-02"},{"lineNumber":36,"author":{"gitId":"kaseykwok"},"content":"            System.out.println(Message.NO_TASKS_MESSAGE + \" \" + Message.HELP_MESSAGE);","lastModifiedDate":"2022-09-09"},{"lineNumber":37,"author":{"gitId":"kaseykwok"},"content":"        }","lastModifiedDate":"2022-09-02"},{"lineNumber":38,"author":{"gitId":"kaseykwok"},"content":"    }","lastModifiedDate":"2022-09-02"},{"lineNumber":39,"author":{"gitId":"kaseykwok"},"content":"","lastModifiedDate":"2022-09-02"},{"lineNumber":40,"author":{"gitId":"kaseykwok"},"content":"    private int getTaskIndex(String input) throws IllegalTaskNumberInputException {","lastModifiedDate":"2022-09-09"},{"lineNumber":41,"author":{"gitId":"kaseykwok"},"content":"        String[] inputWords \u003d input.split(\" \", 2);","lastModifiedDate":"2022-09-02"},{"lineNumber":42,"author":{"gitId":"kaseykwok"},"content":"        try {","lastModifiedDate":"2022-09-09"},{"lineNumber":43,"author":{"gitId":"kaseykwok"},"content":"            return Integer.parseInt(inputWords[1]) - 1;","lastModifiedDate":"2022-09-09"},{"lineNumber":44,"author":{"gitId":"kaseykwok"},"content":"        } catch (ArrayIndexOutOfBoundsException e) {","lastModifiedDate":"2022-09-09"},{"lineNumber":45,"author":{"gitId":"kaseykwok"},"content":"            System.out.println(Message.MISSING_TASK_NUMBER_ERROR_MESSAGE);","lastModifiedDate":"2022-09-09"},{"lineNumber":46,"author":{"gitId":"kaseykwok"},"content":"            System.out.println(\"Syntax: \" + Duke.COMMANDS.get(inputWords[0]).syntax);","lastModifiedDate":"2022-09-09"},{"lineNumber":47,"author":{"gitId":"kaseykwok"},"content":"            throw new IllegalTaskNumberInputException();","lastModifiedDate":"2022-09-09"},{"lineNumber":48,"author":{"gitId":"kaseykwok"},"content":"        } catch (NumberFormatException e) {","lastModifiedDate":"2022-09-09"},{"lineNumber":49,"author":{"gitId":"kaseykwok"},"content":"            System.out.println(Message.WRONG_TASK_NUMBER_FORMAT_ERROR_MESSAGE);","lastModifiedDate":"2022-09-09"},{"lineNumber":50,"author":{"gitId":"kaseykwok"},"content":"            System.out.println(\"Syntax: \" + Duke.COMMANDS.get(inputWords[0]).syntax);","lastModifiedDate":"2022-09-09"},{"lineNumber":51,"author":{"gitId":"kaseykwok"},"content":"            throw new IllegalTaskNumberInputException();","lastModifiedDate":"2022-09-09"},{"lineNumber":52,"author":{"gitId":"kaseykwok"},"content":"        }","lastModifiedDate":"2022-09-09"},{"lineNumber":53,"author":{"gitId":"kaseykwok"},"content":"    }","lastModifiedDate":"2022-09-09"},{"lineNumber":54,"author":{"gitId":"kaseykwok"},"content":"","lastModifiedDate":"2022-09-09"},{"lineNumber":55,"author":{"gitId":"kaseykwok"},"content":"    public void markTaskAsDone(String input) {","lastModifiedDate":"2022-09-09"},{"lineNumber":56,"author":{"gitId":"kaseykwok"},"content":"        int taskIndex;","lastModifiedDate":"2022-09-09"},{"lineNumber":57,"author":{"gitId":"kaseykwok"},"content":"        try {","lastModifiedDate":"2022-09-09"},{"lineNumber":58,"author":{"gitId":"kaseykwok"},"content":"            taskIndex \u003d getTaskIndex(input);","lastModifiedDate":"2022-09-09"},{"lineNumber":59,"author":{"gitId":"kaseykwok"},"content":"        } catch (IllegalTaskNumberInputException e) {","lastModifiedDate":"2022-09-09"},{"lineNumber":60,"author":{"gitId":"kaseykwok"},"content":"            return;","lastModifiedDate":"2022-09-09"},{"lineNumber":61,"author":{"gitId":"kaseykwok"},"content":"        }","lastModifiedDate":"2022-09-09"},{"lineNumber":62,"author":{"gitId":"kaseykwok"},"content":"","lastModifiedDate":"2022-09-09"},{"lineNumber":63,"author":{"gitId":"kaseykwok"},"content":"        try {","lastModifiedDate":"2022-09-02"},{"lineNumber":64,"author":{"gitId":"kaseykwok"},"content":"            tasks.get(taskIndex).markAsDone();","lastModifiedDate":"2022-09-13"},{"lineNumber":65,"author":{"gitId":"kaseykwok"},"content":"            System.out.printf(\"Marked as done: %s\\n\", tasks.get(taskIndex));","lastModifiedDate":"2022-09-13"},{"lineNumber":66,"author":{"gitId":"kaseykwok"},"content":"            save();","lastModifiedDate":"2022-09-26"},{"lineNumber":67,"author":{"gitId":"kaseykwok"},"content":"        } catch (IndexOutOfBoundsException e) {","lastModifiedDate":"2022-09-13"},{"lineNumber":68,"author":{"gitId":"kaseykwok"},"content":"            System.out.println(Message.WRONG_TASK_NUMBER_RANGE_ERROR_MESSAGE);","lastModifiedDate":"2022-09-09"},{"lineNumber":69,"author":{"gitId":"kaseykwok"},"content":"            System.out.println(\"Syntax: \" + Duke.COMMANDS.get(\"mark\").syntax);","lastModifiedDate":"2022-09-09"},{"lineNumber":70,"author":{"gitId":"kaseykwok"},"content":"        }","lastModifiedDate":"2022-09-02"},{"lineNumber":71,"author":{"gitId":"kaseykwok"},"content":"    }","lastModifiedDate":"2022-09-02"},{"lineNumber":72,"author":{"gitId":"kaseykwok"},"content":"","lastModifiedDate":"2022-09-02"},{"lineNumber":73,"author":{"gitId":"kaseykwok"},"content":"    public void markTaskAsUndone(String input) {","lastModifiedDate":"2022-09-02"},{"lineNumber":74,"author":{"gitId":"kaseykwok"},"content":"        int taskIndex;","lastModifiedDate":"2022-09-09"},{"lineNumber":75,"author":{"gitId":"kaseykwok"},"content":"        try {","lastModifiedDate":"2022-09-09"},{"lineNumber":76,"author":{"gitId":"kaseykwok"},"content":"            taskIndex \u003d getTaskIndex(input);","lastModifiedDate":"2022-09-09"},{"lineNumber":77,"author":{"gitId":"kaseykwok"},"content":"        } catch (IllegalTaskNumberInputException e) {","lastModifiedDate":"2022-09-09"},{"lineNumber":78,"author":{"gitId":"kaseykwok"},"content":"            return;","lastModifiedDate":"2022-09-09"},{"lineNumber":79,"author":{"gitId":"kaseykwok"},"content":"        }","lastModifiedDate":"2022-09-09"},{"lineNumber":80,"author":{"gitId":"kaseykwok"},"content":"","lastModifiedDate":"2022-09-09"},{"lineNumber":81,"author":{"gitId":"kaseykwok"},"content":"        try {","lastModifiedDate":"2022-09-02"},{"lineNumber":82,"author":{"gitId":"kaseykwok"},"content":"            tasks.get(taskIndex).unmarkDone();","lastModifiedDate":"2022-09-13"},{"lineNumber":83,"author":{"gitId":"kaseykwok"},"content":"            System.out.printf(\"Unmarked done: %s\\n\", tasks.get(taskIndex));","lastModifiedDate":"2022-09-13"},{"lineNumber":84,"author":{"gitId":"kaseykwok"},"content":"            save();","lastModifiedDate":"2022-09-26"},{"lineNumber":85,"author":{"gitId":"kaseykwok"},"content":"        } catch (IndexOutOfBoundsException e) {","lastModifiedDate":"2022-09-13"},{"lineNumber":86,"author":{"gitId":"kaseykwok"},"content":"            System.out.println(Message.WRONG_TASK_NUMBER_RANGE_ERROR_MESSAGE);","lastModifiedDate":"2022-09-09"},{"lineNumber":87,"author":{"gitId":"kaseykwok"},"content":"            System.out.println(\"Syntax: \" + Duke.COMMANDS.get(\"unmark\").syntax);","lastModifiedDate":"2022-09-09"},{"lineNumber":88,"author":{"gitId":"kaseykwok"},"content":"        }","lastModifiedDate":"2022-09-02"},{"lineNumber":89,"author":{"gitId":"kaseykwok"},"content":"    }","lastModifiedDate":"2022-09-02"},{"lineNumber":90,"author":{"gitId":"kaseykwok"},"content":"","lastModifiedDate":"2022-09-02"},{"lineNumber":91,"author":{"gitId":"kaseykwok"},"content":"    public void addTodoTask(String input) {","lastModifiedDate":"2022-09-02"},{"lineNumber":92,"author":{"gitId":"kaseykwok"},"content":"        try {","lastModifiedDate":"2022-09-02"},{"lineNumber":93,"author":{"gitId":"kaseykwok"},"content":"            String[] parameters \u003d Todo.extractParameters(input);","lastModifiedDate":"2022-09-02"},{"lineNumber":94,"author":{"gitId":"kaseykwok"},"content":"            String description \u003d parameters[0].trim();","lastModifiedDate":"2022-09-02"},{"lineNumber":95,"author":{"gitId":"kaseykwok"},"content":"            add(new Todo(description));","lastModifiedDate":"2022-09-26"},{"lineNumber":96,"author":{"gitId":"kaseykwok"},"content":"        } catch (IndexOutOfBoundsException e) {","lastModifiedDate":"2022-09-13"},{"lineNumber":97,"author":{"gitId":"kaseykwok"},"content":"            System.out.println(Message.INVALID_ADD_TODO_FORMAT_ERROR_MESSAGE);","lastModifiedDate":"2022-09-09"},{"lineNumber":98,"author":{"gitId":"kaseykwok"},"content":"            System.out.println(\"Syntax: \" + Duke.COMMANDS.get(\"todo\").syntax);","lastModifiedDate":"2022-09-09"},{"lineNumber":99,"author":{"gitId":"kaseykwok"},"content":"        }","lastModifiedDate":"2022-09-02"},{"lineNumber":100,"author":{"gitId":"kaseykwok"},"content":"    }","lastModifiedDate":"2022-09-02"},{"lineNumber":101,"author":{"gitId":"kaseykwok"},"content":"","lastModifiedDate":"2022-09-02"},{"lineNumber":102,"author":{"gitId":"kaseykwok"},"content":"    public void addDeadlineTask(String input) {","lastModifiedDate":"2022-09-02"},{"lineNumber":103,"author":{"gitId":"kaseykwok"},"content":"        try {","lastModifiedDate":"2022-09-02"},{"lineNumber":104,"author":{"gitId":"kaseykwok"},"content":"            String[] parameters \u003d Deadline.extractParameters(input);","lastModifiedDate":"2022-09-02"},{"lineNumber":105,"author":{"gitId":"kaseykwok"},"content":"            String description \u003d parameters[0].trim();","lastModifiedDate":"2022-09-02"},{"lineNumber":106,"author":{"gitId":"kaseykwok"},"content":"            String deadlineDate \u003d parameters[1].trim();","lastModifiedDate":"2022-09-02"},{"lineNumber":107,"author":{"gitId":"kaseykwok"},"content":"            add(new Deadline(description, deadlineDate));","lastModifiedDate":"2022-09-26"},{"lineNumber":108,"author":{"gitId":"kaseykwok"},"content":"        } catch (IndexOutOfBoundsException e) {","lastModifiedDate":"2022-09-13"},{"lineNumber":109,"author":{"gitId":"kaseykwok"},"content":"            System.out.println(Message.INVALID_ADD_DEADLINE_FORMAT_ERROR_MESSAGE);","lastModifiedDate":"2022-09-09"},{"lineNumber":110,"author":{"gitId":"kaseykwok"},"content":"            System.out.println(\"Syntax: \" + Duke.COMMANDS.get(\"deadline\").syntax);","lastModifiedDate":"2022-09-09"},{"lineNumber":111,"author":{"gitId":"kaseykwok"},"content":"        }","lastModifiedDate":"2022-09-02"},{"lineNumber":112,"author":{"gitId":"kaseykwok"},"content":"    }","lastModifiedDate":"2022-09-02"},{"lineNumber":113,"author":{"gitId":"kaseykwok"},"content":"","lastModifiedDate":"2022-09-02"},{"lineNumber":114,"author":{"gitId":"kaseykwok"},"content":"    public void addEventTask(String input) {","lastModifiedDate":"2022-09-02"},{"lineNumber":115,"author":{"gitId":"kaseykwok"},"content":"        try {","lastModifiedDate":"2022-09-02"},{"lineNumber":116,"author":{"gitId":"kaseykwok"},"content":"            String[] parameters \u003d Event.extractParameters(input);","lastModifiedDate":"2022-09-02"},{"lineNumber":117,"author":{"gitId":"kaseykwok"},"content":"            String description \u003d parameters[0].trim();","lastModifiedDate":"2022-09-02"},{"lineNumber":118,"author":{"gitId":"kaseykwok"},"content":"            String datetime \u003d parameters[1].trim();","lastModifiedDate":"2022-09-02"},{"lineNumber":119,"author":{"gitId":"kaseykwok"},"content":"            add(new Event(description, datetime));","lastModifiedDate":"2022-09-26"},{"lineNumber":120,"author":{"gitId":"kaseykwok"},"content":"        } catch (IndexOutOfBoundsException e) {","lastModifiedDate":"2022-09-13"},{"lineNumber":121,"author":{"gitId":"kaseykwok"},"content":"            System.out.println(Message.INVALID_ADD_EVENT_FORMAT_ERROR_MESSAGE);","lastModifiedDate":"2022-09-09"},{"lineNumber":122,"author":{"gitId":"kaseykwok"},"content":"            System.out.println(\"Syntax: \" + Duke.COMMANDS.get(\"event\").syntax);","lastModifiedDate":"2022-09-09"},{"lineNumber":123,"author":{"gitId":"kaseykwok"},"content":"        }","lastModifiedDate":"2022-09-13"},{"lineNumber":124,"author":{"gitId":"kaseykwok"},"content":"    }","lastModifiedDate":"2022-09-13"},{"lineNumber":125,"author":{"gitId":"kaseykwok"},"content":"","lastModifiedDate":"2022-09-13"},{"lineNumber":126,"author":{"gitId":"kaseykwok"},"content":"    public void delete(String input) {","lastModifiedDate":"2022-09-26"},{"lineNumber":127,"author":{"gitId":"kaseykwok"},"content":"        int taskIndex;","lastModifiedDate":"2022-09-13"},{"lineNumber":128,"author":{"gitId":"kaseykwok"},"content":"        try {","lastModifiedDate":"2022-09-13"},{"lineNumber":129,"author":{"gitId":"kaseykwok"},"content":"            taskIndex \u003d getTaskIndex(input);","lastModifiedDate":"2022-09-13"},{"lineNumber":130,"author":{"gitId":"kaseykwok"},"content":"        } catch (IllegalTaskNumberInputException e) {","lastModifiedDate":"2022-09-13"},{"lineNumber":131,"author":{"gitId":"kaseykwok"},"content":"            return;","lastModifiedDate":"2022-09-13"},{"lineNumber":132,"author":{"gitId":"kaseykwok"},"content":"        }","lastModifiedDate":"2022-09-13"},{"lineNumber":133,"author":{"gitId":"kaseykwok"},"content":"","lastModifiedDate":"2022-09-13"},{"lineNumber":134,"author":{"gitId":"kaseykwok"},"content":"        try {","lastModifiedDate":"2022-09-13"},{"lineNumber":135,"author":{"gitId":"kaseykwok"},"content":"            tasks.remove(taskIndex);","lastModifiedDate":"2022-09-13"},{"lineNumber":136,"author":{"gitId":"kaseykwok"},"content":"            System.out.printf(\"Task %d deleted\\n\", taskIndex + 1);","lastModifiedDate":"2022-09-13"},{"lineNumber":137,"author":{"gitId":"kaseykwok"},"content":"            save();","lastModifiedDate":"2022-09-26"},{"lineNumber":138,"author":{"gitId":"kaseykwok"},"content":"        } catch (IndexOutOfBoundsException e) {","lastModifiedDate":"2022-09-13"},{"lineNumber":139,"author":{"gitId":"kaseykwok"},"content":"            System.out.println(Message.WRONG_TASK_NUMBER_RANGE_ERROR_MESSAGE);","lastModifiedDate":"2022-09-13"},{"lineNumber":140,"author":{"gitId":"kaseykwok"},"content":"            System.out.println(\"Syntax: \" + Duke.COMMANDS.get(\"delete\").syntax);","lastModifiedDate":"2022-09-13"},{"lineNumber":141,"author":{"gitId":"kaseykwok"},"content":"        }","lastModifiedDate":"2022-09-02"},{"lineNumber":142,"author":{"gitId":"kaseykwok"},"content":"    }","lastModifiedDate":"2022-09-02"},{"lineNumber":143,"author":{"gitId":"kaseykwok"},"content":"","lastModifiedDate":"2022-09-13"},{"lineNumber":144,"author":{"gitId":"kaseykwok"},"content":"    public void save() {","lastModifiedDate":"2022-09-26"},{"lineNumber":145,"author":{"gitId":"kaseykwok"},"content":"        storage.saveTasks(tasks);","lastModifiedDate":"2022-09-26"},{"lineNumber":146,"author":{"gitId":"kaseykwok"},"content":"    }","lastModifiedDate":"2022-09-13"},{"lineNumber":147,"author":{"gitId":"kaseykwok"},"content":"","lastModifiedDate":"2022-09-16"},{"lineNumber":148,"author":{"gitId":"kaseykwok"},"content":"    private String[] parseFileLine(String line) {","lastModifiedDate":"2022-09-16"},{"lineNumber":149,"author":{"gitId":"kaseykwok"},"content":"        return line.split(FILE_STRING_SEPARATOR);","lastModifiedDate":"2022-09-16"},{"lineNumber":150,"author":{"gitId":"kaseykwok"},"content":"    }","lastModifiedDate":"2022-09-16"},{"lineNumber":151,"author":{"gitId":"kaseykwok"},"content":"}","lastModifiedDate":"2022-09-02"}],"authorContributionMap":{"kaseykwok":151}},{"path":"src/main/java/duke/task/exception/IllegalTaskNumberInputException.java","fileType":"java","lines":[{"lineNumber":1,"author":{"gitId":"kaseykwok"},"content":"package duke.task.exception;","lastModifiedDate":"2022-09-09"},{"lineNumber":2,"author":{"gitId":"kaseykwok"},"content":"","lastModifiedDate":"2022-09-09"},{"lineNumber":3,"author":{"gitId":"kaseykwok"},"content":"public class IllegalTaskNumberInputException extends Exception {","lastModifiedDate":"2022-09-09"},{"lineNumber":4,"author":{"gitId":"kaseykwok"},"content":"}","lastModifiedDate":"2022-09-09"}],"authorContributionMap":{"kaseykwok":4}},{"path":"src/main/java/duke/task/model/Deadline.java","fileType":"java","lines":[{"lineNumber":1,"author":{"gitId":"kaseykwok"},"content":"package duke.task.model;","lastModifiedDate":"2022-09-09"},{"lineNumber":2,"author":{"gitId":"kaseykwok"},"content":"","lastModifiedDate":"2022-09-09"},{"lineNumber":3,"author":{"gitId":"kaseykwok"},"content":"import duke.task.Task;","lastModifiedDate":"2022-09-09"},{"lineNumber":4,"author":{"gitId":"kaseykwok"},"content":"import duke.task.TaskList;","lastModifiedDate":"2022-09-25"},{"lineNumber":5,"author":{"gitId":"kaseykwok"},"content":"","lastModifiedDate":"2022-09-09"},{"lineNumber":6,"author":{"gitId":"kaseykwok"},"content":"public class Deadline extends Task {","lastModifiedDate":"2022-09-02"},{"lineNumber":7,"author":{"gitId":"kaseykwok"},"content":"    private String deadlineDate;","lastModifiedDate":"2022-09-02"},{"lineNumber":8,"author":{"gitId":"kaseykwok"},"content":"","lastModifiedDate":"2022-09-02"},{"lineNumber":9,"author":{"gitId":"kaseykwok"},"content":"    public static final String ICON \u003d \"D\";","lastModifiedDate":"2022-09-26"},{"lineNumber":10,"author":{"gitId":"kaseykwok"},"content":"    public static final String SEPARATOR \u003d \" /by \";","lastModifiedDate":"2022-09-02"},{"lineNumber":11,"author":{"gitId":"kaseykwok"},"content":"","lastModifiedDate":"2022-09-02"},{"lineNumber":12,"author":{"gitId":"kaseykwok"},"content":"    public Deadline(String description, String deadlineDate) {","lastModifiedDate":"2022-09-02"},{"lineNumber":13,"author":{"gitId":"kaseykwok"},"content":"        super(description);","lastModifiedDate":"2022-09-02"},{"lineNumber":14,"author":{"gitId":"kaseykwok"},"content":"        this.deadlineDate \u003d deadlineDate;","lastModifiedDate":"2022-09-02"},{"lineNumber":15,"author":{"gitId":"kaseykwok"},"content":"    }","lastModifiedDate":"2022-09-02"},{"lineNumber":16,"author":{"gitId":"kaseykwok"},"content":"","lastModifiedDate":"2022-09-02"},{"lineNumber":17,"author":{"gitId":"kaseykwok"},"content":"    public Deadline(String description, String deadlineDate, String status) {","lastModifiedDate":"2022-09-26"},{"lineNumber":18,"author":{"gitId":"kaseykwok"},"content":"        super(description, status);","lastModifiedDate":"2022-09-26"},{"lineNumber":19,"author":{"gitId":"kaseykwok"},"content":"        this.deadlineDate \u003d deadlineDate;","lastModifiedDate":"2022-09-26"},{"lineNumber":20,"author":{"gitId":"kaseykwok"},"content":"    }","lastModifiedDate":"2022-09-26"},{"lineNumber":21,"author":{"gitId":"kaseykwok"},"content":"","lastModifiedDate":"2022-09-26"},{"lineNumber":22,"author":{"gitId":"kaseykwok"},"content":"    @Override","lastModifiedDate":"2022-09-02"},{"lineNumber":23,"author":{"gitId":"kaseykwok"},"content":"    public String toString() {","lastModifiedDate":"2022-09-02"},{"lineNumber":24,"author":{"gitId":"kaseykwok"},"content":"        return String.format(\"[%s]%s (by: %s)\", ICON, super.toString(), this.deadlineDate);","lastModifiedDate":"2022-09-26"},{"lineNumber":25,"author":{"gitId":"kaseykwok"},"content":"    }","lastModifiedDate":"2022-09-02"},{"lineNumber":26,"author":{"gitId":"kaseykwok"},"content":"","lastModifiedDate":"2022-09-02"},{"lineNumber":27,"author":{"gitId":"kaseykwok"},"content":"    public static String[] extractParameters(String command) throws ArrayIndexOutOfBoundsException {","lastModifiedDate":"2022-09-09"},{"lineNumber":28,"author":{"gitId":"kaseykwok"},"content":"        String commandParameters \u003d command.split(\" \", 2)[1];","lastModifiedDate":"2022-09-02"},{"lineNumber":29,"author":{"gitId":"kaseykwok"},"content":"        return commandParameters.split(SEPARATOR);","lastModifiedDate":"2022-09-09"},{"lineNumber":30,"author":{"gitId":"kaseykwok"},"content":"    }","lastModifiedDate":"2022-09-02"},{"lineNumber":31,"author":{"gitId":"kaseykwok"},"content":"","lastModifiedDate":"2022-09-13"},{"lineNumber":32,"author":{"gitId":"kaseykwok"},"content":"    @Override","lastModifiedDate":"2022-09-13"},{"lineNumber":33,"author":{"gitId":"kaseykwok"},"content":"    public String getStringForSave() {","lastModifiedDate":"2022-09-13"},{"lineNumber":34,"author":{"gitId":"kaseykwok"},"content":"        return String.join(TaskList.FILE_STRING_SEPARATOR, ICON, this.getStatusValue(), this.description, this.deadlineDate);","lastModifiedDate":"2022-09-26"},{"lineNumber":35,"author":{"gitId":"kaseykwok"},"content":"    }","lastModifiedDate":"2022-09-13"},{"lineNumber":36,"author":{"gitId":"kaseykwok"},"content":"}","lastModifiedDate":"2022-09-02"}],"authorContributionMap":{"kaseykwok":36}},{"path":"src/main/java/duke/task/model/Event.java","fileType":"java","lines":[{"lineNumber":1,"author":{"gitId":"kaseykwok"},"content":"package duke.task.model;","lastModifiedDate":"2022-09-09"},{"lineNumber":2,"author":{"gitId":"kaseykwok"},"content":"","lastModifiedDate":"2022-09-09"},{"lineNumber":3,"author":{"gitId":"kaseykwok"},"content":"import duke.task.Task;","lastModifiedDate":"2022-09-09"},{"lineNumber":4,"author":{"gitId":"kaseykwok"},"content":"import duke.task.TaskList;","lastModifiedDate":"2022-09-25"},{"lineNumber":5,"author":{"gitId":"kaseykwok"},"content":"","lastModifiedDate":"2022-09-09"},{"lineNumber":6,"author":{"gitId":"kaseykwok"},"content":"public class Event extends Task {","lastModifiedDate":"2022-09-02"},{"lineNumber":7,"author":{"gitId":"kaseykwok"},"content":"    private String datetime;","lastModifiedDate":"2022-09-02"},{"lineNumber":8,"author":{"gitId":"kaseykwok"},"content":"","lastModifiedDate":"2022-09-02"},{"lineNumber":9,"author":{"gitId":"kaseykwok"},"content":"    public static final String ICON \u003d \"E\";","lastModifiedDate":"2022-09-26"},{"lineNumber":10,"author":{"gitId":"kaseykwok"},"content":"    public static final String SEPARATOR \u003d \" /at \";","lastModifiedDate":"2022-09-02"},{"lineNumber":11,"author":{"gitId":"kaseykwok"},"content":"","lastModifiedDate":"2022-09-02"},{"lineNumber":12,"author":{"gitId":"kaseykwok"},"content":"    public Event(String description, String datetime) {","lastModifiedDate":"2022-09-02"},{"lineNumber":13,"author":{"gitId":"kaseykwok"},"content":"        super(description);","lastModifiedDate":"2022-09-02"},{"lineNumber":14,"author":{"gitId":"kaseykwok"},"content":"        this.datetime \u003d datetime;","lastModifiedDate":"2022-09-02"},{"lineNumber":15,"author":{"gitId":"kaseykwok"},"content":"    }","lastModifiedDate":"2022-09-02"},{"lineNumber":16,"author":{"gitId":"kaseykwok"},"content":"","lastModifiedDate":"2022-09-02"},{"lineNumber":17,"author":{"gitId":"kaseykwok"},"content":"    public Event(String description, String datetime, String status) {","lastModifiedDate":"2022-09-26"},{"lineNumber":18,"author":{"gitId":"kaseykwok"},"content":"        super(description, status);","lastModifiedDate":"2022-09-26"},{"lineNumber":19,"author":{"gitId":"kaseykwok"},"content":"        this.datetime \u003d datetime;","lastModifiedDate":"2022-09-26"},{"lineNumber":20,"author":{"gitId":"kaseykwok"},"content":"    }","lastModifiedDate":"2022-09-26"},{"lineNumber":21,"author":{"gitId":"kaseykwok"},"content":"","lastModifiedDate":"2022-09-26"},{"lineNumber":22,"author":{"gitId":"kaseykwok"},"content":"    @Override","lastModifiedDate":"2022-09-02"},{"lineNumber":23,"author":{"gitId":"kaseykwok"},"content":"    public String toString() {","lastModifiedDate":"2022-09-02"},{"lineNumber":24,"author":{"gitId":"kaseykwok"},"content":"        return String.format(\"[%s]%s (at: %s)\", ICON, super.toString(), this.datetime);","lastModifiedDate":"2022-09-26"},{"lineNumber":25,"author":{"gitId":"kaseykwok"},"content":"    }","lastModifiedDate":"2022-09-02"},{"lineNumber":26,"author":{"gitId":"kaseykwok"},"content":"","lastModifiedDate":"2022-09-02"},{"lineNumber":27,"author":{"gitId":"kaseykwok"},"content":"    public static String[] extractParameters(String command) throws ArrayIndexOutOfBoundsException {","lastModifiedDate":"2022-09-09"},{"lineNumber":28,"author":{"gitId":"kaseykwok"},"content":"        String commandParameters \u003d command.split(\" \", 2)[1];","lastModifiedDate":"2022-09-02"},{"lineNumber":29,"author":{"gitId":"kaseykwok"},"content":"        return commandParameters.split(SEPARATOR);","lastModifiedDate":"2022-09-09"},{"lineNumber":30,"author":{"gitId":"kaseykwok"},"content":"    }","lastModifiedDate":"2022-09-02"},{"lineNumber":31,"author":{"gitId":"kaseykwok"},"content":"","lastModifiedDate":"2022-09-13"},{"lineNumber":32,"author":{"gitId":"kaseykwok"},"content":"    @Override","lastModifiedDate":"2022-09-13"},{"lineNumber":33,"author":{"gitId":"kaseykwok"},"content":"    public String getStringForSave() {","lastModifiedDate":"2022-09-13"},{"lineNumber":34,"author":{"gitId":"kaseykwok"},"content":"        return String.join(TaskList.FILE_STRING_SEPARATOR, ICON, this.getStatusValue(), this.description, this.datetime);","lastModifiedDate":"2022-09-26"},{"lineNumber":35,"author":{"gitId":"kaseykwok"},"content":"    }","lastModifiedDate":"2022-09-13"},{"lineNumber":36,"author":{"gitId":"kaseykwok"},"content":"}","lastModifiedDate":"2022-09-02"}],"authorContributionMap":{"kaseykwok":36}},{"path":"src/main/java/duke/task/model/Todo.java","fileType":"java","lines":[{"lineNumber":1,"author":{"gitId":"kaseykwok"},"content":"package duke.task.model;","lastModifiedDate":"2022-09-09"},{"lineNumber":2,"author":{"gitId":"kaseykwok"},"content":"","lastModifiedDate":"2022-09-09"},{"lineNumber":3,"author":{"gitId":"kaseykwok"},"content":"import duke.task.Task;","lastModifiedDate":"2022-09-09"},{"lineNumber":4,"author":{"gitId":"kaseykwok"},"content":"import duke.task.TaskList;","lastModifiedDate":"2022-09-25"},{"lineNumber":5,"author":{"gitId":"kaseykwok"},"content":"","lastModifiedDate":"2022-09-09"},{"lineNumber":6,"author":{"gitId":"kaseykwok"},"content":"public class Todo extends Task {","lastModifiedDate":"2022-09-02"},{"lineNumber":7,"author":{"gitId":"kaseykwok"},"content":"    public static final String ICON \u003d \"T\";","lastModifiedDate":"2022-09-26"},{"lineNumber":8,"author":{"gitId":"kaseykwok"},"content":"","lastModifiedDate":"2022-09-26"},{"lineNumber":9,"author":{"gitId":"kaseykwok"},"content":"    public Todo(String description) {","lastModifiedDate":"2022-09-02"},{"lineNumber":10,"author":{"gitId":"kaseykwok"},"content":"        super(description);","lastModifiedDate":"2022-09-02"},{"lineNumber":11,"author":{"gitId":"kaseykwok"},"content":"    }","lastModifiedDate":"2022-09-02"},{"lineNumber":12,"author":{"gitId":"kaseykwok"},"content":"","lastModifiedDate":"2022-09-02"},{"lineNumber":13,"author":{"gitId":"kaseykwok"},"content":"    public Todo(String description, String taskStatus) {","lastModifiedDate":"2022-09-26"},{"lineNumber":14,"author":{"gitId":"kaseykwok"},"content":"        super(description, taskStatus);","lastModifiedDate":"2022-09-26"},{"lineNumber":15,"author":{"gitId":"kaseykwok"},"content":"    }","lastModifiedDate":"2022-09-26"},{"lineNumber":16,"author":{"gitId":"kaseykwok"},"content":"","lastModifiedDate":"2022-09-26"},{"lineNumber":17,"author":{"gitId":"kaseykwok"},"content":"","lastModifiedDate":"2022-09-26"},{"lineNumber":18,"author":{"gitId":"kaseykwok"},"content":"    @Override","lastModifiedDate":"2022-09-02"},{"lineNumber":19,"author":{"gitId":"kaseykwok"},"content":"    public String toString() {","lastModifiedDate":"2022-09-02"},{"lineNumber":20,"author":{"gitId":"kaseykwok"},"content":"        return (\"[\" + ICON + \"]\" + super.toString());","lastModifiedDate":"2022-09-26"},{"lineNumber":21,"author":{"gitId":"kaseykwok"},"content":"    }","lastModifiedDate":"2022-09-02"},{"lineNumber":22,"author":{"gitId":"kaseykwok"},"content":"","lastModifiedDate":"2022-09-02"},{"lineNumber":23,"author":{"gitId":"kaseykwok"},"content":"    public static String[] extractParameters(String command) throws ArrayIndexOutOfBoundsException {","lastModifiedDate":"2022-09-09"},{"lineNumber":24,"author":{"gitId":"kaseykwok"},"content":"        String commandParameters \u003d command.split(\" \", 2)[1];","lastModifiedDate":"2022-09-02"},{"lineNumber":25,"author":{"gitId":"kaseykwok"},"content":"        return new String[] {commandParameters};","lastModifiedDate":"2022-09-02"},{"lineNumber":26,"author":{"gitId":"kaseykwok"},"content":"    }","lastModifiedDate":"2022-09-02"},{"lineNumber":27,"author":{"gitId":"kaseykwok"},"content":"","lastModifiedDate":"2022-09-13"},{"lineNumber":28,"author":{"gitId":"kaseykwok"},"content":"    @Override","lastModifiedDate":"2022-09-13"},{"lineNumber":29,"author":{"gitId":"kaseykwok"},"content":"    public String getStringForSave() {","lastModifiedDate":"2022-09-13"},{"lineNumber":30,"author":{"gitId":"kaseykwok"},"content":"        return String.join(TaskList.FILE_STRING_SEPARATOR, ICON, this.getStatusValue(), this.description);","lastModifiedDate":"2022-09-26"},{"lineNumber":31,"author":{"gitId":"kaseykwok"},"content":"    }","lastModifiedDate":"2022-09-13"},{"lineNumber":32,"author":{"gitId":"kaseykwok"},"content":"}","lastModifiedDate":"2022-09-02"}],"authorContributionMap":{"kaseykwok":32}},{"path":"text-ui-test/input.txt","fileType":"txt","lines":[{"lineNumber":1,"author":{"gitId":"kaseykwok"},"content":"help","lastModifiedDate":"2022-09-02"},{"lineNumber":2,"author":{"gitId":"kaseykwok"},"content":"list","lastModifiedDate":"2022-09-02"},{"lineNumber":3,"author":{"gitId":"kaseykwok"},"content":"todo","lastModifiedDate":"2022-09-02"},{"lineNumber":4,"author":{"gitId":"kaseykwok"},"content":"todo read book","lastModifiedDate":"2022-09-13"},{"lineNumber":5,"author":{"gitId":"kaseykwok"},"content":"todo exercise","lastModifiedDate":"2022-09-13"},{"lineNumber":6,"author":{"gitId":"kaseykwok"},"content":"event","lastModifiedDate":"2022-09-02"},{"lineNumber":7,"author":{"gitId":"kaseykwok"},"content":"event watch TV show","lastModifiedDate":"2022-09-13"},{"lineNumber":8,"author":{"gitId":"kaseykwok"},"content":"event watch movie /at Sep 30th 6pm","lastModifiedDate":"2022-09-13"},{"lineNumber":9,"author":{"gitId":"kaseykwok"},"content":"deadline","lastModifiedDate":"2022-09-02"},{"lineNumber":10,"author":{"gitId":"kaseykwok"},"content":"deadline submit","lastModifiedDate":"2022-09-13"},{"lineNumber":11,"author":{"gitId":"kaseykwok"},"content":"deadline submit quiz /by Sep 6th 23:59","lastModifiedDate":"2022-09-13"},{"lineNumber":12,"author":{"gitId":"kaseykwok"},"content":"list","lastModifiedDate":"2022-09-02"},{"lineNumber":13,"author":{"gitId":"kaseykwok"},"content":"mark","lastModifiedDate":"2022-09-13"},{"lineNumber":14,"author":{"gitId":"kaseykwok"},"content":"mark two","lastModifiedDate":"2022-09-13"},{"lineNumber":15,"author":{"gitId":"kaseykwok"},"content":"mark 2","lastModifiedDate":"2022-09-02"},{"lineNumber":16,"author":{"gitId":"kaseykwok"},"content":"mark 3","lastModifiedDate":"2022-09-02"},{"lineNumber":17,"author":{"gitId":"kaseykwok"},"content":"mark 7","lastModifiedDate":"2022-09-13"},{"lineNumber":18,"author":{"gitId":"kaseykwok"},"content":"list","lastModifiedDate":"2022-09-02"},{"lineNumber":19,"author":{"gitId":"kaseykwok"},"content":"unmark","lastModifiedDate":"2022-09-13"},{"lineNumber":20,"author":{"gitId":"kaseykwok"},"content":"unmark one","lastModifiedDate":"2022-09-13"},{"lineNumber":21,"author":{"gitId":"kaseykwok"},"content":"unmark 2","lastModifiedDate":"2022-09-02"},{"lineNumber":22,"author":{"gitId":"kaseykwok"},"content":"unmark 0","lastModifiedDate":"2022-09-02"},{"lineNumber":23,"author":{"gitId":"kaseykwok"},"content":"list","lastModifiedDate":"2022-09-02"},{"lineNumber":24,"author":{"gitId":"kaseykwok"},"content":"delete","lastModifiedDate":"2022-09-13"},{"lineNumber":25,"author":{"gitId":"kaseykwok"},"content":"delete one","lastModifiedDate":"2022-09-13"},{"lineNumber":26,"author":{"gitId":"kaseykwok"},"content":"delete 5","lastModifiedDate":"2022-09-13"},{"lineNumber":27,"author":{"gitId":"kaseykwok"},"content":"delete 2","lastModifiedDate":"2022-09-13"},{"lineNumber":28,"author":{"gitId":"kaseykwok"},"content":"list","lastModifiedDate":"2022-09-13"},{"lineNumber":29,"author":{"gitId":"kaseykwok"},"content":"","lastModifiedDate":"2022-09-02"},{"lineNumber":30,"author":{"gitId":"kaseykwok"},"content":"byebye","lastModifiedDate":"2022-09-02"},{"lineNumber":31,"author":{"gitId":"kaseykwok"},"content":"bye","lastModifiedDate":"2022-09-02"}],"authorContributionMap":{"kaseykwok":31}},{"path":"text-ui-test/runtest.sh","fileType":"sh","lines":[{"lineNumber":1,"author":{"gitId":"-"},"content":"#!/usr/bin/env bash","lastModifiedDate":"2020-05-25"},{"lineNumber":2,"author":{"gitId":"-"},"content":"","lastModifiedDate":"2020-05-25"},{"lineNumber":3,"author":{"gitId":"-"},"content":"# create bin directory if it doesn\u0027t exist","lastModifiedDate":"2020-05-25"},{"lineNumber":4,"author":{"gitId":"-"},"content":"if [ ! -d \"../bin\" ]","lastModifiedDate":"2020-05-25"},{"lineNumber":5,"author":{"gitId":"-"},"content":"then","lastModifiedDate":"2020-05-25"},{"lineNumber":6,"author":{"gitId":"-"},"content":"    mkdir ../bin","lastModifiedDate":"2020-05-25"},{"lineNumber":7,"author":{"gitId":"-"},"content":"fi","lastModifiedDate":"2020-05-25"},{"lineNumber":8,"author":{"gitId":"-"},"content":"","lastModifiedDate":"2020-05-25"},{"lineNumber":9,"author":{"gitId":"-"},"content":"# delete output from previous run","lastModifiedDate":"2020-05-25"},{"lineNumber":10,"author":{"gitId":"-"},"content":"if [ -e \"./ACTUAL.TXT\" ]","lastModifiedDate":"2020-05-25"},{"lineNumber":11,"author":{"gitId":"-"},"content":"then","lastModifiedDate":"2020-05-25"},{"lineNumber":12,"author":{"gitId":"-"},"content":"    rm ACTUAL.TXT","lastModifiedDate":"2020-05-25"},{"lineNumber":13,"author":{"gitId":"-"},"content":"fi","lastModifiedDate":"2020-05-25"},{"lineNumber":14,"author":{"gitId":"-"},"content":"","lastModifiedDate":"2020-05-25"},{"lineNumber":15,"author":{"gitId":"kaseykwok"},"content":"# delete output from previous run","lastModifiedDate":"2022-09-25"},{"lineNumber":16,"author":{"gitId":"kaseykwok"},"content":"if [ -e \"./data/duke.txt\" ]","lastModifiedDate":"2022-09-25"},{"lineNumber":17,"author":{"gitId":"kaseykwok"},"content":"then","lastModifiedDate":"2022-09-25"},{"lineNumber":18,"author":{"gitId":"kaseykwok"},"content":"    rm ./data/duke.txt","lastModifiedDate":"2022-09-25"},{"lineNumber":19,"author":{"gitId":"kaseykwok"},"content":"fi","lastModifiedDate":"2022-09-25"},{"lineNumber":20,"author":{"gitId":"kaseykwok"},"content":"","lastModifiedDate":"2022-09-25"},{"lineNumber":21,"author":{"gitId":"-"},"content":"# compile the code into the bin folder, terminates if error occurred","lastModifiedDate":"2020-05-25"},{"lineNumber":22,"author":{"gitId":"kaseykwok"},"content":"if ! javac -cp ../src/main/java -Xlint:none -d ../bin ../src/main/java/duke/*.java ../src/main/java/duke/task/*.java ../src/main/java/duke/task/exception/*.java ../src/main/java/duke/task/model/*.java","lastModifiedDate":"2022-09-13"},{"lineNumber":23,"author":{"gitId":"-"},"content":"then","lastModifiedDate":"2020-05-25"},{"lineNumber":24,"author":{"gitId":"-"},"content":"    echo \"********** BUILD FAILURE **********\"","lastModifiedDate":"2020-05-25"},{"lineNumber":25,"author":{"gitId":"-"},"content":"    exit 1","lastModifiedDate":"2020-05-25"},{"lineNumber":26,"author":{"gitId":"-"},"content":"fi","lastModifiedDate":"2020-05-25"},{"lineNumber":27,"author":{"gitId":"-"},"content":"","lastModifiedDate":"2020-05-25"},{"lineNumber":28,"author":{"gitId":"-"},"content":"# run the program, feed commands from input.txt file and redirect the output to the ACTUAL.TXT","lastModifiedDate":"2020-05-25"},{"lineNumber":29,"author":{"gitId":"kaseykwok"},"content":"java -classpath ../bin duke.Duke \u003c input.txt \u003e ACTUAL.TXT","lastModifiedDate":"2022-09-13"},{"lineNumber":30,"author":{"gitId":"-"},"content":"","lastModifiedDate":"2020-05-25"},{"lineNumber":31,"author":{"gitId":"-"},"content":"# convert to UNIX format","lastModifiedDate":"2020-05-25"},{"lineNumber":32,"author":{"gitId":"-"},"content":"cp EXPECTED.TXT EXPECTED-UNIX.TXT","lastModifiedDate":"2020-05-25"},{"lineNumber":33,"author":{"gitId":"-"},"content":"dos2unix ACTUAL.TXT EXPECTED-UNIX.TXT","lastModifiedDate":"2020-05-25"},{"lineNumber":34,"author":{"gitId":"-"},"content":"","lastModifiedDate":"2020-05-25"},{"lineNumber":35,"author":{"gitId":"-"},"content":"# compare the output to the expected output","lastModifiedDate":"2020-05-25"},{"lineNumber":36,"author":{"gitId":"-"},"content":"diff ACTUAL.TXT EXPECTED-UNIX.TXT","lastModifiedDate":"2020-05-25"},{"lineNumber":37,"author":{"gitId":"-"},"content":"if [ $? -eq 0 ]","lastModifiedDate":"2020-05-25"},{"lineNumber":38,"author":{"gitId":"-"},"content":"then","lastModifiedDate":"2020-05-25"},{"lineNumber":39,"author":{"gitId":"kaseykwok"},"content":"    echo \"UI test result: PASSED\"","lastModifiedDate":"2022-09-13"},{"lineNumber":40,"author":{"gitId":"kaseykwok"},"content":"else","lastModifiedDate":"2022-09-13"},{"lineNumber":41,"author":{"gitId":"kaseykwok"},"content":"    echo \"UI test result: FAILED\"","lastModifiedDate":"2022-09-13"},{"lineNumber":42,"author":{"gitId":"kaseykwok"},"content":"fi","lastModifiedDate":"2022-09-13"},{"lineNumber":43,"author":{"gitId":"kaseykwok"},"content":"","lastModifiedDate":"2022-09-13"},{"lineNumber":44,"author":{"gitId":"kaseykwok"},"content":"# convert to UNIX format","lastModifiedDate":"2022-09-13"},{"lineNumber":45,"author":{"gitId":"kaseykwok"},"content":"cp data/EXPECTED-DUKE.TXT data/EXPECTED-DUKE-UNIX.TXT","lastModifiedDate":"2022-09-13"},{"lineNumber":46,"author":{"gitId":"kaseykwok"},"content":"dos2unix data/duke.txt data/EXPECTED-DUKE-UNIX.TXT","lastModifiedDate":"2022-09-13"},{"lineNumber":47,"author":{"gitId":"kaseykwok"},"content":"","lastModifiedDate":"2022-09-13"},{"lineNumber":48,"author":{"gitId":"kaseykwok"},"content":"# compare the save output to the expected save output","lastModifiedDate":"2022-09-13"},{"lineNumber":49,"author":{"gitId":"kaseykwok"},"content":"diff data/duke.txt data/EXPECTED-DUKE-UNIX.TXT","lastModifiedDate":"2022-09-13"},{"lineNumber":50,"author":{"gitId":"kaseykwok"},"content":"if [ $? -eq 0 ]","lastModifiedDate":"2022-09-13"},{"lineNumber":51,"author":{"gitId":"kaseykwok"},"content":"then","lastModifiedDate":"2022-09-13"},{"lineNumber":52,"author":{"gitId":"kaseykwok"},"content":"    echo \"Save test result: PASSED\"","lastModifiedDate":"2022-09-13"},{"lineNumber":53,"author":{"gitId":"-"},"content":"    exit 0","lastModifiedDate":"2020-05-25"},{"lineNumber":54,"author":{"gitId":"-"},"content":"else","lastModifiedDate":"2022-09-13"},{"lineNumber":55,"author":{"gitId":"kaseykwok"},"content":"    echo \"Save test result: FAILED\"","lastModifiedDate":"2022-09-13"},{"lineNumber":56,"author":{"gitId":"-"},"content":"    exit 1","lastModifiedDate":"2022-09-13"},{"lineNumber":57,"author":{"gitId":"kaseykwok"},"content":"fi","lastModifiedDate":"2022-09-13"}],"authorContributionMap":{"kaseykwok":24,"-":33}}]
