{"authorDailyContributionsMap":{"kaseykwok":[{"date":"2022-08-18","commitResults":[{"hash":"48e9bbbc2a60526bde290a6ef64ee433adf59246","messageTitle":"Complete Level-0\u0027s Greeting","messageBody":"","tags":["Level-0"],"fileTypesAndContributionMap":{"java":{"insertions":7,"deletions":1}}}]},{"date":"2022-08-25","commitResults":[{"hash":"cadfbca6d8bcff92dad5a1645e29f4d903fc5b54","messageTitle":"Change chatbot name to Ever","messageBody":"","fileTypesAndContributionMap":{"java":{"insertions":7,"deletions":6}}}]},{"date":"2022-08-26","commitResults":[{"hash":"26d09715312b2fcb95aeae94fc2beb8a48a922e7","messageTitle":"Add echos on user input and exit at \u0027bye\u0027 input","messageBody":"","tags":["Level-1"],"fileTypesAndContributionMap":{"java":{"insertions":27,"deletions":5}}},{"hash":"bf13ecbce8349461f1ce585361ea3a134b01cf2a","messageTitle":"Add methods for add and list items","messageBody":"","tags":["Level-2"],"fileTypesAndContributionMap":{"java":{"insertions":15,"deletions":1}}},{"hash":"42bb20bfb37908538fc34a21fed19443dc43ff6e","messageTitle":"Add class Task, methods for changing task status","messageBody":"","tags":["Level-3"],"fileTypesAndContributionMap":{"java":{"insertions":48,"deletions":10}}},{"hash":"a127cd8dde3e7e6b3a1c3217cdd537c7d9c450f1","messageTitle":"Correct naming for constants","messageBody":"","tags":["A-CodingStandard"],"fileTypesAndContributionMap":{"java":{"insertions":13,"deletions":12}}}]},{"date":"2022-09-02","commitResults":[{"hash":"a4af273576bd162e7a0674289c3b79f836cc5ffd","messageTitle":"Add todo class and help command","messageBody":"","fileTypesAndContributionMap":{"java":{"insertions":41,"deletions":11}}},{"hash":"e57c62cb0aa4d669dd4f3879ae614f25708ed99a","messageTitle":"Add Deadline class and allow add deadline task","messageBody":"","fileTypesAndContributionMap":{"java":{"insertions":21,"deletions":1}}},{"hash":"0e28de097f8e5d863016385c32a8cf97b5590f54","messageTitle":"Add Event class and event command","messageBody":"","tags":["Level-4"],"fileTypesAndContributionMap":{"java":{"insertions":24,"deletions":5}}},{"hash":"91b83736036c41f1432615c5fe9e4fe33bfd2120","messageTitle":"Refactor constants, add condition checking for add and list task","messageBody":"","fileTypesAndContributionMap":{"java":{"insertions":21,"deletions":9}}},{"hash":"92abbeb5bc5e558b26cf082d305c6833d5518c1b","messageTitle":"Refactor task adding functions for todo, deadline and event","messageBody":"","fileTypesAndContributionMap":{"java":{"insertions":106,"deletions":49}}},{"hash":"730b2838db17ee50f0b43af33286d942671a9044","messageTitle":"Add Task Manager class","messageBody":"","tags":["A-CodeQuality"],"fileTypesAndContributionMap":{"java":{"insertions":93,"deletions":57}}},{"hash":"e83b400ba988dfa586fb9df638b9baaf97ba6273","messageTitle":"Add test for automated text UI testing","messageBody":"","tags":["A-TextUiTesting"],"fileTypesAndContributionMap":{"txt":{"insertions":21,"deletions":0},"java":{"insertions":7,"deletions":6},"sh":{"insertions":0,"deletions":0}}}]},{"date":"2022-09-09","commitResults":[{"hash":"1ac8185efbe2358fa81170db0739231e6e9508c1","messageTitle":"Add error handling for mark and unmark","messageBody":"","fileTypesAndContributionMap":{"java":{"insertions":43,"deletions":10}}},{"hash":"09f9e3ef7e2a8e3bb99751d18432d6469945ee5d","messageTitle":"Add Message class and error handling for adding tasks","messageBody":"","fileTypesAndContributionMap":{"java":{"insertions":53,"deletions":48}}},{"hash":"c8449e26a83a0151a176a2448831ad7463b00fd4","messageTitle":"Add Command class and give command syntax in error message","messageBody":"","fileTypesAndContributionMap":{"java":{"insertions":41,"deletions":6}}},{"hash":"4797de06097bd509195cf487f4661651ca493358","messageTitle":"Add illegal task number and task count exceed max exceptions","messageBody":"","fileTypesAndContributionMap":{"java":{"insertions":26,"deletions":12}}},{"hash":"05429ef8f1f0058b4e16ecb70d475635b2a61d05","messageTitle":"Organise classes into package","messageBody":"","fileTypesAndContributionMap":{"java":{"insertions":38,"deletions":1}}},{"hash":"77cfc2cccbc038ccea9949af3629d47cc37dfffe","messageTitle":"Store commands in ListedHashMap instead of Map","messageBody":"","fileTypesAndContributionMap":{"java":{"insertions":15,"deletions":11}}}]},{"date":"2022-09-13","commitResults":[{"hash":"65daa9dd09f4dd6805af02badd4c14ce215fd21c","messageTitle":"Use ArrayList to store tasks and add delete task function","messageBody":"","fileTypesAndContributionMap":{"java":{"insertions":41,"deletions":46}}},{"hash":"348755f9f0a9e7f1123c976daf9574f3ccdd9ef4","messageTitle":"Add save tasks and FileHandler class","messageBody":"","fileTypesAndContributionMap":{"java":{"insertions":99,"deletions":1}}},{"hash":"41a8332361d422baea348ead06b2630fed9527c8","messageTitle":"Return on save when there are no tasks","messageBody":"","fileTypesAndContributionMap":{"java":{"insertions":1,"deletions":0}}},{"hash":"c246fe7674c13ec25c8cd299ed86874ecfc5eb78","messageTitle":"Minor fix in save format","messageBody":"","fileTypesAndContributionMap":{"java":{"insertions":2,"deletions":2}}},{"hash":"151d13d2cd4aaccb9bc61e2237c7fc875644f92c","messageTitle":"Amend test cases","messageBody":"","fileTypesAndContributionMap":{"txt":{"insertions":18,"deletions":6},"java":{"insertions":1,"deletions":1},"sh":{"insertions":19,"deletions":4}}},{"hash":"8fbbd60317efc46010942a19fd2bf36623376f4d","messageTitle":"Amend test result for duke.txt","messageBody":"","fileTypesAndContributionMap":{"sh":{"insertions":15,"deletions":17}}}]},{"date":"2022-09-16","commitResults":[{"hash":"74c384d819ba86645a61fcb5b0de8fe3e491b43e","messageTitle":"Auto save and load duke.txt","messageBody":"","fileTypesAndContributionMap":{"java":{"insertions":69,"deletions":14}}},{"hash":"7953417a00ff207fbadea62afca497cfbfff9a1c","messageTitle":"Remove save success message and save condition checking","messageBody":"","tags":["A-Jar"],"fileTypesAndContributionMap":{"java":{"insertions":0,"deletions":6}}}]}]},"authorFileTypeContributionMap":{"kaseykwok":{"java":529,"md":0,"fxml":0,"sh":18,"bat":0,"gradle":0,"txt":33}},"authorContributionVariance":{"kaseykwok":10244.973},"authorDisplayNameMap":{"kaseykwok":"CS2113-F11-4 KWOK..ASEY"}}
