{"authorDailyContributionsMap":{"kaseykwok":[{"date":"2022-08-18","commitResults":[{"hash":"48e9bbbc2a60526bde290a6ef64ee433adf59246","messageTitle":"Complete Level-0\u0027s Greeting","messageBody":"","tags":["Level-0"],"fileTypesAndContributionMap":{"java":{"insertions":7,"deletions":1}}}]},{"date":"2022-08-25","commitResults":[{"hash":"cadfbca6d8bcff92dad5a1645e29f4d903fc5b54","messageTitle":"Change chatbot name to Ever","messageBody":"","fileTypesAndContributionMap":{"java":{"insertions":7,"deletions":6}}}]},{"date":"2022-08-26","commitResults":[{"hash":"26d09715312b2fcb95aeae94fc2beb8a48a922e7","messageTitle":"Add echos on user input and exit at \u0027bye\u0027 input","messageBody":"","tags":["Level-1"],"fileTypesAndContributionMap":{"java":{"insertions":27,"deletions":5}}},{"hash":"bf13ecbce8349461f1ce585361ea3a134b01cf2a","messageTitle":"Add methods for add and list items","messageBody":"","tags":["Level-2"],"fileTypesAndContributionMap":{"java":{"insertions":15,"deletions":1}}},{"hash":"42bb20bfb37908538fc34a21fed19443dc43ff6e","messageTitle":"Add class Task, methods for changing task status","messageBody":"","tags":["Level-3"],"fileTypesAndContributionMap":{"java":{"insertions":48,"deletions":10}}},{"hash":"a127cd8dde3e7e6b3a1c3217cdd537c7d9c450f1","messageTitle":"Correct naming for constants","messageBody":"","tags":["A-CodingStandard"],"fileTypesAndContributionMap":{"java":{"insertions":13,"deletions":12}}}]},{"date":"2022-09-02","commitResults":[{"hash":"a4af273576bd162e7a0674289c3b79f836cc5ffd","messageTitle":"Add todo class and help command","messageBody":"","fileTypesAndContributionMap":{"java":{"insertions":41,"deletions":11}}},{"hash":"e57c62cb0aa4d669dd4f3879ae614f25708ed99a","messageTitle":"Add Deadline class and allow add deadline task","messageBody":"","fileTypesAndContributionMap":{"java":{"insertions":21,"deletions":1}}},{"hash":"0e28de097f8e5d863016385c32a8cf97b5590f54","messageTitle":"Add Event class and event command","messageBody":"","tags":["Level-4"],"fileTypesAndContributionMap":{"java":{"insertions":24,"deletions":5}}},{"hash":"91b83736036c41f1432615c5fe9e4fe33bfd2120","messageTitle":"Refactor constants, add condition checking for add and list task","messageBody":"","fileTypesAndContributionMap":{"java":{"insertions":21,"deletions":9}}},{"hash":"92abbeb5bc5e558b26cf082d305c6833d5518c1b","messageTitle":"Refactor task adding functions for todo, deadline and event","messageBody":"","fileTypesAndContributionMap":{"java":{"insertions":106,"deletions":49}}},{"hash":"730b2838db17ee50f0b43af33286d942671a9044","messageTitle":"Add Task Manager class","messageBody":"","tags":["A-CodeQuality"],"fileTypesAndContributionMap":{"java":{"insertions":93,"deletions":57}}},{"hash":"e83b400ba988dfa586fb9df638b9baaf97ba6273","messageTitle":"Add test for automated text UI testing","messageBody":"","tags":["A-TextUiTesting"],"fileTypesAndContributionMap":{"txt":{"insertions":21,"deletions":0},"java":{"insertions":7,"deletions":6},"sh":{"insertions":0,"deletions":0}}}]}]},"authorFileTypeContributionMap":{"kaseykwok":{"java":263,"md":0,"fxml":0,"sh":0,"bat":0,"gradle":0,"txt":21}},"authorContributionVariance":{"kaseykwok":10112.686},"authorDisplayNameMap":{"kaseykwok":"CS2113-F11-4 KWOK..ASEY"}}
