[{"path":"src/main/java/duke/Duke.java","fileType":"java","lines":[{"lineNumber":1,"author":{"gitId":"xzynos"},"content":"package duke;","lastModifiedDate":"2022-09-02"},{"lineNumber":2,"author":{"gitId":"xzynos"},"content":"","lastModifiedDate":"2022-09-02"},{"lineNumber":3,"author":{"gitId":"xzynos"},"content":"import duke.userinterface.ConsoleInterface;","lastModifiedDate":"2022-09-02"},{"lineNumber":4,"author":{"gitId":"xzynos"},"content":"","lastModifiedDate":"2022-09-02"},{"lineNumber":5,"author":{"gitId":"-"},"content":"public class Duke {","lastModifiedDate":"2019-07-29"},{"lineNumber":6,"author":{"gitId":"xzynos"},"content":"    /**","lastModifiedDate":"2022-08-20"},{"lineNumber":7,"author":{"gitId":"xzynos"},"content":"     * Initializes application and starts interaction with user.","lastModifiedDate":"2022-08-27"},{"lineNumber":8,"author":{"gitId":"xzynos"},"content":"     */","lastModifiedDate":"2022-08-20"},{"lineNumber":9,"author":{"gitId":"xzynos"},"content":"    public static void main(String[] args) {","lastModifiedDate":"2022-08-20"},{"lineNumber":10,"author":{"gitId":"xzynos"},"content":"        ConsoleInterface consoleInterface \u003d new ConsoleInterface();","lastModifiedDate":"2022-08-27"},{"lineNumber":11,"author":{"gitId":"xzynos"},"content":"","lastModifiedDate":"2022-08-27"},{"lineNumber":12,"author":{"gitId":"xzynos"},"content":"        ConsoleInterface.printLogo();","lastModifiedDate":"2022-08-27"},{"lineNumber":13,"author":{"gitId":"xzynos"},"content":"","lastModifiedDate":"2022-09-02"},{"lineNumber":14,"author":{"gitId":"xzynos"},"content":"        ConsoleInterface.printLineSeparator();","lastModifiedDate":"2022-08-27"},{"lineNumber":15,"author":{"gitId":"xzynos"},"content":"        ConsoleInterface.printGreetingMessage();","lastModifiedDate":"2022-08-27"},{"lineNumber":16,"author":{"gitId":"xzynos"},"content":"        ConsoleInterface.printLineSeparator();","lastModifiedDate":"2022-08-27"},{"lineNumber":17,"author":{"gitId":"xzynos"},"content":"","lastModifiedDate":"2022-08-27"},{"lineNumber":18,"author":{"gitId":"xzynos"},"content":"        consoleInterface.executeProgram();","lastModifiedDate":"2022-08-27"},{"lineNumber":19,"author":{"gitId":"xzynos"},"content":"","lastModifiedDate":"2022-08-16"},{"lineNumber":20,"author":{"gitId":"xzynos"},"content":"        ConsoleInterface.printLineSeparator();","lastModifiedDate":"2022-08-27"},{"lineNumber":21,"author":{"gitId":"xzynos"},"content":"        ConsoleInterface.printGoodbyeMessage();","lastModifiedDate":"2022-08-27"},{"lineNumber":22,"author":{"gitId":"xzynos"},"content":"        ConsoleInterface.printLineSeparator();","lastModifiedDate":"2022-08-27"},{"lineNumber":23,"author":{"gitId":"-"},"content":"    }","lastModifiedDate":"2019-07-29"},{"lineNumber":24,"author":{"gitId":"-"},"content":"}","lastModifiedDate":"2019-07-29"}],"authorContributionMap":{"-":3,"xzynos":21}},{"path":"src/main/java/duke/DukeException.java","fileType":"java","lines":[{"lineNumber":1,"author":{"gitId":"xzynos"},"content":"package duke;","lastModifiedDate":"2022-09-04"},{"lineNumber":2,"author":{"gitId":"xzynos"},"content":"","lastModifiedDate":"2022-09-04"},{"lineNumber":3,"author":{"gitId":"xzynos"},"content":"public abstract class DukeException extends Exception {","lastModifiedDate":"2022-09-04"},{"lineNumber":4,"author":{"gitId":"xzynos"},"content":"    private String message;","lastModifiedDate":"2022-09-04"},{"lineNumber":5,"author":{"gitId":"xzynos"},"content":"","lastModifiedDate":"2022-09-04"},{"lineNumber":6,"author":{"gitId":"xzynos"},"content":"    public DukeException() {","lastModifiedDate":"2022-09-04"},{"lineNumber":7,"author":{"gitId":"xzynos"},"content":"    }","lastModifiedDate":"2022-09-04"},{"lineNumber":8,"author":{"gitId":"xzynos"},"content":"","lastModifiedDate":"2022-09-04"},{"lineNumber":9,"author":{"gitId":"xzynos"},"content":"    public DukeException(String message) {","lastModifiedDate":"2022-09-04"},{"lineNumber":10,"author":{"gitId":"xzynos"},"content":"        this.message \u003d message;","lastModifiedDate":"2022-09-04"},{"lineNumber":11,"author":{"gitId":"xzynos"},"content":"    }","lastModifiedDate":"2022-09-04"},{"lineNumber":12,"author":{"gitId":"xzynos"},"content":"","lastModifiedDate":"2022-09-04"},{"lineNumber":13,"author":{"gitId":"xzynos"},"content":"    @Override","lastModifiedDate":"2022-09-04"},{"lineNumber":14,"author":{"gitId":"xzynos"},"content":"    public String getMessage() {","lastModifiedDate":"2022-09-04"},{"lineNumber":15,"author":{"gitId":"xzynos"},"content":"        return message;","lastModifiedDate":"2022-09-04"},{"lineNumber":16,"author":{"gitId":"xzynos"},"content":"    }","lastModifiedDate":"2022-09-04"},{"lineNumber":17,"author":{"gitId":"xzynos"},"content":"}","lastModifiedDate":"2022-09-04"}],"authorContributionMap":{"xzynos":17}},{"path":"src/main/java/duke/task/Deadline.java","fileType":"java","lines":[{"lineNumber":1,"author":{"gitId":"xzynos"},"content":"package duke.task;","lastModifiedDate":"2022-09-02"},{"lineNumber":2,"author":{"gitId":"xzynos"},"content":"","lastModifiedDate":"2022-09-02"},{"lineNumber":3,"author":{"gitId":"xzynos"},"content":"public class Deadline extends Task {","lastModifiedDate":"2022-08-27"},{"lineNumber":4,"author":{"gitId":"xzynos"},"content":"    protected String by;","lastModifiedDate":"2022-08-27"},{"lineNumber":5,"author":{"gitId":"xzynos"},"content":"","lastModifiedDate":"2022-08-27"},{"lineNumber":6,"author":{"gitId":"xzynos"},"content":"    public Deadline(String description, String by) {","lastModifiedDate":"2022-08-27"},{"lineNumber":7,"author":{"gitId":"xzynos"},"content":"        super(description);","lastModifiedDate":"2022-08-27"},{"lineNumber":8,"author":{"gitId":"xzynos"},"content":"        this.by \u003d by;","lastModifiedDate":"2022-08-27"},{"lineNumber":9,"author":{"gitId":"xzynos"},"content":"    }","lastModifiedDate":"2022-08-27"},{"lineNumber":10,"author":{"gitId":"xzynos"},"content":"}","lastModifiedDate":"2022-08-27"}],"authorContributionMap":{"xzynos":10}},{"path":"src/main/java/duke/task/Event.java","fileType":"java","lines":[{"lineNumber":1,"author":{"gitId":"xzynos"},"content":"package duke.task;","lastModifiedDate":"2022-09-02"},{"lineNumber":2,"author":{"gitId":"xzynos"},"content":"","lastModifiedDate":"2022-09-02"},{"lineNumber":3,"author":{"gitId":"xzynos"},"content":"public class Event extends Task {","lastModifiedDate":"2022-08-27"},{"lineNumber":4,"author":{"gitId":"xzynos"},"content":"    protected String at;","lastModifiedDate":"2022-08-27"},{"lineNumber":5,"author":{"gitId":"xzynos"},"content":"","lastModifiedDate":"2022-08-27"},{"lineNumber":6,"author":{"gitId":"xzynos"},"content":"    public Event(String description, String at) {","lastModifiedDate":"2022-08-27"},{"lineNumber":7,"author":{"gitId":"xzynos"},"content":"        super(description);","lastModifiedDate":"2022-08-27"},{"lineNumber":8,"author":{"gitId":"xzynos"},"content":"        this.at \u003d at;","lastModifiedDate":"2022-08-27"},{"lineNumber":9,"author":{"gitId":"xzynos"},"content":"    }","lastModifiedDate":"2022-08-27"},{"lineNumber":10,"author":{"gitId":"xzynos"},"content":"}","lastModifiedDate":"2022-08-27"}],"authorContributionMap":{"xzynos":10}},{"path":"src/main/java/duke/task/Task.java","fileType":"java","lines":[{"lineNumber":1,"author":{"gitId":"xzynos"},"content":"package duke.task;","lastModifiedDate":"2022-09-02"},{"lineNumber":2,"author":{"gitId":"xzynos"},"content":"","lastModifiedDate":"2022-09-02"},{"lineNumber":3,"author":{"gitId":"xzynos"},"content":"public class Task {","lastModifiedDate":"2022-09-02"},{"lineNumber":4,"author":{"gitId":"xzynos"},"content":"    protected String description;","lastModifiedDate":"2022-08-27"},{"lineNumber":5,"author":{"gitId":"xzynos"},"content":"    protected boolean isComplete;","lastModifiedDate":"2022-08-27"},{"lineNumber":6,"author":{"gitId":"xzynos"},"content":"","lastModifiedDate":"2022-08-20"},{"lineNumber":7,"author":{"gitId":"xzynos"},"content":"    public Task(String description) {","lastModifiedDate":"2022-08-20"},{"lineNumber":8,"author":{"gitId":"xzynos"},"content":"        this.description \u003d description;","lastModifiedDate":"2022-08-20"},{"lineNumber":9,"author":{"gitId":"xzynos"},"content":"        this.isComplete \u003d false;","lastModifiedDate":"2022-08-20"},{"lineNumber":10,"author":{"gitId":"xzynos"},"content":"    }","lastModifiedDate":"2022-08-20"},{"lineNumber":11,"author":{"gitId":"xzynos"},"content":"","lastModifiedDate":"2022-08-20"},{"lineNumber":12,"author":{"gitId":"xzynos"},"content":"    public void print() {","lastModifiedDate":"2022-09-02"},{"lineNumber":13,"author":{"gitId":"xzynos"},"content":"        String printString \u003d \"[\";","lastModifiedDate":"2022-09-02"},{"lineNumber":14,"author":{"gitId":"xzynos"},"content":"","lastModifiedDate":"2022-09-02"},{"lineNumber":15,"author":{"gitId":"xzynos"},"content":"        if (this instanceof Todo) {","lastModifiedDate":"2022-09-02"},{"lineNumber":16,"author":{"gitId":"xzynos"},"content":"            printString +\u003d \"T\";","lastModifiedDate":"2022-09-02"},{"lineNumber":17,"author":{"gitId":"xzynos"},"content":"        } else if (this instanceof Deadline) {","lastModifiedDate":"2022-09-02"},{"lineNumber":18,"author":{"gitId":"xzynos"},"content":"            printString +\u003d \"D\";","lastModifiedDate":"2022-09-02"},{"lineNumber":19,"author":{"gitId":"xzynos"},"content":"        } else if (this instanceof Event) {","lastModifiedDate":"2022-09-02"},{"lineNumber":20,"author":{"gitId":"xzynos"},"content":"            printString +\u003d \"E\";","lastModifiedDate":"2022-09-02"},{"lineNumber":21,"author":{"gitId":"xzynos"},"content":"        } else {","lastModifiedDate":"2022-09-02"},{"lineNumber":22,"author":{"gitId":"xzynos"},"content":"            printString +\u003d \" \";","lastModifiedDate":"2022-09-02"},{"lineNumber":23,"author":{"gitId":"xzynos"},"content":"        }","lastModifiedDate":"2022-09-02"},{"lineNumber":24,"author":{"gitId":"xzynos"},"content":"","lastModifiedDate":"2022-09-02"},{"lineNumber":25,"author":{"gitId":"xzynos"},"content":"        printString +\u003d \"][\";","lastModifiedDate":"2022-09-02"},{"lineNumber":26,"author":{"gitId":"xzynos"},"content":"","lastModifiedDate":"2022-09-02"},{"lineNumber":27,"author":{"gitId":"xzynos"},"content":"        if (isComplete) {","lastModifiedDate":"2022-09-02"},{"lineNumber":28,"author":{"gitId":"xzynos"},"content":"            printString +\u003d \"X\";","lastModifiedDate":"2022-09-02"},{"lineNumber":29,"author":{"gitId":"xzynos"},"content":"        } else {","lastModifiedDate":"2022-09-02"},{"lineNumber":30,"author":{"gitId":"xzynos"},"content":"            printString +\u003d \" \";","lastModifiedDate":"2022-09-02"},{"lineNumber":31,"author":{"gitId":"xzynos"},"content":"        }","lastModifiedDate":"2022-09-02"},{"lineNumber":32,"author":{"gitId":"xzynos"},"content":"","lastModifiedDate":"2022-09-02"},{"lineNumber":33,"author":{"gitId":"xzynos"},"content":"        printString +\u003d \"] \" + description;","lastModifiedDate":"2022-09-02"},{"lineNumber":34,"author":{"gitId":"xzynos"},"content":"","lastModifiedDate":"2022-09-02"},{"lineNumber":35,"author":{"gitId":"xzynos"},"content":"        if (this instanceof Deadline) {","lastModifiedDate":"2022-09-02"},{"lineNumber":36,"author":{"gitId":"xzynos"},"content":"            Deadline deadline \u003d (Deadline) this;","lastModifiedDate":"2022-09-02"},{"lineNumber":37,"author":{"gitId":"xzynos"},"content":"            printString +\u003d \" (by: \" + deadline.by + \")\";","lastModifiedDate":"2022-09-02"},{"lineNumber":38,"author":{"gitId":"xzynos"},"content":"        } else if (this instanceof Event) {","lastModifiedDate":"2022-09-02"},{"lineNumber":39,"author":{"gitId":"xzynos"},"content":"            Event event \u003d (Event) this;","lastModifiedDate":"2022-09-02"},{"lineNumber":40,"author":{"gitId":"xzynos"},"content":"            printString +\u003d \" (at: \" + event.at + \")\";","lastModifiedDate":"2022-09-02"},{"lineNumber":41,"author":{"gitId":"xzynos"},"content":"        } else {","lastModifiedDate":"2022-09-02"},{"lineNumber":42,"author":{"gitId":"xzynos"},"content":"            printString +\u003d \"\";","lastModifiedDate":"2022-09-02"},{"lineNumber":43,"author":{"gitId":"xzynos"},"content":"        }","lastModifiedDate":"2022-09-02"},{"lineNumber":44,"author":{"gitId":"xzynos"},"content":"        System.out.println(printString);","lastModifiedDate":"2022-09-02"},{"lineNumber":45,"author":{"gitId":"xzynos"},"content":"    }","lastModifiedDate":"2022-09-02"},{"lineNumber":46,"author":{"gitId":"xzynos"},"content":"","lastModifiedDate":"2022-08-27"},{"lineNumber":47,"author":{"gitId":"xzynos"},"content":"    public String getDescription() {","lastModifiedDate":"2022-08-20"},{"lineNumber":48,"author":{"gitId":"xzynos"},"content":"        return description;","lastModifiedDate":"2022-08-20"},{"lineNumber":49,"author":{"gitId":"xzynos"},"content":"    }","lastModifiedDate":"2022-08-20"},{"lineNumber":50,"author":{"gitId":"xzynos"},"content":"","lastModifiedDate":"2022-08-20"},{"lineNumber":51,"author":{"gitId":"xzynos"},"content":"    public void setDescription(String description) {","lastModifiedDate":"2022-08-20"},{"lineNumber":52,"author":{"gitId":"xzynos"},"content":"        this.description \u003d description;","lastModifiedDate":"2022-08-20"},{"lineNumber":53,"author":{"gitId":"xzynos"},"content":"    }","lastModifiedDate":"2022-08-20"},{"lineNumber":54,"author":{"gitId":"xzynos"},"content":"","lastModifiedDate":"2022-08-20"},{"lineNumber":55,"author":{"gitId":"xzynos"},"content":"    public boolean isComplete() {","lastModifiedDate":"2022-08-20"},{"lineNumber":56,"author":{"gitId":"xzynos"},"content":"        return isComplete;","lastModifiedDate":"2022-08-20"},{"lineNumber":57,"author":{"gitId":"xzynos"},"content":"    }","lastModifiedDate":"2022-08-20"},{"lineNumber":58,"author":{"gitId":"xzynos"},"content":"","lastModifiedDate":"2022-08-20"},{"lineNumber":59,"author":{"gitId":"xzynos"},"content":"    public void setComplete(boolean complete) {","lastModifiedDate":"2022-08-20"},{"lineNumber":60,"author":{"gitId":"xzynos"},"content":"        isComplete \u003d complete;","lastModifiedDate":"2022-08-20"},{"lineNumber":61,"author":{"gitId":"xzynos"},"content":"    }","lastModifiedDate":"2022-08-20"},{"lineNumber":62,"author":{"gitId":"xzynos"},"content":"}","lastModifiedDate":"2022-08-20"}],"authorContributionMap":{"xzynos":62}},{"path":"src/main/java/duke/task/TaskManager.java","fileType":"java","lines":[{"lineNumber":1,"author":{"gitId":"xzynos"},"content":"package duke.task;","lastModifiedDate":"2022-09-02"},{"lineNumber":2,"author":{"gitId":"xzynos"},"content":"","lastModifiedDate":"2022-09-02"},{"lineNumber":3,"author":{"gitId":"xzynos"},"content":"import java.util.ArrayList;","lastModifiedDate":"2022-08-27"},{"lineNumber":4,"author":{"gitId":"xzynos"},"content":"","lastModifiedDate":"2022-08-27"},{"lineNumber":5,"author":{"gitId":"xzynos"},"content":"public class TaskManager {","lastModifiedDate":"2022-08-27"},{"lineNumber":6,"author":{"gitId":"xzynos"},"content":"    private ArrayList\u003cTask\u003e tasks;","lastModifiedDate":"2022-08-27"},{"lineNumber":7,"author":{"gitId":"xzynos"},"content":"","lastModifiedDate":"2022-08-27"},{"lineNumber":8,"author":{"gitId":"xzynos"},"content":"    public TaskManager() {","lastModifiedDate":"2022-08-27"},{"lineNumber":9,"author":{"gitId":"xzynos"},"content":"        this.tasks \u003d new ArrayList\u003c\u003e();","lastModifiedDate":"2022-08-27"},{"lineNumber":10,"author":{"gitId":"xzynos"},"content":"    }","lastModifiedDate":"2022-08-27"},{"lineNumber":11,"author":{"gitId":"xzynos"},"content":"","lastModifiedDate":"2022-08-27"},{"lineNumber":12,"author":{"gitId":"xzynos"},"content":"    /**","lastModifiedDate":"2022-08-27"},{"lineNumber":13,"author":{"gitId":"xzynos"},"content":"     * Prints all tasks in list to standard out.","lastModifiedDate":"2022-08-27"},{"lineNumber":14,"author":{"gitId":"xzynos"},"content":"     */","lastModifiedDate":"2022-08-27"},{"lineNumber":15,"author":{"gitId":"xzynos"},"content":"    public void printTasks() {","lastModifiedDate":"2022-08-27"},{"lineNumber":16,"author":{"gitId":"xzynos"},"content":"        for (int i \u003d 0; i \u003c tasks.size(); i++) {","lastModifiedDate":"2022-08-27"},{"lineNumber":17,"author":{"gitId":"xzynos"},"content":"            int taskNumber \u003d i + 1;","lastModifiedDate":"2022-08-27"},{"lineNumber":18,"author":{"gitId":"xzynos"},"content":"            System.out.print(taskNumber + \".\");","lastModifiedDate":"2022-08-27"},{"lineNumber":19,"author":{"gitId":"xzynos"},"content":"            Task task \u003d tasks.get(i);","lastModifiedDate":"2022-08-27"},{"lineNumber":20,"author":{"gitId":"xzynos"},"content":"            task.print();","lastModifiedDate":"2022-08-27"},{"lineNumber":21,"author":{"gitId":"xzynos"},"content":"        }","lastModifiedDate":"2022-08-27"},{"lineNumber":22,"author":{"gitId":"xzynos"},"content":"    }","lastModifiedDate":"2022-08-27"},{"lineNumber":23,"author":{"gitId":"xzynos"},"content":"","lastModifiedDate":"2022-08-27"},{"lineNumber":24,"author":{"gitId":"xzynos"},"content":"    /**","lastModifiedDate":"2022-08-27"},{"lineNumber":25,"author":{"gitId":"xzynos"},"content":"     * Returns number of tasks in task manager.","lastModifiedDate":"2022-08-27"},{"lineNumber":26,"author":{"gitId":"xzynos"},"content":"     *","lastModifiedDate":"2022-09-02"},{"lineNumber":27,"author":{"gitId":"xzynos"},"content":"     * @return Number of tasks","lastModifiedDate":"2022-09-02"},{"lineNumber":28,"author":{"gitId":"xzynos"},"content":"     */","lastModifiedDate":"2022-08-27"},{"lineNumber":29,"author":{"gitId":"xzynos"},"content":"    public int getNumTasks() {","lastModifiedDate":"2022-08-27"},{"lineNumber":30,"author":{"gitId":"xzynos"},"content":"        return tasks.size();","lastModifiedDate":"2022-08-27"},{"lineNumber":31,"author":{"gitId":"xzynos"},"content":"    }","lastModifiedDate":"2022-08-27"},{"lineNumber":32,"author":{"gitId":"xzynos"},"content":"","lastModifiedDate":"2022-08-27"},{"lineNumber":33,"author":{"gitId":"xzynos"},"content":"    /**","lastModifiedDate":"2022-08-27"},{"lineNumber":34,"author":{"gitId":"xzynos"},"content":"     * Adds a task to list of tasks.","lastModifiedDate":"2022-08-27"},{"lineNumber":35,"author":{"gitId":"xzynos"},"content":"     *","lastModifiedDate":"2022-08-27"},{"lineNumber":36,"author":{"gitId":"xzynos"},"content":"     * @param task Task to add.","lastModifiedDate":"2022-08-27"},{"lineNumber":37,"author":{"gitId":"xzynos"},"content":"     */","lastModifiedDate":"2022-08-27"},{"lineNumber":38,"author":{"gitId":"xzynos"},"content":"    public void addTask(Task task) {","lastModifiedDate":"2022-08-27"},{"lineNumber":39,"author":{"gitId":"xzynos"},"content":"        tasks.add(task);","lastModifiedDate":"2022-08-27"},{"lineNumber":40,"author":{"gitId":"xzynos"},"content":"    }","lastModifiedDate":"2022-08-27"},{"lineNumber":41,"author":{"gitId":"xzynos"},"content":"","lastModifiedDate":"2022-08-27"},{"lineNumber":42,"author":{"gitId":"xzynos"},"content":"    /**","lastModifiedDate":"2022-09-02"},{"lineNumber":43,"author":{"gitId":"xzynos"},"content":"     * Gets a task from list of tasks","lastModifiedDate":"2022-09-02"},{"lineNumber":44,"author":{"gitId":"xzynos"},"content":"     *","lastModifiedDate":"2022-09-02"},{"lineNumber":45,"author":{"gitId":"xzynos"},"content":"     * @param taskNumber Task number of task as shown by the function {@link #printTasks()}.","lastModifiedDate":"2022-09-02"},{"lineNumber":46,"author":{"gitId":"xzynos"},"content":"     * @return Task","lastModifiedDate":"2022-09-02"},{"lineNumber":47,"author":{"gitId":"xzynos"},"content":"     * @throws TaskManagerException.TaskNotFoundException If task is not the task manager","lastModifiedDate":"2022-09-04"},{"lineNumber":48,"author":{"gitId":"xzynos"},"content":"     */","lastModifiedDate":"2022-09-02"},{"lineNumber":49,"author":{"gitId":"xzynos"},"content":"    public Task getTask(int taskNumber) throws TaskManagerException.TaskNotFoundException {","lastModifiedDate":"2022-09-04"},{"lineNumber":50,"author":{"gitId":"xzynos"},"content":"        int taskIndex \u003d taskNumber - 1;","lastModifiedDate":"2022-09-02"},{"lineNumber":51,"author":{"gitId":"xzynos"},"content":"        try {","lastModifiedDate":"2022-09-04"},{"lineNumber":52,"author":{"gitId":"xzynos"},"content":"            Task task \u003d tasks.get(taskIndex);","lastModifiedDate":"2022-09-04"},{"lineNumber":53,"author":{"gitId":"xzynos"},"content":"            return task;","lastModifiedDate":"2022-09-04"},{"lineNumber":54,"author":{"gitId":"xzynos"},"content":"        } catch (IndexOutOfBoundsException indexOutOfBoundsException) {","lastModifiedDate":"2022-09-04"},{"lineNumber":55,"author":{"gitId":"xzynos"},"content":"            throw new TaskManagerException.TaskNotFoundException();","lastModifiedDate":"2022-09-04"},{"lineNumber":56,"author":{"gitId":"xzynos"},"content":"        }","lastModifiedDate":"2022-09-04"},{"lineNumber":57,"author":{"gitId":"xzynos"},"content":"    }","lastModifiedDate":"2022-09-02"},{"lineNumber":58,"author":{"gitId":"xzynos"},"content":"","lastModifiedDate":"2022-09-02"},{"lineNumber":59,"author":{"gitId":"xzynos"},"content":"    /**","lastModifiedDate":"2022-08-27"},{"lineNumber":60,"author":{"gitId":"xzynos"},"content":"     * Marks a task as completed.","lastModifiedDate":"2022-08-27"},{"lineNumber":61,"author":{"gitId":"xzynos"},"content":"     *","lastModifiedDate":"2022-08-27"},{"lineNumber":62,"author":{"gitId":"xzynos"},"content":"     * @param taskNumber Task number of task as shown by the function {@link #printTasks()}.","lastModifiedDate":"2022-08-27"},{"lineNumber":63,"author":{"gitId":"xzynos"},"content":"     * @throws TaskManagerException.TaskNotFoundException If task is not the task manager","lastModifiedDate":"2022-09-04"},{"lineNumber":64,"author":{"gitId":"xzynos"},"content":"     */","lastModifiedDate":"2022-08-27"},{"lineNumber":65,"author":{"gitId":"xzynos"},"content":"    public void markTaskAsCompleted(int taskNumber) throws TaskManagerException.TaskNotFoundException {","lastModifiedDate":"2022-09-04"},{"lineNumber":66,"author":{"gitId":"xzynos"},"content":"        int taskIndex \u003d taskNumber - 1;","lastModifiedDate":"2022-09-04"},{"lineNumber":67,"author":{"gitId":"xzynos"},"content":"        try {","lastModifiedDate":"2022-09-04"},{"lineNumber":68,"author":{"gitId":"xzynos"},"content":"            Task task \u003d tasks.get(taskIndex);","lastModifiedDate":"2022-09-04"},{"lineNumber":69,"author":{"gitId":"xzynos"},"content":"            task.setComplete(true);","lastModifiedDate":"2022-09-04"},{"lineNumber":70,"author":{"gitId":"xzynos"},"content":"        } catch (IndexOutOfBoundsException indexOutOfBoundsException) {","lastModifiedDate":"2022-09-04"},{"lineNumber":71,"author":{"gitId":"xzynos"},"content":"            throw new TaskManagerException.TaskNotFoundException();","lastModifiedDate":"2022-09-04"},{"lineNumber":72,"author":{"gitId":"xzynos"},"content":"        }","lastModifiedDate":"2022-09-04"},{"lineNumber":73,"author":{"gitId":"xzynos"},"content":"    }","lastModifiedDate":"2022-08-27"},{"lineNumber":74,"author":{"gitId":"xzynos"},"content":"","lastModifiedDate":"2022-08-27"},{"lineNumber":75,"author":{"gitId":"xzynos"},"content":"    /**","lastModifiedDate":"2022-08-27"},{"lineNumber":76,"author":{"gitId":"xzynos"},"content":"     * Marks a task as uncompleted.","lastModifiedDate":"2022-08-27"},{"lineNumber":77,"author":{"gitId":"xzynos"},"content":"     *","lastModifiedDate":"2022-08-27"},{"lineNumber":78,"author":{"gitId":"xzynos"},"content":"     * @param taskNumber Task number of task as shown by the function {@link #printTasks()}.","lastModifiedDate":"2022-08-27"},{"lineNumber":79,"author":{"gitId":"xzynos"},"content":"     * @throws TaskManagerException.TaskNotFoundException If task is not the task manager","lastModifiedDate":"2022-09-04"},{"lineNumber":80,"author":{"gitId":"xzynos"},"content":"     */","lastModifiedDate":"2022-08-27"},{"lineNumber":81,"author":{"gitId":"xzynos"},"content":"    public void markTaskAsUncompleted(int taskNumber) throws TaskManagerException.TaskNotFoundException {","lastModifiedDate":"2022-09-04"},{"lineNumber":82,"author":{"gitId":"xzynos"},"content":"        int taskIndex \u003d taskNumber - 1;","lastModifiedDate":"2022-09-04"},{"lineNumber":83,"author":{"gitId":"xzynos"},"content":"        try {","lastModifiedDate":"2022-09-04"},{"lineNumber":84,"author":{"gitId":"xzynos"},"content":"            Task task \u003d tasks.get(taskIndex);","lastModifiedDate":"2022-09-04"},{"lineNumber":85,"author":{"gitId":"xzynos"},"content":"            task.setComplete(false);","lastModifiedDate":"2022-09-04"},{"lineNumber":86,"author":{"gitId":"xzynos"},"content":"        } catch (IndexOutOfBoundsException indexOutOfBoundsException) {","lastModifiedDate":"2022-09-04"},{"lineNumber":87,"author":{"gitId":"xzynos"},"content":"            throw new TaskManagerException.TaskNotFoundException();","lastModifiedDate":"2022-09-04"},{"lineNumber":88,"author":{"gitId":"xzynos"},"content":"        }","lastModifiedDate":"2022-09-04"},{"lineNumber":89,"author":{"gitId":"xzynos"},"content":"    }","lastModifiedDate":"2022-08-27"},{"lineNumber":90,"author":{"gitId":"xzynos"},"content":"}","lastModifiedDate":"2022-08-27"}],"authorContributionMap":{"xzynos":90}},{"path":"src/main/java/duke/task/TaskManagerException.java","fileType":"java","lines":[{"lineNumber":1,"author":{"gitId":"xzynos"},"content":"package duke.task;","lastModifiedDate":"2022-09-04"},{"lineNumber":2,"author":{"gitId":"xzynos"},"content":"","lastModifiedDate":"2022-09-04"},{"lineNumber":3,"author":{"gitId":"xzynos"},"content":"import duke.DukeException;","lastModifiedDate":"2022-09-04"},{"lineNumber":4,"author":{"gitId":"xzynos"},"content":"","lastModifiedDate":"2022-09-04"},{"lineNumber":5,"author":{"gitId":"xzynos"},"content":"public class TaskManagerException {","lastModifiedDate":"2022-09-04"},{"lineNumber":6,"author":{"gitId":"xzynos"},"content":"    public static class TaskNotFoundException extends DukeException {","lastModifiedDate":"2022-09-04"},{"lineNumber":7,"author":{"gitId":"xzynos"},"content":"        public TaskNotFoundException() {","lastModifiedDate":"2022-09-04"},{"lineNumber":8,"author":{"gitId":"xzynos"},"content":"        }","lastModifiedDate":"2022-09-04"},{"lineNumber":9,"author":{"gitId":"xzynos"},"content":"","lastModifiedDate":"2022-09-04"},{"lineNumber":10,"author":{"gitId":"xzynos"},"content":"        public TaskNotFoundException(String message) {","lastModifiedDate":"2022-09-04"},{"lineNumber":11,"author":{"gitId":"xzynos"},"content":"            super(message);","lastModifiedDate":"2022-09-04"},{"lineNumber":12,"author":{"gitId":"xzynos"},"content":"        }","lastModifiedDate":"2022-09-04"},{"lineNumber":13,"author":{"gitId":"xzynos"},"content":"    }","lastModifiedDate":"2022-09-04"},{"lineNumber":14,"author":{"gitId":"xzynos"},"content":"}","lastModifiedDate":"2022-09-04"}],"authorContributionMap":{"xzynos":14}},{"path":"src/main/java/duke/task/Todo.java","fileType":"java","lines":[{"lineNumber":1,"author":{"gitId":"xzynos"},"content":"package duke.task;","lastModifiedDate":"2022-09-02"},{"lineNumber":2,"author":{"gitId":"xzynos"},"content":"","lastModifiedDate":"2022-09-02"},{"lineNumber":3,"author":{"gitId":"xzynos"},"content":"public class Todo extends Task {","lastModifiedDate":"2022-08-27"},{"lineNumber":4,"author":{"gitId":"xzynos"},"content":"    public Todo(String description) {","lastModifiedDate":"2022-08-27"},{"lineNumber":5,"author":{"gitId":"xzynos"},"content":"        super(description);","lastModifiedDate":"2022-08-27"},{"lineNumber":6,"author":{"gitId":"xzynos"},"content":"    }","lastModifiedDate":"2022-08-27"},{"lineNumber":7,"author":{"gitId":"xzynos"},"content":"}","lastModifiedDate":"2022-08-27"}],"authorContributionMap":{"xzynos":7}},{"path":"src/main/java/duke/userinterface/ConsoleInput.java","fileType":"java","lines":[{"lineNumber":1,"author":{"gitId":"xzynos"},"content":"package duke.userinterface;","lastModifiedDate":"2022-09-02"},{"lineNumber":2,"author":{"gitId":"xzynos"},"content":"","lastModifiedDate":"2022-09-02"},{"lineNumber":3,"author":{"gitId":"xzynos"},"content":"/**","lastModifiedDate":"2022-09-02"},{"lineNumber":4,"author":{"gitId":"xzynos"},"content":" * Stores command and arguments entered by the user via standard input","lastModifiedDate":"2022-09-02"},{"lineNumber":5,"author":{"gitId":"xzynos"},"content":" */","lastModifiedDate":"2022-09-02"},{"lineNumber":6,"author":{"gitId":"xzynos"},"content":"public class ConsoleInput {","lastModifiedDate":"2022-08-27"},{"lineNumber":7,"author":{"gitId":"xzynos"},"content":"    private String command;","lastModifiedDate":"2022-08-27"},{"lineNumber":8,"author":{"gitId":"xzynos"},"content":"    private String arguments;","lastModifiedDate":"2022-08-27"},{"lineNumber":9,"author":{"gitId":"xzynos"},"content":"","lastModifiedDate":"2022-08-27"},{"lineNumber":10,"author":{"gitId":"xzynos"},"content":"    public ConsoleInput(String command, String arguments) {","lastModifiedDate":"2022-08-27"},{"lineNumber":11,"author":{"gitId":"xzynos"},"content":"        this.command \u003d command;","lastModifiedDate":"2022-08-27"},{"lineNumber":12,"author":{"gitId":"xzynos"},"content":"        this.arguments \u003d arguments;","lastModifiedDate":"2022-08-27"},{"lineNumber":13,"author":{"gitId":"xzynos"},"content":"    }","lastModifiedDate":"2022-08-27"},{"lineNumber":14,"author":{"gitId":"xzynos"},"content":"","lastModifiedDate":"2022-08-27"},{"lineNumber":15,"author":{"gitId":"xzynos"},"content":"    public String getCommand() {","lastModifiedDate":"2022-08-27"},{"lineNumber":16,"author":{"gitId":"xzynos"},"content":"        return command;","lastModifiedDate":"2022-08-27"},{"lineNumber":17,"author":{"gitId":"xzynos"},"content":"    }","lastModifiedDate":"2022-08-27"},{"lineNumber":18,"author":{"gitId":"xzynos"},"content":"","lastModifiedDate":"2022-08-27"},{"lineNumber":19,"author":{"gitId":"xzynos"},"content":"    public String getArguments() {","lastModifiedDate":"2022-08-27"},{"lineNumber":20,"author":{"gitId":"xzynos"},"content":"        return arguments;","lastModifiedDate":"2022-08-27"},{"lineNumber":21,"author":{"gitId":"xzynos"},"content":"    }","lastModifiedDate":"2022-08-27"},{"lineNumber":22,"author":{"gitId":"xzynos"},"content":"}","lastModifiedDate":"2022-08-27"}],"authorContributionMap":{"xzynos":22}},{"path":"src/main/java/duke/userinterface/ConsoleInterface.java","fileType":"java","lines":[{"lineNumber":1,"author":{"gitId":"xzynos"},"content":"package duke.userinterface;","lastModifiedDate":"2022-09-02"},{"lineNumber":2,"author":{"gitId":"xzynos"},"content":"","lastModifiedDate":"2022-09-02"},{"lineNumber":3,"author":{"gitId":"xzynos"},"content":"import duke.task.*;","lastModifiedDate":"2022-09-04"},{"lineNumber":4,"author":{"gitId":"xzynos"},"content":"","lastModifiedDate":"2022-09-02"},{"lineNumber":5,"author":{"gitId":"xzynos"},"content":"import java.util.Scanner;","lastModifiedDate":"2022-08-27"},{"lineNumber":6,"author":{"gitId":"xzynos"},"content":"","lastModifiedDate":"2022-08-27"},{"lineNumber":7,"author":{"gitId":"xzynos"},"content":"/**","lastModifiedDate":"2022-09-02"},{"lineNumber":8,"author":{"gitId":"xzynos"},"content":" * Provides functions to interface with user via standard input and standard output","lastModifiedDate":"2022-09-02"},{"lineNumber":9,"author":{"gitId":"xzynos"},"content":" */","lastModifiedDate":"2022-09-02"},{"lineNumber":10,"author":{"gitId":"xzynos"},"content":"public class ConsoleInterface {","lastModifiedDate":"2022-08-27"},{"lineNumber":11,"author":{"gitId":"xzynos"},"content":"    private static final String COMMAND_BYE \u003d \"bye\";","lastModifiedDate":"2022-08-27"},{"lineNumber":12,"author":{"gitId":"xzynos"},"content":"    private static final String COMMAND_LIST \u003d \"list\";","lastModifiedDate":"2022-08-27"},{"lineNumber":13,"author":{"gitId":"xzynos"},"content":"    private static final String COMMAND_MARK \u003d \"mark\";","lastModifiedDate":"2022-08-27"},{"lineNumber":14,"author":{"gitId":"xzynos"},"content":"    private static final String COMMAND_UNMARK \u003d \"unmark\";","lastModifiedDate":"2022-08-27"},{"lineNumber":15,"author":{"gitId":"xzynos"},"content":"    private static final String COMMAND_TODO \u003d \"todo\";","lastModifiedDate":"2022-08-27"},{"lineNumber":16,"author":{"gitId":"xzynos"},"content":"    private static final String COMMAND_DEADLINE \u003d \"deadline\";","lastModifiedDate":"2022-08-27"},{"lineNumber":17,"author":{"gitId":"xzynos"},"content":"    private static final String COMMAND_EVENT \u003d \"event\";","lastModifiedDate":"2022-08-27"},{"lineNumber":18,"author":{"gitId":"xzynos"},"content":"","lastModifiedDate":"2022-08-27"},{"lineNumber":19,"author":{"gitId":"xzynos"},"content":"    private Scanner scanner;","lastModifiedDate":"2022-08-27"},{"lineNumber":20,"author":{"gitId":"xzynos"},"content":"    private TaskManager taskManager;","lastModifiedDate":"2022-08-27"},{"lineNumber":21,"author":{"gitId":"xzynos"},"content":"","lastModifiedDate":"2022-08-27"},{"lineNumber":22,"author":{"gitId":"xzynos"},"content":"    public ConsoleInterface() {","lastModifiedDate":"2022-08-27"},{"lineNumber":23,"author":{"gitId":"xzynos"},"content":"        scanner \u003d new Scanner(System.in);","lastModifiedDate":"2022-08-27"},{"lineNumber":24,"author":{"gitId":"xzynos"},"content":"        taskManager \u003d new TaskManager();","lastModifiedDate":"2022-08-27"},{"lineNumber":25,"author":{"gitId":"xzynos"},"content":"    }","lastModifiedDate":"2022-08-27"},{"lineNumber":26,"author":{"gitId":"xzynos"},"content":"","lastModifiedDate":"2022-08-27"},{"lineNumber":27,"author":{"gitId":"xzynos"},"content":"    /**","lastModifiedDate":"2022-08-27"},{"lineNumber":28,"author":{"gitId":"xzynos"},"content":"     * Prints logo to standard out.","lastModifiedDate":"2022-08-27"},{"lineNumber":29,"author":{"gitId":"xzynos"},"content":"     */","lastModifiedDate":"2022-08-27"},{"lineNumber":30,"author":{"gitId":"xzynos"},"content":"    public static void printLogo() {","lastModifiedDate":"2022-08-27"},{"lineNumber":31,"author":{"gitId":"xzynos"},"content":"        String logo \u003d \" ____        _        \\n\"","lastModifiedDate":"2022-08-27"},{"lineNumber":32,"author":{"gitId":"xzynos"},"content":"                + \"|  _ \\\\ _   _| | _____ \\n\"","lastModifiedDate":"2022-08-27"},{"lineNumber":33,"author":{"gitId":"xzynos"},"content":"                + \"| | | | | | | |/ / _ \\\\\\n\"","lastModifiedDate":"2022-08-27"},{"lineNumber":34,"author":{"gitId":"xzynos"},"content":"                + \"| |_| | |_| |   \u003c  __/\\n\"","lastModifiedDate":"2022-08-27"},{"lineNumber":35,"author":{"gitId":"xzynos"},"content":"                + \"|____/ \\\\__,_|_|\\\\_\\\\___|\\n\";","lastModifiedDate":"2022-08-27"},{"lineNumber":36,"author":{"gitId":"xzynos"},"content":"        System.out.println(\"Hello from\\n\" + logo);","lastModifiedDate":"2022-08-27"},{"lineNumber":37,"author":{"gitId":"xzynos"},"content":"    }","lastModifiedDate":"2022-08-27"},{"lineNumber":38,"author":{"gitId":"xzynos"},"content":"","lastModifiedDate":"2022-08-27"},{"lineNumber":39,"author":{"gitId":"xzynos"},"content":"    /**","lastModifiedDate":"2022-08-27"},{"lineNumber":40,"author":{"gitId":"xzynos"},"content":"     * Prints line separator to standard out.","lastModifiedDate":"2022-08-27"},{"lineNumber":41,"author":{"gitId":"xzynos"},"content":"     */","lastModifiedDate":"2022-08-27"},{"lineNumber":42,"author":{"gitId":"xzynos"},"content":"    public static void printLineSeparator() {","lastModifiedDate":"2022-08-27"},{"lineNumber":43,"author":{"gitId":"xzynos"},"content":"        String lineSeparator \u003d \"____________________________________________________________\";","lastModifiedDate":"2022-08-27"},{"lineNumber":44,"author":{"gitId":"xzynos"},"content":"        System.out.println(lineSeparator);","lastModifiedDate":"2022-08-27"},{"lineNumber":45,"author":{"gitId":"xzynos"},"content":"    }","lastModifiedDate":"2022-08-27"},{"lineNumber":46,"author":{"gitId":"xzynos"},"content":"","lastModifiedDate":"2022-08-27"},{"lineNumber":47,"author":{"gitId":"xzynos"},"content":"    /**","lastModifiedDate":"2022-08-27"},{"lineNumber":48,"author":{"gitId":"xzynos"},"content":"     * Prints greeting message to standard out.","lastModifiedDate":"2022-08-27"},{"lineNumber":49,"author":{"gitId":"xzynos"},"content":"     */","lastModifiedDate":"2022-08-27"},{"lineNumber":50,"author":{"gitId":"xzynos"},"content":"    public static void printGreetingMessage() {","lastModifiedDate":"2022-08-27"},{"lineNumber":51,"author":{"gitId":"xzynos"},"content":"        String greetingMessage \u003d \"Hello! I\u0027m Duke\\n\"","lastModifiedDate":"2022-08-27"},{"lineNumber":52,"author":{"gitId":"xzynos"},"content":"                + \"What can I do for you?\";","lastModifiedDate":"2022-08-27"},{"lineNumber":53,"author":{"gitId":"xzynos"},"content":"        System.out.println(greetingMessage);","lastModifiedDate":"2022-08-27"},{"lineNumber":54,"author":{"gitId":"xzynos"},"content":"    }","lastModifiedDate":"2022-08-27"},{"lineNumber":55,"author":{"gitId":"xzynos"},"content":"","lastModifiedDate":"2022-08-27"},{"lineNumber":56,"author":{"gitId":"xzynos"},"content":"    /**","lastModifiedDate":"2022-08-27"},{"lineNumber":57,"author":{"gitId":"xzynos"},"content":"     * Prints goodbye message to standard out.","lastModifiedDate":"2022-08-27"},{"lineNumber":58,"author":{"gitId":"xzynos"},"content":"     */","lastModifiedDate":"2022-08-27"},{"lineNumber":59,"author":{"gitId":"xzynos"},"content":"    public static void printGoodbyeMessage() {","lastModifiedDate":"2022-08-27"},{"lineNumber":60,"author":{"gitId":"xzynos"},"content":"        String goodbyeMessage \u003d \"Bye. Hope to see you again soon!\";","lastModifiedDate":"2022-08-27"},{"lineNumber":61,"author":{"gitId":"xzynos"},"content":"        System.out.println(goodbyeMessage);","lastModifiedDate":"2022-08-27"},{"lineNumber":62,"author":{"gitId":"xzynos"},"content":"    }","lastModifiedDate":"2022-08-27"},{"lineNumber":63,"author":{"gitId":"xzynos"},"content":"","lastModifiedDate":"2022-08-27"},{"lineNumber":64,"author":{"gitId":"xzynos"},"content":"    /**","lastModifiedDate":"2022-08-27"},{"lineNumber":65,"author":{"gitId":"xzynos"},"content":"     * Reads user input from standard in.","lastModifiedDate":"2022-08-27"},{"lineNumber":66,"author":{"gitId":"xzynos"},"content":"     *","lastModifiedDate":"2022-08-27"},{"lineNumber":67,"author":{"gitId":"xzynos"},"content":"     * @return Command and arguments from the user.","lastModifiedDate":"2022-08-27"},{"lineNumber":68,"author":{"gitId":"xzynos"},"content":"     */","lastModifiedDate":"2022-08-27"},{"lineNumber":69,"author":{"gitId":"xzynos"},"content":"    public ConsoleInput getConsoleInput() {","lastModifiedDate":"2022-08-27"},{"lineNumber":70,"author":{"gitId":"xzynos"},"content":"        String userInputStr \u003d scanner.nextLine();","lastModifiedDate":"2022-08-27"},{"lineNumber":71,"author":{"gitId":"xzynos"},"content":"        String[] userInputArr \u003d userInputStr.split(\" \", 2);","lastModifiedDate":"2022-08-27"},{"lineNumber":72,"author":{"gitId":"xzynos"},"content":"        String command \u003d userInputArr[0];","lastModifiedDate":"2022-08-27"},{"lineNumber":73,"author":{"gitId":"xzynos"},"content":"        String argument \u003d \"\";","lastModifiedDate":"2022-08-27"},{"lineNumber":74,"author":{"gitId":"xzynos"},"content":"        int numOperands \u003d 2;","lastModifiedDate":"2022-09-02"},{"lineNumber":75,"author":{"gitId":"xzynos"},"content":"        if (userInputArr.length \u003d\u003d numOperands) {","lastModifiedDate":"2022-09-02"},{"lineNumber":76,"author":{"gitId":"xzynos"},"content":"            argument \u003d userInputArr[1];","lastModifiedDate":"2022-08-27"},{"lineNumber":77,"author":{"gitId":"xzynos"},"content":"        }","lastModifiedDate":"2022-08-27"},{"lineNumber":78,"author":{"gitId":"xzynos"},"content":"","lastModifiedDate":"2022-08-27"},{"lineNumber":79,"author":{"gitId":"xzynos"},"content":"        ConsoleInput consoleInput \u003d new ConsoleInput(command, argument);","lastModifiedDate":"2022-08-27"},{"lineNumber":80,"author":{"gitId":"xzynos"},"content":"        return consoleInput;","lastModifiedDate":"2022-08-27"},{"lineNumber":81,"author":{"gitId":"xzynos"},"content":"    }","lastModifiedDate":"2022-08-27"},{"lineNumber":82,"author":{"gitId":"xzynos"},"content":"","lastModifiedDate":"2022-08-27"},{"lineNumber":83,"author":{"gitId":"xzynos"},"content":"    /**","lastModifiedDate":"2022-08-27"},{"lineNumber":84,"author":{"gitId":"xzynos"},"content":"     * Prints all tasks in task manager to standard out.","lastModifiedDate":"2022-08-27"},{"lineNumber":85,"author":{"gitId":"xzynos"},"content":"     */","lastModifiedDate":"2022-08-27"},{"lineNumber":86,"author":{"gitId":"xzynos"},"content":"    public void executeCommandList() {","lastModifiedDate":"2022-08-27"},{"lineNumber":87,"author":{"gitId":"xzynos"},"content":"        System.out.println(\"Here are the tasks in your list:\");","lastModifiedDate":"2022-08-27"},{"lineNumber":88,"author":{"gitId":"xzynos"},"content":"","lastModifiedDate":"2022-08-27"},{"lineNumber":89,"author":{"gitId":"xzynos"},"content":"        taskManager.printTasks();","lastModifiedDate":"2022-08-27"},{"lineNumber":90,"author":{"gitId":"xzynos"},"content":"    }","lastModifiedDate":"2022-08-27"},{"lineNumber":91,"author":{"gitId":"xzynos"},"content":"","lastModifiedDate":"2022-08-27"},{"lineNumber":92,"author":{"gitId":"xzynos"},"content":"    /**","lastModifiedDate":"2022-08-27"},{"lineNumber":93,"author":{"gitId":"xzynos"},"content":"     * Marks a task as completed.","lastModifiedDate":"2022-08-27"},{"lineNumber":94,"author":{"gitId":"xzynos"},"content":"     *","lastModifiedDate":"2022-08-27"},{"lineNumber":95,"author":{"gitId":"xzynos"},"content":"     * @param taskNumberStr Raw arguments returned by the function {@link #getConsoleInput()}.","lastModifiedDate":"2022-08-27"},{"lineNumber":96,"author":{"gitId":"xzynos"},"content":"     */","lastModifiedDate":"2022-08-27"},{"lineNumber":97,"author":{"gitId":"xzynos"},"content":"    public void executeCommandMark(String taskNumberStr) {","lastModifiedDate":"2022-08-27"},{"lineNumber":98,"author":{"gitId":"xzynos"},"content":"        int taskNumberInt;","lastModifiedDate":"2022-09-02"},{"lineNumber":99,"author":{"gitId":"xzynos"},"content":"        try {","lastModifiedDate":"2022-09-02"},{"lineNumber":100,"author":{"gitId":"xzynos"},"content":"            taskNumberInt \u003d Integer.parseInt(taskNumberStr);","lastModifiedDate":"2022-09-02"},{"lineNumber":101,"author":{"gitId":"xzynos"},"content":"        } catch (NumberFormatException numberFormatException) {","lastModifiedDate":"2022-09-02"},{"lineNumber":102,"author":{"gitId":"xzynos"},"content":"            System.out.println(\"☹ OOPS!!! Your input \" + taskNumberStr + \" is not a number.\");","lastModifiedDate":"2022-09-02"},{"lineNumber":103,"author":{"gitId":"xzynos"},"content":"            return;","lastModifiedDate":"2022-09-02"},{"lineNumber":104,"author":{"gitId":"xzynos"},"content":"        }","lastModifiedDate":"2022-09-02"},{"lineNumber":105,"author":{"gitId":"xzynos"},"content":"","lastModifiedDate":"2022-09-02"},{"lineNumber":106,"author":{"gitId":"xzynos"},"content":"        try {","lastModifiedDate":"2022-09-02"},{"lineNumber":107,"author":{"gitId":"xzynos"},"content":"            taskManager.markTaskAsCompleted(taskNumberInt);","lastModifiedDate":"2022-08-27"},{"lineNumber":108,"author":{"gitId":"xzynos"},"content":"            System.out.println(\"Nice! I\u0027ve marked this task as done:\");","lastModifiedDate":"2022-09-02"},{"lineNumber":109,"author":{"gitId":"xzynos"},"content":"            System.out.print(\"  \");","lastModifiedDate":"2022-09-02"},{"lineNumber":110,"author":{"gitId":"xzynos"},"content":"            taskManager.getTask(taskNumberInt).print();","lastModifiedDate":"2022-09-02"},{"lineNumber":111,"author":{"gitId":"xzynos"},"content":"        } catch (TaskManagerException.TaskNotFoundException taskNotFoundException) {","lastModifiedDate":"2022-09-04"},{"lineNumber":112,"author":{"gitId":"xzynos"},"content":"            System.out.println(\"☹ OOPS!!! Task number \" + taskNumberInt + \" does not exist.\");","lastModifiedDate":"2022-09-02"},{"lineNumber":113,"author":{"gitId":"xzynos"},"content":"            return;","lastModifiedDate":"2022-09-02"},{"lineNumber":114,"author":{"gitId":"xzynos"},"content":"        }","lastModifiedDate":"2022-09-02"},{"lineNumber":115,"author":{"gitId":"xzynos"},"content":"    }","lastModifiedDate":"2022-08-27"},{"lineNumber":116,"author":{"gitId":"xzynos"},"content":"","lastModifiedDate":"2022-08-27"},{"lineNumber":117,"author":{"gitId":"xzynos"},"content":"    /**","lastModifiedDate":"2022-08-27"},{"lineNumber":118,"author":{"gitId":"xzynos"},"content":"     * Marks a task as uncompleted.","lastModifiedDate":"2022-08-27"},{"lineNumber":119,"author":{"gitId":"xzynos"},"content":"     *","lastModifiedDate":"2022-08-27"},{"lineNumber":120,"author":{"gitId":"xzynos"},"content":"     * @param taskNumberStr Raw arguments returned by the function {@link #getConsoleInput()}.","lastModifiedDate":"2022-08-27"},{"lineNumber":121,"author":{"gitId":"xzynos"},"content":"     */","lastModifiedDate":"2022-08-27"},{"lineNumber":122,"author":{"gitId":"xzynos"},"content":"    public void executeCommandUnmark(String taskNumberStr) {","lastModifiedDate":"2022-08-27"},{"lineNumber":123,"author":{"gitId":"xzynos"},"content":"        int taskNumberInt;","lastModifiedDate":"2022-09-02"},{"lineNumber":124,"author":{"gitId":"xzynos"},"content":"        try {","lastModifiedDate":"2022-09-02"},{"lineNumber":125,"author":{"gitId":"xzynos"},"content":"            taskNumberInt \u003d Integer.parseInt(taskNumberStr);","lastModifiedDate":"2022-09-02"},{"lineNumber":126,"author":{"gitId":"xzynos"},"content":"        } catch (NumberFormatException numberFormatException) {","lastModifiedDate":"2022-09-02"},{"lineNumber":127,"author":{"gitId":"xzynos"},"content":"            System.out.println(\"☹ OOPS!!! Your input \" + taskNumberStr + \" is not a number.\");","lastModifiedDate":"2022-09-02"},{"lineNumber":128,"author":{"gitId":"xzynos"},"content":"            return;","lastModifiedDate":"2022-09-02"},{"lineNumber":129,"author":{"gitId":"xzynos"},"content":"        }","lastModifiedDate":"2022-09-02"},{"lineNumber":130,"author":{"gitId":"xzynos"},"content":"","lastModifiedDate":"2022-09-02"},{"lineNumber":131,"author":{"gitId":"xzynos"},"content":"        try {","lastModifiedDate":"2022-09-02"},{"lineNumber":132,"author":{"gitId":"xzynos"},"content":"            taskManager.markTaskAsUncompleted(taskNumberInt);","lastModifiedDate":"2022-08-27"},{"lineNumber":133,"author":{"gitId":"xzynos"},"content":"            System.out.println(\"OK, I\u0027ve marked this task as not done yet:\");","lastModifiedDate":"2022-09-02"},{"lineNumber":134,"author":{"gitId":"xzynos"},"content":"            System.out.print(\"  \");","lastModifiedDate":"2022-09-02"},{"lineNumber":135,"author":{"gitId":"xzynos"},"content":"            taskManager.getTask(taskNumberInt).print();","lastModifiedDate":"2022-09-02"},{"lineNumber":136,"author":{"gitId":"xzynos"},"content":"        } catch (TaskManagerException.TaskNotFoundException taskNotFoundException) {","lastModifiedDate":"2022-09-04"},{"lineNumber":137,"author":{"gitId":"xzynos"},"content":"            System.out.println(\"☹ OOPS!!! Task number \" + taskNumberInt + \" does not exist.\");","lastModifiedDate":"2022-09-02"},{"lineNumber":138,"author":{"gitId":"xzynos"},"content":"            return;","lastModifiedDate":"2022-09-02"},{"lineNumber":139,"author":{"gitId":"xzynos"},"content":"        }","lastModifiedDate":"2022-09-02"},{"lineNumber":140,"author":{"gitId":"xzynos"},"content":"    }","lastModifiedDate":"2022-08-27"},{"lineNumber":141,"author":{"gitId":"xzynos"},"content":"","lastModifiedDate":"2022-08-27"},{"lineNumber":142,"author":{"gitId":"xzynos"},"content":"    /**","lastModifiedDate":"2022-08-27"},{"lineNumber":143,"author":{"gitId":"xzynos"},"content":"     * Adds a todo into task manager.","lastModifiedDate":"2022-08-27"},{"lineNumber":144,"author":{"gitId":"xzynos"},"content":"     *","lastModifiedDate":"2022-08-27"},{"lineNumber":145,"author":{"gitId":"xzynos"},"content":"     * @param arguments Raw arguments returned by the function {@link #getConsoleInput()}.","lastModifiedDate":"2022-08-27"},{"lineNumber":146,"author":{"gitId":"xzynos"},"content":"     */","lastModifiedDate":"2022-08-27"},{"lineNumber":147,"author":{"gitId":"xzynos"},"content":"    public void executeCommandTodo(String arguments) {","lastModifiedDate":"2022-08-27"},{"lineNumber":148,"author":{"gitId":"xzynos"},"content":"        String description \u003d arguments;","lastModifiedDate":"2022-09-02"},{"lineNumber":149,"author":{"gitId":"xzynos"},"content":"        if (description.isEmpty()) {","lastModifiedDate":"2022-09-02"},{"lineNumber":150,"author":{"gitId":"xzynos"},"content":"            System.out.println(\"☹ OOPS!!! The description of a todo cannot be empty.\");","lastModifiedDate":"2022-09-02"},{"lineNumber":151,"author":{"gitId":"xzynos"},"content":"            return;","lastModifiedDate":"2022-09-02"},{"lineNumber":152,"author":{"gitId":"xzynos"},"content":"        }","lastModifiedDate":"2022-09-02"},{"lineNumber":153,"author":{"gitId":"xzynos"},"content":"","lastModifiedDate":"2022-08-27"},{"lineNumber":154,"author":{"gitId":"xzynos"},"content":"        Todo todo \u003d new Todo(description);","lastModifiedDate":"2022-09-02"},{"lineNumber":155,"author":{"gitId":"xzynos"},"content":"        taskManager.addTask(todo);","lastModifiedDate":"2022-08-27"},{"lineNumber":156,"author":{"gitId":"xzynos"},"content":"        System.out.println(\"Got it. I\u0027ve added this task:\");","lastModifiedDate":"2022-09-02"},{"lineNumber":157,"author":{"gitId":"xzynos"},"content":"        todo.print();","lastModifiedDate":"2022-08-27"},{"lineNumber":158,"author":{"gitId":"xzynos"},"content":"","lastModifiedDate":"2022-08-27"},{"lineNumber":159,"author":{"gitId":"xzynos"},"content":"        int numTasks \u003d taskManager.getNumTasks();","lastModifiedDate":"2022-08-27"},{"lineNumber":160,"author":{"gitId":"xzynos"},"content":"        System.out.println(\"Now you have \" + numTasks + \" tasks in the list.\");","lastModifiedDate":"2022-08-27"},{"lineNumber":161,"author":{"gitId":"xzynos"},"content":"    }","lastModifiedDate":"2022-08-27"},{"lineNumber":162,"author":{"gitId":"xzynos"},"content":"","lastModifiedDate":"2022-08-27"},{"lineNumber":163,"author":{"gitId":"xzynos"},"content":"    /**","lastModifiedDate":"2022-08-27"},{"lineNumber":164,"author":{"gitId":"xzynos"},"content":"     * Adds a deadline into task manager.","lastModifiedDate":"2022-08-27"},{"lineNumber":165,"author":{"gitId":"xzynos"},"content":"     *","lastModifiedDate":"2022-08-27"},{"lineNumber":166,"author":{"gitId":"xzynos"},"content":"     * @param arguments Raw arguments returned by the function {@link #getConsoleInput()}.","lastModifiedDate":"2022-08-27"},{"lineNumber":167,"author":{"gitId":"xzynos"},"content":"     */","lastModifiedDate":"2022-08-27"},{"lineNumber":168,"author":{"gitId":"xzynos"},"content":"    public void executeCommandDeadline(String arguments) {","lastModifiedDate":"2022-08-27"},{"lineNumber":169,"author":{"gitId":"xzynos"},"content":"        if (!arguments.contains(\"/by\")) {","lastModifiedDate":"2022-09-02"},{"lineNumber":170,"author":{"gitId":"xzynos"},"content":"            System.out.println(\"☹ OOPS!!! The /by option of a deadline must be present.\");","lastModifiedDate":"2022-09-02"},{"lineNumber":171,"author":{"gitId":"xzynos"},"content":"            return;","lastModifiedDate":"2022-09-02"},{"lineNumber":172,"author":{"gitId":"xzynos"},"content":"        }","lastModifiedDate":"2022-09-02"},{"lineNumber":173,"author":{"gitId":"xzynos"},"content":"","lastModifiedDate":"2022-08-27"},{"lineNumber":174,"author":{"gitId":"xzynos"},"content":"        String[] argumentArray \u003d arguments.split(\"/by\");","lastModifiedDate":"2022-08-27"},{"lineNumber":175,"author":{"gitId":"xzynos"},"content":"        int numOperands \u003d 2;","lastModifiedDate":"2022-09-02"},{"lineNumber":176,"author":{"gitId":"xzynos"},"content":"        if (argumentArray.length !\u003d numOperands) {","lastModifiedDate":"2022-09-02"},{"lineNumber":177,"author":{"gitId":"xzynos"},"content":"            System.out.println(\"☹ OOPS!!! The description and the /by option of a deadline cannot be empty.\");","lastModifiedDate":"2022-09-02"},{"lineNumber":178,"author":{"gitId":"xzynos"},"content":"            return;","lastModifiedDate":"2022-09-02"},{"lineNumber":179,"author":{"gitId":"xzynos"},"content":"        }","lastModifiedDate":"2022-09-02"},{"lineNumber":180,"author":{"gitId":"xzynos"},"content":"","lastModifiedDate":"2022-09-02"},{"lineNumber":181,"author":{"gitId":"xzynos"},"content":"        String description \u003d argumentArray[0].trim();","lastModifiedDate":"2022-08-27"},{"lineNumber":182,"author":{"gitId":"xzynos"},"content":"        String by \u003d argumentArray[1].trim();","lastModifiedDate":"2022-08-27"},{"lineNumber":183,"author":{"gitId":"xzynos"},"content":"        if (description.isEmpty() || by.isEmpty()) {","lastModifiedDate":"2022-09-02"},{"lineNumber":184,"author":{"gitId":"xzynos"},"content":"            System.out.println(\"☹ OOPS!!! The description and the /by option of a deadline cannot be empty.\");","lastModifiedDate":"2022-09-02"},{"lineNumber":185,"author":{"gitId":"xzynos"},"content":"            return;","lastModifiedDate":"2022-09-02"},{"lineNumber":186,"author":{"gitId":"xzynos"},"content":"        }","lastModifiedDate":"2022-09-02"},{"lineNumber":187,"author":{"gitId":"xzynos"},"content":"","lastModifiedDate":"2022-08-27"},{"lineNumber":188,"author":{"gitId":"xzynos"},"content":"        Deadline deadline \u003d new Deadline(description, by);","lastModifiedDate":"2022-08-27"},{"lineNumber":189,"author":{"gitId":"xzynos"},"content":"        taskManager.addTask(deadline);","lastModifiedDate":"2022-08-27"},{"lineNumber":190,"author":{"gitId":"xzynos"},"content":"        System.out.println(\"Got it. I\u0027ve added this task:\");","lastModifiedDate":"2022-09-02"},{"lineNumber":191,"author":{"gitId":"xzynos"},"content":"        deadline.print();","lastModifiedDate":"2022-08-27"},{"lineNumber":192,"author":{"gitId":"xzynos"},"content":"","lastModifiedDate":"2022-08-27"},{"lineNumber":193,"author":{"gitId":"xzynos"},"content":"        int numTasks \u003d taskManager.getNumTasks();","lastModifiedDate":"2022-08-27"},{"lineNumber":194,"author":{"gitId":"xzynos"},"content":"        System.out.println(\"Now you have \" + numTasks + \" tasks in the list.\");","lastModifiedDate":"2022-08-27"},{"lineNumber":195,"author":{"gitId":"xzynos"},"content":"    }","lastModifiedDate":"2022-08-27"},{"lineNumber":196,"author":{"gitId":"xzynos"},"content":"","lastModifiedDate":"2022-08-27"},{"lineNumber":197,"author":{"gitId":"xzynos"},"content":"    /**","lastModifiedDate":"2022-08-27"},{"lineNumber":198,"author":{"gitId":"xzynos"},"content":"     * Adds an event into task manager.","lastModifiedDate":"2022-08-27"},{"lineNumber":199,"author":{"gitId":"xzynos"},"content":"     *","lastModifiedDate":"2022-08-27"},{"lineNumber":200,"author":{"gitId":"xzynos"},"content":"     * @param arguments Raw arguments returned by the function {@link #getConsoleInput()}.","lastModifiedDate":"2022-08-27"},{"lineNumber":201,"author":{"gitId":"xzynos"},"content":"     */","lastModifiedDate":"2022-08-27"},{"lineNumber":202,"author":{"gitId":"xzynos"},"content":"    public void executeCommandEvent(String arguments) {","lastModifiedDate":"2022-08-27"},{"lineNumber":203,"author":{"gitId":"xzynos"},"content":"        if (!arguments.contains(\"/at\")) {","lastModifiedDate":"2022-09-02"},{"lineNumber":204,"author":{"gitId":"xzynos"},"content":"            System.out.println(\"☹ OOPS!!! The /at option of an event must be present.\");","lastModifiedDate":"2022-09-02"},{"lineNumber":205,"author":{"gitId":"xzynos"},"content":"            return;","lastModifiedDate":"2022-09-02"},{"lineNumber":206,"author":{"gitId":"xzynos"},"content":"        }","lastModifiedDate":"2022-09-02"},{"lineNumber":207,"author":{"gitId":"xzynos"},"content":"","lastModifiedDate":"2022-08-27"},{"lineNumber":208,"author":{"gitId":"xzynos"},"content":"        String[] argumentArray \u003d arguments.split(\"/at\");","lastModifiedDate":"2022-08-27"},{"lineNumber":209,"author":{"gitId":"xzynos"},"content":"        int numOperands \u003d 2;","lastModifiedDate":"2022-09-02"},{"lineNumber":210,"author":{"gitId":"xzynos"},"content":"        if (argumentArray.length !\u003d numOperands) {","lastModifiedDate":"2022-09-02"},{"lineNumber":211,"author":{"gitId":"xzynos"},"content":"            System.out.println(\"☹ OOPS!!! The description and the /at option of an event cannot be empty.\");","lastModifiedDate":"2022-09-02"},{"lineNumber":212,"author":{"gitId":"xzynos"},"content":"            return;","lastModifiedDate":"2022-09-02"},{"lineNumber":213,"author":{"gitId":"xzynos"},"content":"        }","lastModifiedDate":"2022-09-02"},{"lineNumber":214,"author":{"gitId":"xzynos"},"content":"","lastModifiedDate":"2022-09-02"},{"lineNumber":215,"author":{"gitId":"xzynos"},"content":"        String description \u003d argumentArray[0].trim();","lastModifiedDate":"2022-08-27"},{"lineNumber":216,"author":{"gitId":"xzynos"},"content":"        String at \u003d argumentArray[1].trim();","lastModifiedDate":"2022-08-27"},{"lineNumber":217,"author":{"gitId":"xzynos"},"content":"        if (description.isEmpty() || at.isEmpty()) {","lastModifiedDate":"2022-09-02"},{"lineNumber":218,"author":{"gitId":"xzynos"},"content":"            System.out.println(\"☹ OOPS!!! The description and the /at option of an event cannot be empty.\");","lastModifiedDate":"2022-09-02"},{"lineNumber":219,"author":{"gitId":"xzynos"},"content":"            return;","lastModifiedDate":"2022-09-02"},{"lineNumber":220,"author":{"gitId":"xzynos"},"content":"        }","lastModifiedDate":"2022-09-02"},{"lineNumber":221,"author":{"gitId":"xzynos"},"content":"","lastModifiedDate":"2022-08-27"},{"lineNumber":222,"author":{"gitId":"xzynos"},"content":"        Event event \u003d new Event(description, at);","lastModifiedDate":"2022-08-27"},{"lineNumber":223,"author":{"gitId":"xzynos"},"content":"        taskManager.addTask(event);","lastModifiedDate":"2022-08-27"},{"lineNumber":224,"author":{"gitId":"xzynos"},"content":"        System.out.println(\"Got it. I\u0027ve added this task:\");","lastModifiedDate":"2022-09-02"},{"lineNumber":225,"author":{"gitId":"xzynos"},"content":"        event.print();","lastModifiedDate":"2022-08-27"},{"lineNumber":226,"author":{"gitId":"xzynos"},"content":"","lastModifiedDate":"2022-08-27"},{"lineNumber":227,"author":{"gitId":"xzynos"},"content":"        int numTasks \u003d taskManager.getNumTasks();","lastModifiedDate":"2022-08-27"},{"lineNumber":228,"author":{"gitId":"xzynos"},"content":"        System.out.println(\"Now you have \" + numTasks + \" tasks in the list.\");","lastModifiedDate":"2022-08-27"},{"lineNumber":229,"author":{"gitId":"xzynos"},"content":"    }","lastModifiedDate":"2022-08-27"},{"lineNumber":230,"author":{"gitId":"xzynos"},"content":"","lastModifiedDate":"2022-08-27"},{"lineNumber":231,"author":{"gitId":"xzynos"},"content":"    public void executeInvalidCommand() {","lastModifiedDate":"2022-09-02"},{"lineNumber":232,"author":{"gitId":"xzynos"},"content":"        System.out.println(\"☹ OOPS!!! I\u0027m sorry, but I don\u0027t know what that means :-(\");","lastModifiedDate":"2022-09-02"},{"lineNumber":233,"author":{"gitId":"xzynos"},"content":"    }","lastModifiedDate":"2022-09-02"},{"lineNumber":234,"author":{"gitId":"xzynos"},"content":"","lastModifiedDate":"2022-09-02"},{"lineNumber":235,"author":{"gitId":"xzynos"},"content":"    /**","lastModifiedDate":"2022-08-27"},{"lineNumber":236,"author":{"gitId":"xzynos"},"content":"     * Executes main interface which interacts with user","lastModifiedDate":"2022-08-27"},{"lineNumber":237,"author":{"gitId":"xzynos"},"content":"     */","lastModifiedDate":"2022-08-27"},{"lineNumber":238,"author":{"gitId":"xzynos"},"content":"    public void executeProgram() {","lastModifiedDate":"2022-08-27"},{"lineNumber":239,"author":{"gitId":"xzynos"},"content":"        while (true) {","lastModifiedDate":"2022-08-27"},{"lineNumber":240,"author":{"gitId":"xzynos"},"content":"            System.out.println();","lastModifiedDate":"2022-08-27"},{"lineNumber":241,"author":{"gitId":"xzynos"},"content":"","lastModifiedDate":"2022-08-27"},{"lineNumber":242,"author":{"gitId":"xzynos"},"content":"            ConsoleInput input \u003d getConsoleInput();","lastModifiedDate":"2022-08-27"},{"lineNumber":243,"author":{"gitId":"xzynos"},"content":"","lastModifiedDate":"2022-08-27"},{"lineNumber":244,"author":{"gitId":"xzynos"},"content":"            if (input.getCommand().equals(COMMAND_BYE)) {","lastModifiedDate":"2022-08-27"},{"lineNumber":245,"author":{"gitId":"xzynos"},"content":"                break;","lastModifiedDate":"2022-08-27"},{"lineNumber":246,"author":{"gitId":"xzynos"},"content":"            }","lastModifiedDate":"2022-08-27"},{"lineNumber":247,"author":{"gitId":"xzynos"},"content":"","lastModifiedDate":"2022-08-27"},{"lineNumber":248,"author":{"gitId":"xzynos"},"content":"            ConsoleInterface.printLineSeparator();","lastModifiedDate":"2022-08-27"},{"lineNumber":249,"author":{"gitId":"xzynos"},"content":"","lastModifiedDate":"2022-08-27"},{"lineNumber":250,"author":{"gitId":"xzynos"},"content":"            switch (input.getCommand()) {","lastModifiedDate":"2022-08-27"},{"lineNumber":251,"author":{"gitId":"xzynos"},"content":"            case COMMAND_LIST:","lastModifiedDate":"2022-08-27"},{"lineNumber":252,"author":{"gitId":"xzynos"},"content":"                executeCommandList();","lastModifiedDate":"2022-08-27"},{"lineNumber":253,"author":{"gitId":"xzynos"},"content":"                break;","lastModifiedDate":"2022-08-27"},{"lineNumber":254,"author":{"gitId":"xzynos"},"content":"            case COMMAND_MARK:","lastModifiedDate":"2022-08-27"},{"lineNumber":255,"author":{"gitId":"xzynos"},"content":"                executeCommandMark(input.getArguments());","lastModifiedDate":"2022-08-27"},{"lineNumber":256,"author":{"gitId":"xzynos"},"content":"                break;","lastModifiedDate":"2022-08-27"},{"lineNumber":257,"author":{"gitId":"xzynos"},"content":"            case COMMAND_UNMARK:","lastModifiedDate":"2022-08-27"},{"lineNumber":258,"author":{"gitId":"xzynos"},"content":"                executeCommandUnmark(input.getArguments());","lastModifiedDate":"2022-08-27"},{"lineNumber":259,"author":{"gitId":"xzynos"},"content":"                break;","lastModifiedDate":"2022-08-27"},{"lineNumber":260,"author":{"gitId":"xzynos"},"content":"            case COMMAND_TODO:","lastModifiedDate":"2022-08-27"},{"lineNumber":261,"author":{"gitId":"xzynos"},"content":"                executeCommandTodo(input.getArguments());","lastModifiedDate":"2022-08-27"},{"lineNumber":262,"author":{"gitId":"xzynos"},"content":"                break;","lastModifiedDate":"2022-08-27"},{"lineNumber":263,"author":{"gitId":"xzynos"},"content":"            case COMMAND_DEADLINE:","lastModifiedDate":"2022-08-27"},{"lineNumber":264,"author":{"gitId":"xzynos"},"content":"                executeCommandDeadline(input.getArguments());","lastModifiedDate":"2022-08-27"},{"lineNumber":265,"author":{"gitId":"xzynos"},"content":"                break;","lastModifiedDate":"2022-08-27"},{"lineNumber":266,"author":{"gitId":"xzynos"},"content":"            case COMMAND_EVENT:","lastModifiedDate":"2022-08-27"},{"lineNumber":267,"author":{"gitId":"xzynos"},"content":"                executeCommandEvent(input.getArguments());","lastModifiedDate":"2022-08-27"},{"lineNumber":268,"author":{"gitId":"xzynos"},"content":"                break;","lastModifiedDate":"2022-08-27"},{"lineNumber":269,"author":{"gitId":"xzynos"},"content":"            default:","lastModifiedDate":"2022-08-27"},{"lineNumber":270,"author":{"gitId":"xzynos"},"content":"                executeInvalidCommand();","lastModifiedDate":"2022-09-02"},{"lineNumber":271,"author":{"gitId":"xzynos"},"content":"            }","lastModifiedDate":"2022-08-27"},{"lineNumber":272,"author":{"gitId":"xzynos"},"content":"","lastModifiedDate":"2022-08-27"},{"lineNumber":273,"author":{"gitId":"xzynos"},"content":"            ConsoleInterface.printLineSeparator();","lastModifiedDate":"2022-08-27"},{"lineNumber":274,"author":{"gitId":"xzynos"},"content":"        }","lastModifiedDate":"2022-08-27"},{"lineNumber":275,"author":{"gitId":"xzynos"},"content":"    }","lastModifiedDate":"2022-08-27"},{"lineNumber":276,"author":{"gitId":"xzynos"},"content":"}","lastModifiedDate":"2022-08-27"}],"authorContributionMap":{"xzynos":276}},{"path":"text-ui-test/input.txt","fileType":"txt","lines":[{"lineNumber":1,"author":{"gitId":"xzynos"},"content":"todo borrow book","lastModifiedDate":"2022-08-27"},{"lineNumber":2,"author":{"gitId":"xzynos"},"content":"deadline return book /by Sunday","lastModifiedDate":"2022-08-27"},{"lineNumber":3,"author":{"gitId":"xzynos"},"content":"event project meeting /at Mon 2-4pm","lastModifiedDate":"2022-08-27"},{"lineNumber":4,"author":{"gitId":"xzynos"},"content":"list","lastModifiedDate":"2022-08-27"},{"lineNumber":5,"author":{"gitId":"xzynos"},"content":"mark 1","lastModifiedDate":"2022-08-27"},{"lineNumber":6,"author":{"gitId":"xzynos"},"content":"mark 2","lastModifiedDate":"2022-08-27"},{"lineNumber":7,"author":{"gitId":"xzynos"},"content":"mark 3","lastModifiedDate":"2022-08-27"},{"lineNumber":8,"author":{"gitId":"xzynos"},"content":"list","lastModifiedDate":"2022-08-27"},{"lineNumber":9,"author":{"gitId":"xzynos"},"content":"unmark 1","lastModifiedDate":"2022-09-02"},{"lineNumber":10,"author":{"gitId":"xzynos"},"content":"unmark 2","lastModifiedDate":"2022-09-02"},{"lineNumber":11,"author":{"gitId":"xzynos"},"content":"unmark 3","lastModifiedDate":"2022-09-02"},{"lineNumber":12,"author":{"gitId":"xzynos"},"content":"list","lastModifiedDate":"2022-09-02"},{"lineNumber":13,"author":{"gitId":"xzynos"},"content":"deadline do homework /by no idea :-p","lastModifiedDate":"2022-08-27"},{"lineNumber":14,"author":{"gitId":"xzynos"},"content":"todo","lastModifiedDate":"2022-09-02"},{"lineNumber":15,"author":{"gitId":"xzynos"},"content":"todo Test this program thoroughly","lastModifiedDate":"2022-09-02"},{"lineNumber":16,"author":{"gitId":"xzynos"},"content":"deadline","lastModifiedDate":"2022-09-02"},{"lineNumber":17,"author":{"gitId":"xzynos"},"content":"deadline /by","lastModifiedDate":"2022-09-02"},{"lineNumber":18,"author":{"gitId":"xzynos"},"content":"deadline complete Level-5","lastModifiedDate":"2022-09-02"},{"lineNumber":19,"author":{"gitId":"xzynos"},"content":"deadline complete Level-5 /by","lastModifiedDate":"2022-09-02"},{"lineNumber":20,"author":{"gitId":"xzynos"},"content":"deadline /by Week 5 Tutorial","lastModifiedDate":"2022-09-02"},{"lineNumber":21,"author":{"gitId":"xzynos"},"content":"deadline complete Level-5 /by Week 5 Tutorial","lastModifiedDate":"2022-09-02"},{"lineNumber":22,"author":{"gitId":"xzynos"},"content":"deadline complete Level-5 /due Week 5 Tutorial","lastModifiedDate":"2022-09-02"},{"lineNumber":23,"author":{"gitId":"xzynos"},"content":"event","lastModifiedDate":"2022-09-02"},{"lineNumber":24,"author":{"gitId":"xzynos"},"content":"event /at","lastModifiedDate":"2022-09-02"},{"lineNumber":25,"author":{"gitId":"xzynos"},"content":"event attend tutorials","lastModifiedDate":"2022-09-02"},{"lineNumber":26,"author":{"gitId":"xzynos"},"content":"event attend tutorials /at","lastModifiedDate":"2022-09-02"},{"lineNumber":27,"author":{"gitId":"xzynos"},"content":"event /at Wed 11-12pm","lastModifiedDate":"2022-09-02"},{"lineNumber":28,"author":{"gitId":"xzynos"},"content":"event attend tutorials /at Wed 11-12pm","lastModifiedDate":"2022-09-02"},{"lineNumber":29,"author":{"gitId":"xzynos"},"content":"event attend tutorials /during Wed 11-12pm","lastModifiedDate":"2022-09-02"},{"lineNumber":30,"author":{"gitId":"xzynos"},"content":"list","lastModifiedDate":"2022-09-02"},{"lineNumber":31,"author":{"gitId":"xzynos"},"content":"mark 4","lastModifiedDate":"2022-09-02"},{"lineNumber":32,"author":{"gitId":"xzynos"},"content":"mark 5","lastModifiedDate":"2022-09-02"},{"lineNumber":33,"author":{"gitId":"xzynos"},"content":"list","lastModifiedDate":"2022-09-02"},{"lineNumber":34,"author":{"gitId":"xzynos"},"content":"mark 6","lastModifiedDate":"2022-09-02"},{"lineNumber":35,"author":{"gitId":"xzynos"},"content":"mark 7","lastModifiedDate":"2022-09-02"},{"lineNumber":36,"author":{"gitId":"xzynos"},"content":"list","lastModifiedDate":"2022-08-27"},{"lineNumber":37,"author":{"gitId":"xzynos"},"content":"mark 1337","lastModifiedDate":"2022-09-02"},{"lineNumber":38,"author":{"gitId":"xzynos"},"content":"unmark 1337","lastModifiedDate":"2022-09-02"},{"lineNumber":39,"author":{"gitId":"xzynos"},"content":"exit","lastModifiedDate":"2022-09-02"},{"lineNumber":40,"author":{"gitId":"xzynos"},"content":"exit this program","lastModifiedDate":"2022-09-02"},{"lineNumber":41,"author":{"gitId":"xzynos"},"content":"how do you quit this thing","lastModifiedDate":"2022-09-02"},{"lineNumber":42,"author":{"gitId":"xzynos"},"content":"","lastModifiedDate":"2022-09-02"},{"lineNumber":43,"author":{"gitId":"xzynos"},"content":"bye","lastModifiedDate":"2022-08-27"}],"authorContributionMap":{"xzynos":43}},{"path":"text-ui-test/runtest.bat","fileType":"bat","lines":[{"lineNumber":1,"author":{"gitId":"-"},"content":"@ECHO OFF","lastModifiedDate":"2020-05-25"},{"lineNumber":2,"author":{"gitId":"-"},"content":"","lastModifiedDate":"2020-05-25"},{"lineNumber":3,"author":{"gitId":"-"},"content":"REM create bin directory if it doesn\u0027t exist","lastModifiedDate":"2020-05-25"},{"lineNumber":4,"author":{"gitId":"-"},"content":"if not exist ..\\bin mkdir ..\\bin","lastModifiedDate":"2020-05-25"},{"lineNumber":5,"author":{"gitId":"-"},"content":"","lastModifiedDate":"2020-05-25"},{"lineNumber":6,"author":{"gitId":"-"},"content":"REM delete output from previous run","lastModifiedDate":"2020-05-25"},{"lineNumber":7,"author":{"gitId":"-"},"content":"if exist ACTUAL.TXT del ACTUAL.TXT","lastModifiedDate":"2020-08-25"},{"lineNumber":8,"author":{"gitId":"-"},"content":"","lastModifiedDate":"2020-05-25"},{"lineNumber":9,"author":{"gitId":"-"},"content":"REM compile the code into the bin folder","lastModifiedDate":"2020-05-25"},{"lineNumber":10,"author":{"gitId":"xzynos"},"content":"javac  -cp ..\\src\\main\\java -Xlint:none -d ..\\bin ..\\src\\main\\java\\duke\\task\\*.java ..\\src\\main\\java\\duke\\userinterface\\*.java ..\\src\\main\\java\\duke\\*.java","lastModifiedDate":"2022-09-02"},{"lineNumber":11,"author":{"gitId":"-"},"content":"IF ERRORLEVEL 1 (","lastModifiedDate":"2020-05-25"},{"lineNumber":12,"author":{"gitId":"-"},"content":"    echo ********** BUILD FAILURE **********","lastModifiedDate":"2020-05-25"},{"lineNumber":13,"author":{"gitId":"-"},"content":"    exit /b 1","lastModifiedDate":"2020-05-25"},{"lineNumber":14,"author":{"gitId":"-"},"content":")","lastModifiedDate":"2020-05-25"},{"lineNumber":15,"author":{"gitId":"-"},"content":"REM no error here, errorlevel \u003d\u003d 0","lastModifiedDate":"2020-05-25"},{"lineNumber":16,"author":{"gitId":"-"},"content":"","lastModifiedDate":"2020-05-25"},{"lineNumber":17,"author":{"gitId":"-"},"content":"REM run the program, feed commands from input.txt file and redirect the output to the ACTUAL.TXT","lastModifiedDate":"2020-05-25"},{"lineNumber":18,"author":{"gitId":"xzynos"},"content":"java -classpath ..\\bin duke.Duke \u003c input.txt \u003e ACTUAL.TXT","lastModifiedDate":"2022-09-02"},{"lineNumber":19,"author":{"gitId":"-"},"content":"","lastModifiedDate":"2020-05-25"},{"lineNumber":20,"author":{"gitId":"-"},"content":"REM compare the output to the expected output","lastModifiedDate":"2020-05-25"},{"lineNumber":21,"author":{"gitId":"-"},"content":"FC ACTUAL.TXT EXPECTED.TXT","lastModifiedDate":"2020-05-25"}],"authorContributionMap":{"-":19,"xzynos":2}}]
