[{"path":"src/main/java/Duke.java","fileType":"java","lines":[{"lineNumber":1,"author":{"gitId":"xzynos"},"content":"import java.util.ArrayList;","lastModifiedDate":"2022-08-20"},{"lineNumber":2,"author":{"gitId":"xzynos"},"content":"import java.util.Scanner;","lastModifiedDate":"2022-08-20"},{"lineNumber":3,"author":{"gitId":"xzynos"},"content":"","lastModifiedDate":"2022-08-20"},{"lineNumber":4,"author":{"gitId":"-"},"content":"public class Duke {","lastModifiedDate":"2019-07-29"},{"lineNumber":5,"author":{"gitId":"xzynos"},"content":"    public static final String HORIZONTAL_LINE \u003d \"____________________________________________________________\";","lastModifiedDate":"2022-08-20"},{"lineNumber":6,"author":{"gitId":"xzynos"},"content":"","lastModifiedDate":"2022-08-20"},{"lineNumber":7,"author":{"gitId":"xzynos"},"content":"    /**","lastModifiedDate":"2022-08-20"},{"lineNumber":8,"author":{"gitId":"xzynos"},"content":"     * Prints logo to standard out.","lastModifiedDate":"2022-08-20"},{"lineNumber":9,"author":{"gitId":"xzynos"},"content":"     */","lastModifiedDate":"2022-08-20"},{"lineNumber":10,"author":{"gitId":"xzynos"},"content":"    public static void printLogo() {","lastModifiedDate":"2022-08-20"},{"lineNumber":11,"author":{"gitId":"-"},"content":"        String logo \u003d \" ____        _        \\n\"","lastModifiedDate":"2019-07-29"},{"lineNumber":12,"author":{"gitId":"-"},"content":"                + \"|  _ \\\\ _   _| | _____ \\n\"","lastModifiedDate":"2019-07-29"},{"lineNumber":13,"author":{"gitId":"-"},"content":"                + \"| | | | | | | |/ / _ \\\\\\n\"","lastModifiedDate":"2019-07-29"},{"lineNumber":14,"author":{"gitId":"-"},"content":"                + \"| |_| | |_| |   \u003c  __/\\n\"","lastModifiedDate":"2019-07-29"},{"lineNumber":15,"author":{"gitId":"-"},"content":"                + \"|____/ \\\\__,_|_|\\\\_\\\\___|\\n\";","lastModifiedDate":"2019-07-29"},{"lineNumber":16,"author":{"gitId":"-"},"content":"        System.out.println(\"Hello from\\n\" + logo);","lastModifiedDate":"2019-07-29"},{"lineNumber":17,"author":{"gitId":"-"},"content":"    }","lastModifiedDate":"2022-08-20"},{"lineNumber":18,"author":{"gitId":"xzynos"},"content":"","lastModifiedDate":"2022-08-16"},{"lineNumber":19,"author":{"gitId":"xzynos"},"content":"    /**","lastModifiedDate":"2022-08-20"},{"lineNumber":20,"author":{"gitId":"xzynos"},"content":"     * Prints greeting message to standard out.","lastModifiedDate":"2022-08-20"},{"lineNumber":21,"author":{"gitId":"xzynos"},"content":"     */","lastModifiedDate":"2022-08-20"},{"lineNumber":22,"author":{"gitId":"xzynos"},"content":"    public static void printGreetingMessage() {","lastModifiedDate":"2022-08-20"},{"lineNumber":23,"author":{"gitId":"xzynos"},"content":"        String greetingMessage \u003d \"Hello! I\u0027m Duke\\n\"","lastModifiedDate":"2022-08-16"},{"lineNumber":24,"author":{"gitId":"xzynos"},"content":"                + \"What can I do for you?\";","lastModifiedDate":"2022-08-16"},{"lineNumber":25,"author":{"gitId":"xzynos"},"content":"        System.out.println(greetingMessage);","lastModifiedDate":"2022-08-16"},{"lineNumber":26,"author":{"gitId":"xzynos"},"content":"    }","lastModifiedDate":"2022-08-20"},{"lineNumber":27,"author":{"gitId":"xzynos"},"content":"","lastModifiedDate":"2022-08-20"},{"lineNumber":28,"author":{"gitId":"xzynos"},"content":"    /**","lastModifiedDate":"2022-08-20"},{"lineNumber":29,"author":{"gitId":"xzynos"},"content":"     * Prints goodbye message to standard out.","lastModifiedDate":"2022-08-20"},{"lineNumber":30,"author":{"gitId":"xzynos"},"content":"     */","lastModifiedDate":"2022-08-20"},{"lineNumber":31,"author":{"gitId":"xzynos"},"content":"    public static void printGoodbyeMessage() {","lastModifiedDate":"2022-08-20"},{"lineNumber":32,"author":{"gitId":"xzynos"},"content":"        String goodbyeMessage \u003d \"Bye. Hope to see you again soon!\";","lastModifiedDate":"2022-08-20"},{"lineNumber":33,"author":{"gitId":"xzynos"},"content":"        System.out.println(goodbyeMessage);","lastModifiedDate":"2022-08-20"},{"lineNumber":34,"author":{"gitId":"xzynos"},"content":"    }","lastModifiedDate":"2022-08-20"},{"lineNumber":35,"author":{"gitId":"xzynos"},"content":"","lastModifiedDate":"2022-08-20"},{"lineNumber":36,"author":{"gitId":"xzynos"},"content":"    /**","lastModifiedDate":"2022-08-20"},{"lineNumber":37,"author":{"gitId":"xzynos"},"content":"     * Prints all tasks in list to standard out.","lastModifiedDate":"2022-08-20"},{"lineNumber":38,"author":{"gitId":"xzynos"},"content":"     *","lastModifiedDate":"2022-08-20"},{"lineNumber":39,"author":{"gitId":"xzynos"},"content":"     * @param tasks List of tasks.","lastModifiedDate":"2022-08-20"},{"lineNumber":40,"author":{"gitId":"xzynos"},"content":"     */","lastModifiedDate":"2022-08-20"},{"lineNumber":41,"author":{"gitId":"xzynos"},"content":"    public static void printTasks(ArrayList\u003cTask\u003e tasks) {","lastModifiedDate":"2022-08-20"},{"lineNumber":42,"author":{"gitId":"xzynos"},"content":"        for (int i \u003d 0; i \u003c tasks.size(); i++) {","lastModifiedDate":"2022-08-20"},{"lineNumber":43,"author":{"gitId":"xzynos"},"content":"            int taskNumber \u003d i + 1;","lastModifiedDate":"2022-08-20"},{"lineNumber":44,"author":{"gitId":"xzynos"},"content":"            Task task \u003d tasks.get(i);","lastModifiedDate":"2022-08-20"},{"lineNumber":45,"author":{"gitId":"xzynos"},"content":"            String message \u003d taskNumber + \".[\";","lastModifiedDate":"2022-08-20"},{"lineNumber":46,"author":{"gitId":"xzynos"},"content":"            if (task.isComplete()) {","lastModifiedDate":"2022-08-20"},{"lineNumber":47,"author":{"gitId":"xzynos"},"content":"                message +\u003d \"X\";","lastModifiedDate":"2022-08-20"},{"lineNumber":48,"author":{"gitId":"xzynos"},"content":"            } else {","lastModifiedDate":"2022-08-20"},{"lineNumber":49,"author":{"gitId":"xzynos"},"content":"                message +\u003d \" \";","lastModifiedDate":"2022-08-20"},{"lineNumber":50,"author":{"gitId":"xzynos"},"content":"            }","lastModifiedDate":"2022-08-20"},{"lineNumber":51,"author":{"gitId":"xzynos"},"content":"            message +\u003d \"] \" + task.getDescription();","lastModifiedDate":"2022-08-20"},{"lineNumber":52,"author":{"gitId":"xzynos"},"content":"            System.out.println(message);","lastModifiedDate":"2022-08-20"},{"lineNumber":53,"author":{"gitId":"xzynos"},"content":"        }","lastModifiedDate":"2022-08-20"},{"lineNumber":54,"author":{"gitId":"xzynos"},"content":"    }","lastModifiedDate":"2022-08-20"},{"lineNumber":55,"author":{"gitId":"xzynos"},"content":"","lastModifiedDate":"2022-08-20"},{"lineNumber":56,"author":{"gitId":"xzynos"},"content":"    /**","lastModifiedDate":"2022-08-20"},{"lineNumber":57,"author":{"gitId":"xzynos"},"content":"     * Adds a task to list of tasks.","lastModifiedDate":"2022-08-20"},{"lineNumber":58,"author":{"gitId":"xzynos"},"content":"     *","lastModifiedDate":"2022-08-20"},{"lineNumber":59,"author":{"gitId":"xzynos"},"content":"     * @param tasks List of tasks.","lastModifiedDate":"2022-08-20"},{"lineNumber":60,"author":{"gitId":"xzynos"},"content":"     * @param description Task to add.","lastModifiedDate":"2022-08-20"},{"lineNumber":61,"author":{"gitId":"xzynos"},"content":"     */","lastModifiedDate":"2022-08-20"},{"lineNumber":62,"author":{"gitId":"xzynos"},"content":"    public static void addTask(ArrayList\u003cTask\u003e tasks, String description) {","lastModifiedDate":"2022-08-20"},{"lineNumber":63,"author":{"gitId":"xzynos"},"content":"        Task task \u003d new Task(description);","lastModifiedDate":"2022-08-20"},{"lineNumber":64,"author":{"gitId":"xzynos"},"content":"        tasks.add(task);","lastModifiedDate":"2022-08-20"},{"lineNumber":65,"author":{"gitId":"xzynos"},"content":"        System.out.println(\"added: \" + description);","lastModifiedDate":"2022-08-20"},{"lineNumber":66,"author":{"gitId":"xzynos"},"content":"    }","lastModifiedDate":"2022-08-20"},{"lineNumber":67,"author":{"gitId":"xzynos"},"content":"","lastModifiedDate":"2022-08-20"},{"lineNumber":68,"author":{"gitId":"xzynos"},"content":"    /**","lastModifiedDate":"2022-08-20"},{"lineNumber":69,"author":{"gitId":"xzynos"},"content":"     * Marks a task from list as completed.","lastModifiedDate":"2022-08-20"},{"lineNumber":70,"author":{"gitId":"xzynos"},"content":"     *","lastModifiedDate":"2022-08-20"},{"lineNumber":71,"author":{"gitId":"xzynos"},"content":"     * @param tasks List of tasks.","lastModifiedDate":"2022-08-20"},{"lineNumber":72,"author":{"gitId":"xzynos"},"content":"     * @param taskNumber Task number of task as shown by the function {@link #printTasks(ArrayList)}.","lastModifiedDate":"2022-08-20"},{"lineNumber":73,"author":{"gitId":"xzynos"},"content":"     */","lastModifiedDate":"2022-08-20"},{"lineNumber":74,"author":{"gitId":"xzynos"},"content":"    public static void markTaskAsCompleted(ArrayList\u003cTask\u003e tasks, int taskNumber) {","lastModifiedDate":"2022-08-20"},{"lineNumber":75,"author":{"gitId":"xzynos"},"content":"        int index \u003d taskNumber - 1;","lastModifiedDate":"2022-08-20"},{"lineNumber":76,"author":{"gitId":"xzynos"},"content":"        tasks.get(index).setComplete(true);","lastModifiedDate":"2022-08-20"},{"lineNumber":77,"author":{"gitId":"xzynos"},"content":"        String taskDescription \u003d tasks.get(index).getDescription();","lastModifiedDate":"2022-08-20"},{"lineNumber":78,"author":{"gitId":"xzynos"},"content":"        System.out.println(\"Nice! I\u0027ve marked this task as done:\");","lastModifiedDate":"2022-08-20"},{"lineNumber":79,"author":{"gitId":"xzynos"},"content":"        System.out.println(\"  [X] \" + taskDescription);","lastModifiedDate":"2022-08-20"},{"lineNumber":80,"author":{"gitId":"xzynos"},"content":"    }","lastModifiedDate":"2022-08-20"},{"lineNumber":81,"author":{"gitId":"xzynos"},"content":"","lastModifiedDate":"2022-08-20"},{"lineNumber":82,"author":{"gitId":"xzynos"},"content":"    /**","lastModifiedDate":"2022-08-20"},{"lineNumber":83,"author":{"gitId":"xzynos"},"content":"     * Marks a task from list as uncompleted.","lastModifiedDate":"2022-08-20"},{"lineNumber":84,"author":{"gitId":"xzynos"},"content":"     *","lastModifiedDate":"2022-08-20"},{"lineNumber":85,"author":{"gitId":"xzynos"},"content":"     * @param tasks List of tasks.","lastModifiedDate":"2022-08-20"},{"lineNumber":86,"author":{"gitId":"xzynos"},"content":"     * @param taskNumber Task number of task as shown by the function {@link #printTasks(ArrayList)}.","lastModifiedDate":"2022-08-20"},{"lineNumber":87,"author":{"gitId":"xzynos"},"content":"     */","lastModifiedDate":"2022-08-20"},{"lineNumber":88,"author":{"gitId":"xzynos"},"content":"    public static void markTaskAsUncompleted(ArrayList\u003cTask\u003e tasks, int taskNumber) {","lastModifiedDate":"2022-08-20"},{"lineNumber":89,"author":{"gitId":"xzynos"},"content":"        int index \u003d taskNumber - 1;","lastModifiedDate":"2022-08-20"},{"lineNumber":90,"author":{"gitId":"xzynos"},"content":"        tasks.get(index).setComplete(false);","lastModifiedDate":"2022-08-20"},{"lineNumber":91,"author":{"gitId":"xzynos"},"content":"        String taskDescription \u003d tasks.get(index).getDescription();","lastModifiedDate":"2022-08-20"},{"lineNumber":92,"author":{"gitId":"xzynos"},"content":"        System.out.println(\"OK, I\u0027ve marked this task as not done yet:\");","lastModifiedDate":"2022-08-20"},{"lineNumber":93,"author":{"gitId":"xzynos"},"content":"        System.out.println(\"  [ ] \" + taskDescription);","lastModifiedDate":"2022-08-20"},{"lineNumber":94,"author":{"gitId":"xzynos"},"content":"    }","lastModifiedDate":"2022-08-20"},{"lineNumber":95,"author":{"gitId":"xzynos"},"content":"","lastModifiedDate":"2022-08-20"},{"lineNumber":96,"author":{"gitId":"xzynos"},"content":"    public static void main(String[] args) {","lastModifiedDate":"2022-08-20"},{"lineNumber":97,"author":{"gitId":"xzynos"},"content":"        printLogo();","lastModifiedDate":"2022-08-20"},{"lineNumber":98,"author":{"gitId":"xzynos"},"content":"        System.out.println(HORIZONTAL_LINE);","lastModifiedDate":"2022-08-20"},{"lineNumber":99,"author":{"gitId":"xzynos"},"content":"        printGreetingMessage();","lastModifiedDate":"2022-08-20"},{"lineNumber":100,"author":{"gitId":"xzynos"},"content":"        System.out.println(HORIZONTAL_LINE);","lastModifiedDate":"2022-08-20"},{"lineNumber":101,"author":{"gitId":"xzynos"},"content":"","lastModifiedDate":"2022-08-20"},{"lineNumber":102,"author":{"gitId":"xzynos"},"content":"        ArrayList\u003cTask\u003e tasks \u003d new ArrayList\u003c\u003e();","lastModifiedDate":"2022-08-20"},{"lineNumber":103,"author":{"gitId":"xzynos"},"content":"        Scanner scanner \u003d new Scanner(System.in);","lastModifiedDate":"2022-08-20"},{"lineNumber":104,"author":{"gitId":"xzynos"},"content":"        while (true) {","lastModifiedDate":"2022-08-20"},{"lineNumber":105,"author":{"gitId":"xzynos"},"content":"            System.out.println();","lastModifiedDate":"2022-08-20"},{"lineNumber":106,"author":{"gitId":"xzynos"},"content":"            String input \u003d scanner.nextLine();","lastModifiedDate":"2022-08-20"},{"lineNumber":107,"author":{"gitId":"xzynos"},"content":"","lastModifiedDate":"2022-08-20"},{"lineNumber":108,"author":{"gitId":"xzynos"},"content":"            if (input.equals(\"bye\")) {","lastModifiedDate":"2022-08-20"},{"lineNumber":109,"author":{"gitId":"xzynos"},"content":"                break;","lastModifiedDate":"2022-08-20"},{"lineNumber":110,"author":{"gitId":"xzynos"},"content":"            }","lastModifiedDate":"2022-08-20"},{"lineNumber":111,"author":{"gitId":"xzynos"},"content":"","lastModifiedDate":"2022-08-20"},{"lineNumber":112,"author":{"gitId":"xzynos"},"content":"            System.out.println(HORIZONTAL_LINE);","lastModifiedDate":"2022-08-20"},{"lineNumber":113,"author":{"gitId":"xzynos"},"content":"            if (input.equals(\"list\")) {","lastModifiedDate":"2022-08-20"},{"lineNumber":114,"author":{"gitId":"xzynos"},"content":"                printTasks(tasks);","lastModifiedDate":"2022-08-20"},{"lineNumber":115,"author":{"gitId":"xzynos"},"content":"            } else if (input.startsWith(\"mark\")) {","lastModifiedDate":"2022-08-20"},{"lineNumber":116,"author":{"gitId":"xzynos"},"content":"                int taskNumber \u003d Integer.parseInt(input.replace(\"mark\", \"\").trim());","lastModifiedDate":"2022-08-20"},{"lineNumber":117,"author":{"gitId":"xzynos"},"content":"                markTaskAsCompleted(tasks, taskNumber);","lastModifiedDate":"2022-08-20"},{"lineNumber":118,"author":{"gitId":"xzynos"},"content":"            } else if (input.startsWith(\"unmark\")) {","lastModifiedDate":"2022-08-20"},{"lineNumber":119,"author":{"gitId":"xzynos"},"content":"                int taskNumber \u003d Integer.parseInt(input.replace(\"unmark\", \"\").trim());","lastModifiedDate":"2022-08-20"},{"lineNumber":120,"author":{"gitId":"xzynos"},"content":"                markTaskAsUncompleted(tasks, taskNumber);","lastModifiedDate":"2022-08-20"},{"lineNumber":121,"author":{"gitId":"xzynos"},"content":"            } else {","lastModifiedDate":"2022-08-20"},{"lineNumber":122,"author":{"gitId":"xzynos"},"content":"                addTask(tasks, input);","lastModifiedDate":"2022-08-20"},{"lineNumber":123,"author":{"gitId":"xzynos"},"content":"            }","lastModifiedDate":"2022-08-20"},{"lineNumber":124,"author":{"gitId":"xzynos"},"content":"            System.out.println(HORIZONTAL_LINE);","lastModifiedDate":"2022-08-20"},{"lineNumber":125,"author":{"gitId":"xzynos"},"content":"        }","lastModifiedDate":"2022-08-20"},{"lineNumber":126,"author":{"gitId":"xzynos"},"content":"        scanner.close();","lastModifiedDate":"2022-08-20"},{"lineNumber":127,"author":{"gitId":"xzynos"},"content":"","lastModifiedDate":"2022-08-16"},{"lineNumber":128,"author":{"gitId":"xzynos"},"content":"        System.out.println(HORIZONTAL_LINE);","lastModifiedDate":"2022-08-20"},{"lineNumber":129,"author":{"gitId":"xzynos"},"content":"        printGoodbyeMessage();","lastModifiedDate":"2022-08-20"},{"lineNumber":130,"author":{"gitId":"xzynos"},"content":"        System.out.println(HORIZONTAL_LINE);","lastModifiedDate":"2022-08-20"},{"lineNumber":131,"author":{"gitId":"-"},"content":"    }","lastModifiedDate":"2019-07-29"},{"lineNumber":132,"author":{"gitId":"-"},"content":"}","lastModifiedDate":"2019-07-29"}],"authorContributionMap":{"-":10,"xzynos":122}},{"path":"src/main/java/Task.java","fileType":"java","lines":[{"lineNumber":1,"author":{"gitId":"xzynos"},"content":"public class Task {","lastModifiedDate":"2022-08-20"},{"lineNumber":2,"author":{"gitId":"xzynos"},"content":"    private String description;","lastModifiedDate":"2022-08-20"},{"lineNumber":3,"author":{"gitId":"xzynos"},"content":"    private boolean isComplete;","lastModifiedDate":"2022-08-20"},{"lineNumber":4,"author":{"gitId":"xzynos"},"content":"","lastModifiedDate":"2022-08-20"},{"lineNumber":5,"author":{"gitId":"xzynos"},"content":"    public Task(String description) {","lastModifiedDate":"2022-08-20"},{"lineNumber":6,"author":{"gitId":"xzynos"},"content":"        this.description \u003d description;","lastModifiedDate":"2022-08-20"},{"lineNumber":7,"author":{"gitId":"xzynos"},"content":"        this.isComplete \u003d false;","lastModifiedDate":"2022-08-20"},{"lineNumber":8,"author":{"gitId":"xzynos"},"content":"    }","lastModifiedDate":"2022-08-20"},{"lineNumber":9,"author":{"gitId":"xzynos"},"content":"","lastModifiedDate":"2022-08-20"},{"lineNumber":10,"author":{"gitId":"xzynos"},"content":"    public String getDescription() {","lastModifiedDate":"2022-08-20"},{"lineNumber":11,"author":{"gitId":"xzynos"},"content":"        return description;","lastModifiedDate":"2022-08-20"},{"lineNumber":12,"author":{"gitId":"xzynos"},"content":"    }","lastModifiedDate":"2022-08-20"},{"lineNumber":13,"author":{"gitId":"xzynos"},"content":"","lastModifiedDate":"2022-08-20"},{"lineNumber":14,"author":{"gitId":"xzynos"},"content":"    public void setDescription(String description) {","lastModifiedDate":"2022-08-20"},{"lineNumber":15,"author":{"gitId":"xzynos"},"content":"        this.description \u003d description;","lastModifiedDate":"2022-08-20"},{"lineNumber":16,"author":{"gitId":"xzynos"},"content":"    }","lastModifiedDate":"2022-08-20"},{"lineNumber":17,"author":{"gitId":"xzynos"},"content":"","lastModifiedDate":"2022-08-20"},{"lineNumber":18,"author":{"gitId":"xzynos"},"content":"    public boolean isComplete() {","lastModifiedDate":"2022-08-20"},{"lineNumber":19,"author":{"gitId":"xzynos"},"content":"        return isComplete;","lastModifiedDate":"2022-08-20"},{"lineNumber":20,"author":{"gitId":"xzynos"},"content":"    }","lastModifiedDate":"2022-08-20"},{"lineNumber":21,"author":{"gitId":"xzynos"},"content":"","lastModifiedDate":"2022-08-20"},{"lineNumber":22,"author":{"gitId":"xzynos"},"content":"    public void setComplete(boolean complete) {","lastModifiedDate":"2022-08-20"},{"lineNumber":23,"author":{"gitId":"xzynos"},"content":"        isComplete \u003d complete;","lastModifiedDate":"2022-08-20"},{"lineNumber":24,"author":{"gitId":"xzynos"},"content":"    }","lastModifiedDate":"2022-08-20"},{"lineNumber":25,"author":{"gitId":"xzynos"},"content":"}","lastModifiedDate":"2022-08-20"}],"authorContributionMap":{"xzynos":25}}]
