{"authorDailyContributionsMap":{"xzynos":[{"date":"2022-08-16","commitResults":[{"hash":"48da91ed8879e597dc3149328b355712ccde7dca","messageTitle":"Add greeting and goodbye messages","messageBody":"","tags":["Level-0"],"fileTypesAndContributionMap":{"java":{"insertions":11,"deletions":0}}}]},{"date":"2022-08-20","commitResults":[{"hash":"14fc657d5f1aebaeba2ec76291966c27724bbb4b","messageTitle":"Add code to read and echo user input","messageBody":"","tags":["Level-1"],"fileTypesAndContributionMap":{"java":{"insertions":23,"deletions":7}}},{"hash":"7701c4fafdf562d375be8c46c1a8b5da0ca256b4","messageTitle":"Add functions to print logo, greeting and goodbye messages","messageBody":"","fileTypesAndContributionMap":{"java":{"insertions":24,"deletions":4}}},{"hash":"68cf011803301944bcae2b54e19e75584f397c4c","messageTitle":"Add functions to add and list tasks","messageBody":"","tags":["Level-2"],"fileTypesAndContributionMap":{"java":{"insertions":36,"deletions":3}}},{"hash":"2347196fd9ba120b150e9a28a9514c728a6c54f3","messageTitle":"Add Task.java","messageBody":"","fileTypesAndContributionMap":{"java":{"insertions":2,"deletions":0}}},{"hash":"126b53188c68729f81ec53cae587da12b08af4c0","messageTitle":"Add functions to mark and unmark tasks","messageBody":"","tags":["Level-3"],"fileTypesAndContributionMap":{"java":{"insertions":76,"deletions":7}}},{"hash":"39c194b98940e4f37db48b8d194daf7bad2a2a33","messageTitle":"Refactor function main()","messageBody":"","tags":["A-CodingStandard"],"fileTypesAndContributionMap":{"java":{"insertions":5,"deletions":9}}}]},{"date":"2022-08-27","commitResults":[{"hash":"f91b3e1bb2b14ffb7e1e33d0235da128832d2f11","messageTitle":"Create function printLineSeparator()","messageBody":"","fileTypesAndContributionMap":{"java":{"insertions":14,"deletions":8}}},{"hash":"7bfe577f3e0c0942c922d5d755a432ec8177a12c","messageTitle":"Add Todo.java","messageBody":"","fileTypesAndContributionMap":{"java":{"insertions":5,"deletions":0}}},{"hash":"bf332ed763d2bba290a0f93a06823eae3d14595b","messageTitle":"Add Deadline.java","messageBody":"","fileTypesAndContributionMap":{"java":{"insertions":8,"deletions":0}}},{"hash":"ebdc3df3a9d793390d30c0373899fe89dcacac66","messageTitle":"Add TaskManager.java","messageBody":"","fileTypesAndContributionMap":{"java":{"insertions":72,"deletions":66}}},{"hash":"414d78d8ac635ba5b9e159bcf38340dff4fb1da8","messageTitle":"Add Event.java","messageBody":"","fileTypesAndContributionMap":{"java":{"insertions":8,"deletions":0}}},{"hash":"68009f72e285b9ea24aa721b43b94bb6f630664e","messageTitle":"Add code to add, mark and unmark ToDos, Deadlines and Events","messageBody":"","fileTypesAndContributionMap":{"java":{"insertions":100,"deletions":23}}}]},{"date":"2022-09-02","commitResults":[{"hash":"6e2da03d96b46c5cd1dfa27cef6d5e297619fff1","messageTitle":"Add comments to TaskManager.java","messageBody":"","tags":["Level-4"],"fileTypesAndContributionMap":{"java":{"insertions":3,"deletions":0}}},{"hash":"4ab4f1174afac54a6176a230d748a0f182b64e5a","messageTitle":"Add test cases to test UI functionality","messageBody":"","tags":["A-TextUiTesting"],"fileTypesAndContributionMap":{"txt":{"insertions":11,"deletions":0}}},{"hash":"e4880b3b390e373aadbade2c10db91ed3de973b9","messageTitle":"Add ConsoleInterface.java and ConsoleInput.java","messageBody":"","tags":["A-CodeQuality"],"fileTypesAndContributionMap":{"java":{"insertions":230,"deletions":119}}},{"hash":"797bd8832d082f5dc054e42639cc49c3c2298382","messageTitle":"Refactor Task.java, Todo.java, Deadline.java and Event.java","messageBody":"","fileTypesAndContributionMap":{"java":{"insertions":36,"deletions":35}}},{"hash":"44c812e7c4936e8d8efd7e90f1b4f86b86fd8132","messageTitle":"Add comments to ConsoleInput.java, ConsoleInterface.java","messageBody":"","fileTypesAndContributionMap":{"java":{"insertions":6,"deletions":0}}},{"hash":"38eb9616fca122a4642db6e850871a8d9f35126e","messageTitle":"Add code to handle errors and exceptions","messageBody":"","fileTypesAndContributionMap":{"java":{"insertions":83,"deletions":16}}},{"hash":"0c887cc7fbe83d7dec3d87223ec6acc9c4817f74","messageTitle":"Add test cases to test errors and exceptions handling","messageBody":"","fileTypesAndContributionMap":{"txt":{"insertions":32,"deletions":0}}},{"hash":"5e8ab83fdfe337244995d394aed8633d199cdcb0","messageTitle":"Add comments to TaskManager.java","messageBody":"","fileTypesAndContributionMap":{"java":{"insertions":8,"deletions":0}}},{"hash":"29a151c28816161315125d30f3f8cb8cc4f5bfa5","messageTitle":"Split java files into packages","messageBody":"","fileTypesAndContributionMap":{"java":{"insertions":23,"deletions":0},"md":{"insertions":1,"deletions":1}}},{"hash":"fc5ed7aceae7f6c77959245ba041a541b32335e7","messageTitle":"Update test script to compile java files","messageBody":"","fileTypesAndContributionMap":{"bat":{"insertions":2,"deletions":2}}}]},{"date":"2022-09-04","commitResults":[{"hash":"72443284dc4b1fe2f354d436b8b494a344cc27ad","messageTitle":"Add DukeException.java and TaskManagerException.java","messageBody":"","fileTypesAndContributionMap":{"java":{"insertions":31,"deletions":0}}},{"hash":"0be6310b5c01b5fdbc81270557dc531389886e6e","messageTitle":"Add code to throw and handle TaskManagerException.TaskNotFoundException","messageBody":"","fileTypesAndContributionMap":{"java":{"insertions":26,"deletions":14}}},{"hash":"51f7a3fbfcbd927176a1c2042d9e11a2cae68676","messageTitle":"Add comments to TaskManager.java","messageBody":"","fileTypesAndContributionMap":{"java":{"insertions":3,"deletions":0}}}]},{"date":"2022-09-09","commitResults":[{"hash":"766112ec75c51cc102f9a9cad3beedba0bfbcc78","messageTitle":"Add functions to delete tasks","messageBody":"","fileTypesAndContributionMap":{"java":{"insertions":39,"deletions":0}}},{"hash":"26fa496aee01212fca802f018b4c0d457fdf5d6a","messageTitle":"Add comments to ConsoleInterface.java and TaskManager.java","messageBody":"","fileTypesAndContributionMap":{"java":{"insertions":12,"deletions":1}}},{"hash":"b6b990989eb4cc043f6cd55f65111dad4a6e0088","messageTitle":"Add test cases to test deletion of tasks","messageBody":"","fileTypesAndContributionMap":{"txt":{"insertions":6,"deletions":0}}},{"hash":"0c2e6324cfef06f7729243bc7574131f420c8af2","messageTitle":"Add functions to save tasks","messageBody":"","fileTypesAndContributionMap":{"java":{"insertions":84,"deletions":0}}},{"hash":"99863e64d6856401410cb3bc0778d104ace4cb80","messageTitle":"Add functions to load tasks","messageBody":"","fileTypesAndContributionMap":{"java":{"insertions":76,"deletions":18}}},{"hash":"6bf53613141e045e9612d6b919508f28c04ed03d","messageTitle":"Refactor TaskManager.java and Task.java","messageBody":"","fileTypesAndContributionMap":{"java":{"insertions":13,"deletions":23}}},{"hash":"f4d9d2403fc9a9194e9e20eb3c84364e90a0f17d","messageTitle":"Add comments to TaskManager.java and Task.java","messageBody":"","fileTypesAndContributionMap":{"java":{"insertions":29,"deletions":9}}},{"hash":"07456a2b4b00a2ccf91cef08572f8de0426cc26e","messageTitle":"Refactor ConsoleInterface.java TaskManager.java","messageBody":"","fileTypesAndContributionMap":{"java":{"insertions":17,"deletions":13}}}]},{"date":"2022-09-10","commitResults":[{"hash":"359f5d2fc17a4112f91a644fde58bdaf8cd47d9d","messageTitle":"Fix error when tasks.txt is not found","messageBody":"","fileTypesAndContributionMap":{"java":{"insertions":1,"deletions":1}}},{"hash":"81656a37dafedea862c05cc0b6a969aa78ba8141","messageTitle":"Refactor ConsoleInterface.java and TaskManager.java","messageBody":"","fileTypesAndContributionMap":{"java":{"insertions":20,"deletions":15}}}]},{"date":"2022-09-17","commitResults":[{"hash":"8ef0dbb73fe6e9f114ed3c293513a7ab3ac50d83","messageTitle":"Add LocalStorage.java","messageBody":"","fileTypesAndContributionMap":{"java":{"insertions":46,"deletions":0}}},{"hash":"51a58e4238bbebd3c57b672dba8a2e600c8c22b6","messageTitle":"Refactor ConsoleInterface.java and TaskManager.java","messageBody":"","fileTypesAndContributionMap":{"java":{"insertions":25,"deletions":58}}},{"hash":"94caf7057eabe4ee16da5531b81364c377ab7e41","messageTitle":"Add ConsoleInputParser.java","messageBody":"","fileTypesAndContributionMap":{"java":{"insertions":18,"deletions":0}}},{"hash":"01c08744c6a1070609059eb667ca7abee8f4cf23","messageTitle":"Add ConsoleCommand.java","messageBody":"","fileTypesAndContributionMap":{"java":{"insertions":4,"deletions":0}}},{"hash":"0702666216953448ab0628637f6393c7ea3d83b6","messageTitle":"Add ConsoleCommandBye.java","messageBody":"","fileTypesAndContributionMap":{"java":{"insertions":4,"deletions":0}}},{"hash":"d3120e9f438741bf4b255dd1a360617a18c65548","messageTitle":"Add ConsoleCommandList.java","messageBody":"","fileTypesAndContributionMap":{"java":{"insertions":4,"deletions":0}}},{"hash":"eebda0e4b28cacff1b720f4d9bbffdb2e9b31e52","messageTitle":"Add ConsoleCommandMark.java and ConsoleCommandUnmark.java","messageBody":"","fileTypesAndContributionMap":{"java":{"insertions":26,"deletions":0}}},{"hash":"ef5b9f14293107fb82042c80a2c995fdec88b5eb","messageTitle":"Add ConsoleCommandTodo.java","messageBody":"","fileTypesAndContributionMap":{"java":{"insertions":13,"deletions":0}}},{"hash":"a572d0719e301a885665727ad4e0ad87149eb498","messageTitle":"Add ConsoleCommandDeadline.java","messageBody":"","fileTypesAndContributionMap":{"java":{"insertions":19,"deletions":0}}},{"hash":"4586c8fc06e81411a119528d887e7a115c614ffe","messageTitle":"Add ConsoleCommandEvent.java","messageBody":"","fileTypesAndContributionMap":{"java":{"insertions":19,"deletions":0}}},{"hash":"3c460393a1801e54ce880d4f4a3a38291bdb396b","messageTitle":"Add ConsoleCommandDelete.java","messageBody":"","fileTypesAndContributionMap":{"java":{"insertions":13,"deletions":0}}},{"hash":"e3a651e68cae90f879c80df6e9d9da4c2e7ee7f8","messageTitle":"Add code to parse command line inputs","messageBody":"","fileTypesAndContributionMap":{"java":{"insertions":41,"deletions":8}}},{"hash":"9786191242c82bc9d0f309471c03c0a08c5e29bc","messageTitle":"Modify code to use ConsoleCommand classes","messageBody":"","fileTypesAndContributionMap":{"java":{"insertions":47,"deletions":121}}},{"hash":"640dbb8adc8306c0ab809988e89defed4318d36a","messageTitle":"Add ConsoleInputParserException.java","messageBody":"","fileTypesAndContributionMap":{"java":{"insertions":4,"deletions":0}}},{"hash":"38d745dfa563ec88d14143b4d71d9abb26b0bfa0","messageTitle":"Fix error when converting an empty string to a task","messageBody":"","fileTypesAndContributionMap":{"java":{"insertions":4,"deletions":0}}},{"hash":"a36e0be233e116cf967c29dceec2059d377f6565","messageTitle":"Add code to throw and handle command line parsing errors","messageBody":"","fileTypesAndContributionMap":{"java":{"insertions":157,"deletions":27}}},{"hash":"ab5c20d2f822ea0def04c5a56c4d25b4fbc1b44d","messageTitle":"Fix comments","messageBody":"","fileTypesAndContributionMap":{"java":{"insertions":6,"deletions":6}}},{"hash":"75e0a285c5b237dba6e8a8be9f37e582c012f15f","messageTitle":"Add code to throw and handle file IO errors","messageBody":"","fileTypesAndContributionMap":{"java":{"insertions":42,"deletions":16}}},{"hash":"fc889fa29cde89a2eadf87c9b8b567a43d3fdcb1","messageTitle":"Refactor ConsoleInputParser.java and ConsoleInputParserException.java","messageBody":"","fileTypesAndContributionMap":{"java":{"insertions":105,"deletions":70}}},{"hash":"c456f9f39ab9059aec7a8b25c0d0ad6498bbc9dd","messageTitle":"Tweak console interface","messageBody":"","tags":["A-MoreOOP"],"fileTypesAndContributionMap":{"java":{"insertions":1,"deletions":1}}},{"hash":"8d037e32bace1da7c6dd9a548cc28dd3d517c29a","messageTitle":"Change by in Deadline.java from String to LocalDateTime","messageBody":"","fileTypesAndContributionMap":{"java":{"insertions":37,"deletions":11}}},{"hash":"1272aea33949dc85ae91503ffae7b5d30f408308","messageTitle":"Change at in Deadline.java from String to LocalDateTime","messageBody":"","fileTypesAndContributionMap":{"java":{"insertions":53,"deletions":18}}},{"hash":"76083352a06ba95a4b863b737cf9a051ed787633","messageTitle":"Change time format for deadlines and events","messageBody":"","fileTypesAndContributionMap":{"java":{"insertions":3,"deletions":3}}}]},{"date":"2022-09-18","commitResults":[{"hash":"9ae1dcaa6d2900d3931c82bcfa7a88a944bdfce1","messageTitle":"Refactor Task.java","messageBody":"","fileTypesAndContributionMap":{"java":{"insertions":153,"deletions":72}}},{"hash":"221f4780a8c958be96d3e12026125ca33be37b4f","messageTitle":"Add ConsoleCommandFind.java","messageBody":"","fileTypesAndContributionMap":{"java":{"insertions":13,"deletions":0}}},{"hash":"3f5023774fa44925a811d07e4ffe93eb8bdfb2de","messageTitle":"Add code to throw and handle find command parsing errors","messageBody":"","fileTypesAndContributionMap":{"java":{"insertions":10,"deletions":0}}},{"hash":"2f4050fb1ee49f5e2278cec675f4cb740e30c979","messageTitle":"Add code to parse find command","messageBody":"","fileTypesAndContributionMap":{"java":{"insertions":13,"deletions":1}}},{"hash":"812350143abec8669e4516d88a717e414eb65920","messageTitle":"Add code to execute find command","messageBody":"","fileTypesAndContributionMap":{"java":{"insertions":33,"deletions":1}}},{"hash":"66adfa2a1ce787a9d2167cef1d4df14c46b89899","messageTitle":"Add Javadoc comments","messageBody":"","fileTypesAndContributionMap":{"java":{"insertions":208,"deletions":3}}},{"hash":"09fff19d33e1319efebac208ccbfe90d0687cba2","messageTitle":"Add Javadoc comments","messageBody":"","fileTypesAndContributionMap":{"java":{"insertions":28,"deletions":0}}},{"hash":"57b21730c053c9bbb430fb94c62358aeea42e257","messageTitle":"Change ordering of exceptions thrown","messageBody":"","fileTypesAndContributionMap":{"java":{"insertions":2,"deletions":2}}},{"hash":"6296f7b2a89eca43a099ac83cb7bab9b4a5b510b","messageTitle":"Fix Deadline.java","messageBody":"","fileTypesAndContributionMap":{"java":{"insertions":1,"deletions":1}}}]},{"date":"2022-09-19","commitResults":[{"hash":"1ae3cb1b017571b6b12835656d894920dd2cdfa5","messageTitle":"Add user guide to README.md","messageBody":"","fileTypesAndContributionMap":{"md":{"insertions":62,"deletions":15}}},{"hash":"68940537cbade6fae07171c51e5989b28799013b","messageTitle":"Change ConsoleCommand to an abstract class","messageBody":"","fileTypesAndContributionMap":{"java":{"insertions":1,"deletions":1}}},{"hash":"526f742131a7eee87a85c4bab11cfad7264d8143","messageTitle":"Add Configurations.java","messageBody":"","fileTypesAndContributionMap":{"java":{"insertions":9,"deletions":0}}}]},{"date":"2022-09-20","commitResults":[{"hash":"b6b777342eca21db8b9a336e39a58ab1affa6e1a","messageTitle":"Refactor packages","messageBody":"","fileTypesAndContributionMap":{"java":{"insertions":77,"deletions":32}}},{"hash":"358e8d0727485fea3ec0421835a7de630c6c7965","messageTitle":"Add Messages.java","messageBody":"","fileTypesAndContributionMap":{"java":{"insertions":11,"deletions":0}}},{"hash":"ecab19f4c346d9a9c0228379bbf64f52a875eaa5","messageTitle":"Refactor console messages and errors","messageBody":"","fileTypesAndContributionMap":{"java":{"insertions":18,"deletions":22}}}]}]},"authorFileTypeContributionMap":{"xzynos":{"java":1537,"md":62,"fxml":0,"sh":0,"bat":2,"gradle":0,"txt":49}},"authorContributionVariance":{"xzynos":43071.35},"authorDisplayNameMap":{"xzynos":"CS2113T-W11-1 LIM .. JIE"}}
