{"authorDailyContributionsMap":{"xzynos":[{"date":"2022-08-16","commitResults":[{"hash":"48da91ed8879e597dc3149328b355712ccde7dca","messageTitle":"Add greeting and goodbye messages","messageBody":"","tags":["Level-0"],"fileTypesAndContributionMap":{"java":{"insertions":11,"deletions":0}}}]},{"date":"2022-08-20","commitResults":[{"hash":"14fc657d5f1aebaeba2ec76291966c27724bbb4b","messageTitle":"Add code to read and echo user input","messageBody":"","tags":["Level-1"],"fileTypesAndContributionMap":{"java":{"insertions":23,"deletions":7}}},{"hash":"7701c4fafdf562d375be8c46c1a8b5da0ca256b4","messageTitle":"Add functions to print logo, greeting and goodbye messages","messageBody":"","fileTypesAndContributionMap":{"java":{"insertions":24,"deletions":4}}},{"hash":"68cf011803301944bcae2b54e19e75584f397c4c","messageTitle":"Add functions to add and list tasks","messageBody":"","tags":["Level-2"],"fileTypesAndContributionMap":{"java":{"insertions":36,"deletions":3}}},{"hash":"2347196fd9ba120b150e9a28a9514c728a6c54f3","messageTitle":"Add Task.java","messageBody":"","fileTypesAndContributionMap":{"java":{"insertions":2,"deletions":0}}},{"hash":"126b53188c68729f81ec53cae587da12b08af4c0","messageTitle":"Add functions to mark and unmark tasks","messageBody":"","tags":["Level-3"],"fileTypesAndContributionMap":{"java":{"insertions":76,"deletions":7}}},{"hash":"39c194b98940e4f37db48b8d194daf7bad2a2a33","messageTitle":"Refactor function main()","messageBody":"","tags":["A-CodingStandard"],"fileTypesAndContributionMap":{"java":{"insertions":5,"deletions":9}}}]},{"date":"2022-08-27","commitResults":[{"hash":"f91b3e1bb2b14ffb7e1e33d0235da128832d2f11","messageTitle":"Create function printLineSeparator()","messageBody":"","fileTypesAndContributionMap":{"java":{"insertions":14,"deletions":8}}},{"hash":"7bfe577f3e0c0942c922d5d755a432ec8177a12c","messageTitle":"Add Todo.java","messageBody":"","fileTypesAndContributionMap":{"java":{"insertions":5,"deletions":0}}},{"hash":"bf332ed763d2bba290a0f93a06823eae3d14595b","messageTitle":"Add Deadline.java","messageBody":"","fileTypesAndContributionMap":{"java":{"insertions":8,"deletions":0}}},{"hash":"ebdc3df3a9d793390d30c0373899fe89dcacac66","messageTitle":"Add TaskManager.java","messageBody":"","fileTypesAndContributionMap":{"java":{"insertions":72,"deletions":66}}},{"hash":"414d78d8ac635ba5b9e159bcf38340dff4fb1da8","messageTitle":"Add Event.java","messageBody":"","fileTypesAndContributionMap":{"java":{"insertions":8,"deletions":0}}},{"hash":"68009f72e285b9ea24aa721b43b94bb6f630664e","messageTitle":"Add code to add, mark and unmark ToDos, Deadlines and Events","messageBody":"","fileTypesAndContributionMap":{"java":{"insertions":100,"deletions":23}}},{"hash":"47b7d931389b2c9cf628c1577ab0dae8cff1ffb0","messageTitle":"Add comments","messageBody":"","tags":["Level-4"],"fileTypesAndContributionMap":{"java":{"insertions":3,"deletions":0}}},{"hash":"8879db1900d9b2aa5d943f167b7862f5dbeb8ce3","messageTitle":"Add UI test case","messageBody":"","tags":["A-TextUiTesting"],"fileTypesAndContributionMap":{"txt":{"insertions":11,"deletions":0}}},{"hash":"f7e24baa236579026aac74e01abcb4484402322b","messageTitle":"Add ConsoleInterface.java and ConsoleInput.java","messageBody":"","tags":["A-CodeQuality"],"fileTypesAndContributionMap":{"java":{"insertions":230,"deletions":119}}}]}]},"authorFileTypeContributionMap":{"xzynos":{"java":377,"md":0,"fxml":0,"sh":0,"bat":0,"gradle":0,"txt":11}},"authorContributionVariance":{"xzynos":27230.234},"authorDisplayNameMap":{"xzynos":"CS2113T-W11-1 LIM .. JIE"}}
