{"authorDailyContributionsMap":{"qianz-z":[{"date":"2022-08-25","commitResults":[{"hash":"ec145051d51701e9e650bb454a5c7e0fca461b86","messageTitle":"Created printGreeting()","messageBody":"","fileTypesAndContributionMap":{"java":{"insertions":12,"deletions":6}}},{"hash":"2b4ae68ec47d48f5747206641b42d71094fea19f","messageTitle":"Echo and Exit functions","messageBody":"","tags":["Level-1"],"fileTypesAndContributionMap":{"java":{"insertions":17,"deletions":0}}},{"hash":"4a5dacaa4483346c563c7204196cad5084b81a0c","messageTitle":"Created add item function","messageBody":"","fileTypesAndContributionMap":{"java":{"insertions":11,"deletions":1}}},{"hash":"c47b56659326193c8b8427c077b889562faa73a2","messageTitle":"Update numberOfTexts and created print list function","messageBody":"","tags":["Level-2"],"fileTypesAndContributionMap":{"java":{"insertions":11,"deletions":1}}},{"hash":"87b26e2bbe5e55d3d5991e1c6da612111daa0412","messageTitle":"Added Task class","messageBody":"","fileTypesAndContributionMap":{"java":{"insertions":26,"deletions":9}}},{"hash":"1c75097b7a826cdd40da9ad66b2753284257e8e1","messageTitle":"Update print task format with checkbox","messageBody":"","fileTypesAndContributionMap":{"java":{"insertions":2,"deletions":3}}},{"hash":"ef2f4d683aa4814e103793b008ad3694be6008df","messageTitle":"Update exiting of Duke","messageBody":"","fileTypesAndContributionMap":{"java":{"insertions":6,"deletions":2}}},{"hash":"4516b8094ec7e9b35c38ad9b6f1901cbc2fccf0d","messageTitle":"Creating mark functions and update taskList for 1-index","messageBody":"","fileTypesAndContributionMap":{"java":{"insertions":35,"deletions":9}}},{"hash":"8cbe414665346512087c3c8a48a9bcab1bcc70b2","messageTitle":"Update markTask to also include unmarking functions","messageBody":"","tags":["Level-3"],"fileTypesAndContributionMap":{"java":{"insertions":16,"deletions":6}}}]},{"date":"2022-08-26","commitResults":[{"hash":"aaf22a28f4f84bf9460685fbcdf1bdb4fcd8c9f8","messageTitle":"Tweak to comply coding standard","messageBody":"","fileTypesAndContributionMap":{"java":{"insertions":3,"deletions":5}}},{"hash":"02c686eb80704de4c53fb4f9e285d3db5a56acb2","messageTitle":"Check taskSize before printing task list","messageBody":"","fileTypesAndContributionMap":{"java":{"insertions":7,"deletions":3}}},{"hash":"6813e6eb097a54ce5112e8a09eef87ce6977a424","messageTitle":"Update for coding standard and check if task has been marked before","messageBody":"","tags":["A-CodingStandard"],"fileTypesAndContributionMap":{"java":{"insertions":22,"deletions":19}}}]}]},"authorFileTypeContributionMap":{"qianz-z":{"java":109,"md":0,"fxml":0,"sh":0,"bat":0,"gradle":0,"txt":0}},"authorContributionVariance":{"qianz-z":1988.1156},"authorDisplayNameMap":{"qianz-z":"CS2113-T18-2 SIM .. HUI"}}
