[{"path":"src/main/java/Deadline.java","fileType":"java","lines":[{"lineNumber":1,"author":{"gitId":"nvknow"},"content":"public class Deadline extends Task {","lastModifiedDate":"2022-09-02"},{"lineNumber":2,"author":{"gitId":"nvknow"},"content":"","lastModifiedDate":"2022-09-02"},{"lineNumber":3,"author":{"gitId":"nvknow"},"content":"    protected String by;","lastModifiedDate":"2022-09-02"},{"lineNumber":4,"author":{"gitId":"nvknow"},"content":"","lastModifiedDate":"2022-09-02"},{"lineNumber":5,"author":{"gitId":"nvknow"},"content":"    public Deadline(String description, String by) {","lastModifiedDate":"2022-09-02"},{"lineNumber":6,"author":{"gitId":"nvknow"},"content":"        super(description);","lastModifiedDate":"2022-09-02"},{"lineNumber":7,"author":{"gitId":"nvknow"},"content":"        this.by \u003d by;","lastModifiedDate":"2022-09-02"},{"lineNumber":8,"author":{"gitId":"nvknow"},"content":"    }","lastModifiedDate":"2022-09-02"},{"lineNumber":9,"author":{"gitId":"nvknow"},"content":"","lastModifiedDate":"2022-09-02"},{"lineNumber":10,"author":{"gitId":"nvknow"},"content":"    @Override","lastModifiedDate":"2022-09-02"},{"lineNumber":11,"author":{"gitId":"nvknow"},"content":"    public String toString() {","lastModifiedDate":"2022-09-02"},{"lineNumber":12,"author":{"gitId":"nvknow"},"content":"        return \"[D]\" + super.toString().substring(BRACKET_LENGTH) + \" (by: \" + by + \")\";","lastModifiedDate":"2022-09-03"},{"lineNumber":13,"author":{"gitId":"nvknow"},"content":"    }","lastModifiedDate":"2022-09-02"},{"lineNumber":14,"author":{"gitId":"nvknow"},"content":"}","lastModifiedDate":"2022-09-02"}],"authorContributionMap":{"nvknow":14}},{"path":"src/main/java/Duke.java","fileType":"java","lines":[{"lineNumber":1,"author":{"gitId":"nvknow"},"content":"import java.util.Objects;","lastModifiedDate":"2022-08-27"},{"lineNumber":2,"author":{"gitId":"nvknow"},"content":"import java.util.Scanner;","lastModifiedDate":"2022-08-25"},{"lineNumber":3,"author":{"gitId":"-"},"content":"public class Duke {","lastModifiedDate":"2019-07-29"},{"lineNumber":4,"author":{"gitId":"nvknow"},"content":"","lastModifiedDate":"2022-08-27"},{"lineNumber":5,"author":{"gitId":"nvknow"},"content":"    public static final int MAX_TASK \u003d 100;","lastModifiedDate":"2022-08-27"},{"lineNumber":6,"author":{"gitId":"nvknow"},"content":"","lastModifiedDate":"2022-08-27"},{"lineNumber":7,"author":{"gitId":"nvknow"},"content":"    public static void printWelcomeMessage() {","lastModifiedDate":"2022-09-03"},{"lineNumber":8,"author":{"gitId":"nvknow"},"content":"        Task.printHorizontalLine();","lastModifiedDate":"2022-09-02"},{"lineNumber":9,"author":{"gitId":"nvknow"},"content":"        System.out.println(\"     Hello! I\u0027m Duke\");","lastModifiedDate":"2022-08-15"},{"lineNumber":10,"author":{"gitId":"nvknow"},"content":"        System.out.println(\"     What can I do for you?\");","lastModifiedDate":"2022-08-15"},{"lineNumber":11,"author":{"gitId":"nvknow"},"content":"        Task.printHorizontalLine();","lastModifiedDate":"2022-09-02"},{"lineNumber":12,"author":{"gitId":"nvknow"},"content":"    }","lastModifiedDate":"2022-09-02"},{"lineNumber":13,"author":{"gitId":"nvknow"},"content":"","lastModifiedDate":"2022-09-02"},{"lineNumber":14,"author":{"gitId":"nvknow"},"content":"    public static void printBlahMessage() {","lastModifiedDate":"2022-09-03"},{"lineNumber":15,"author":{"gitId":"nvknow"},"content":"        Task.printHorizontalLine();","lastModifiedDate":"2022-09-02"},{"lineNumber":16,"author":{"gitId":"nvknow"},"content":"        System.out.println(\"     blah\");","lastModifiedDate":"2022-09-02"},{"lineNumber":17,"author":{"gitId":"nvknow"},"content":"        Task.printHorizontalLine();","lastModifiedDate":"2022-09-02"},{"lineNumber":18,"author":{"gitId":"nvknow"},"content":"    }","lastModifiedDate":"2022-09-02"},{"lineNumber":19,"author":{"gitId":"nvknow"},"content":"","lastModifiedDate":"2022-09-02"},{"lineNumber":20,"author":{"gitId":"nvknow"},"content":"    public static void printByeMessage() {","lastModifiedDate":"2022-09-03"},{"lineNumber":21,"author":{"gitId":"nvknow"},"content":"        Task.printHorizontalLine();","lastModifiedDate":"2022-09-02"},{"lineNumber":22,"author":{"gitId":"nvknow"},"content":"        System.out.println(\"     Bye. Hope to see you again soon!\");","lastModifiedDate":"2022-09-02"},{"lineNumber":23,"author":{"gitId":"nvknow"},"content":"        Task.printHorizontalLine();","lastModifiedDate":"2022-09-02"},{"lineNumber":24,"author":{"gitId":"nvknow"},"content":"    }","lastModifiedDate":"2022-09-02"},{"lineNumber":25,"author":{"gitId":"nvknow"},"content":"","lastModifiedDate":"2022-09-02"},{"lineNumber":26,"author":{"gitId":"-"},"content":"    public static void main(String[] args) {","lastModifiedDate":"2022-09-02"},{"lineNumber":27,"author":{"gitId":"nvknow"},"content":"","lastModifiedDate":"2022-08-25"},{"lineNumber":28,"author":{"gitId":"nvknow"},"content":"        printWelcomeMessage();","lastModifiedDate":"2022-09-03"},{"lineNumber":29,"author":{"gitId":"nvknow"},"content":"        Scanner in \u003d new Scanner(System.in);","lastModifiedDate":"2022-08-25"},{"lineNumber":30,"author":{"gitId":"nvknow"},"content":"        Task[] tasks \u003d new Task[MAX_TASK];","lastModifiedDate":"2022-09-02"},{"lineNumber":31,"author":{"gitId":"nvknow"},"content":"","lastModifiedDate":"2022-09-02"},{"lineNumber":32,"author":{"gitId":"nvknow"},"content":"        request:","lastModifiedDate":"2022-08-25"},{"lineNumber":33,"author":{"gitId":"nvknow"},"content":"        while(true){","lastModifiedDate":"2022-08-25"},{"lineNumber":34,"author":{"gitId":"nvknow"},"content":"            String line \u003d in.nextLine();","lastModifiedDate":"2022-09-03"},{"lineNumber":35,"author":{"gitId":"nvknow"},"content":"            String[] parsedInput \u003d line.split(\" \");","lastModifiedDate":"2022-09-03"},{"lineNumber":36,"author":{"gitId":"nvknow"},"content":"            switch (parsedInput[0]) {","lastModifiedDate":"2022-09-03"},{"lineNumber":37,"author":{"gitId":"nvknow"},"content":"            case \"list\":","lastModifiedDate":"2022-09-03"},{"lineNumber":38,"author":{"gitId":"nvknow"},"content":"                Task.printTaskList(tasks);","lastModifiedDate":"2022-09-02"},{"lineNumber":39,"author":{"gitId":"nvknow"},"content":"                break;","lastModifiedDate":"2022-09-03"},{"lineNumber":40,"author":{"gitId":"nvknow"},"content":"            case \"mark\":","lastModifiedDate":"2022-09-03"},{"lineNumber":41,"author":{"gitId":"nvknow"},"content":"                markTask(tasks, parsedInput);","lastModifiedDate":"2022-09-03"},{"lineNumber":42,"author":{"gitId":"nvknow"},"content":"                break;","lastModifiedDate":"2022-09-03"},{"lineNumber":43,"author":{"gitId":"nvknow"},"content":"            case \"unmark\":","lastModifiedDate":"2022-09-03"},{"lineNumber":44,"author":{"gitId":"nvknow"},"content":"                unmarkTask(tasks, parsedInput);","lastModifiedDate":"2022-09-03"},{"lineNumber":45,"author":{"gitId":"nvknow"},"content":"                break;","lastModifiedDate":"2022-09-03"},{"lineNumber":46,"author":{"gitId":"nvknow"},"content":"            case \"todo\":","lastModifiedDate":"2022-09-03"},{"lineNumber":47,"author":{"gitId":"nvknow"},"content":"                addTodo(tasks, line);","lastModifiedDate":"2022-09-03"},{"lineNumber":48,"author":{"gitId":"nvknow"},"content":"                break;","lastModifiedDate":"2022-09-03"},{"lineNumber":49,"author":{"gitId":"nvknow"},"content":"            case \"deadline\":","lastModifiedDate":"2022-09-03"},{"lineNumber":50,"author":{"gitId":"nvknow"},"content":"                addDeadline(tasks, line);","lastModifiedDate":"2022-09-03"},{"lineNumber":51,"author":{"gitId":"nvknow"},"content":"                break;","lastModifiedDate":"2022-09-03"},{"lineNumber":52,"author":{"gitId":"nvknow"},"content":"            case \"event\":","lastModifiedDate":"2022-09-03"},{"lineNumber":53,"author":{"gitId":"nvknow"},"content":"                addEvent(tasks, line);","lastModifiedDate":"2022-09-03"},{"lineNumber":54,"author":{"gitId":"nvknow"},"content":"                break;","lastModifiedDate":"2022-09-03"},{"lineNumber":55,"author":{"gitId":"nvknow"},"content":"            case \"blah\":","lastModifiedDate":"2022-09-03"},{"lineNumber":56,"author":{"gitId":"nvknow"},"content":"                printBlahMessage();","lastModifiedDate":"2022-09-03"},{"lineNumber":57,"author":{"gitId":"nvknow"},"content":"                break;","lastModifiedDate":"2022-09-03"},{"lineNumber":58,"author":{"gitId":"nvknow"},"content":"            case \"bye\":","lastModifiedDate":"2022-09-03"},{"lineNumber":59,"author":{"gitId":"nvknow"},"content":"                printByeMessage();","lastModifiedDate":"2022-09-03"},{"lineNumber":60,"author":{"gitId":"nvknow"},"content":"                break request;","lastModifiedDate":"2022-09-03"},{"lineNumber":61,"author":{"gitId":"nvknow"},"content":"            default:","lastModifiedDate":"2022-09-03"},{"lineNumber":62,"author":{"gitId":"nvknow"},"content":"                addTask(tasks, line);","lastModifiedDate":"2022-09-03"},{"lineNumber":63,"author":{"gitId":"nvknow"},"content":"                break;","lastModifiedDate":"2022-09-03"},{"lineNumber":64,"author":{"gitId":"nvknow"},"content":"            }","lastModifiedDate":"2022-09-03"},{"lineNumber":65,"author":{"gitId":"nvknow"},"content":"        }","lastModifiedDate":"2022-09-03"},{"lineNumber":66,"author":{"gitId":"nvknow"},"content":"    }","lastModifiedDate":"2022-09-03"},{"lineNumber":67,"author":{"gitId":"nvknow"},"content":"","lastModifiedDate":"2022-09-03"},{"lineNumber":68,"author":{"gitId":"nvknow"},"content":"    private static void addTask(Task[] tasks, String line) {","lastModifiedDate":"2022-09-03"},{"lineNumber":69,"author":{"gitId":"nvknow"},"content":"        tasks[Task.getNumberOfTasks()] \u003d new Task(line);","lastModifiedDate":"2022-09-02"},{"lineNumber":70,"author":{"gitId":"nvknow"},"content":"        int taskId \u003d Task.getNumberOfTasks() - 1;","lastModifiedDate":"2022-09-03"},{"lineNumber":71,"author":{"gitId":"nvknow"},"content":"        tasks[taskId].printNewTask();","lastModifiedDate":"2022-09-03"},{"lineNumber":72,"author":{"gitId":"nvknow"},"content":"    }","lastModifiedDate":"2022-08-25"},{"lineNumber":73,"author":{"gitId":"nvknow"},"content":"","lastModifiedDate":"2022-09-03"},{"lineNumber":74,"author":{"gitId":"nvknow"},"content":"    private static void addEvent(Task[] tasks, String line) {","lastModifiedDate":"2022-09-03"},{"lineNumber":75,"author":{"gitId":"nvknow"},"content":"        String[] DescriptionAt \u003d line.replaceFirst(\"event \", \"\").split(\" /at \");","lastModifiedDate":"2022-09-03"},{"lineNumber":76,"author":{"gitId":"nvknow"},"content":"        String eventDescription \u003d DescriptionAt[0];","lastModifiedDate":"2022-09-03"},{"lineNumber":77,"author":{"gitId":"nvknow"},"content":"        String at \u003d DescriptionAt[1];","lastModifiedDate":"2022-09-03"},{"lineNumber":78,"author":{"gitId":"nvknow"},"content":"        tasks[Event.getNumberOfTasks()] \u003d new Event(eventDescription, at);","lastModifiedDate":"2022-09-03"},{"lineNumber":79,"author":{"gitId":"nvknow"},"content":"        int eventId \u003d Task.getNumberOfTasks() - 1;","lastModifiedDate":"2022-09-03"},{"lineNumber":80,"author":{"gitId":"nvknow"},"content":"        tasks[eventId].printNewTask();","lastModifiedDate":"2022-09-03"},{"lineNumber":81,"author":{"gitId":"nvknow"},"content":"    }","lastModifiedDate":"2022-09-03"},{"lineNumber":82,"author":{"gitId":"nvknow"},"content":"","lastModifiedDate":"2022-09-03"},{"lineNumber":83,"author":{"gitId":"nvknow"},"content":"    private static void addDeadline(Task[] tasks, String line) {","lastModifiedDate":"2022-09-03"},{"lineNumber":84,"author":{"gitId":"nvknow"},"content":"        String[] DescriptionBy \u003d line.replaceFirst(\"deadline \", \"\").split(\" /by \");","lastModifiedDate":"2022-09-03"},{"lineNumber":85,"author":{"gitId":"nvknow"},"content":"        String deadlineDescription \u003d DescriptionBy[0];","lastModifiedDate":"2022-09-03"},{"lineNumber":86,"author":{"gitId":"nvknow"},"content":"        String by \u003d DescriptionBy[1];","lastModifiedDate":"2022-09-03"},{"lineNumber":87,"author":{"gitId":"nvknow"},"content":"        tasks[Deadline.getNumberOfTasks()] \u003d new Deadline(deadlineDescription, by);","lastModifiedDate":"2022-09-03"},{"lineNumber":88,"author":{"gitId":"nvknow"},"content":"        int deadlineId \u003d Task.getNumberOfTasks() - 1;","lastModifiedDate":"2022-09-03"},{"lineNumber":89,"author":{"gitId":"nvknow"},"content":"        tasks[deadlineId].printNewTask();","lastModifiedDate":"2022-09-03"},{"lineNumber":90,"author":{"gitId":"nvknow"},"content":"    }","lastModifiedDate":"2022-08-25"},{"lineNumber":91,"author":{"gitId":"nvknow"},"content":"","lastModifiedDate":"2022-09-03"},{"lineNumber":92,"author":{"gitId":"nvknow"},"content":"    private static void addTodo(Task[] tasks, String line) {","lastModifiedDate":"2022-09-03"},{"lineNumber":93,"author":{"gitId":"nvknow"},"content":"        String todoDescription \u003d line.replaceFirst(\"todo \", \"\");","lastModifiedDate":"2022-09-03"},{"lineNumber":94,"author":{"gitId":"nvknow"},"content":"        tasks[Todo.getNumberOfTasks()] \u003d new Todo(todoDescription);","lastModifiedDate":"2022-09-03"},{"lineNumber":95,"author":{"gitId":"nvknow"},"content":"        int todoId \u003d Todo.getNumberOfTasks() - 1;","lastModifiedDate":"2022-09-03"},{"lineNumber":96,"author":{"gitId":"nvknow"},"content":"        tasks[todoId].printNewTask();","lastModifiedDate":"2022-09-03"},{"lineNumber":97,"author":{"gitId":"nvknow"},"content":"    }","lastModifiedDate":"2022-09-03"},{"lineNumber":98,"author":{"gitId":"nvknow"},"content":"","lastModifiedDate":"2022-09-03"},{"lineNumber":99,"author":{"gitId":"nvknow"},"content":"    private static void unmarkTask(Task[] tasks, String[] parsedInput) {","lastModifiedDate":"2022-09-03"},{"lineNumber":100,"author":{"gitId":"nvknow"},"content":"        int unmarkId \u003d Integer.parseInt(parsedInput[1]) - 1;","lastModifiedDate":"2022-09-03"},{"lineNumber":101,"author":{"gitId":"nvknow"},"content":"        tasks[unmarkId].setNotDone();","lastModifiedDate":"2022-09-03"},{"lineNumber":102,"author":{"gitId":"nvknow"},"content":"        tasks[unmarkId].printUnmark();","lastModifiedDate":"2022-09-03"},{"lineNumber":103,"author":{"gitId":"nvknow"},"content":"    }","lastModifiedDate":"2022-09-03"},{"lineNumber":104,"author":{"gitId":"nvknow"},"content":"","lastModifiedDate":"2022-09-03"},{"lineNumber":105,"author":{"gitId":"nvknow"},"content":"    private static void markTask(Task[] tasks, String[] parsedInput) {","lastModifiedDate":"2022-09-03"},{"lineNumber":106,"author":{"gitId":"nvknow"},"content":"        int markId \u003d Integer.parseInt(parsedInput[1]) - 1;","lastModifiedDate":"2022-09-03"},{"lineNumber":107,"author":{"gitId":"nvknow"},"content":"        tasks[markId].setDone();","lastModifiedDate":"2022-09-03"},{"lineNumber":108,"author":{"gitId":"nvknow"},"content":"        tasks[markId].printMark();","lastModifiedDate":"2022-09-03"},{"lineNumber":109,"author":{"gitId":"-"},"content":"    }","lastModifiedDate":"2019-07-29"},{"lineNumber":110,"author":{"gitId":"-"},"content":"}","lastModifiedDate":"2019-07-29"}],"authorContributionMap":{"nvknow":106,"-":4}},{"path":"src/main/java/Event.java","fileType":"java","lines":[{"lineNumber":1,"author":{"gitId":"nvknow"},"content":"public class Event extends Task {","lastModifiedDate":"2022-09-02"},{"lineNumber":2,"author":{"gitId":"nvknow"},"content":"","lastModifiedDate":"2022-09-02"},{"lineNumber":3,"author":{"gitId":"nvknow"},"content":"    protected String at;","lastModifiedDate":"2022-09-02"},{"lineNumber":4,"author":{"gitId":"nvknow"},"content":"","lastModifiedDate":"2022-09-02"},{"lineNumber":5,"author":{"gitId":"nvknow"},"content":"    public Event(String description, String at) {","lastModifiedDate":"2022-09-02"},{"lineNumber":6,"author":{"gitId":"nvknow"},"content":"        super(description);","lastModifiedDate":"2022-09-02"},{"lineNumber":7,"author":{"gitId":"nvknow"},"content":"        this.at \u003d at;","lastModifiedDate":"2022-09-02"},{"lineNumber":8,"author":{"gitId":"nvknow"},"content":"    }","lastModifiedDate":"2022-09-02"},{"lineNumber":9,"author":{"gitId":"nvknow"},"content":"","lastModifiedDate":"2022-09-02"},{"lineNumber":10,"author":{"gitId":"nvknow"},"content":"    @Override","lastModifiedDate":"2022-09-02"},{"lineNumber":11,"author":{"gitId":"nvknow"},"content":"    public String toString() {","lastModifiedDate":"2022-09-02"},{"lineNumber":12,"author":{"gitId":"nvknow"},"content":"        return \"[E]\" + super.toString().substring(BRACKET_LENGTH) + \" (at: \" + at + \")\";","lastModifiedDate":"2022-09-03"},{"lineNumber":13,"author":{"gitId":"nvknow"},"content":"    }","lastModifiedDate":"2022-09-02"},{"lineNumber":14,"author":{"gitId":"nvknow"},"content":"}","lastModifiedDate":"2022-09-02"}],"authorContributionMap":{"nvknow":14}},{"path":"src/main/java/Task.java","fileType":"java","lines":[{"lineNumber":1,"author":{"gitId":"nvknow"},"content":"public class Task {","lastModifiedDate":"2022-08-27"},{"lineNumber":2,"author":{"gitId":"nvknow"},"content":"    protected String description;","lastModifiedDate":"2022-08-27"},{"lineNumber":3,"author":{"gitId":"nvknow"},"content":"    protected boolean isDone;","lastModifiedDate":"2022-08-27"},{"lineNumber":4,"author":{"gitId":"nvknow"},"content":"    protected int id;","lastModifiedDate":"2022-08-27"},{"lineNumber":5,"author":{"gitId":"nvknow"},"content":"    protected static int numberOfTasks \u003d 0;","lastModifiedDate":"2022-08-27"},{"lineNumber":6,"author":{"gitId":"nvknow"},"content":"    public static final int BRACKET_LENGTH \u003d 3;","lastModifiedDate":"2022-09-03"},{"lineNumber":7,"author":{"gitId":"nvknow"},"content":"","lastModifiedDate":"2022-08-27"},{"lineNumber":8,"author":{"gitId":"nvknow"},"content":"    public Task(String description) {","lastModifiedDate":"2022-08-27"},{"lineNumber":9,"author":{"gitId":"nvknow"},"content":"        this.description \u003d description;","lastModifiedDate":"2022-08-27"},{"lineNumber":10,"author":{"gitId":"nvknow"},"content":"        this.isDone \u003d false;","lastModifiedDate":"2022-08-27"},{"lineNumber":11,"author":{"gitId":"nvknow"},"content":"        numberOfTasks ++;","lastModifiedDate":"2022-08-27"},{"lineNumber":12,"author":{"gitId":"nvknow"},"content":"        this.id \u003d numberOfTasks;","lastModifiedDate":"2022-08-27"},{"lineNumber":13,"author":{"gitId":"nvknow"},"content":"    }","lastModifiedDate":"2022-08-27"},{"lineNumber":14,"author":{"gitId":"nvknow"},"content":"","lastModifiedDate":"2022-08-27"},{"lineNumber":15,"author":{"gitId":"nvknow"},"content":"    public String getStatusIcon() { return (isDone ? \"X\" : \" \"); }","lastModifiedDate":"2022-09-02"},{"lineNumber":16,"author":{"gitId":"nvknow"},"content":"","lastModifiedDate":"2022-09-02"},{"lineNumber":17,"author":{"gitId":"nvknow"},"content":"    public String toString() { return \"[ ]\" + \"[\" + getStatusIcon() + \"] \" + description; }","lastModifiedDate":"2022-09-02"},{"lineNumber":18,"author":{"gitId":"nvknow"},"content":"","lastModifiedDate":"2022-09-02"},{"lineNumber":19,"author":{"gitId":"nvknow"},"content":"    public void setDone() { isDone \u003d true; }","lastModifiedDate":"2022-09-02"},{"lineNumber":20,"author":{"gitId":"nvknow"},"content":"","lastModifiedDate":"2022-08-27"},{"lineNumber":21,"author":{"gitId":"nvknow"},"content":"    public void setNotDone() { isDone \u003d false; }","lastModifiedDate":"2022-09-02"},{"lineNumber":22,"author":{"gitId":"nvknow"},"content":"","lastModifiedDate":"2022-09-02"},{"lineNumber":23,"author":{"gitId":"nvknow"},"content":"    public static int getNumberOfTasks() { return numberOfTasks; }","lastModifiedDate":"2022-09-02"},{"lineNumber":24,"author":{"gitId":"nvknow"},"content":"","lastModifiedDate":"2022-09-02"},{"lineNumber":25,"author":{"gitId":"nvknow"},"content":"    public static void printHorizontalLine() {","lastModifiedDate":"2022-09-02"},{"lineNumber":26,"author":{"gitId":"nvknow"},"content":"        System.out.println(\"    ____________________________________________________________\");","lastModifiedDate":"2022-09-02"},{"lineNumber":27,"author":{"gitId":"nvknow"},"content":"    }","lastModifiedDate":"2022-08-27"},{"lineNumber":28,"author":{"gitId":"nvknow"},"content":"","lastModifiedDate":"2022-08-27"},{"lineNumber":29,"author":{"gitId":"nvknow"},"content":"    public void printNewTask() {","lastModifiedDate":"2022-09-02"},{"lineNumber":30,"author":{"gitId":"nvknow"},"content":"        printHorizontalLine();","lastModifiedDate":"2022-09-02"},{"lineNumber":31,"author":{"gitId":"nvknow"},"content":"        System.out.println(\"     Got it. I\u0027ve added this task:\");","lastModifiedDate":"2022-09-02"},{"lineNumber":32,"author":{"gitId":"nvknow"},"content":"        System.out.println(\"       \" + this);","lastModifiedDate":"2022-09-02"},{"lineNumber":33,"author":{"gitId":"nvknow"},"content":"        System.out.println(\"     Now you have \" + Task.getNumberOfTasks() + \" tasks in the list.\");","lastModifiedDate":"2022-09-02"},{"lineNumber":34,"author":{"gitId":"nvknow"},"content":"        printHorizontalLine();","lastModifiedDate":"2022-09-02"},{"lineNumber":35,"author":{"gitId":"nvknow"},"content":"    }","lastModifiedDate":"2022-08-27"},{"lineNumber":36,"author":{"gitId":"nvknow"},"content":"","lastModifiedDate":"2022-08-27"},{"lineNumber":37,"author":{"gitId":"nvknow"},"content":"    public static void printTaskList(Task[] tasks) {","lastModifiedDate":"2022-09-02"},{"lineNumber":38,"author":{"gitId":"nvknow"},"content":"        Task.printHorizontalLine();","lastModifiedDate":"2022-09-02"},{"lineNumber":39,"author":{"gitId":"nvknow"},"content":"        System.out.println(\"     Here are the tasks in your list:\");","lastModifiedDate":"2022-09-02"},{"lineNumber":40,"author":{"gitId":"nvknow"},"content":"        for (int i \u003d 0; i \u003c Task.getNumberOfTasks(); i++) {","lastModifiedDate":"2022-09-02"},{"lineNumber":41,"author":{"gitId":"nvknow"},"content":"            System.out.println(\"     \" + Integer.toString(tasks[i].id) + \".\" + tasks[i]);","lastModifiedDate":"2022-09-02"},{"lineNumber":42,"author":{"gitId":"nvknow"},"content":"        }","lastModifiedDate":"2022-09-02"},{"lineNumber":43,"author":{"gitId":"nvknow"},"content":"        Task.printHorizontalLine();","lastModifiedDate":"2022-09-02"},{"lineNumber":44,"author":{"gitId":"nvknow"},"content":"    }","lastModifiedDate":"2022-08-27"},{"lineNumber":45,"author":{"gitId":"nvknow"},"content":"","lastModifiedDate":"2022-08-27"},{"lineNumber":46,"author":{"gitId":"nvknow"},"content":"    public void printMark() {","lastModifiedDate":"2022-09-02"},{"lineNumber":47,"author":{"gitId":"nvknow"},"content":"        Task.printHorizontalLine();","lastModifiedDate":"2022-09-02"},{"lineNumber":48,"author":{"gitId":"nvknow"},"content":"        System.out.println(\"     Nice! I\u0027ve marked this task as done:\");","lastModifiedDate":"2022-09-02"},{"lineNumber":49,"author":{"gitId":"nvknow"},"content":"        System.out.println(\"       \" + this);","lastModifiedDate":"2022-09-02"},{"lineNumber":50,"author":{"gitId":"nvknow"},"content":"        Task.printHorizontalLine();","lastModifiedDate":"2022-09-02"},{"lineNumber":51,"author":{"gitId":"nvknow"},"content":"    }","lastModifiedDate":"2022-08-27"},{"lineNumber":52,"author":{"gitId":"nvknow"},"content":"","lastModifiedDate":"2022-08-27"},{"lineNumber":53,"author":{"gitId":"nvknow"},"content":"    public void printUnmark() {","lastModifiedDate":"2022-09-02"},{"lineNumber":54,"author":{"gitId":"nvknow"},"content":"        Task.printHorizontalLine();","lastModifiedDate":"2022-09-02"},{"lineNumber":55,"author":{"gitId":"nvknow"},"content":"        System.out.println(\"     OK, I\u0027ve marked this task as not done yet:\");","lastModifiedDate":"2022-09-02"},{"lineNumber":56,"author":{"gitId":"nvknow"},"content":"        System.out.println(\"       \" + this);","lastModifiedDate":"2022-09-02"},{"lineNumber":57,"author":{"gitId":"nvknow"},"content":"        Task.printHorizontalLine();","lastModifiedDate":"2022-09-02"},{"lineNumber":58,"author":{"gitId":"nvknow"},"content":"    }","lastModifiedDate":"2022-08-27"},{"lineNumber":59,"author":{"gitId":"nvknow"},"content":"}","lastModifiedDate":"2022-08-27"}],"authorContributionMap":{"nvknow":59}},{"path":"src/main/java/Todo.java","fileType":"java","lines":[{"lineNumber":1,"author":{"gitId":"nvknow"},"content":"public class Todo extends Task {","lastModifiedDate":"2022-09-02"},{"lineNumber":2,"author":{"gitId":"nvknow"},"content":"","lastModifiedDate":"2022-09-02"},{"lineNumber":3,"author":{"gitId":"nvknow"},"content":"    protected String by;","lastModifiedDate":"2022-09-02"},{"lineNumber":4,"author":{"gitId":"nvknow"},"content":"","lastModifiedDate":"2022-09-02"},{"lineNumber":5,"author":{"gitId":"nvknow"},"content":"    public Todo(String description) {","lastModifiedDate":"2022-09-02"},{"lineNumber":6,"author":{"gitId":"nvknow"},"content":"        super(description);","lastModifiedDate":"2022-09-02"},{"lineNumber":7,"author":{"gitId":"nvknow"},"content":"    }","lastModifiedDate":"2022-09-02"},{"lineNumber":8,"author":{"gitId":"nvknow"},"content":"","lastModifiedDate":"2022-09-02"},{"lineNumber":9,"author":{"gitId":"nvknow"},"content":"    @Override","lastModifiedDate":"2022-09-02"},{"lineNumber":10,"author":{"gitId":"nvknow"},"content":"    public String toString() {","lastModifiedDate":"2022-09-02"},{"lineNumber":11,"author":{"gitId":"nvknow"},"content":"//        return \"[T]\" + super.toString().replaceFirst(\"[]\", \"\");","lastModifiedDate":"2022-09-02"},{"lineNumber":12,"author":{"gitId":"nvknow"},"content":"//        should use regular expression to avoid magic number, but haven\u0027t figured out how to do","lastModifiedDate":"2022-09-02"},{"lineNumber":13,"author":{"gitId":"nvknow"},"content":"        return \"[T]\" + super.toString().substring(BRACKET_LENGTH);","lastModifiedDate":"2022-09-03"},{"lineNumber":14,"author":{"gitId":"nvknow"},"content":"    }","lastModifiedDate":"2022-09-02"},{"lineNumber":15,"author":{"gitId":"nvknow"},"content":"}","lastModifiedDate":"2022-09-02"}],"authorContributionMap":{"nvknow":15}},{"path":"text-ui-test/input.txt","fileType":"txt","lines":[{"lineNumber":1,"author":{"gitId":"nvknow"},"content":"todo Cao Yikai Answer CS2113 tutorial questions","lastModifiedDate":"2022-09-03"},{"lineNumber":2,"author":{"gitId":"nvknow"},"content":"deadline weekly CS2113 quiz /by Monday 9pm","lastModifiedDate":"2022-09-03"},{"lineNumber":3,"author":{"gitId":"nvknow"},"content":"list","lastModifiedDate":"2022-09-03"},{"lineNumber":4,"author":{"gitId":"nvknow"},"content":"event CS2113 lecture /at Friday 4 to 6 pm","lastModifiedDate":"2022-09-03"},{"lineNumber":5,"author":{"gitId":"nvknow"},"content":"mark 1","lastModifiedDate":"2022-09-03"},{"lineNumber":6,"author":{"gitId":"nvknow"},"content":"list","lastModifiedDate":"2022-09-03"}],"authorContributionMap":{"nvknow":6}}]
