[{"path":"data/duke.txt","fileType":"txt","lines":[{"lineNumber":1,"author":{"gitId":"nvknow"},"content":"T | 1 | Cao Yikai Answer CS2113 tutorial questions","lastModifiedDate":"2022-09-14"},{"lineNumber":2,"author":{"gitId":"nvknow"},"content":"D | 0 | weekly CS2113 quiz | Monday 9pm","lastModifiedDate":"2022-09-14"},{"lineNumber":3,"author":{"gitId":"nvknow"},"content":"E | 0 | CS2113 lecture | Friday 4 to 6 pm","lastModifiedDate":"2022-09-14"}],"authorContributionMap":{"nvknow":3}},{"path":"src/main/java/duke/command/Command.java","fileType":"java","lines":[{"lineNumber":1,"author":{"gitId":"nvknow"},"content":"package duke.command;","lastModifiedDate":"2022-09-06"},{"lineNumber":2,"author":{"gitId":"nvknow"},"content":"","lastModifiedDate":"2022-08-27"},{"lineNumber":3,"author":{"gitId":"nvknow"},"content":"import duke.task.Deadline;","lastModifiedDate":"2022-09-06"},{"lineNumber":4,"author":{"gitId":"nvknow"},"content":"import duke.task.Event;","lastModifiedDate":"2022-09-06"},{"lineNumber":5,"author":{"gitId":"nvknow"},"content":"import duke.task.Task;","lastModifiedDate":"2022-09-06"},{"lineNumber":6,"author":{"gitId":"nvknow"},"content":"import duke.task.Todo;","lastModifiedDate":"2022-09-06"},{"lineNumber":7,"author":{"gitId":"nvknow"},"content":"","lastModifiedDate":"2022-08-25"},{"lineNumber":8,"author":{"gitId":"nvknow"},"content":"import java.io.FileWriter;","lastModifiedDate":"2022-09-14"},{"lineNumber":9,"author":{"gitId":"nvknow"},"content":"import java.io.IOException;","lastModifiedDate":"2022-09-14"},{"lineNumber":10,"author":{"gitId":"nvknow"},"content":"import java.util.ArrayList;","lastModifiedDate":"2022-09-13"},{"lineNumber":11,"author":{"gitId":"nvknow"},"content":"import java.io.File;","lastModifiedDate":"2022-09-14"},{"lineNumber":12,"author":{"gitId":"nvknow"},"content":"import java.io.FileNotFoundException;","lastModifiedDate":"2022-09-14"},{"lineNumber":13,"author":{"gitId":"nvknow"},"content":"import java.util.Scanner;","lastModifiedDate":"2022-09-14"},{"lineNumber":14,"author":{"gitId":"nvknow"},"content":"","lastModifiedDate":"2022-09-13"},{"lineNumber":15,"author":{"gitId":"nvknow"},"content":"","lastModifiedDate":"2022-09-06"},{"lineNumber":16,"author":{"gitId":"nvknow"},"content":"public class Command {","lastModifiedDate":"2022-09-06"},{"lineNumber":17,"author":{"gitId":"nvknow"},"content":"    public static final String HORIZONTAL_LINE \u003d \"    ____________________________________________________________\";","lastModifiedDate":"2022-09-06"},{"lineNumber":18,"author":{"gitId":"nvknow"},"content":"","lastModifiedDate":"2022-09-06"},{"lineNumber":19,"author":{"gitId":"nvknow"},"content":"    public static void printHorizontalLine() {","lastModifiedDate":"2022-09-06"},{"lineNumber":20,"author":{"gitId":"nvknow"},"content":"        System.out.println(HORIZONTAL_LINE);","lastModifiedDate":"2022-09-06"},{"lineNumber":21,"author":{"gitId":"nvknow"},"content":"    }","lastModifiedDate":"2022-09-06"},{"lineNumber":22,"author":{"gitId":"nvknow"},"content":"","lastModifiedDate":"2022-09-06"},{"lineNumber":23,"author":{"gitId":"nvknow"},"content":"    public static void printNewTask(Task task, int tasksSize) {","lastModifiedDate":"2022-09-13"},{"lineNumber":24,"author":{"gitId":"nvknow"},"content":"        printHorizontalLine();","lastModifiedDate":"2022-09-06"},{"lineNumber":25,"author":{"gitId":"nvknow"},"content":"        System.out.println(\"     Got it. I\u0027ve added this task:\");","lastModifiedDate":"2022-09-06"},{"lineNumber":26,"author":{"gitId":"nvknow"},"content":"        System.out.println(\"       \" + task);","lastModifiedDate":"2022-09-06"},{"lineNumber":27,"author":{"gitId":"nvknow"},"content":"        System.out.println(\"     Now you have \" + tasksSize + \" tasks in the list.\");","lastModifiedDate":"2022-09-13"},{"lineNumber":28,"author":{"gitId":"nvknow"},"content":"        printHorizontalLine();","lastModifiedDate":"2022-09-06"},{"lineNumber":29,"author":{"gitId":"nvknow"},"content":"    }","lastModifiedDate":"2022-09-06"},{"lineNumber":30,"author":{"gitId":"nvknow"},"content":"","lastModifiedDate":"2022-09-06"},{"lineNumber":31,"author":{"gitId":"nvknow"},"content":"    public static void printTaskList(ArrayList\u003cTask\u003e tasks) {","lastModifiedDate":"2022-09-13"},{"lineNumber":32,"author":{"gitId":"nvknow"},"content":"        printHorizontalLine();","lastModifiedDate":"2022-09-06"},{"lineNumber":33,"author":{"gitId":"nvknow"},"content":"        System.out.println(\"     Here are the tasks in your list:\");","lastModifiedDate":"2022-09-06"},{"lineNumber":34,"author":{"gitId":"nvknow"},"content":"        for (int i \u003d 0; i \u003c tasks.size(); i++) {","lastModifiedDate":"2022-09-13"},{"lineNumber":35,"author":{"gitId":"nvknow"},"content":"            System.out.println(\"     \" + (i + 1) + \".\" + tasks.get(i));","lastModifiedDate":"2022-09-13"},{"lineNumber":36,"author":{"gitId":"nvknow"},"content":"        }","lastModifiedDate":"2022-09-06"},{"lineNumber":37,"author":{"gitId":"nvknow"},"content":"        printHorizontalLine();","lastModifiedDate":"2022-09-06"},{"lineNumber":38,"author":{"gitId":"nvknow"},"content":"    }","lastModifiedDate":"2022-09-06"},{"lineNumber":39,"author":{"gitId":"nvknow"},"content":"","lastModifiedDate":"2022-09-06"},{"lineNumber":40,"author":{"gitId":"nvknow"},"content":"    public static void printMark(Task task) {","lastModifiedDate":"2022-09-06"},{"lineNumber":41,"author":{"gitId":"nvknow"},"content":"        printHorizontalLine();","lastModifiedDate":"2022-09-06"},{"lineNumber":42,"author":{"gitId":"nvknow"},"content":"        System.out.println(\"     Nice! I\u0027ve marked this task as done:\");","lastModifiedDate":"2022-09-06"},{"lineNumber":43,"author":{"gitId":"nvknow"},"content":"        System.out.println(\"       \" + task);","lastModifiedDate":"2022-09-06"},{"lineNumber":44,"author":{"gitId":"nvknow"},"content":"        printHorizontalLine();","lastModifiedDate":"2022-09-06"},{"lineNumber":45,"author":{"gitId":"nvknow"},"content":"    }","lastModifiedDate":"2022-09-06"},{"lineNumber":46,"author":{"gitId":"nvknow"},"content":"","lastModifiedDate":"2022-09-06"},{"lineNumber":47,"author":{"gitId":"nvknow"},"content":"    public static void printUnmark(Task task) {","lastModifiedDate":"2022-09-06"},{"lineNumber":48,"author":{"gitId":"nvknow"},"content":"        printHorizontalLine();","lastModifiedDate":"2022-09-06"},{"lineNumber":49,"author":{"gitId":"nvknow"},"content":"        System.out.println(\"     OK, I\u0027ve marked this task as not done yet:\");","lastModifiedDate":"2022-09-06"},{"lineNumber":50,"author":{"gitId":"nvknow"},"content":"        System.out.println(\"       \" + task);","lastModifiedDate":"2022-09-06"},{"lineNumber":51,"author":{"gitId":"nvknow"},"content":"        printHorizontalLine();","lastModifiedDate":"2022-09-06"},{"lineNumber":52,"author":{"gitId":"nvknow"},"content":"    }","lastModifiedDate":"2022-09-06"},{"lineNumber":53,"author":{"gitId":"nvknow"},"content":"","lastModifiedDate":"2022-09-13"},{"lineNumber":54,"author":{"gitId":"nvknow"},"content":"    static void tryAddEvent(ArrayList\u003cTask\u003e tasks, String line) {","lastModifiedDate":"2022-09-13"},{"lineNumber":55,"author":{"gitId":"nvknow"},"content":"        try {","lastModifiedDate":"2022-09-06"},{"lineNumber":56,"author":{"gitId":"nvknow"},"content":"            if (line.replaceFirst(\"event\", \"\").trim().equals(\"\")) {","lastModifiedDate":"2022-09-06"},{"lineNumber":57,"author":{"gitId":"nvknow"},"content":"                throw new DukeException();","lastModifiedDate":"2022-09-06"},{"lineNumber":58,"author":{"gitId":"nvknow"},"content":"            }","lastModifiedDate":"2022-09-06"},{"lineNumber":59,"author":{"gitId":"nvknow"},"content":"            addEvent(tasks, line);","lastModifiedDate":"2022-09-06"},{"lineNumber":60,"author":{"gitId":"nvknow"},"content":"        } catch (DukeException e) {","lastModifiedDate":"2022-09-06"},{"lineNumber":61,"author":{"gitId":"nvknow"},"content":"            printHorizontalLine();","lastModifiedDate":"2022-09-06"},{"lineNumber":62,"author":{"gitId":"nvknow"},"content":"            System.out.println(\"     T_T OOPS!!! The description of an event cannot be empty.\");","lastModifiedDate":"2022-09-06"},{"lineNumber":63,"author":{"gitId":"nvknow"},"content":"            printHorizontalLine();","lastModifiedDate":"2022-09-06"},{"lineNumber":64,"author":{"gitId":"nvknow"},"content":"        }","lastModifiedDate":"2022-09-06"},{"lineNumber":65,"author":{"gitId":"nvknow"},"content":"    }","lastModifiedDate":"2022-09-06"},{"lineNumber":66,"author":{"gitId":"nvknow"},"content":"","lastModifiedDate":"2022-09-13"},{"lineNumber":67,"author":{"gitId":"nvknow"},"content":"    static void addEvent(ArrayList\u003cTask\u003e tasks, String line) {","lastModifiedDate":"2022-09-13"},{"lineNumber":68,"author":{"gitId":"nvknow"},"content":"        String[] descriptionAt \u003d line.replaceFirst(\"event \", \"\").split(\" /at \");","lastModifiedDate":"2022-09-06"},{"lineNumber":69,"author":{"gitId":"nvknow"},"content":"        String eventDescription \u003d descriptionAt[0];","lastModifiedDate":"2022-09-06"},{"lineNumber":70,"author":{"gitId":"nvknow"},"content":"        String at \u003d descriptionAt[1];","lastModifiedDate":"2022-09-06"},{"lineNumber":71,"author":{"gitId":"nvknow"},"content":"        Event newEvent \u003d new Event(eventDescription, at);","lastModifiedDate":"2022-09-13"},{"lineNumber":72,"author":{"gitId":"nvknow"},"content":"        tasks.add(newEvent);","lastModifiedDate":"2022-09-13"},{"lineNumber":73,"author":{"gitId":"nvknow"},"content":"        int eventId \u003d tasks.size() - 1;","lastModifiedDate":"2022-09-13"},{"lineNumber":74,"author":{"gitId":"nvknow"},"content":"        printNewTask(tasks.get(eventId), tasks.size());","lastModifiedDate":"2022-09-13"},{"lineNumber":75,"author":{"gitId":"nvknow"},"content":"    }","lastModifiedDate":"2022-09-03"},{"lineNumber":76,"author":{"gitId":"nvknow"},"content":"","lastModifiedDate":"2022-09-13"},{"lineNumber":77,"author":{"gitId":"nvknow"},"content":"    static void tryAddDeadline(ArrayList\u003cTask\u003e tasks, String line) {","lastModifiedDate":"2022-09-13"},{"lineNumber":78,"author":{"gitId":"nvknow"},"content":"        try {","lastModifiedDate":"2022-09-06"},{"lineNumber":79,"author":{"gitId":"nvknow"},"content":"            if (line.replaceFirst(\"deadline\", \"\").trim().equals(\"\")) {","lastModifiedDate":"2022-09-06"},{"lineNumber":80,"author":{"gitId":"nvknow"},"content":"                throw new DukeException();","lastModifiedDate":"2022-09-06"},{"lineNumber":81,"author":{"gitId":"nvknow"},"content":"            }","lastModifiedDate":"2022-09-06"},{"lineNumber":82,"author":{"gitId":"nvknow"},"content":"            addDeadline(tasks, line);","lastModifiedDate":"2022-09-06"},{"lineNumber":83,"author":{"gitId":"nvknow"},"content":"        } catch (DukeException e) {","lastModifiedDate":"2022-09-06"},{"lineNumber":84,"author":{"gitId":"nvknow"},"content":"            printHorizontalLine();","lastModifiedDate":"2022-09-06"},{"lineNumber":85,"author":{"gitId":"nvknow"},"content":"            System.out.println(\"     T_T OOPS!!! The description of a deadline cannot be empty.\");","lastModifiedDate":"2022-09-06"},{"lineNumber":86,"author":{"gitId":"nvknow"},"content":"            printHorizontalLine();","lastModifiedDate":"2022-09-06"},{"lineNumber":87,"author":{"gitId":"nvknow"},"content":"        }","lastModifiedDate":"2022-09-06"},{"lineNumber":88,"author":{"gitId":"nvknow"},"content":"    }","lastModifiedDate":"2022-09-06"},{"lineNumber":89,"author":{"gitId":"nvknow"},"content":"","lastModifiedDate":"2022-09-13"},{"lineNumber":90,"author":{"gitId":"nvknow"},"content":"    private static void addDeadline(ArrayList\u003cTask\u003e tasks, String line) {","lastModifiedDate":"2022-09-13"},{"lineNumber":91,"author":{"gitId":"nvknow"},"content":"        String[] descriptionBy \u003d line.replaceFirst(\"deadline \", \"\").split(\" /by \");","lastModifiedDate":"2022-09-06"},{"lineNumber":92,"author":{"gitId":"nvknow"},"content":"        String deadlineDescription \u003d descriptionBy[0];","lastModifiedDate":"2022-09-06"},{"lineNumber":93,"author":{"gitId":"nvknow"},"content":"        String by \u003d descriptionBy[1];","lastModifiedDate":"2022-09-06"},{"lineNumber":94,"author":{"gitId":"nvknow"},"content":"        Deadline newDeadline \u003d new Deadline(deadlineDescription, by);","lastModifiedDate":"2022-09-13"},{"lineNumber":95,"author":{"gitId":"nvknow"},"content":"        tasks.add(newDeadline);","lastModifiedDate":"2022-09-13"},{"lineNumber":96,"author":{"gitId":"nvknow"},"content":"        int deadlineId \u003d tasks.size() - 1;","lastModifiedDate":"2022-09-13"},{"lineNumber":97,"author":{"gitId":"nvknow"},"content":"        printNewTask(tasks.get(deadlineId), tasks.size());","lastModifiedDate":"2022-09-13"},{"lineNumber":98,"author":{"gitId":"nvknow"},"content":"    }","lastModifiedDate":"2022-08-25"},{"lineNumber":99,"author":{"gitId":"nvknow"},"content":"","lastModifiedDate":"2022-09-03"},{"lineNumber":100,"author":{"gitId":"nvknow"},"content":"    static void tryAddTodo(ArrayList\u003cTask\u003e tasks, String line) {","lastModifiedDate":"2022-09-13"},{"lineNumber":101,"author":{"gitId":"nvknow"},"content":"        try {","lastModifiedDate":"2022-09-06"},{"lineNumber":102,"author":{"gitId":"nvknow"},"content":"            if (line.replaceFirst(\"todo\", \"\").trim().equals(\"\")) {","lastModifiedDate":"2022-09-06"},{"lineNumber":103,"author":{"gitId":"nvknow"},"content":"                throw new DukeException();","lastModifiedDate":"2022-09-06"},{"lineNumber":104,"author":{"gitId":"nvknow"},"content":"            }","lastModifiedDate":"2022-09-06"},{"lineNumber":105,"author":{"gitId":"nvknow"},"content":"            addTodo(tasks, line);","lastModifiedDate":"2022-09-06"},{"lineNumber":106,"author":{"gitId":"nvknow"},"content":"        } catch (DukeException e) {","lastModifiedDate":"2022-09-06"},{"lineNumber":107,"author":{"gitId":"nvknow"},"content":"            printHorizontalLine();","lastModifiedDate":"2022-09-06"},{"lineNumber":108,"author":{"gitId":"nvknow"},"content":"            System.out.println(\"     T_T OOPS!!! The description of a todo cannot be empty.\");","lastModifiedDate":"2022-09-06"},{"lineNumber":109,"author":{"gitId":"nvknow"},"content":"            printHorizontalLine();","lastModifiedDate":"2022-09-06"},{"lineNumber":110,"author":{"gitId":"nvknow"},"content":"        }","lastModifiedDate":"2022-09-06"},{"lineNumber":111,"author":{"gitId":"nvknow"},"content":"    }","lastModifiedDate":"2022-09-06"},{"lineNumber":112,"author":{"gitId":"nvknow"},"content":"","lastModifiedDate":"2022-09-06"},{"lineNumber":113,"author":{"gitId":"nvknow"},"content":"    private static void addTodo(ArrayList\u003cTask\u003e tasks, String line) {","lastModifiedDate":"2022-09-13"},{"lineNumber":114,"author":{"gitId":"nvknow"},"content":"        String todoDescription \u003d line.replaceFirst(\"todo \", \"\");","lastModifiedDate":"2022-09-03"},{"lineNumber":115,"author":{"gitId":"nvknow"},"content":"        Todo newTodo \u003d new Todo(todoDescription);","lastModifiedDate":"2022-09-13"},{"lineNumber":116,"author":{"gitId":"nvknow"},"content":"        tasks.add(newTodo);","lastModifiedDate":"2022-09-13"},{"lineNumber":117,"author":{"gitId":"nvknow"},"content":"        int todoId \u003d tasks.size() - 1;","lastModifiedDate":"2022-09-13"},{"lineNumber":118,"author":{"gitId":"nvknow"},"content":"        printNewTask(tasks.get(todoId), tasks.size());","lastModifiedDate":"2022-09-13"},{"lineNumber":119,"author":{"gitId":"nvknow"},"content":"    }","lastModifiedDate":"2022-09-03"},{"lineNumber":120,"author":{"gitId":"nvknow"},"content":"","lastModifiedDate":"2022-09-13"},{"lineNumber":121,"author":{"gitId":"nvknow"},"content":"    static void tryUnmarkTask(ArrayList\u003cTask\u003e tasks, String line) {","lastModifiedDate":"2022-09-13"},{"lineNumber":122,"author":{"gitId":"nvknow"},"content":"        try {","lastModifiedDate":"2022-09-06"},{"lineNumber":123,"author":{"gitId":"nvknow"},"content":"            if (line.replaceFirst(\"unmark\", \"\").trim().equals(\"\")) {","lastModifiedDate":"2022-09-06"},{"lineNumber":124,"author":{"gitId":"nvknow"},"content":"                throw new DukeException();","lastModifiedDate":"2022-09-06"},{"lineNumber":125,"author":{"gitId":"nvknow"},"content":"            }","lastModifiedDate":"2022-09-06"},{"lineNumber":126,"author":{"gitId":"nvknow"},"content":"            unmarkTask(tasks, line.split(\" \"));","lastModifiedDate":"2022-09-06"},{"lineNumber":127,"author":{"gitId":"nvknow"},"content":"        } catch (DukeException e) {","lastModifiedDate":"2022-09-06"},{"lineNumber":128,"author":{"gitId":"nvknow"},"content":"            printHorizontalLine();","lastModifiedDate":"2022-09-06"},{"lineNumber":129,"author":{"gitId":"nvknow"},"content":"            System.out.println(\"     T_T OOPS!!! The description of an unmark cannot be empty.\");","lastModifiedDate":"2022-09-06"},{"lineNumber":130,"author":{"gitId":"nvknow"},"content":"            printHorizontalLine();","lastModifiedDate":"2022-09-06"},{"lineNumber":131,"author":{"gitId":"nvknow"},"content":"        }","lastModifiedDate":"2022-09-06"},{"lineNumber":132,"author":{"gitId":"nvknow"},"content":"    }","lastModifiedDate":"2022-09-06"},{"lineNumber":133,"author":{"gitId":"nvknow"},"content":"","lastModifiedDate":"2022-09-13"},{"lineNumber":134,"author":{"gitId":"nvknow"},"content":"    private static void unmarkTask(ArrayList\u003cTask\u003e tasks, String[] parsedInput) {","lastModifiedDate":"2022-09-13"},{"lineNumber":135,"author":{"gitId":"nvknow"},"content":"        int unmarkId \u003d Integer.parseInt(parsedInput[1]) - 1;","lastModifiedDate":"2022-09-03"},{"lineNumber":136,"author":{"gitId":"nvknow"},"content":"        tasks.get(unmarkId).setNotDone();","lastModifiedDate":"2022-09-13"},{"lineNumber":137,"author":{"gitId":"nvknow"},"content":"        printUnmark(tasks.get(unmarkId));","lastModifiedDate":"2022-09-13"},{"lineNumber":138,"author":{"gitId":"nvknow"},"content":"    }","lastModifiedDate":"2022-09-03"},{"lineNumber":139,"author":{"gitId":"nvknow"},"content":"","lastModifiedDate":"2022-09-03"},{"lineNumber":140,"author":{"gitId":"nvknow"},"content":"    static void tryMarkTask(ArrayList\u003cTask\u003e tasks, String line) {","lastModifiedDate":"2022-09-13"},{"lineNumber":141,"author":{"gitId":"nvknow"},"content":"        try {","lastModifiedDate":"2022-09-06"},{"lineNumber":142,"author":{"gitId":"nvknow"},"content":"            if (line.replaceFirst(\"mark\", \"\").trim().equals(\"\")) {","lastModifiedDate":"2022-09-06"},{"lineNumber":143,"author":{"gitId":"nvknow"},"content":"                throw new DukeException();","lastModifiedDate":"2022-09-06"},{"lineNumber":144,"author":{"gitId":"nvknow"},"content":"            }","lastModifiedDate":"2022-09-06"},{"lineNumber":145,"author":{"gitId":"nvknow"},"content":"            markTask(tasks, line.split(\" \"));","lastModifiedDate":"2022-09-06"},{"lineNumber":146,"author":{"gitId":"nvknow"},"content":"        } catch (DukeException e) {","lastModifiedDate":"2022-09-06"},{"lineNumber":147,"author":{"gitId":"nvknow"},"content":"            printHorizontalLine();","lastModifiedDate":"2022-09-06"},{"lineNumber":148,"author":{"gitId":"nvknow"},"content":"            System.out.println(\"     T_T OOPS!!! The description of a mark cannot be empty.\");","lastModifiedDate":"2022-09-06"},{"lineNumber":149,"author":{"gitId":"nvknow"},"content":"            printHorizontalLine();","lastModifiedDate":"2022-09-06"},{"lineNumber":150,"author":{"gitId":"nvknow"},"content":"        }","lastModifiedDate":"2022-09-06"},{"lineNumber":151,"author":{"gitId":"nvknow"},"content":"    }","lastModifiedDate":"2022-09-06"},{"lineNumber":152,"author":{"gitId":"nvknow"},"content":"","lastModifiedDate":"2022-09-06"},{"lineNumber":153,"author":{"gitId":"nvknow"},"content":"    private static void markTask(ArrayList\u003cTask\u003e tasks, String[] parsedInput) {","lastModifiedDate":"2022-09-13"},{"lineNumber":154,"author":{"gitId":"nvknow"},"content":"        int markId \u003d Integer.parseInt(parsedInput[1]) - 1;","lastModifiedDate":"2022-09-03"},{"lineNumber":155,"author":{"gitId":"nvknow"},"content":"        tasks.get(markId).setDone();","lastModifiedDate":"2022-09-13"},{"lineNumber":156,"author":{"gitId":"nvknow"},"content":"        printMark(tasks.get(markId));","lastModifiedDate":"2022-09-13"},{"lineNumber":157,"author":{"gitId":"-"},"content":"    }","lastModifiedDate":"2019-07-29"},{"lineNumber":158,"author":{"gitId":"nvknow"},"content":"","lastModifiedDate":"2022-09-06"},{"lineNumber":159,"author":{"gitId":"nvknow"},"content":"    private static void deleteTask(ArrayList\u003cTask\u003e tasks, int deleteId) {","lastModifiedDate":"2022-09-13"},{"lineNumber":160,"author":{"gitId":"nvknow"},"content":"        printHorizontalLine();","lastModifiedDate":"2022-09-13"},{"lineNumber":161,"author":{"gitId":"nvknow"},"content":"        System.out.println(\"     Noted. I\u0027ve removed this task:\");","lastModifiedDate":"2022-09-13"},{"lineNumber":162,"author":{"gitId":"nvknow"},"content":"        System.out.println(\"     \" + tasks.get(deleteId));","lastModifiedDate":"2022-09-13"},{"lineNumber":163,"author":{"gitId":"nvknow"},"content":"        System.out.println(\"     Now you have \" + (tasks.size() - 1) + \" tasks in the list.\");","lastModifiedDate":"2022-09-13"},{"lineNumber":164,"author":{"gitId":"nvknow"},"content":"        printHorizontalLine();","lastModifiedDate":"2022-09-13"},{"lineNumber":165,"author":{"gitId":"nvknow"},"content":"        tasks.remove(deleteId);","lastModifiedDate":"2022-09-13"},{"lineNumber":166,"author":{"gitId":"nvknow"},"content":"    }","lastModifiedDate":"2022-09-13"},{"lineNumber":167,"author":{"gitId":"nvknow"},"content":"","lastModifiedDate":"2022-09-13"},{"lineNumber":168,"author":{"gitId":"nvknow"},"content":"    static void tryDeleteTask(ArrayList\u003cTask\u003e tasks, String[] parsedInput) {","lastModifiedDate":"2022-09-13"},{"lineNumber":169,"author":{"gitId":"nvknow"},"content":"        int deleteId \u003d Integer.parseInt(parsedInput[1]) - 1;","lastModifiedDate":"2022-09-13"},{"lineNumber":170,"author":{"gitId":"nvknow"},"content":"        try {","lastModifiedDate":"2022-09-13"},{"lineNumber":171,"author":{"gitId":"nvknow"},"content":"            if (deleteId \u003e tasks.size()) {","lastModifiedDate":"2022-09-13"},{"lineNumber":172,"author":{"gitId":"nvknow"},"content":"                throw new DukeException();","lastModifiedDate":"2022-09-13"},{"lineNumber":173,"author":{"gitId":"nvknow"},"content":"            }","lastModifiedDate":"2022-09-13"},{"lineNumber":174,"author":{"gitId":"nvknow"},"content":"            deleteTask(tasks, deleteId);","lastModifiedDate":"2022-09-13"},{"lineNumber":175,"author":{"gitId":"nvknow"},"content":"        } catch (DukeException e) {","lastModifiedDate":"2022-09-13"},{"lineNumber":176,"author":{"gitId":"nvknow"},"content":"            printHorizontalLine();","lastModifiedDate":"2022-09-13"},{"lineNumber":177,"author":{"gitId":"nvknow"},"content":"            System.out.println(\"     T_T OOPS!!! There is no such task number\");","lastModifiedDate":"2022-09-13"},{"lineNumber":178,"author":{"gitId":"nvknow"},"content":"            printHorizontalLine();","lastModifiedDate":"2022-09-13"},{"lineNumber":179,"author":{"gitId":"nvknow"},"content":"        }","lastModifiedDate":"2022-09-13"},{"lineNumber":180,"author":{"gitId":"nvknow"},"content":"    }","lastModifiedDate":"2022-09-13"},{"lineNumber":181,"author":{"gitId":"nvknow"},"content":"","lastModifiedDate":"2022-09-13"},{"lineNumber":182,"author":{"gitId":"nvknow"},"content":"    public static void readFile(String filePath, ArrayList\u003cTask\u003e tasks) throws FileNotFoundException {","lastModifiedDate":"2022-09-14"},{"lineNumber":183,"author":{"gitId":"nvknow"},"content":"        File f \u003d new File(filePath); // create a File for the given file path","lastModifiedDate":"2022-09-14"},{"lineNumber":184,"author":{"gitId":"nvknow"},"content":"        Scanner s \u003d new Scanner(f); // create a Scanner using the File as the source","lastModifiedDate":"2022-09-14"},{"lineNumber":185,"author":{"gitId":"nvknow"},"content":"        int numberOfLine \u003d 0;","lastModifiedDate":"2022-09-14"},{"lineNumber":186,"author":{"gitId":"nvknow"},"content":"        while (s.hasNext()) {","lastModifiedDate":"2022-09-14"},{"lineNumber":187,"author":{"gitId":"nvknow"},"content":"            String line \u003d s.nextLine();","lastModifiedDate":"2022-09-14"},{"lineNumber":188,"author":{"gitId":"nvknow"},"content":"            String[] parsedLine \u003d line.split(\" \\\\| \");","lastModifiedDate":"2022-09-14"},{"lineNumber":189,"author":{"gitId":"nvknow"},"content":"            numberOfLine +\u003d 1;","lastModifiedDate":"2022-09-14"},{"lineNumber":190,"author":{"gitId":"nvknow"},"content":"            switch (parsedLine[0]) {","lastModifiedDate":"2022-09-14"},{"lineNumber":191,"author":{"gitId":"nvknow"},"content":"            case \"T\":","lastModifiedDate":"2022-09-14"},{"lineNumber":192,"author":{"gitId":"nvknow"},"content":"                tryAddTodo(tasks, \"todo \" + parsedLine[2]);","lastModifiedDate":"2022-09-14"},{"lineNumber":193,"author":{"gitId":"nvknow"},"content":"                break;","lastModifiedDate":"2022-09-14"},{"lineNumber":194,"author":{"gitId":"nvknow"},"content":"            case \"D\":","lastModifiedDate":"2022-09-14"},{"lineNumber":195,"author":{"gitId":"nvknow"},"content":"                String deadline \u003d \"deadline \" + parsedLine[2] + \" /by \" + parsedLine[3];","lastModifiedDate":"2022-09-14"},{"lineNumber":196,"author":{"gitId":"nvknow"},"content":"                tryAddDeadline(tasks, deadline);","lastModifiedDate":"2022-09-14"},{"lineNumber":197,"author":{"gitId":"nvknow"},"content":"                break;","lastModifiedDate":"2022-09-14"},{"lineNumber":198,"author":{"gitId":"nvknow"},"content":"            case \"E\":","lastModifiedDate":"2022-09-14"},{"lineNumber":199,"author":{"gitId":"nvknow"},"content":"                String event \u003d \"event \" + parsedLine[2] + \" /at \" + parsedLine[3];","lastModifiedDate":"2022-09-14"},{"lineNumber":200,"author":{"gitId":"nvknow"},"content":"                System.out.println(event);","lastModifiedDate":"2022-09-14"},{"lineNumber":201,"author":{"gitId":"nvknow"},"content":"                tryAddEvent(tasks, event);","lastModifiedDate":"2022-09-14"},{"lineNumber":202,"author":{"gitId":"nvknow"},"content":"                break;","lastModifiedDate":"2022-09-14"},{"lineNumber":203,"author":{"gitId":"nvknow"},"content":"            }","lastModifiedDate":"2022-09-14"},{"lineNumber":204,"author":{"gitId":"nvknow"},"content":"            switch (parsedLine[1]) {","lastModifiedDate":"2022-09-14"},{"lineNumber":205,"author":{"gitId":"nvknow"},"content":"            case \"1\":","lastModifiedDate":"2022-09-14"},{"lineNumber":206,"author":{"gitId":"nvknow"},"content":"                String mark \u003d \"mark \" + numberOfLine;","lastModifiedDate":"2022-09-14"},{"lineNumber":207,"author":{"gitId":"nvknow"},"content":"                tryMarkTask(tasks, mark);","lastModifiedDate":"2022-09-14"},{"lineNumber":208,"author":{"gitId":"nvknow"},"content":"                break;","lastModifiedDate":"2022-09-14"},{"lineNumber":209,"author":{"gitId":"nvknow"},"content":"            case \"0\":","lastModifiedDate":"2022-09-14"},{"lineNumber":210,"author":{"gitId":"nvknow"},"content":"                String unmark \u003d \"unmark \" + numberOfLine;","lastModifiedDate":"2022-09-14"},{"lineNumber":211,"author":{"gitId":"nvknow"},"content":"                tryUnmarkTask(tasks, unmark);","lastModifiedDate":"2022-09-14"},{"lineNumber":212,"author":{"gitId":"nvknow"},"content":"                break;","lastModifiedDate":"2022-09-14"},{"lineNumber":213,"author":{"gitId":"nvknow"},"content":"            }","lastModifiedDate":"2022-09-14"},{"lineNumber":214,"author":{"gitId":"nvknow"},"content":"        }","lastModifiedDate":"2022-09-14"},{"lineNumber":215,"author":{"gitId":"nvknow"},"content":"    }","lastModifiedDate":"2022-09-14"},{"lineNumber":216,"author":{"gitId":"nvknow"},"content":"","lastModifiedDate":"2022-09-14"},{"lineNumber":217,"author":{"gitId":"nvknow"},"content":"    public static void writeToFile(String filePath, ArrayList\u003cTask\u003e tasks) throws IOException {","lastModifiedDate":"2022-09-14"},{"lineNumber":218,"author":{"gitId":"nvknow"},"content":"        FileWriter fw \u003d new FileWriter(filePath);","lastModifiedDate":"2022-09-14"},{"lineNumber":219,"author":{"gitId":"nvknow"},"content":"        for (int i \u003d 0; i \u003c tasks.size(); i++) {","lastModifiedDate":"2022-09-14"},{"lineNumber":220,"author":{"gitId":"nvknow"},"content":"            String line \u003d \"\";","lastModifiedDate":"2022-09-14"},{"lineNumber":221,"author":{"gitId":"nvknow"},"content":"            switch (tasks.get(i).getClass().getSimpleName()) {","lastModifiedDate":"2022-09-14"},{"lineNumber":222,"author":{"gitId":"nvknow"},"content":"            case \"Todo\":","lastModifiedDate":"2022-09-14"},{"lineNumber":223,"author":{"gitId":"nvknow"},"content":"                line \u003d line + \"T | \";","lastModifiedDate":"2022-09-14"},{"lineNumber":224,"author":{"gitId":"nvknow"},"content":"                break;","lastModifiedDate":"2022-09-14"},{"lineNumber":225,"author":{"gitId":"nvknow"},"content":"            case \"Deadline\":","lastModifiedDate":"2022-09-14"},{"lineNumber":226,"author":{"gitId":"nvknow"},"content":"                line \u003d line + \"D | \";","lastModifiedDate":"2022-09-14"},{"lineNumber":227,"author":{"gitId":"nvknow"},"content":"                break;","lastModifiedDate":"2022-09-14"},{"lineNumber":228,"author":{"gitId":"nvknow"},"content":"            case \"Event\":","lastModifiedDate":"2022-09-14"},{"lineNumber":229,"author":{"gitId":"nvknow"},"content":"                line \u003d line + \"E | \";","lastModifiedDate":"2022-09-14"},{"lineNumber":230,"author":{"gitId":"nvknow"},"content":"                break;","lastModifiedDate":"2022-09-14"},{"lineNumber":231,"author":{"gitId":"nvknow"},"content":"            }","lastModifiedDate":"2022-09-14"},{"lineNumber":232,"author":{"gitId":"nvknow"},"content":"            switch (tasks.get(i).getStatusIcon()) {","lastModifiedDate":"2022-09-14"},{"lineNumber":233,"author":{"gitId":"nvknow"},"content":"            case \"X\":","lastModifiedDate":"2022-09-14"},{"lineNumber":234,"author":{"gitId":"nvknow"},"content":"                line \u003d line + \"1 | \";","lastModifiedDate":"2022-09-14"},{"lineNumber":235,"author":{"gitId":"nvknow"},"content":"                break;","lastModifiedDate":"2022-09-14"},{"lineNumber":236,"author":{"gitId":"nvknow"},"content":"            case \" \":","lastModifiedDate":"2022-09-14"},{"lineNumber":237,"author":{"gitId":"nvknow"},"content":"                line \u003d line + \"0 | \";","lastModifiedDate":"2022-09-14"},{"lineNumber":238,"author":{"gitId":"nvknow"},"content":"                break;","lastModifiedDate":"2022-09-14"},{"lineNumber":239,"author":{"gitId":"nvknow"},"content":"            }","lastModifiedDate":"2022-09-14"},{"lineNumber":240,"author":{"gitId":"nvknow"},"content":"            line \u003d line + tasks.get(i).getDescription();","lastModifiedDate":"2022-09-14"},{"lineNumber":241,"author":{"gitId":"nvknow"},"content":"            switch (tasks.get(i).getClass().getSimpleName()) {","lastModifiedDate":"2022-09-14"},{"lineNumber":242,"author":{"gitId":"nvknow"},"content":"            case \"Deadline\":","lastModifiedDate":"2022-09-14"},{"lineNumber":243,"author":{"gitId":"nvknow"},"content":"                Deadline d \u003d (Deadline) tasks.get(i);","lastModifiedDate":"2022-09-14"},{"lineNumber":244,"author":{"gitId":"nvknow"},"content":"                line \u003d line + \" | \" + d.getBy();","lastModifiedDate":"2022-09-14"},{"lineNumber":245,"author":{"gitId":"nvknow"},"content":"                break;","lastModifiedDate":"2022-09-14"},{"lineNumber":246,"author":{"gitId":"nvknow"},"content":"            case \"Event\":","lastModifiedDate":"2022-09-14"},{"lineNumber":247,"author":{"gitId":"nvknow"},"content":"                Event e \u003d (Event) tasks.get(i);","lastModifiedDate":"2022-09-14"},{"lineNumber":248,"author":{"gitId":"nvknow"},"content":"                line \u003d line + \" | \" + e.getAt();","lastModifiedDate":"2022-09-14"},{"lineNumber":249,"author":{"gitId":"nvknow"},"content":"                break;","lastModifiedDate":"2022-09-14"},{"lineNumber":250,"author":{"gitId":"nvknow"},"content":"            }","lastModifiedDate":"2022-09-14"},{"lineNumber":251,"author":{"gitId":"nvknow"},"content":"            line \u003d line + System.lineSeparator();","lastModifiedDate":"2022-09-14"},{"lineNumber":252,"author":{"gitId":"nvknow"},"content":"            fw.write(line);","lastModifiedDate":"2022-09-14"},{"lineNumber":253,"author":{"gitId":"nvknow"},"content":"        }","lastModifiedDate":"2022-09-14"},{"lineNumber":254,"author":{"gitId":"nvknow"},"content":"        fw.close();","lastModifiedDate":"2022-09-14"},{"lineNumber":255,"author":{"gitId":"nvknow"},"content":"","lastModifiedDate":"2022-09-14"},{"lineNumber":256,"author":{"gitId":"nvknow"},"content":"    }","lastModifiedDate":"2022-09-14"},{"lineNumber":257,"author":{"gitId":"nvknow"},"content":"","lastModifiedDate":"2022-09-14"},{"lineNumber":258,"author":{"gitId":"nvknow"},"content":"    public static void printWelcomeMessage() {","lastModifiedDate":"2022-09-06"},{"lineNumber":259,"author":{"gitId":"nvknow"},"content":"        printHorizontalLine();","lastModifiedDate":"2022-09-06"},{"lineNumber":260,"author":{"gitId":"nvknow"},"content":"        System.out.println(\"     Hello! I\u0027m Duke\");","lastModifiedDate":"2022-09-06"},{"lineNumber":261,"author":{"gitId":"nvknow"},"content":"        System.out.println(\"     What can I do for you?\");","lastModifiedDate":"2022-09-06"},{"lineNumber":262,"author":{"gitId":"nvknow"},"content":"        printHorizontalLine();","lastModifiedDate":"2022-09-06"},{"lineNumber":263,"author":{"gitId":"nvknow"},"content":"    }","lastModifiedDate":"2022-09-06"},{"lineNumber":264,"author":{"gitId":"nvknow"},"content":"","lastModifiedDate":"2022-09-06"},{"lineNumber":265,"author":{"gitId":"nvknow"},"content":"    public static void printByeMessage() {","lastModifiedDate":"2022-09-06"},{"lineNumber":266,"author":{"gitId":"nvknow"},"content":"        printHorizontalLine();","lastModifiedDate":"2022-09-06"},{"lineNumber":267,"author":{"gitId":"nvknow"},"content":"        System.out.println(\"     Bye. Hope to see you again soon!\");","lastModifiedDate":"2022-09-06"},{"lineNumber":268,"author":{"gitId":"nvknow"},"content":"        printHorizontalLine();","lastModifiedDate":"2022-09-06"},{"lineNumber":269,"author":{"gitId":"nvknow"},"content":"    }","lastModifiedDate":"2022-09-06"},{"lineNumber":270,"author":{"gitId":"-"},"content":"}","lastModifiedDate":"2019-07-29"}],"authorContributionMap":{"nvknow":268,"-":2}},{"path":"src/main/java/duke/command/Duke.java","fileType":"java","lines":[{"lineNumber":1,"author":{"gitId":"nvknow"},"content":"package duke.command;","lastModifiedDate":"2022-09-06"},{"lineNumber":2,"author":{"gitId":"nvknow"},"content":"","lastModifiedDate":"2022-09-06"},{"lineNumber":3,"author":{"gitId":"nvknow"},"content":"import duke.task.Task;","lastModifiedDate":"2022-09-06"},{"lineNumber":4,"author":{"gitId":"nvknow"},"content":"","lastModifiedDate":"2022-09-06"},{"lineNumber":5,"author":{"gitId":"nvknow"},"content":"import java.io.IOException;","lastModifiedDate":"2022-09-14"},{"lineNumber":6,"author":{"gitId":"nvknow"},"content":"import java.util.Scanner;","lastModifiedDate":"2022-09-06"},{"lineNumber":7,"author":{"gitId":"nvknow"},"content":"","lastModifiedDate":"2022-09-06"},{"lineNumber":8,"author":{"gitId":"nvknow"},"content":"import static duke.command.Command.*;","lastModifiedDate":"2022-09-06"},{"lineNumber":9,"author":{"gitId":"nvknow"},"content":"","lastModifiedDate":"2022-09-06"},{"lineNumber":10,"author":{"gitId":"nvknow"},"content":"import java.util.ArrayList;","lastModifiedDate":"2022-09-13"},{"lineNumber":11,"author":{"gitId":"nvknow"},"content":"","lastModifiedDate":"2022-09-13"},{"lineNumber":12,"author":{"gitId":"nvknow"},"content":"public class Duke {","lastModifiedDate":"2022-09-06"},{"lineNumber":13,"author":{"gitId":"nvknow"},"content":"    public static void main(String[] args) {","lastModifiedDate":"2022-09-06"},{"lineNumber":14,"author":{"gitId":"nvknow"},"content":"","lastModifiedDate":"2022-09-06"},{"lineNumber":15,"author":{"gitId":"nvknow"},"content":"        printWelcomeMessage();","lastModifiedDate":"2022-09-06"},{"lineNumber":16,"author":{"gitId":"nvknow"},"content":"        Scanner in \u003d new Scanner(System.in);","lastModifiedDate":"2022-09-06"},{"lineNumber":17,"author":{"gitId":"nvknow"},"content":"        ArrayList\u003cTask\u003e tasks \u003d new ArrayList\u003c\u003e();","lastModifiedDate":"2022-09-13"},{"lineNumber":18,"author":{"gitId":"nvknow"},"content":"","lastModifiedDate":"2022-09-06"},{"lineNumber":19,"author":{"gitId":"nvknow"},"content":"        try {","lastModifiedDate":"2022-09-14"},{"lineNumber":20,"author":{"gitId":"nvknow"},"content":"            readFile(\"data/duke.txt\", tasks);","lastModifiedDate":"2022-09-14"},{"lineNumber":21,"author":{"gitId":"nvknow"},"content":"        } catch (IOException e) {","lastModifiedDate":"2022-09-14"},{"lineNumber":22,"author":{"gitId":"nvknow"},"content":"            System.out.println(\"Something went wrong: \" + e.getMessage());","lastModifiedDate":"2022-09-14"},{"lineNumber":23,"author":{"gitId":"nvknow"},"content":"        }","lastModifiedDate":"2022-09-14"},{"lineNumber":24,"author":{"gitId":"nvknow"},"content":"","lastModifiedDate":"2022-09-14"},{"lineNumber":25,"author":{"gitId":"nvknow"},"content":"        untilBye:","lastModifiedDate":"2022-09-06"},{"lineNumber":26,"author":{"gitId":"nvknow"},"content":"        while (true) {","lastModifiedDate":"2022-09-06"},{"lineNumber":27,"author":{"gitId":"nvknow"},"content":"            try {","lastModifiedDate":"2022-09-06"},{"lineNumber":28,"author":{"gitId":"nvknow"},"content":"                String line \u003d in.nextLine();","lastModifiedDate":"2022-09-06"},{"lineNumber":29,"author":{"gitId":"nvknow"},"content":"                String[] parsedInput \u003d line.split(\" \");","lastModifiedDate":"2022-09-06"},{"lineNumber":30,"author":{"gitId":"nvknow"},"content":"                switch (parsedInput[0]) {","lastModifiedDate":"2022-09-06"},{"lineNumber":31,"author":{"gitId":"nvknow"},"content":"                case \"list\":","lastModifiedDate":"2022-09-06"},{"lineNumber":32,"author":{"gitId":"nvknow"},"content":"                    printTaskList(tasks);","lastModifiedDate":"2022-09-06"},{"lineNumber":33,"author":{"gitId":"nvknow"},"content":"                    break;","lastModifiedDate":"2022-09-06"},{"lineNumber":34,"author":{"gitId":"nvknow"},"content":"                case \"mark\":","lastModifiedDate":"2022-09-06"},{"lineNumber":35,"author":{"gitId":"nvknow"},"content":"                    tryMarkTask(tasks, line);","lastModifiedDate":"2022-09-06"},{"lineNumber":36,"author":{"gitId":"nvknow"},"content":"                    break;","lastModifiedDate":"2022-09-06"},{"lineNumber":37,"author":{"gitId":"nvknow"},"content":"                case \"unmark\":","lastModifiedDate":"2022-09-06"},{"lineNumber":38,"author":{"gitId":"nvknow"},"content":"                    tryUnmarkTask(tasks, line);","lastModifiedDate":"2022-09-06"},{"lineNumber":39,"author":{"gitId":"nvknow"},"content":"                    break;","lastModifiedDate":"2022-09-06"},{"lineNumber":40,"author":{"gitId":"nvknow"},"content":"                case \"todo\":","lastModifiedDate":"2022-09-06"},{"lineNumber":41,"author":{"gitId":"nvknow"},"content":"                    tryAddTodo(tasks, line);","lastModifiedDate":"2022-09-06"},{"lineNumber":42,"author":{"gitId":"nvknow"},"content":"                    break;","lastModifiedDate":"2022-09-06"},{"lineNumber":43,"author":{"gitId":"nvknow"},"content":"                case \"deadline\":","lastModifiedDate":"2022-09-06"},{"lineNumber":44,"author":{"gitId":"nvknow"},"content":"                    tryAddDeadline(tasks, line);","lastModifiedDate":"2022-09-06"},{"lineNumber":45,"author":{"gitId":"nvknow"},"content":"                    break;","lastModifiedDate":"2022-09-06"},{"lineNumber":46,"author":{"gitId":"nvknow"},"content":"                case \"event\":","lastModifiedDate":"2022-09-06"},{"lineNumber":47,"author":{"gitId":"nvknow"},"content":"                    tryAddEvent(tasks, line);","lastModifiedDate":"2022-09-06"},{"lineNumber":48,"author":{"gitId":"nvknow"},"content":"                    break;","lastModifiedDate":"2022-09-06"},{"lineNumber":49,"author":{"gitId":"nvknow"},"content":"                case \"bye\":","lastModifiedDate":"2022-09-06"},{"lineNumber":50,"author":{"gitId":"nvknow"},"content":"                    printByeMessage();","lastModifiedDate":"2022-09-06"},{"lineNumber":51,"author":{"gitId":"nvknow"},"content":"                    break untilBye;","lastModifiedDate":"2022-09-06"},{"lineNumber":52,"author":{"gitId":"nvknow"},"content":"                case \"delete\":","lastModifiedDate":"2022-09-13"},{"lineNumber":53,"author":{"gitId":"nvknow"},"content":"                    tryDeleteTask(tasks, parsedInput);","lastModifiedDate":"2022-09-13"},{"lineNumber":54,"author":{"gitId":"nvknow"},"content":"                    break;","lastModifiedDate":"2022-09-13"},{"lineNumber":55,"author":{"gitId":"nvknow"},"content":"                default:","lastModifiedDate":"2022-09-06"},{"lineNumber":56,"author":{"gitId":"nvknow"},"content":"                    throw new DukeException();","lastModifiedDate":"2022-09-06"},{"lineNumber":57,"author":{"gitId":"nvknow"},"content":"                    // Fallthrough","lastModifiedDate":"2022-09-06"},{"lineNumber":58,"author":{"gitId":"nvknow"},"content":"                }","lastModifiedDate":"2022-09-06"},{"lineNumber":59,"author":{"gitId":"nvknow"},"content":"            } catch (DukeException e) {","lastModifiedDate":"2022-09-06"},{"lineNumber":60,"author":{"gitId":"nvknow"},"content":"                printHorizontalLine();","lastModifiedDate":"2022-09-06"},{"lineNumber":61,"author":{"gitId":"nvknow"},"content":"                System.out.println(\"     T_T OOPS!!! I\u0027m sorry, but I don\u0027t know what that means :-(\");","lastModifiedDate":"2022-09-06"},{"lineNumber":62,"author":{"gitId":"nvknow"},"content":"                printHorizontalLine();","lastModifiedDate":"2022-09-06"},{"lineNumber":63,"author":{"gitId":"nvknow"},"content":"            }","lastModifiedDate":"2022-09-06"},{"lineNumber":64,"author":{"gitId":"nvknow"},"content":"        }","lastModifiedDate":"2022-09-06"},{"lineNumber":65,"author":{"gitId":"nvknow"},"content":"","lastModifiedDate":"2022-09-14"},{"lineNumber":66,"author":{"gitId":"nvknow"},"content":"        try {","lastModifiedDate":"2022-09-14"},{"lineNumber":67,"author":{"gitId":"nvknow"},"content":"            writeToFile(\"data/duke.txt\", tasks);","lastModifiedDate":"2022-09-14"},{"lineNumber":68,"author":{"gitId":"nvknow"},"content":"        } catch (IOException e) {","lastModifiedDate":"2022-09-14"},{"lineNumber":69,"author":{"gitId":"nvknow"},"content":"            System.out.println(\"Something went wrong: \" + e.getMessage());","lastModifiedDate":"2022-09-14"},{"lineNumber":70,"author":{"gitId":"nvknow"},"content":"        }","lastModifiedDate":"2022-09-14"},{"lineNumber":71,"author":{"gitId":"nvknow"},"content":"","lastModifiedDate":"2022-09-14"},{"lineNumber":72,"author":{"gitId":"nvknow"},"content":"","lastModifiedDate":"2022-09-14"},{"lineNumber":73,"author":{"gitId":"nvknow"},"content":"    }","lastModifiedDate":"2022-09-06"},{"lineNumber":74,"author":{"gitId":"nvknow"},"content":"}","lastModifiedDate":"2022-09-06"},{"lineNumber":75,"author":{"gitId":"nvknow"},"content":"","lastModifiedDate":"2022-09-06"},{"lineNumber":76,"author":{"gitId":"nvknow"},"content":"","lastModifiedDate":"2022-09-06"},{"lineNumber":77,"author":{"gitId":"nvknow"},"content":"","lastModifiedDate":"2022-09-06"}],"authorContributionMap":{"nvknow":77}},{"path":"src/main/java/duke/command/DukeException.java","fileType":"java","lines":[{"lineNumber":1,"author":{"gitId":"nvknow"},"content":"package duke.command;","lastModifiedDate":"2022-09-06"},{"lineNumber":2,"author":{"gitId":"nvknow"},"content":"","lastModifiedDate":"2022-09-06"},{"lineNumber":3,"author":{"gitId":"nvknow"},"content":"public class DukeException extends Exception{","lastModifiedDate":"2022-09-06"},{"lineNumber":4,"author":{"gitId":"nvknow"},"content":"}","lastModifiedDate":"2022-09-06"},{"lineNumber":5,"author":{"gitId":"nvknow"},"content":"","lastModifiedDate":"2022-09-06"},{"lineNumber":6,"author":{"gitId":"nvknow"},"content":"","lastModifiedDate":"2022-09-06"}],"authorContributionMap":{"nvknow":6}},{"path":"src/main/java/duke/task/Deadline.java","fileType":"java","lines":[{"lineNumber":1,"author":{"gitId":"nvknow"},"content":"package duke.task;","lastModifiedDate":"2022-09-06"},{"lineNumber":2,"author":{"gitId":"nvknow"},"content":"","lastModifiedDate":"2022-09-06"},{"lineNumber":3,"author":{"gitId":"nvknow"},"content":"public class Deadline extends Task {","lastModifiedDate":"2022-09-02"},{"lineNumber":4,"author":{"gitId":"nvknow"},"content":"","lastModifiedDate":"2022-09-02"},{"lineNumber":5,"author":{"gitId":"nvknow"},"content":"    protected String by;","lastModifiedDate":"2022-09-02"},{"lineNumber":6,"author":{"gitId":"nvknow"},"content":"","lastModifiedDate":"2022-09-02"},{"lineNumber":7,"author":{"gitId":"nvknow"},"content":"    public Deadline(String description, String by) {","lastModifiedDate":"2022-09-02"},{"lineNumber":8,"author":{"gitId":"nvknow"},"content":"        super(description);","lastModifiedDate":"2022-09-02"},{"lineNumber":9,"author":{"gitId":"nvknow"},"content":"        this.by \u003d by;","lastModifiedDate":"2022-09-02"},{"lineNumber":10,"author":{"gitId":"nvknow"},"content":"    }","lastModifiedDate":"2022-09-02"},{"lineNumber":11,"author":{"gitId":"nvknow"},"content":"","lastModifiedDate":"2022-09-02"},{"lineNumber":12,"author":{"gitId":"nvknow"},"content":"    public String getBy() {","lastModifiedDate":"2022-09-14"},{"lineNumber":13,"author":{"gitId":"nvknow"},"content":"        return by;","lastModifiedDate":"2022-09-14"},{"lineNumber":14,"author":{"gitId":"nvknow"},"content":"    }","lastModifiedDate":"2022-09-14"},{"lineNumber":15,"author":{"gitId":"nvknow"},"content":"","lastModifiedDate":"2022-09-14"},{"lineNumber":16,"author":{"gitId":"nvknow"},"content":"    @Override","lastModifiedDate":"2022-09-02"},{"lineNumber":17,"author":{"gitId":"nvknow"},"content":"    public String toString() {","lastModifiedDate":"2022-09-02"},{"lineNumber":18,"author":{"gitId":"nvknow"},"content":"        return \"[D]\" + super.toString() + \" (by: \" + by + \")\";","lastModifiedDate":"2022-09-06"},{"lineNumber":19,"author":{"gitId":"nvknow"},"content":"    }","lastModifiedDate":"2022-09-02"},{"lineNumber":20,"author":{"gitId":"nvknow"},"content":"}","lastModifiedDate":"2022-09-02"}],"authorContributionMap":{"nvknow":20}},{"path":"src/main/java/duke/task/Event.java","fileType":"java","lines":[{"lineNumber":1,"author":{"gitId":"nvknow"},"content":"package duke.task;","lastModifiedDate":"2022-09-06"},{"lineNumber":2,"author":{"gitId":"nvknow"},"content":"","lastModifiedDate":"2022-09-06"},{"lineNumber":3,"author":{"gitId":"nvknow"},"content":"public class Event extends Task {","lastModifiedDate":"2022-09-02"},{"lineNumber":4,"author":{"gitId":"nvknow"},"content":"","lastModifiedDate":"2022-09-02"},{"lineNumber":5,"author":{"gitId":"nvknow"},"content":"    protected String at;","lastModifiedDate":"2022-09-02"},{"lineNumber":6,"author":{"gitId":"nvknow"},"content":"","lastModifiedDate":"2022-09-02"},{"lineNumber":7,"author":{"gitId":"nvknow"},"content":"    public Event(String description, String at) {","lastModifiedDate":"2022-09-02"},{"lineNumber":8,"author":{"gitId":"nvknow"},"content":"        super(description);","lastModifiedDate":"2022-09-02"},{"lineNumber":9,"author":{"gitId":"nvknow"},"content":"        this.at \u003d at;","lastModifiedDate":"2022-09-02"},{"lineNumber":10,"author":{"gitId":"nvknow"},"content":"    }","lastModifiedDate":"2022-09-02"},{"lineNumber":11,"author":{"gitId":"nvknow"},"content":"","lastModifiedDate":"2022-09-02"},{"lineNumber":12,"author":{"gitId":"nvknow"},"content":"    public String getAt() {","lastModifiedDate":"2022-09-14"},{"lineNumber":13,"author":{"gitId":"nvknow"},"content":"        return at;","lastModifiedDate":"2022-09-14"},{"lineNumber":14,"author":{"gitId":"nvknow"},"content":"    }","lastModifiedDate":"2022-09-14"},{"lineNumber":15,"author":{"gitId":"nvknow"},"content":"","lastModifiedDate":"2022-09-14"},{"lineNumber":16,"author":{"gitId":"nvknow"},"content":"    @Override","lastModifiedDate":"2022-09-02"},{"lineNumber":17,"author":{"gitId":"nvknow"},"content":"    public String toString() {","lastModifiedDate":"2022-09-02"},{"lineNumber":18,"author":{"gitId":"nvknow"},"content":"        return \"[E]\" + super.toString()+ \" (at: \" + at + \")\";","lastModifiedDate":"2022-09-06"},{"lineNumber":19,"author":{"gitId":"nvknow"},"content":"    }","lastModifiedDate":"2022-09-02"},{"lineNumber":20,"author":{"gitId":"nvknow"},"content":"}","lastModifiedDate":"2022-09-02"}],"authorContributionMap":{"nvknow":20}},{"path":"src/main/java/duke/task/Task.java","fileType":"java","lines":[{"lineNumber":1,"author":{"gitId":"nvknow"},"content":"package duke.task;","lastModifiedDate":"2022-09-06"},{"lineNumber":2,"author":{"gitId":"nvknow"},"content":"","lastModifiedDate":"2022-09-06"},{"lineNumber":3,"author":{"gitId":"nvknow"},"content":"public class Task {","lastModifiedDate":"2022-08-27"},{"lineNumber":4,"author":{"gitId":"nvknow"},"content":"    protected String description;","lastModifiedDate":"2022-08-27"},{"lineNumber":5,"author":{"gitId":"nvknow"},"content":"    protected boolean isDone;","lastModifiedDate":"2022-08-27"},{"lineNumber":6,"author":{"gitId":"nvknow"},"content":"","lastModifiedDate":"2022-08-27"},{"lineNumber":7,"author":{"gitId":"nvknow"},"content":"    public Task(String description) {","lastModifiedDate":"2022-08-27"},{"lineNumber":8,"author":{"gitId":"nvknow"},"content":"        this.description \u003d description;","lastModifiedDate":"2022-08-27"},{"lineNumber":9,"author":{"gitId":"nvknow"},"content":"        this.isDone \u003d false;","lastModifiedDate":"2022-08-27"},{"lineNumber":10,"author":{"gitId":"nvknow"},"content":"    }","lastModifiedDate":"2022-08-27"},{"lineNumber":11,"author":{"gitId":"nvknow"},"content":"","lastModifiedDate":"2022-08-27"},{"lineNumber":12,"author":{"gitId":"nvknow"},"content":"    public String getStatusIcon() { return (isDone ? \"X\" : \" \"); }","lastModifiedDate":"2022-09-02"},{"lineNumber":13,"author":{"gitId":"nvknow"},"content":"","lastModifiedDate":"2022-09-02"},{"lineNumber":14,"author":{"gitId":"nvknow"},"content":"    public String getDescription() {","lastModifiedDate":"2022-09-14"},{"lineNumber":15,"author":{"gitId":"nvknow"},"content":"        return description;","lastModifiedDate":"2022-09-14"},{"lineNumber":16,"author":{"gitId":"nvknow"},"content":"    }","lastModifiedDate":"2022-09-14"},{"lineNumber":17,"author":{"gitId":"nvknow"},"content":"","lastModifiedDate":"2022-09-14"},{"lineNumber":18,"author":{"gitId":"nvknow"},"content":"    public String toString() { return \"[\" + getStatusIcon() + \"] \" + description; }","lastModifiedDate":"2022-09-06"},{"lineNumber":19,"author":{"gitId":"nvknow"},"content":"","lastModifiedDate":"2022-09-02"},{"lineNumber":20,"author":{"gitId":"nvknow"},"content":"    public void setDone() { isDone \u003d true; }","lastModifiedDate":"2022-09-02"},{"lineNumber":21,"author":{"gitId":"nvknow"},"content":"","lastModifiedDate":"2022-08-27"},{"lineNumber":22,"author":{"gitId":"nvknow"},"content":"    public void setNotDone() { isDone \u003d false; }","lastModifiedDate":"2022-09-02"},{"lineNumber":23,"author":{"gitId":"nvknow"},"content":"","lastModifiedDate":"2022-09-02"},{"lineNumber":24,"author":{"gitId":"nvknow"},"content":"","lastModifiedDate":"2022-08-27"},{"lineNumber":25,"author":{"gitId":"nvknow"},"content":"}","lastModifiedDate":"2022-08-27"}],"authorContributionMap":{"nvknow":25}},{"path":"src/main/java/duke/task/Todo.java","fileType":"java","lines":[{"lineNumber":1,"author":{"gitId":"nvknow"},"content":"package duke.task;","lastModifiedDate":"2022-09-06"},{"lineNumber":2,"author":{"gitId":"nvknow"},"content":"","lastModifiedDate":"2022-09-06"},{"lineNumber":3,"author":{"gitId":"nvknow"},"content":"public class Todo extends Task {","lastModifiedDate":"2022-09-02"},{"lineNumber":4,"author":{"gitId":"nvknow"},"content":"","lastModifiedDate":"2022-09-02"},{"lineNumber":5,"author":{"gitId":"nvknow"},"content":"    public Todo(String description) {","lastModifiedDate":"2022-09-02"},{"lineNumber":6,"author":{"gitId":"nvknow"},"content":"        super(description);","lastModifiedDate":"2022-09-02"},{"lineNumber":7,"author":{"gitId":"nvknow"},"content":"    }","lastModifiedDate":"2022-09-02"},{"lineNumber":8,"author":{"gitId":"nvknow"},"content":"","lastModifiedDate":"2022-09-02"},{"lineNumber":9,"author":{"gitId":"nvknow"},"content":"    @Override","lastModifiedDate":"2022-09-02"},{"lineNumber":10,"author":{"gitId":"nvknow"},"content":"    public String toString() {","lastModifiedDate":"2022-09-02"},{"lineNumber":11,"author":{"gitId":"nvknow"},"content":"        return \"[T]\" + super.toString();","lastModifiedDate":"2022-09-06"},{"lineNumber":12,"author":{"gitId":"nvknow"},"content":"    }","lastModifiedDate":"2022-09-02"},{"lineNumber":13,"author":{"gitId":"nvknow"},"content":"}","lastModifiedDate":"2022-09-02"}],"authorContributionMap":{"nvknow":13}},{"path":"text-ui-test/input.txt","fileType":"txt","lines":[{"lineNumber":1,"author":{"gitId":"nvknow"},"content":"todo Cao Yikai Answer CS2113 tutorial questions","lastModifiedDate":"2022-09-03"},{"lineNumber":2,"author":{"gitId":"nvknow"},"content":"deadline weekly CS2113 quiz /by Monday 9pm","lastModifiedDate":"2022-09-03"},{"lineNumber":3,"author":{"gitId":"nvknow"},"content":"list","lastModifiedDate":"2022-09-03"},{"lineNumber":4,"author":{"gitId":"nvknow"},"content":"event CS2113 lecture /at Friday 4 to 6 pm","lastModifiedDate":"2022-09-03"},{"lineNumber":5,"author":{"gitId":"nvknow"},"content":"mark 1","lastModifiedDate":"2022-09-03"},{"lineNumber":6,"author":{"gitId":"nvknow"},"content":"list","lastModifiedDate":"2022-09-03"}],"authorContributionMap":{"nvknow":6}}]
