{"authorDailyContributionsMap":{"nvknow":[{"date":"2022-08-15","commitResults":[{"hash":"472da2c1eaf9028f10dbd96b750b9f50f4b1e1ef","messageTitle":"greet without indentation and horizontal","messageBody":"","fileTypesAndContributionMap":{"java":{"insertions":9,"deletions":6}}}]},{"date":"2022-08-16","commitResults":[{"hash":"5dabd6ceb9588631d9946ac13996177fa8beb2b9","messageTitle":"indentation and horizontal lines","messageBody":"","tags":["Level-0"],"fileTypesAndContributionMap":{"java":{"insertions":12,"deletions":9}}}]},{"date":"2022-08-25","commitResults":[{"hash":"47c37b1f09bc67cfd0e3034a1f530e7a26e3ca40","messageTitle":"Greet, Echo, Exit","messageBody":"","tags":["Level-1"],"fileTypesAndContributionMap":{"java":{"insertions":31,"deletions":6}}},{"hash":"9ebd2b92e2cf855fb43d055cdb9d3c373610f10e","messageTitle":"Add, List","messageBody":"","tags":["Level-2"],"fileTypesAndContributionMap":{"java":{"insertions":12,"deletions":1}}}]},{"date":"2022-08-27","commitResults":[{"hash":"47a421aca6a83c0656792f62adb4c142c65f2736","messageTitle":"Mark as Done","messageBody":"","tags":["Level-3"],"fileTypesAndContributionMap":{"java":{"insertions":65,"deletions":15}}},{"hash":"5e3cfb8be78ea8770b9ffbfbdef109dc87343054","messageTitle":"A-CodingStandard","messageBody":"","tags":["A-CodingStandard"],"fileTypesAndContributionMap":{"java":{"insertions":0,"deletions":6}}},{"hash":"eb4bd1708f74e295feeec0ae5d321ea260a5a8d7","messageTitle":"MAX TASK","messageBody":"","fileTypesAndContributionMap":{"java":{"insertions":4,"deletions":2}}}]},{"date":"2022-09-02","commitResults":[{"hash":"9c86ac78c16d94004a3651b2c8a16df82dac03ba","messageTitle":"ToDos, Events, Deadlines","messageBody":"","tags":["Level-4","A-TextUiTesting"],"fileTypesAndContributionMap":{"java":{"insertions":134,"deletions":46}}}]},{"date":"2022-09-03","commitResults":[{"hash":"f2c02ce92c7d28885ce282232ec8c4eeb0f8930f","messageTitle":"Revised according to the advice of replacing magic number, using switch instead of \"if else\".","messageBody":"","fileTypesAndContributionMap":{"java":{"insertions":51,"deletions":49}}},{"hash":"92747248657b6d3722a50f9e12cf0e096904bc85","messageTitle":"extract method of mark, unmark, todo, deadline, event","messageBody":"","tags":["A-CodeQuality"],"fileTypesAndContributionMap":{"txt":{"insertions":6,"deletions":0},"java":{"insertions":49,"deletions":25}}}]},{"date":"2022-09-04","commitResults":[{"hash":"c0fbdb04baea77255a839050b28fbbc3251eee61","messageTitle":"change name of request","messageBody":"","fileTypesAndContributionMap":{"java":{"insertions":20,"deletions":21}}}]},{"date":"2022-09-06","commitResults":[{"hash":"902fcb237caeaa6bc07b4ef231ab1656e2ad7560","messageTitle":"catch default exception, remove blah and plain task","messageBody":"","fileTypesAndContributionMap":{"java":{"insertions":50,"deletions":54}}},{"hash":"e60df710d88a263f187fd25a477b7a634eb6a8bf","messageTitle":"try + addTodo, addEvent, addDeadline, mark, unmark","messageBody":"","tags":["A-Exceptions"],"fileTypesAndContributionMap":{"java":{"insertions":70,"deletions":11}}},{"hash":"e9ca998ac1f7ddfd3cd1d6ed8c9d632230c235ab","messageTitle":"organize into packages","messageBody":"","fileTypesAndContributionMap":{"java":{"insertions":97,"deletions":69}}},{"hash":"e8da677c8953ec2fc77d5a83a885ad2546558b32","messageTitle":"organize into command","messageBody":"","fileTypesAndContributionMap":{"java":{"insertions":14,"deletions":18}}},{"hash":"8e6526f6e80be3b2c92291033c0dafa3da520998","messageTitle":"put more function into task, add more space to meet the coding standard","messageBody":"","fileTypesAndContributionMap":{"java":{"insertions":87,"deletions":81}}}]},{"date":"2022-09-13","commitResults":[{"hash":"998d02d14e4243d97bbd56131d87ea789f6614e8","messageTitle":"use ArrayList\u003cTask\u003e","messageBody":"","tags":["A-Collections"],"fileTypesAndContributionMap":{"java":{"insertions":32,"deletions":24}}},{"hash":"b9f7a961b4bc47796062c3b502327c5627b01d9d","messageTitle":"Delete, delete id in task","messageBody":"","tags":["Level-6"],"fileTypesAndContributionMap":{"java":{"insertions":40,"deletions":20}}}]},{"date":"2022-09-14","commitResults":[{"hash":"618b1a2e0738f2150bc2d07ccd388c73e7510fdb","messageTitle":"write to file","messageBody":"","fileTypesAndContributionMap":{"txt":{"insertions":3,"deletions":0},"java":{"insertions":65,"deletions":2}}},{"hash":"72bd84a0bb94c85cb0264cd7aac1358d9fadd0da","messageTitle":"Save (read + write)","messageBody":"","tags":["Level-7"],"fileTypesAndContributionMap":{"txt":{"insertions":2,"deletions":1},"java":{"insertions":44,"deletions":1}}}]},{"date":"2022-09-24","commitResults":[{"hash":"bcecab7a90ea337f95973d22bce2fc8f6e159169","messageTitle":"moreOOP without parser and command","messageBody":"","fileTypesAndContributionMap":{"java":{"insertions":372,"deletions":303}}}]},{"date":"2022-09-25","commitResults":[{"hash":"a47d3b66f2c6e4a4d688ab9e99ba9eb0ad1e113d","messageTitle":"Parser and Command","messageBody":"","tags":["A-MoreOOP"],"fileTypesAndContributionMap":{"java":{"insertions":215,"deletions":52}}},{"hash":"416559e542da4540a9962f426a1c69ab699c1cd8","messageTitle":"find","messageBody":"","fileTypesAndContributionMap":{"java":{"insertions":2,"deletions":0}}},{"hash":"a77018f363e80e30e5384b917a55faac4ad4f1a9","messageTitle":"find","messageBody":"","tags":["Level-9"],"fileTypesAndContributionMap":{"txt":{"insertions":1,"deletions":0},"java":{"insertions":46,"deletions":3}}},{"hash":"1aa5585fae39ba3ee4f396dde24ca861fe3f090e","messageTitle":"A-JavaDoc","messageBody":"","tags":["A-JavaDoc"],"fileTypesAndContributionMap":{"java":{"insertions":118,"deletions":5}}},{"hash":"5ae4bc86d585caa80d63182fa31184f52964c220","messageTitle":"userguide","messageBody":"","tags":["A-UserGuide"],"fileTypesAndContributionMap":{"java":{"insertions":3,"deletions":3},"md":{"insertions":156,"deletions":9}}}]},{"date":"2022-09-27","commitResults":[{"hash":"8c3f05d7c1f9069cfdc7041b5937043b3b69086d","messageTitle":"exception handling includes keyword tolowercase, adding task with wrong description, extra space between words, and etc","messageBody":"","fileTypesAndContributionMap":{"txt":{"insertions":2,"deletions":4},"java":{"insertions":81,"deletions":52}}}]}]},"authorFileTypeContributionMap":{"nvknow":{"java":849,"md":156,"fxml":0,"sh":0,"bat":0,"gradle":0,"txt":8}},"authorContributionVariance":{"nvknow":23278.068},"authorDisplayNameMap":{"nvknow":"CS2113-F11-2 CAO ..IKAI"}}
