{"authorDailyContributionsMap":{"nvknow":[{"date":"2022-08-15","commitResults":[{"hash":"472da2c1eaf9028f10dbd96b750b9f50f4b1e1ef","messageTitle":"greet without indentation and horizontal","messageBody":"","fileTypesAndContributionMap":{"java":{"insertions":9,"deletions":6}}}]},{"date":"2022-08-16","commitResults":[{"hash":"5dabd6ceb9588631d9946ac13996177fa8beb2b9","messageTitle":"indentation and horizontal lines","messageBody":"","fileTypesAndContributionMap":{"java":{"insertions":12,"deletions":9}}}]}]},"authorFileTypeContributionMap":{"nvknow":{"java":12,"md":0,"fxml":0,"sh":0,"bat":0,"gradle":0,"txt":0}},"authorContributionVariance":{"nvknow":81.36},"authorDisplayNameMap":{"nvknow":"CAO ..IKAI"}}
