[{"path":"src/main/java/DeadlineTask.java","fileType":"java","lines":[{"lineNumber":1,"author":{"gitId":"owenl131"},"content":"public class DeadlineTask extends Task {","lastModifiedDate":"2022-08-26"},{"lineNumber":2,"author":{"gitId":"owenl131"},"content":"    private final String deadline;","lastModifiedDate":"2022-08-26"},{"lineNumber":3,"author":{"gitId":"owenl131"},"content":"","lastModifiedDate":"2022-08-26"},{"lineNumber":4,"author":{"gitId":"owenl131"},"content":"    public DeadlineTask(String name, String deadline) {","lastModifiedDate":"2022-08-26"},{"lineNumber":5,"author":{"gitId":"owenl131"},"content":"        super(name);","lastModifiedDate":"2022-08-26"},{"lineNumber":6,"author":{"gitId":"owenl131"},"content":"        this.deadline \u003d deadline;","lastModifiedDate":"2022-08-26"},{"lineNumber":7,"author":{"gitId":"owenl131"},"content":"    }","lastModifiedDate":"2022-08-26"},{"lineNumber":8,"author":{"gitId":"owenl131"},"content":"","lastModifiedDate":"2022-08-26"},{"lineNumber":9,"author":{"gitId":"owenl131"},"content":"    @Override","lastModifiedDate":"2022-08-26"},{"lineNumber":10,"author":{"gitId":"owenl131"},"content":"    public String toString() {","lastModifiedDate":"2022-08-26"},{"lineNumber":11,"author":{"gitId":"owenl131"},"content":"        return String.format(\"[D]%s (by: %s)\", super.toString(), deadline);","lastModifiedDate":"2022-08-26"},{"lineNumber":12,"author":{"gitId":"owenl131"},"content":"    }","lastModifiedDate":"2022-08-26"},{"lineNumber":13,"author":{"gitId":"owenl131"},"content":"","lastModifiedDate":"2022-08-26"},{"lineNumber":14,"author":{"gitId":"owenl131"},"content":"}","lastModifiedDate":"2022-08-26"}],"authorContributionMap":{"owenl131":14}},{"path":"src/main/java/Duke.java","fileType":"java","lines":[{"lineNumber":1,"author":{"gitId":"owenl131"},"content":"import java.util.Scanner;","lastModifiedDate":"2022-08-19"},{"lineNumber":2,"author":{"gitId":"owenl131"},"content":"","lastModifiedDate":"2022-08-19"},{"lineNumber":3,"author":{"gitId":"-"},"content":"public class Duke {","lastModifiedDate":"2019-07-29"},{"lineNumber":4,"author":{"gitId":"owenl131"},"content":"    private static final String INDENT \u003d \"    \";","lastModifiedDate":"2022-08-19"},{"lineNumber":5,"author":{"gitId":"owenl131"},"content":"    private static final String HORIZONTAL_RULE \u003d \"____________________________________________________________\\n\";","lastModifiedDate":"2022-08-19"},{"lineNumber":6,"author":{"gitId":"owenl131"},"content":"    private static final String DUKE_LOGO \u003d \"\" + \" ____        _        \\n\" + \"|  _ \\\\ _   _| | _____ \\n\"","lastModifiedDate":"2022-08-26"},{"lineNumber":7,"author":{"gitId":"owenl131"},"content":"            + \"| | | | | | | |/ / _ \\\\\\n\" + \"| |_| | |_| |   \u003c  __/\\n\" + \"|____/ \\\\__,_|_|\\\\_\\\\___|\\n\";","lastModifiedDate":"2022-08-26"},{"lineNumber":8,"author":{"gitId":"owenl131"},"content":"    private static final String[] GREETING \u003d { \"Hello! I\u0027m Duke\", \"What can I do for you?\" };","lastModifiedDate":"2022-08-26"},{"lineNumber":9,"author":{"gitId":"owenl131"},"content":"    private static final String EXIT_MESSAGE \u003d \"Bye. Hope to see you again soon!\";","lastModifiedDate":"2022-08-19"},{"lineNumber":10,"author":{"gitId":"owenl131"},"content":"","lastModifiedDate":"2022-08-19"},{"lineNumber":11,"author":{"gitId":"owenl131"},"content":"    private static ListManager listManager \u003d new ListManager();","lastModifiedDate":"2022-08-19"},{"lineNumber":12,"author":{"gitId":"owenl131"},"content":"","lastModifiedDate":"2022-08-19"},{"lineNumber":13,"author":{"gitId":"owenl131"},"content":"    public static void displayMessage(String[] lines) {","lastModifiedDate":"2022-08-19"},{"lineNumber":14,"author":{"gitId":"owenl131"},"content":"        System.out.println(INDENT + HORIZONTAL_RULE);","lastModifiedDate":"2022-08-19"},{"lineNumber":15,"author":{"gitId":"owenl131"},"content":"        for (String line : lines) {","lastModifiedDate":"2022-08-19"},{"lineNumber":16,"author":{"gitId":"owenl131"},"content":"            System.out.println(INDENT + \" \" + line);","lastModifiedDate":"2022-08-19"},{"lineNumber":17,"author":{"gitId":"owenl131"},"content":"        }","lastModifiedDate":"2022-08-19"},{"lineNumber":18,"author":{"gitId":"owenl131"},"content":"        System.out.println(INDENT + HORIZONTAL_RULE);","lastModifiedDate":"2022-08-19"},{"lineNumber":19,"author":{"gitId":"owenl131"},"content":"    }","lastModifiedDate":"2022-08-19"},{"lineNumber":20,"author":{"gitId":"owenl131"},"content":"","lastModifiedDate":"2022-08-19"},{"lineNumber":21,"author":{"gitId":"owenl131"},"content":"    public static void displayMessage(String line) {","lastModifiedDate":"2022-08-19"},{"lineNumber":22,"author":{"gitId":"owenl131"},"content":"        displayMessage(line.split(\"\\n\"));","lastModifiedDate":"2022-08-19"},{"lineNumber":23,"author":{"gitId":"owenl131"},"content":"    }","lastModifiedDate":"2022-08-19"},{"lineNumber":24,"author":{"gitId":"owenl131"},"content":"","lastModifiedDate":"2022-08-19"},{"lineNumber":25,"author":{"gitId":"owenl131"},"content":"    public static void processInput(String input) {","lastModifiedDate":"2022-08-19"},{"lineNumber":26,"author":{"gitId":"owenl131"},"content":"        // command types: read, return, list","lastModifiedDate":"2022-08-19"},{"lineNumber":27,"author":{"gitId":"owenl131"},"content":"        if (input.startsWith(\"list\")) {","lastModifiedDate":"2022-08-19"},{"lineNumber":28,"author":{"gitId":"owenl131"},"content":"            displayMessage(listManager.toString());","lastModifiedDate":"2022-08-19"},{"lineNumber":29,"author":{"gitId":"owenl131"},"content":"        } else if (input.startsWith(\"mark\")) {","lastModifiedDate":"2022-08-19"},{"lineNumber":30,"author":{"gitId":"owenl131"},"content":"            int index \u003d Integer.parseInt(input.substring(\"mark\".length()).trim());","lastModifiedDate":"2022-08-19"},{"lineNumber":31,"author":{"gitId":"owenl131"},"content":"            listManager.markDone(index);","lastModifiedDate":"2022-08-19"},{"lineNumber":32,"author":{"gitId":"owenl131"},"content":"            displayMessage(String.format(\"Nice! I\u0027ve marked this task as done:\\n %s\", listManager.getItem(index)));","lastModifiedDate":"2022-08-26"},{"lineNumber":33,"author":{"gitId":"owenl131"},"content":"        } else if (input.startsWith(\"unmark\")) {","lastModifiedDate":"2022-08-19"},{"lineNumber":34,"author":{"gitId":"owenl131"},"content":"            int index \u003d Integer.parseInt(input.substring(\"unmark\".length()).trim());","lastModifiedDate":"2022-08-19"},{"lineNumber":35,"author":{"gitId":"owenl131"},"content":"            listManager.markUndone(index);","lastModifiedDate":"2022-08-19"},{"lineNumber":36,"author":{"gitId":"owenl131"},"content":"            displayMessage(","lastModifiedDate":"2022-08-26"},{"lineNumber":37,"author":{"gitId":"owenl131"},"content":"                    String.format(\"OK, I\u0027ve marked this task as not done yet:\\n %s\", listManager.getItem(index)));","lastModifiedDate":"2022-08-26"},{"lineNumber":38,"author":{"gitId":"owenl131"},"content":"        } else {","lastModifiedDate":"2022-08-19"},{"lineNumber":39,"author":{"gitId":"owenl131"},"content":"            listManager.addItem(input);","lastModifiedDate":"2022-08-19"},{"lineNumber":40,"author":{"gitId":"owenl131"},"content":"            displayMessage(\"added: \" + input);","lastModifiedDate":"2022-08-19"},{"lineNumber":41,"author":{"gitId":"owenl131"},"content":"        }","lastModifiedDate":"2022-08-19"},{"lineNumber":42,"author":{"gitId":"owenl131"},"content":"    }","lastModifiedDate":"2022-08-19"},{"lineNumber":43,"author":{"gitId":"owenl131"},"content":"","lastModifiedDate":"2022-08-19"},{"lineNumber":44,"author":{"gitId":"-"},"content":"    public static void main(String[] args) {","lastModifiedDate":"2022-08-19"},{"lineNumber":45,"author":{"gitId":"owenl131"},"content":"        System.out.println(DUKE_LOGO);","lastModifiedDate":"2022-08-19"},{"lineNumber":46,"author":{"gitId":"owenl131"},"content":"        displayMessage(GREETING);","lastModifiedDate":"2022-08-19"},{"lineNumber":47,"author":{"gitId":"owenl131"},"content":"        Scanner scanner \u003d new Scanner(System.in);","lastModifiedDate":"2022-08-19"},{"lineNumber":48,"author":{"gitId":"owenl131"},"content":"        while (true) {","lastModifiedDate":"2022-08-19"},{"lineNumber":49,"author":{"gitId":"owenl131"},"content":"            String input \u003d scanner.nextLine();","lastModifiedDate":"2022-08-19"},{"lineNumber":50,"author":{"gitId":"owenl131"},"content":"            if (input.equals(\"bye\")) {","lastModifiedDate":"2022-08-19"},{"lineNumber":51,"author":{"gitId":"owenl131"},"content":"                break;","lastModifiedDate":"2022-08-19"},{"lineNumber":52,"author":{"gitId":"owenl131"},"content":"            }","lastModifiedDate":"2022-08-19"},{"lineNumber":53,"author":{"gitId":"owenl131"},"content":"            processInput(input.trim());","lastModifiedDate":"2022-08-26"},{"lineNumber":54,"author":{"gitId":"owenl131"},"content":"        }","lastModifiedDate":"2022-08-19"},{"lineNumber":55,"author":{"gitId":"owenl131"},"content":"        displayMessage(EXIT_MESSAGE);","lastModifiedDate":"2022-08-19"},{"lineNumber":56,"author":{"gitId":"owenl131"},"content":"        scanner.close();","lastModifiedDate":"2022-08-19"},{"lineNumber":57,"author":{"gitId":"-"},"content":"    }","lastModifiedDate":"2019-07-29"},{"lineNumber":58,"author":{"gitId":"-"},"content":"}","lastModifiedDate":"2019-07-29"}],"authorContributionMap":{"owenl131":54,"-":4}},{"path":"src/main/java/EventTask.java","fileType":"java","lines":[{"lineNumber":1,"author":{"gitId":"owenl131"},"content":"public class EventTask extends Task {","lastModifiedDate":"2022-08-26"},{"lineNumber":2,"author":{"gitId":"owenl131"},"content":"    private String eventDateTime;","lastModifiedDate":"2022-08-26"},{"lineNumber":3,"author":{"gitId":"owenl131"},"content":"","lastModifiedDate":"2022-08-26"},{"lineNumber":4,"author":{"gitId":"owenl131"},"content":"    public EventTask(String name, String eventDateTime) {","lastModifiedDate":"2022-08-26"},{"lineNumber":5,"author":{"gitId":"owenl131"},"content":"        super(name);","lastModifiedDate":"2022-08-26"},{"lineNumber":6,"author":{"gitId":"owenl131"},"content":"        this.eventDateTime \u003d eventDateTime;","lastModifiedDate":"2022-08-26"},{"lineNumber":7,"author":{"gitId":"owenl131"},"content":"    }","lastModifiedDate":"2022-08-26"},{"lineNumber":8,"author":{"gitId":"owenl131"},"content":"","lastModifiedDate":"2022-08-26"},{"lineNumber":9,"author":{"gitId":"owenl131"},"content":"    @Override","lastModifiedDate":"2022-08-26"},{"lineNumber":10,"author":{"gitId":"owenl131"},"content":"    public String toString() {","lastModifiedDate":"2022-08-26"},{"lineNumber":11,"author":{"gitId":"owenl131"},"content":"        return \"[E]\" + super.toString() + \" (at: \" + eventDateTime + \")\";","lastModifiedDate":"2022-08-26"},{"lineNumber":12,"author":{"gitId":"owenl131"},"content":"    }","lastModifiedDate":"2022-08-26"},{"lineNumber":13,"author":{"gitId":"owenl131"},"content":"","lastModifiedDate":"2022-08-26"},{"lineNumber":14,"author":{"gitId":"owenl131"},"content":"}","lastModifiedDate":"2022-08-26"}],"authorContributionMap":{"owenl131":14}},{"path":"src/main/java/ListManager.java","fileType":"java","lines":[{"lineNumber":1,"author":{"gitId":"owenl131"},"content":"import java.util.List;","lastModifiedDate":"2022-08-19"},{"lineNumber":2,"author":{"gitId":"owenl131"},"content":"import java.util.ArrayList;","lastModifiedDate":"2022-08-19"},{"lineNumber":3,"author":{"gitId":"owenl131"},"content":"","lastModifiedDate":"2022-08-19"},{"lineNumber":4,"author":{"gitId":"owenl131"},"content":"public class ListManager {","lastModifiedDate":"2022-08-19"},{"lineNumber":5,"author":{"gitId":"owenl131"},"content":"    List\u003cTask\u003e items;","lastModifiedDate":"2022-08-19"},{"lineNumber":6,"author":{"gitId":"owenl131"},"content":"","lastModifiedDate":"2022-08-19"},{"lineNumber":7,"author":{"gitId":"owenl131"},"content":"    public ListManager() {","lastModifiedDate":"2022-08-19"},{"lineNumber":8,"author":{"gitId":"owenl131"},"content":"        items \u003d new ArrayList\u003c\u003e();","lastModifiedDate":"2022-08-19"},{"lineNumber":9,"author":{"gitId":"owenl131"},"content":"    }","lastModifiedDate":"2022-08-19"},{"lineNumber":10,"author":{"gitId":"owenl131"},"content":"","lastModifiedDate":"2022-08-19"},{"lineNumber":11,"author":{"gitId":"owenl131"},"content":"    public Task getItem(int index) {","lastModifiedDate":"2022-08-19"},{"lineNumber":12,"author":{"gitId":"owenl131"},"content":"        if (index \u003e\u003d 1 \u0026\u0026 index \u003c\u003d items.size()) {","lastModifiedDate":"2022-08-19"},{"lineNumber":13,"author":{"gitId":"owenl131"},"content":"            return items.get(index - 1);","lastModifiedDate":"2022-08-19"},{"lineNumber":14,"author":{"gitId":"owenl131"},"content":"        } else {","lastModifiedDate":"2022-08-19"},{"lineNumber":15,"author":{"gitId":"owenl131"},"content":"            return null;","lastModifiedDate":"2022-08-19"},{"lineNumber":16,"author":{"gitId":"owenl131"},"content":"        }","lastModifiedDate":"2022-08-19"},{"lineNumber":17,"author":{"gitId":"owenl131"},"content":"    }","lastModifiedDate":"2022-08-19"},{"lineNumber":18,"author":{"gitId":"owenl131"},"content":"","lastModifiedDate":"2022-08-19"},{"lineNumber":19,"author":{"gitId":"owenl131"},"content":"    public void addItem(String item) {","lastModifiedDate":"2022-08-19"},{"lineNumber":20,"author":{"gitId":"owenl131"},"content":"        items.add(TaskFactory.createTask(item));","lastModifiedDate":"2022-08-26"},{"lineNumber":21,"author":{"gitId":"owenl131"},"content":"    }","lastModifiedDate":"2022-08-19"},{"lineNumber":22,"author":{"gitId":"owenl131"},"content":"","lastModifiedDate":"2022-08-19"},{"lineNumber":23,"author":{"gitId":"owenl131"},"content":"    public void markDone(int index) {","lastModifiedDate":"2022-08-19"},{"lineNumber":24,"author":{"gitId":"owenl131"},"content":"        if (index \u003e\u003d 1 \u0026\u0026 index \u003c\u003d items.size()) {","lastModifiedDate":"2022-08-19"},{"lineNumber":25,"author":{"gitId":"owenl131"},"content":"            items.get(index - 1).markDone();","lastModifiedDate":"2022-08-19"},{"lineNumber":26,"author":{"gitId":"owenl131"},"content":"        }","lastModifiedDate":"2022-08-19"},{"lineNumber":27,"author":{"gitId":"owenl131"},"content":"    }","lastModifiedDate":"2022-08-19"},{"lineNumber":28,"author":{"gitId":"owenl131"},"content":"","lastModifiedDate":"2022-08-19"},{"lineNumber":29,"author":{"gitId":"owenl131"},"content":"    public void markUndone(int index) {","lastModifiedDate":"2022-08-19"},{"lineNumber":30,"author":{"gitId":"owenl131"},"content":"        if (index \u003e\u003d 1 \u0026\u0026 index \u003c\u003d items.size()) {","lastModifiedDate":"2022-08-19"},{"lineNumber":31,"author":{"gitId":"owenl131"},"content":"            items.get(index - 1).markUndone();","lastModifiedDate":"2022-08-19"},{"lineNumber":32,"author":{"gitId":"owenl131"},"content":"        }","lastModifiedDate":"2022-08-19"},{"lineNumber":33,"author":{"gitId":"owenl131"},"content":"    }","lastModifiedDate":"2022-08-19"},{"lineNumber":34,"author":{"gitId":"owenl131"},"content":"","lastModifiedDate":"2022-08-19"},{"lineNumber":35,"author":{"gitId":"owenl131"},"content":"    public String toString() {","lastModifiedDate":"2022-08-19"},{"lineNumber":36,"author":{"gitId":"owenl131"},"content":"        StringBuilder sb \u003d new StringBuilder();","lastModifiedDate":"2022-08-19"},{"lineNumber":37,"author":{"gitId":"owenl131"},"content":"        sb.append(\"Here are the tasks in your list:\\n\");","lastModifiedDate":"2022-08-19"},{"lineNumber":38,"author":{"gitId":"owenl131"},"content":"        for (int i \u003d 0; i \u003c items.size(); i++) {","lastModifiedDate":"2022-08-19"},{"lineNumber":39,"author":{"gitId":"owenl131"},"content":"            sb.append(String.format(\"%d.%s\\n\", i + 1, items.get(i)));","lastModifiedDate":"2022-08-26"},{"lineNumber":40,"author":{"gitId":"owenl131"},"content":"        }","lastModifiedDate":"2022-08-19"},{"lineNumber":41,"author":{"gitId":"owenl131"},"content":"        return sb.toString();","lastModifiedDate":"2022-08-19"},{"lineNumber":42,"author":{"gitId":"owenl131"},"content":"    }","lastModifiedDate":"2022-08-19"},{"lineNumber":43,"author":{"gitId":"owenl131"},"content":"}","lastModifiedDate":"2022-08-19"}],"authorContributionMap":{"owenl131":43}},{"path":"src/main/java/Task.java","fileType":"java","lines":[{"lineNumber":1,"author":{"gitId":"owenl131"},"content":"","lastModifiedDate":"2022-08-19"},{"lineNumber":2,"author":{"gitId":"owenl131"},"content":"public class Task {","lastModifiedDate":"2022-08-19"},{"lineNumber":3,"author":{"gitId":"owenl131"},"content":"    private String name;","lastModifiedDate":"2022-08-19"},{"lineNumber":4,"author":{"gitId":"owenl131"},"content":"    private boolean status;","lastModifiedDate":"2022-08-19"},{"lineNumber":5,"author":{"gitId":"owenl131"},"content":"","lastModifiedDate":"2022-08-19"},{"lineNumber":6,"author":{"gitId":"owenl131"},"content":"    public Task() {","lastModifiedDate":"2022-08-26"},{"lineNumber":7,"author":{"gitId":"owenl131"},"content":"        this(\"\");","lastModifiedDate":"2022-08-26"},{"lineNumber":8,"author":{"gitId":"owenl131"},"content":"    }","lastModifiedDate":"2022-08-26"},{"lineNumber":9,"author":{"gitId":"owenl131"},"content":"","lastModifiedDate":"2022-08-26"},{"lineNumber":10,"author":{"gitId":"owenl131"},"content":"    public Task(String name) {","lastModifiedDate":"2022-08-19"},{"lineNumber":11,"author":{"gitId":"owenl131"},"content":"        this.name \u003d name;","lastModifiedDate":"2022-08-19"},{"lineNumber":12,"author":{"gitId":"owenl131"},"content":"        this.status \u003d false;","lastModifiedDate":"2022-08-19"},{"lineNumber":13,"author":{"gitId":"owenl131"},"content":"    }","lastModifiedDate":"2022-08-19"},{"lineNumber":14,"author":{"gitId":"owenl131"},"content":"","lastModifiedDate":"2022-08-19"},{"lineNumber":15,"author":{"gitId":"owenl131"},"content":"    @Override","lastModifiedDate":"2022-08-19"},{"lineNumber":16,"author":{"gitId":"owenl131"},"content":"    public String toString() {","lastModifiedDate":"2022-08-19"},{"lineNumber":17,"author":{"gitId":"owenl131"},"content":"        return String.format(\"[%s] %s\", this.isDone() ? \"X\" : \" \", this.getName());","lastModifiedDate":"2022-08-26"},{"lineNumber":18,"author":{"gitId":"owenl131"},"content":"    }","lastModifiedDate":"2022-08-19"},{"lineNumber":19,"author":{"gitId":"owenl131"},"content":"","lastModifiedDate":"2022-08-19"},{"lineNumber":20,"author":{"gitId":"owenl131"},"content":"    public String getName() {","lastModifiedDate":"2022-08-19"},{"lineNumber":21,"author":{"gitId":"owenl131"},"content":"        return name;","lastModifiedDate":"2022-08-19"},{"lineNumber":22,"author":{"gitId":"owenl131"},"content":"    }","lastModifiedDate":"2022-08-19"},{"lineNumber":23,"author":{"gitId":"owenl131"},"content":"","lastModifiedDate":"2022-08-19"},{"lineNumber":24,"author":{"gitId":"owenl131"},"content":"    public boolean isDone() {","lastModifiedDate":"2022-08-19"},{"lineNumber":25,"author":{"gitId":"owenl131"},"content":"        return status;","lastModifiedDate":"2022-08-19"},{"lineNumber":26,"author":{"gitId":"owenl131"},"content":"    }","lastModifiedDate":"2022-08-19"},{"lineNumber":27,"author":{"gitId":"owenl131"},"content":"","lastModifiedDate":"2022-08-19"},{"lineNumber":28,"author":{"gitId":"owenl131"},"content":"    public void markDone() {","lastModifiedDate":"2022-08-19"},{"lineNumber":29,"author":{"gitId":"owenl131"},"content":"        this.status \u003d true;","lastModifiedDate":"2022-08-19"},{"lineNumber":30,"author":{"gitId":"owenl131"},"content":"    }","lastModifiedDate":"2022-08-19"},{"lineNumber":31,"author":{"gitId":"owenl131"},"content":"","lastModifiedDate":"2022-08-19"},{"lineNumber":32,"author":{"gitId":"owenl131"},"content":"    public void markUndone() {","lastModifiedDate":"2022-08-19"},{"lineNumber":33,"author":{"gitId":"owenl131"},"content":"        this.status \u003d false;","lastModifiedDate":"2022-08-19"},{"lineNumber":34,"author":{"gitId":"owenl131"},"content":"    }","lastModifiedDate":"2022-08-19"},{"lineNumber":35,"author":{"gitId":"owenl131"},"content":"}","lastModifiedDate":"2022-08-19"}],"authorContributionMap":{"owenl131":35}},{"path":"src/main/java/TaskFactory.java","fileType":"java","lines":[{"lineNumber":1,"author":{"gitId":"owenl131"},"content":"import java.util.Map;","lastModifiedDate":"2022-08-26"},{"lineNumber":2,"author":{"gitId":"owenl131"},"content":"import java.util.TreeMap;","lastModifiedDate":"2022-08-26"},{"lineNumber":3,"author":{"gitId":"owenl131"},"content":"","lastModifiedDate":"2022-08-26"},{"lineNumber":4,"author":{"gitId":"owenl131"},"content":"public class TaskFactory {","lastModifiedDate":"2022-08-26"},{"lineNumber":5,"author":{"gitId":"owenl131"},"content":"    private static String parseKeyword(String description) {","lastModifiedDate":"2022-08-26"},{"lineNumber":6,"author":{"gitId":"owenl131"},"content":"        return description.split(\" \")[0];","lastModifiedDate":"2022-08-26"},{"lineNumber":7,"author":{"gitId":"owenl131"},"content":"    }","lastModifiedDate":"2022-08-26"},{"lineNumber":8,"author":{"gitId":"owenl131"},"content":"","lastModifiedDate":"2022-08-26"},{"lineNumber":9,"author":{"gitId":"owenl131"},"content":"    private static String parseName(String description) {","lastModifiedDate":"2022-08-26"},{"lineNumber":10,"author":{"gitId":"owenl131"},"content":"        int firstSpace \u003d description.indexOf(\u0027 \u0027);","lastModifiedDate":"2022-08-26"},{"lineNumber":11,"author":{"gitId":"owenl131"},"content":"        String withoutKeyword \u003d description.substring(firstSpace + 1);","lastModifiedDate":"2022-08-26"},{"lineNumber":12,"author":{"gitId":"owenl131"},"content":"        int firstSlash \u003d withoutKeyword.indexOf(\u0027/\u0027);","lastModifiedDate":"2022-08-26"},{"lineNumber":13,"author":{"gitId":"owenl131"},"content":"        if (firstSlash !\u003d -1) {","lastModifiedDate":"2022-08-26"},{"lineNumber":14,"author":{"gitId":"owenl131"},"content":"            String withoutParams \u003d withoutKeyword.substring(0, firstSlash - 1);","lastModifiedDate":"2022-08-26"},{"lineNumber":15,"author":{"gitId":"owenl131"},"content":"            return withoutParams.trim();","lastModifiedDate":"2022-08-26"},{"lineNumber":16,"author":{"gitId":"owenl131"},"content":"        }","lastModifiedDate":"2022-08-26"},{"lineNumber":17,"author":{"gitId":"owenl131"},"content":"        return withoutKeyword.trim();","lastModifiedDate":"2022-08-26"},{"lineNumber":18,"author":{"gitId":"owenl131"},"content":"    }","lastModifiedDate":"2022-08-26"},{"lineNumber":19,"author":{"gitId":"owenl131"},"content":"","lastModifiedDate":"2022-08-26"},{"lineNumber":20,"author":{"gitId":"owenl131"},"content":"    private static Map\u003cString, String\u003e parseParams(String description) {","lastModifiedDate":"2022-08-26"},{"lineNumber":21,"author":{"gitId":"owenl131"},"content":"        Map\u003cString, String\u003e paramsMap \u003d new TreeMap\u003c\u003e();","lastModifiedDate":"2022-08-26"},{"lineNumber":22,"author":{"gitId":"owenl131"},"content":"        int firstSlash \u003d description.indexOf(\u0027/\u0027);","lastModifiedDate":"2022-08-26"},{"lineNumber":23,"author":{"gitId":"owenl131"},"content":"        if (firstSlash \u003d\u003d -1) {","lastModifiedDate":"2022-08-26"},{"lineNumber":24,"author":{"gitId":"owenl131"},"content":"            return paramsMap;","lastModifiedDate":"2022-08-26"},{"lineNumber":25,"author":{"gitId":"owenl131"},"content":"        }","lastModifiedDate":"2022-08-26"},{"lineNumber":26,"author":{"gitId":"owenl131"},"content":"        String paramsString \u003d description.substring(firstSlash + 1);","lastModifiedDate":"2022-08-26"},{"lineNumber":27,"author":{"gitId":"owenl131"},"content":"        for (String param : paramsString.split(\" /\")) {","lastModifiedDate":"2022-08-26"},{"lineNumber":28,"author":{"gitId":"owenl131"},"content":"            int firstSpace \u003d param.indexOf(\u0027 \u0027);","lastModifiedDate":"2022-08-26"},{"lineNumber":29,"author":{"gitId":"owenl131"},"content":"            String key \u003d param.substring(0, firstSpace).trim();","lastModifiedDate":"2022-08-26"},{"lineNumber":30,"author":{"gitId":"owenl131"},"content":"            String value \u003d param.substring(firstSpace + 1).trim();","lastModifiedDate":"2022-08-26"},{"lineNumber":31,"author":{"gitId":"owenl131"},"content":"            paramsMap.put(key, value);","lastModifiedDate":"2022-08-26"},{"lineNumber":32,"author":{"gitId":"owenl131"},"content":"        }","lastModifiedDate":"2022-08-26"},{"lineNumber":33,"author":{"gitId":"owenl131"},"content":"        return paramsMap;","lastModifiedDate":"2022-08-26"},{"lineNumber":34,"author":{"gitId":"owenl131"},"content":"","lastModifiedDate":"2022-08-26"},{"lineNumber":35,"author":{"gitId":"owenl131"},"content":"    }","lastModifiedDate":"2022-08-26"},{"lineNumber":36,"author":{"gitId":"owenl131"},"content":"","lastModifiedDate":"2022-08-26"},{"lineNumber":37,"author":{"gitId":"owenl131"},"content":"    public static Task createTask(String description) {","lastModifiedDate":"2022-08-26"},{"lineNumber":38,"author":{"gitId":"owenl131"},"content":"        String keyword \u003d parseKeyword(description);","lastModifiedDate":"2022-08-26"},{"lineNumber":39,"author":{"gitId":"owenl131"},"content":"        String name \u003d parseName(description);","lastModifiedDate":"2022-08-26"},{"lineNumber":40,"author":{"gitId":"owenl131"},"content":"        Map\u003cString, String\u003e params \u003d parseParams(description);","lastModifiedDate":"2022-08-26"},{"lineNumber":41,"author":{"gitId":"owenl131"},"content":"        switch (keyword) {","lastModifiedDate":"2022-08-26"},{"lineNumber":42,"author":{"gitId":"owenl131"},"content":"        case \"deadline\":","lastModifiedDate":"2022-08-26"},{"lineNumber":43,"author":{"gitId":"owenl131"},"content":"            return new DeadlineTask(name, params.get(\"by\"));","lastModifiedDate":"2022-08-26"},{"lineNumber":44,"author":{"gitId":"owenl131"},"content":"        case \"event\":","lastModifiedDate":"2022-08-26"},{"lineNumber":45,"author":{"gitId":"owenl131"},"content":"            return new EventTask(name, params.get(\"at\"));","lastModifiedDate":"2022-08-26"},{"lineNumber":46,"author":{"gitId":"owenl131"},"content":"        case \"todo\":","lastModifiedDate":"2022-08-26"},{"lineNumber":47,"author":{"gitId":"owenl131"},"content":"            return new TodoTask(name);","lastModifiedDate":"2022-08-26"},{"lineNumber":48,"author":{"gitId":"owenl131"},"content":"        default:","lastModifiedDate":"2022-08-26"},{"lineNumber":49,"author":{"gitId":"owenl131"},"content":"            return new Task(name);","lastModifiedDate":"2022-08-26"},{"lineNumber":50,"author":{"gitId":"owenl131"},"content":"        }","lastModifiedDate":"2022-08-26"},{"lineNumber":51,"author":{"gitId":"owenl131"},"content":"    }","lastModifiedDate":"2022-08-26"},{"lineNumber":52,"author":{"gitId":"owenl131"},"content":"}","lastModifiedDate":"2022-08-26"}],"authorContributionMap":{"owenl131":52}},{"path":"src/main/java/TodoTask.java","fileType":"java","lines":[{"lineNumber":1,"author":{"gitId":"owenl131"},"content":"public class TodoTask extends Task {","lastModifiedDate":"2022-08-26"},{"lineNumber":2,"author":{"gitId":"owenl131"},"content":"    public TodoTask(String name) {","lastModifiedDate":"2022-08-26"},{"lineNumber":3,"author":{"gitId":"owenl131"},"content":"        super(name);","lastModifiedDate":"2022-08-26"},{"lineNumber":4,"author":{"gitId":"owenl131"},"content":"    }","lastModifiedDate":"2022-08-26"},{"lineNumber":5,"author":{"gitId":"owenl131"},"content":"","lastModifiedDate":"2022-08-26"},{"lineNumber":6,"author":{"gitId":"owenl131"},"content":"    @Override","lastModifiedDate":"2022-08-26"},{"lineNumber":7,"author":{"gitId":"owenl131"},"content":"    public String toString() {","lastModifiedDate":"2022-08-26"},{"lineNumber":8,"author":{"gitId":"owenl131"},"content":"        return \"[T]\" + super.toString();","lastModifiedDate":"2022-08-26"},{"lineNumber":9,"author":{"gitId":"owenl131"},"content":"    }","lastModifiedDate":"2022-08-26"},{"lineNumber":10,"author":{"gitId":"owenl131"},"content":"}","lastModifiedDate":"2022-08-26"}],"authorContributionMap":{"owenl131":10}},{"path":"text-ui-test/input.txt","fileType":"txt","lines":[{"lineNumber":1,"author":{"gitId":"owenl131"},"content":"todo borrow book","lastModifiedDate":"2022-08-26"},{"lineNumber":2,"author":{"gitId":"owenl131"},"content":"list","lastModifiedDate":"2022-08-26"},{"lineNumber":3,"author":{"gitId":"owenl131"},"content":"deadline return book /by Sunday","lastModifiedDate":"2022-08-26"},{"lineNumber":4,"author":{"gitId":"owenl131"},"content":"event project meeting /at Mon 2-4pm","lastModifiedDate":"2022-08-26"},{"lineNumber":5,"author":{"gitId":"owenl131"},"content":"list","lastModifiedDate":"2022-08-26"},{"lineNumber":6,"author":{"gitId":"owenl131"},"content":"deadline do homework /by no idea :-p","lastModifiedDate":"2022-08-26"},{"lineNumber":7,"author":{"gitId":"owenl131"},"content":"list","lastModifiedDate":"2022-08-26"},{"lineNumber":8,"author":{"gitId":"owenl131"},"content":"mark 2","lastModifiedDate":"2022-08-26"},{"lineNumber":9,"author":{"gitId":"owenl131"},"content":"list","lastModifiedDate":"2022-08-26"},{"lineNumber":10,"author":{"gitId":"owenl131"},"content":"unmark 2","lastModifiedDate":"2022-08-26"},{"lineNumber":11,"author":{"gitId":"owenl131"},"content":"list","lastModifiedDate":"2022-08-26"},{"lineNumber":12,"author":{"gitId":"owenl131"},"content":"bye","lastModifiedDate":"2022-08-26"}],"authorContributionMap":{"owenl131":12}}]
