{"authorDailyContributionsMap":{"owenl131":[{"date":"2022-08-14","commitResults":[{"hash":"a81989dcb5044fad818d1a254cce0ecc56d55fe9","messageTitle":"Add greeting","messageBody":"","tags":["Level-0"],"fileTypesAndContributionMap":{"java":{"insertions":7,"deletions":0}}}]},{"date":"2022-08-19","commitResults":[{"hash":"4566c591f0da5277ce3626550faeef2a30205d01","messageTitle":"Echo user input","messageBody":"","tags":["Level-1"],"fileTypesAndContributionMap":{"java":{"insertions":45,"deletions":13}}},{"hash":"b3b910e3137748939316ead5eb2ad7b931fb71db","messageTitle":"Add list manager","messageBody":"","fileTypesAndContributionMap":{"java":{"insertions":22,"deletions":0}}},{"hash":"ba45c4b4cf10a8e6d2d90e938eff40369a8713c9","messageTitle":"Add input items to list manager and handle list command","messageBody":"","tags":["Level-2"],"fileTypesAndContributionMap":{"java":{"insertions":10,"deletions":4}}},{"hash":"ec869aaa2ff587fd7ba9a63845cef3fd8516ecb0","messageTitle":"Add ListItem class to track status","messageBody":"","fileTypesAndContributionMap":{"java":{"insertions":18,"deletions":0}}},{"hash":"c059384a81bbf1c7f1c117bb27c7143652a41fff","messageTitle":"Print status in list command","messageBody":"","fileTypesAndContributionMap":{"java":{"insertions":7,"deletions":3}}},{"hash":"11d2cf2583556e2509c574908a931acef60f4e16","messageTitle":"Rename ListItem to Task","messageBody":"","fileTypesAndContributionMap":{"java":{"insertions":33,"deletions":18}}},{"hash":"82ba805ad2def145cea5ae1d159638187c0acb3b","messageTitle":"Add commands to mark and unmark tasks","messageBody":"","tags":["Level-3","A-CodingStandard","A-Classes"],"fileTypesAndContributionMap":{"java":{"insertions":34,"deletions":5}}}]},{"date":"2022-08-26","commitResults":[{"hash":"762615be837ca36edd2e2e5bb1acbe1b4f4b018f","messageTitle":"Add subclasses for todos, deadlines and events","messageBody":"","fileTypesAndContributionMap":{"java":{"insertions":95,"deletions":3}}},{"hash":"857d8eca4afe16b4aca5cd41120e7a48a483fec2","messageTitle":"Use task factory to handle task creation","messageBody":"","fileTypesAndContributionMap":{"java":{"insertions":9,"deletions":18}}},{"hash":"75376b9ff954ceed813e6cd9b49ef1379e1d93c9","messageTitle":"Add automated testing","messageBody":"","fileTypesAndContributionMap":{"txt":{"insertions":12,"deletions":0}}}]},{"date":"2022-09-02","commitResults":[{"hash":"9c5751133f5ee21a41782db0882eb373d63aa711","messageTitle":"Add exception handling to check tasks validity","messageBody":"","fileTypesAndContributionMap":{"java":{"insertions":49,"deletions":21}}},{"hash":"fcc170ba08d3946247f46ce847ff0b3a9a189082","messageTitle":"Refactor exception messages to keep prefix in DukeException","messageBody":"","fileTypesAndContributionMap":{"java":{"insertions":11,"deletions":6}}},{"hash":"c1556e3b931c80f7bc407fe3b3cf383cbda2a9f9","messageTitle":"Update tests to check exception handling","messageBody":"","fileTypesAndContributionMap":{"txt":{"insertions":4,"deletions":0},"sh":{"insertions":0,"deletions":0}}},{"hash":"04e2d961d542a5366279a3f328ba8a4170228ce1","messageTitle":"Package code into duke and duke.task packages","messageBody":"","tags":["A-Packages","A-Exceptions"],"fileTypesAndContributionMap":{"java":{"insertions":29,"deletions":3},"sh":{"insertions":1,"deletions":1}}}]},{"date":"2022-09-09","commitResults":[{"hash":"0464aa83c4f2a8446fc1b271e5ff0b2c9600e206","messageTitle":"Handle delete command","messageBody":"","fileTypesAndContributionMap":{"java":{"insertions":7,"deletions":0}}},{"hash":"15a647faab72e77e73cbb474157e60e8b4730e43","messageTitle":"Save and load list of tasks","messageBody":"","fileTypesAndContributionMap":{"java":{"insertions":84,"deletions":5}}},{"hash":"d2591c9250984644eb6535df24838f539d1609a9","messageTitle":"Create data folder if not exists","messageBody":"","fileTypesAndContributionMap":{"java":{"insertions":6,"deletions":1}}},{"hash":"ca007cbf14991c1d62e504a729a7bf1b55e19ba4","messageTitle":"Fix bugs","messageBody":"","fileTypesAndContributionMap":{"java":{"insertions":6,"deletions":2}}},{"hash":"08ce4239b960b398079b0a6a684725b06ce08943","messageTitle":"Update automated tests","messageBody":"","tags":["A-Jar"],"fileTypesAndContributionMap":{"java":{"insertions":1,"deletions":1},"sh":{"insertions":6,"deletions":1}}}]}]},"authorFileTypeContributionMap":{"owenl131":{"java":377,"md":0,"fxml":0,"sh":7,"bat":0,"gradle":0,"txt":16}},"authorContributionVariance":{"owenl131":2804.5444},"authorDisplayNameMap":{"owenl131":"CS2113-F11-3 LEON..OWEN"}}
