{"authorDailyContributionsMap":{"gitpancaked":[{"date":"2022-08-19","commitResults":[{"hash":"d0359f795354cdf8f1972c4c198619b70e3a5367","messageTitle":"Level-0","messageBody":"","tags":["Level-0"],"fileTypesAndContributionMap":{"java":{"insertions":8,"deletions":0}}}]},{"date":"2022-08-25","commitResults":[{"hash":"c9f2e1e690030704a995aa10879d4fca65ba14d5","messageTitle":"Level-1","messageBody":"","tags":["Level-1"],"fileTypesAndContributionMap":{"java":{"insertions":40,"deletions":12}}},{"hash":"fde8640ddf1c3a7175f6d38690b00913c972bfd9","messageTitle":"Level-2","messageBody":"","tags":["Level-2"],"fileTypesAndContributionMap":{"java":{"insertions":22,"deletions":3}}},{"hash":"56588dfd0b3acadd32c06f5aadb908f8b00d3c51","messageTitle":"Level-3","messageBody":"","tags":["Level-3","A-CodingStandard"],"fileTypesAndContributionMap":{"java":{"insertions":68,"deletions":13}}}]},{"date":"2022-08-31","commitResults":[{"hash":"f0667c319ab8a4c51d2334c19e89f516c753ec08","messageTitle":"Level-4","messageBody":"","tags":["Level-4"],"fileTypesAndContributionMap":{"java":{"insertions":78,"deletions":7}}}]},{"date":"2022-09-02","commitResults":[{"hash":"f3e4b393af33ced1e37ea1654ce5bf0f7a5d253d","messageTitle":"A-TextUiTesting","messageBody":"","tags":["A-TextUiTesting"],"fileTypesAndContributionMap":{"txt":{"insertions":8,"deletions":0}}},{"hash":"78191b9f50a6595b97797e21073f05f789ddf48a","messageTitle":"A-CodeQuality","messageBody":"","tags":["A-CodeQuality"],"fileTypesAndContributionMap":{"java":{"insertions":19,"deletions":19}}}]},{"date":"2022-09-09","commitResults":[{"hash":"dde20aa6b4d50b591537b0c05a26e7fe5b9697c4","messageTitle":"Level-5","messageBody":"","fileTypesAndContributionMap":{"java":{"insertions":91,"deletions":69}}},{"hash":"080fcc4c92754c03b53edc310f85dd2594a1f62a","messageTitle":"A-Exceptions","messageBody":"","tags":["A-Exceptions"],"fileTypesAndContributionMap":{"java":{"insertions":68,"deletions":4}}}]},{"date":"2022-09-23","commitResults":[{"hash":"2fe4cbefcfe2b520f99afe9e8293253958eb9aab","messageTitle":"A-Packages","messageBody":"","tags":["A-Packages"],"fileTypesAndContributionMap":{"java":{"insertions":136,"deletions":65}}}]},{"date":"2022-09-24","commitResults":[{"hash":"38c43c5543e06a7ec2603a92cd56f078bd01896f","messageTitle":"Level-6","messageBody":"","tags":["Level-6","A-Collections"],"fileTypesAndContributionMap":{"java":{"insertions":90,"deletions":52}}}]},{"date":"2022-09-25","commitResults":[{"hash":"abbe7f18022e4520c68c7bcfb59b562740fc466e","messageTitle":"Level-7","messageBody":"","tags":["Level-7","A-Jar","!A-Jar"],"fileTypesAndContributionMap":{"java":{"insertions":197,"deletions":13}}},{"hash":"795a1c08e096b4555987e78cf392a0b9e9115391","messageTitle":"Bug fixes on Storage file check","messageBody":"","fileTypesAndContributionMap":{"java":{"insertions":15,"deletions":6}}}]},{"date":"2022-09-27","commitResults":[{"hash":"fddcaf2c658139fb2805881610dc74a6a93ab414","messageTitle":"A-MoreOOP","messageBody":"","tags":["A-MoreOOP","!A-MoreOOP"],"fileTypesAndContributionMap":{"java":{"insertions":57,"deletions":30}}},{"hash":"f9427ddb655372c84c7f77d8d66427521c228c6b","messageTitle":"Level-9","messageBody":"","tags":["Level-9"],"fileTypesAndContributionMap":{"java":{"insertions":34,"deletions":2}}}]}]},"authorFileTypeContributionMap":{"gitpancaked":{"java":635,"md":0,"fxml":0,"sh":0,"bat":0,"gradle":0,"txt":8}},"authorContributionVariance":{"gitpancaked":3941.8643},"authorDisplayNameMap":{"gitpancaked":"CS2113T-W11-2 SHAW..NHUI"}}
