{"authorDailyContributionsMap":{"amitrahman1026":[{"date":"2022-08-25","commitResults":[{"hash":"721bfe65ad5e962e7cf35038ff43a7d9418ea1a3","messageTitle":"Level-0","messageBody":"","tags":["Level-0"],"fileTypesAndContributionMap":{"java":{"insertions":12,"deletions":1}}},{"hash":"b6624508b309509dedd650e031071caebe4faa4b","messageTitle":"personalisation","messageBody":"","tags":["Level-1"],"fileTypesAndContributionMap":{"java":{"insertions":21,"deletions":2}}},{"hash":"73b9167736f59794e3e198e14eb20b5205f21eb2","messageTitle":"more personalisation","messageBody":"","fileTypesAndContributionMap":{"java":{"insertions":31,"deletions":15}}},{"hash":"3dc7fe87f55c66c020b1a2d2a4b967f274c5605d","messageTitle":"Level 2 Add, List","messageBody":"","tags":["Level-2"],"fileTypesAndContributionMap":{"java":{"insertions":122,"deletions":2}}},{"hash":"e43c395dc07dcd15f95d62c2415f1bf53099798f","messageTitle":"Level 3. Mark as done feature","messageBody":"","tags":["Level-3"],"fileTypesAndContributionMap":{"java":{"insertions":12,"deletions":0}}},{"hash":"c5868881bab938ed9531d80f8ebb3ef4bc035392","messageTitle":"TaskList out of bound bug fixed","messageBody":"","fileTypesAndContributionMap":{"java":{"insertions":3,"deletions":3}}},{"hash":"227a5259727a75920d65daa63a86d33b92e0c9ee","messageTitle":"minor clean up of code","messageBody":"","fileTypesAndContributionMap":{"java":{"insertions":0,"deletions":2}}}]},{"date":"2022-08-26","commitResults":[{"hash":"f9cc3942eb8d4b075cb7c81f970c4fd747d149a4","messageTitle":"fix coding style","messageBody":"","tags":["A-CodingStandard"],"fileTypesAndContributionMap":{"java":{"insertions":3,"deletions":3}}}]},{"date":"2022-09-01","commitResults":[{"hash":"b4d92397ed0fa83fab92282c3042fb6a5d5234c6","messageTitle":"create UI class for duke.java","messageBody":"","fileTypesAndContributionMap":{"java":{"insertions":91,"deletions":0}}},{"hash":"a0ce44d08a9a0aa37edd41f5b7fab6361cdb3ee1","messageTitle":"Update README.md","messageBody":"","fileTypesAndContributionMap":{"md":{"insertions":12,"deletions":0}}},{"hash":"5de8df0e621d736cb0f9a70bbf4254615b062065","messageTitle":"Update README.md","messageBody":"","fileTypesAndContributionMap":{"md":{"insertions":9,"deletions":0}}}]},{"date":"2022-09-08","commitResults":[{"hash":"2eacb4d84fd104a95280eb0208701ead4e1eb6ea","messageTitle":"Refactor commands","messageBody":"","fileTypesAndContributionMap":{"java":{"insertions":139,"deletions":75}}}]},{"date":"2022-09-09","commitResults":[{"hash":"db4acfbc1bd6c96ac5b6945589bde273271d6b0f","messageTitle":"Improve parser. Add todo, event and deadline","messageBody":"","tags":["Level-4"],"fileTypesAndContributionMap":{"java":{"insertions":178,"deletions":90}}}]},{"date":"2022-09-15","commitResults":[{"hash":"2c317d63b248374cd47a5481c0d28772390e1beb","messageTitle":"Improve parser. Add todo, event and deadline","messageBody":"","fileTypesAndContributionMap":{"txt":{"insertions":5,"deletions":0}}},{"hash":"566a911869e342920d5315b2a606fad17815d05f","messageTitle":"update TextUiTesting \u0026 check code Quality","messageBody":"","tags":["A-TextUiTesting","A-CodeQuality"],"fileTypesAndContributionMap":{"sh":{"insertions":0,"deletions":0}}},{"hash":"a2a5669f6dd2eebcab104d8e46c7f45b543c08ea","messageTitle":"Improve parser. Add todo, event and deadline","messageBody":"","fileTypesAndContributionMap":{"java":{"insertions":1,"deletions":0}}},{"hash":"7cc61de77cd15d7566010f59d1977d6c7cd3c12e","messageTitle":"Test branching","messageBody":"","fileTypesAndContributionMap":{"java":{"insertions":1,"deletions":0}}},{"hash":"6dc3e91cc4bd78a775f2500f8f2f9f40e4f7a392","messageTitle":"Handle errors for done comand","messageBody":"","fileTypesAndContributionMap":{"java":{"insertions":22,"deletions":11}}},{"hash":"6124747fc5f290c3839146f83b7be168e65f98b8","messageTitle":"Add excepts for todo even and deadline. To add throw conditions","messageBody":"","fileTypesAndContributionMap":{"java":{"insertions":74,"deletions":39}}},{"hash":"d57d1b137bac5478f014339fc2268a32490dbaa3","messageTitle":"Organise packages","messageBody":"","fileTypesAndContributionMap":{"java":{"insertions":136,"deletions":102}}},{"hash":"0bfca99b2b391b1a3525655691c9cfa873e0789f","messageTitle":"Rebase A-packages","messageBody":"","fileTypesAndContributionMap":{"java":{"insertions":43,"deletions":41}}},{"hash":"23575c05c117053107d655175012dd7895041753","messageTitle":"Rebase branch","messageBody":"","fileTypesAndContributionMap":{"java":{"insertions":1,"deletions":1}}}]},{"date":"2022-09-16","commitResults":[{"hash":"df7c3926d916378953f95681fa98616c8624db33","messageTitle":"Add more packages","messageBody":"","tags":["A-Collections"],"fileTypesAndContributionMap":{"java":{"insertions":44,"deletions":0}}},{"hash":"ce0b33c54754d0cf219392e9ae8bb51ab716b95f","messageTitle":"Fix broken packages, add parser class, fix error handling","messageBody":"","tags":["Level-6","A-Exceptions"],"fileTypesAndContributionMap":{"java":{"insertions":619,"deletions":303},"bat":{"insertions":1,"deletions":1},"md":{"insertions":20,"deletions":16}}},{"hash":"86a8163949e22e1e54cc10eae05e1256884ec1b7","messageTitle":"hot fix todo command bug","messageBody":"","fileTypesAndContributionMap":{"java":{"insertions":20,"deletions":25}}},{"hash":"26f86b6039ff51c1053baebf1392129f2ce881fc","messageTitle":"Update input text","messageBody":"","fileTypesAndContributionMap":{"txt":{"insertions":19,"deletions":3}}},{"hash":"057b049409765293236fc93f7b82a9395bd1b0fc","messageTitle":"Add storage to local data file feature","messageBody":"","fileTypesAndContributionMap":{"java":{"insertions":209,"deletions":164}}}]},{"date":"2022-09-27","commitResults":[{"hash":"25db463ddc7843e4e50e78e11fb85fa40600ce0a","messageTitle":"More OOP","messageBody":"","tags":["A-MoreOOP"],"fileTypesAndContributionMap":{"java":{"insertions":39,"deletions":49}}},{"hash":"934037084890d945107756993e473f536590151d","messageTitle":"Update README.md","messageBody":"","fileTypesAndContributionMap":{"md":{"insertions":0,"deletions":20}}},{"hash":"3956c9d73fc27b5589281ec9a3ec6978e684727c","messageTitle":"Test merge","messageBody":"","fileTypesAndContributionMap":{"java":{"insertions":1,"deletions":0}}},{"hash":"955e5f4ec906b208307b2dc791cb10d04c5d9190","messageTitle":"Clean up code","messageBody":"","fileTypesAndContributionMap":{"java":{"insertions":17,"deletions":20}}},{"hash":"a0713ddfa7283739b504af6589e3a04fc56f5a19","messageTitle":"Cleanup code","messageBody":"","fileTypesAndContributionMap":{"java":{"insertions":1,"deletions":9}}},{"hash":"328d3aa03dd4abf42fe51c30931f7c95f0fe2246","messageTitle":"Add Find command","messageBody":"","fileTypesAndContributionMap":{"java":{"insertions":45,"deletions":0}}}]},{"date":"2022-09-28","commitResults":[{"hash":"80cc117034fdce79d808ec304bd11f7fd0436f21","messageTitle":"Add Level-9","messageBody":"","tags":["Level-9"],"fileTypesAndContributionMap":{"java":{"insertions":3,"deletions":8}}},{"hash":"5835a4f46a15dd2614872ddddd1aa3405de3aa88","messageTitle":"Update documentation","messageBody":"","fileTypesAndContributionMap":{"java":{"insertions":249,"deletions":87},"md":{"insertions":51,"deletions":23}}}]},{"date":"2022-09-29","commitResults":[{"hash":"71ac8f5c07902d76f13044237640e3098e2827d5","messageTitle":"update UserGuide","messageBody":"","tags":["A-UserGuide"],"fileTypesAndContributionMap":{"md":{"insertions":198,"deletions":11}}},{"hash":"fd9ea7f2b66a57058e39f0b87edc83d6f8619e15","messageTitle":"update UserGuide","messageBody":"","fileTypesAndContributionMap":{"md":{"insertions":25,"deletions":34}}},{"hash":"58a858b3a5e58a55ed1277325c2d002138fb4a07","messageTitle":"update UserGuide","messageBody":"","tags":["A-Release"],"fileTypesAndContributionMap":{"java":{"insertions":4,"deletions":4},"md":{"insertions":1,"deletions":1}}}]},{"date":"2022-10-01","commitResults":[{"hash":"168f6fa79a812ea422ddc11e226cba1dbe58a5b5","messageTitle":"Update README.md","messageBody":"","fileTypesAndContributionMap":{"md":{"insertions":12,"deletions":3}}}]}]},"authorFileTypeContributionMap":{"amitrahman1026":{"java":1093,"md":235,"fxml":0,"sh":0,"bat":1,"gradle":0,"txt":21}},"authorContributionVariance":{"amitrahman1026":49532.266},"authorDisplayNameMap":{"amitrahman1026":"CS2113-F11-3 AMIT..HMAN"}}
