{"authorDailyContributionsMap":{"snuckerzlol":[{"date":"2022-09-06","commitResults":[{"hash":"118aab8bf64d4f40886384bf4ef3bf26631e2bf8","messageTitle":"IP","messageBody":"","fileTypesAndContributionMap":{"java":{"insertions":141,"deletions":0}}}]},{"date":"2022-09-10","commitResults":[{"hash":"e0c961f232e57d0d4b3b3da74d471000e1bc8817","messageTitle":"IP","messageBody":"","fileTypesAndContributionMap":{"java":{"insertions":13,"deletions":0}}}]},{"date":"2022-09-11","commitResults":[{"hash":"e7aeb344f55834e19675b7b7e3401332ae4b0c89","messageTitle":"Level-6","messageBody":"","fileTypesAndContributionMap":{"java":{"insertions":21,"deletions":12}}}]},{"date":"2022-09-12","commitResults":[{"hash":"5ccee3a2c2226b7410859ffb284ea135bcd2874a","messageTitle":"Level-7","messageBody":"","fileTypesAndContributionMap":{"java":{"insertions":102,"deletions":21}}},{"hash":"b5cf77cd9f7b29328fa25a05a85d05ee9171b5fd","messageTitle":"Level-7","messageBody":"","tags":["v0.1"],"fileTypesAndContributionMap":{"java":{"insertions":4,"deletions":8}}}]}]},"authorFileTypeContributionMap":{"snuckerzlol":{"java":242,"md":0,"fxml":0,"sh":0,"bat":0,"gradle":0,"txt":0}},"authorContributionVariance":{"snuckerzlol":1128.8711},"authorDisplayNameMap":{"snuckerzlol":"CS2113-T18-2 WILL..YUDI"}}
